196,398,0, ;205.007,396.999,0.018,;211.783,397,0.034,;215.967,397,0.051,;219.074,397,0.069,;220.938,397,0.086,;225.324,397,0.102,;229.777,397,0.118,;237.478,398.619,0.135,;241.764,398.079,0.152,;245.111,398,0.168,;247.297,398,0.185,;250.795,398,0.202,;254.116,398,0.22,;257.473,398,0.237,;264.006,398.601,0.252,;268.143,398.286,0.269,;270.659,398.83,0.286,;273.825,399,0.302,;276.11,400.055,0.319,;278.333,400,0.336,;281.849,400,0.353,;285.182,401.394,0.37,;290,402.5,0.387,;297.081,402,0.403,;301.205,402.735,0.419,;305.386,403,0.436,;308.885,403,0.453,;313.294,403,0.47,;317.748,403,0.486,;324.791,403,0.505,;330.075,403,0.521,;334,403,0.538,;337.91,403.637,0.553,;342.734,404,0.57,;347.463,404.866,0.587,;354.86,405,0.604,;359.366,405,0.62,;365.004,403.799,0.637,;367.954,404,0.655,;372.721,405.43,0.672,;377,405,0.688,;383.941,405,0.704,;389.076,404.231,0.721,;393.538,404,0.738,;395.997,404,0.754,;400.439,404,0.771,;403.672,404,0.788,;408.359,404,0.806,;414.283,404,0.823,;418.27,405,0.839,;422.719,405,0.855,;427.174,405,0.872,;431.62,405,0.888,;437.093,405,0.905,;443.795,405,0.922,;447.973,403.757,0.938,;453.804,404,0.956,;457.892,402.527,0.973,;461.929,403,0.989,;466.795,403,1.005,;473.679,402.189,1.022,;478.716,402,1.039,;482.116,402,1.055,;484.305,402,1.072,;487.792,402,1.104,;489.494,402,1.272,;491.097,402,1.339,;493.266,402,1.439,;495.152,403.076,1.523,;492.892,404.054,1.574,;489.678,408.322,1.591,;487.45,411.326,1.608,;483.445,414.667,1.625,;478.999,420.002,1.641,;471.217,426.671,1.658,;463.421,434.579,1.675,;456.961,441.039,1.693,;450.284,446.263,1.71,;439.875,454.556,1.726,;431.905,463.46,1.742,;425.249,470.751,1.758,;418.548,476.544,1.775,;407.773,483.136,1.792,;400.046,492.09,1.809,;393.513,498.487,1.825,;388.179,503.821,1.843,;379.675,507.9,1.86,;374.057,513.943,1.876,;368.499,520.901,1.892,;363.745,527.069,1.909,;359.291,530.782,1.926,;354.836,535.164,1.942,;349.238,538.457,1.959,;344.936,543.064,1.976,;341.842,546.158,1.994,;338.517,550.977,2.011,;335.784,557.04,2.027,;332.124,561.157,2.043,;328.499,563.667,2.06,;215,,,;4513,,,;JACCH,,,
171,391,0, ;201.437,394.452,0.018,;212.546,395.838,0.034,;222.564,396.952,0.051,;232.587,397,0.068,;240.238,397,0.085,;246.743,395.71,0.101,;256.215,394.598,0.119,;278.5,393.5,0.136,;282.003,391.749,0.152,;293.186,388.767,0.168,;306.28,388,0.185,;319.663,386.056,0.202,;331.919,384.916,0.219,;344.168,383.803,0.235,;359.047,382.689,0.252,;371.998,383,0.27,;383.5,381.5,0.286,;392.18,382.648,0.311,;399.57,383,0.329,;406.237,383,0.336,;410.945,383,0.353,;415.4,384.1,0.369,;418.648,384,0.386,;420.659,385.33,0.404,;422.879,386.44,0.42,;425,387.5,0.437,;428.007,388,0.454,;430.56,388.78,0.47,;433.689,389.896,0.487,;437.025,391.008,0.504,;442.622,391,0.52,;445.707,395.943,0.537,;453.063,396.344,0.554,;455.379,398.919,0.571,;458.5,401,0.588,;463.068,402.379,0.604,;468.822,404.607,0.62,;473.668,405.917,0.637,;477.092,407.031,0.654,;480.42,405.86,0.671,;482.508,406,0.687,;484.725,406,0.721,;486.533,406,0.737,;489,404.5,0.871,;484.823,407.118,0.888,;480.814,409.457,0.904,;476.633,412.525,0.921,;474,414.5,1.004,;460.787,424.953,1.024,;446.306,436.429,1.039,;437.779,443.475,1.055,;430.046,450.954,1.075,;421.321,459.679,1.089,;412.325,467.591,1.106,;404.6,475.4,1.122,;386.349,493.651,1.139,;376.719,503.281,1.156,;370.5,508,1.174,;364.103,517.196,1.189,;356.651,526.877,1.206,;347.957,534.283,1.222,;341.047,540.953,1.24,;335.471,548.741,1.256,;328.695,556.522,1.273,;320.683,562.986,1.29,;315.772,566.782,1.307,;307.5,574,1.324,;301.302,582.369,1.34,;292.717,591.283,1.356,;283.824,597.485,1.373,;275.941,604.051,1.391,;270.4,611.84,1.407,;261.111,619.653,1.424,;254.884,626.116,1.44,;249.691,631.309,1.458,;246,636.5,1.474,;241.926,642.457,1.491,;237.785,648.018,1.508,;232.405,652.676,1.524,;228.908,656.092,1.541,;224.432,658.284,1.558,;221.246,660.503,1.574,;219.258,664.113,1.592,;215.592,665.938,1.609,;214,668,1.624,;211.578,670.422,1.641,;210.174,672.652,1.658,;208.125,675.812,1.674,;204.859,679.141,1.691,;202.674,682.489,1.724,;200.607,684.393,1.757,;201,686.531,1.791,;201,688.532,1.824,;201,691.798,1.858,;199.901,693.198,1.925,;203.505,692.248,1.942,;210.015,692,1.96,;218.776,691.028,1.976,;230.967,689.912,1.993,;138,,,;2815,,,;JACCH,,,
186,400,0, ;202.444,396.917,0.019,;219.299,395.558,0.036,;230.042,395,0.052,;239.374,395,0.069,;249.054,395,0.085,;260.886,395,0.102,;271.094,395,0.119,;292.319,396.122,0.135,;304.858,397.238,0.152,;312.838,397,0.17,;323.176,399.928,0.187,;334.049,398.422,0.203,;341.152,398.692,0.219,;351.84,399,0.236,;361.353,399,0.252,;368.185,399,0.269,;376.027,400.147,0.286,;388.838,400,0.303,;395.601,400,0.321,;401.917,400,0.338,;410.999,401.6,0.354,;420.71,402,0.37,;428.784,402,0.386,;437.5,402,0.403,;448.511,402,0.42,;456.155,402,0.437,;462.685,402,0.455,;470.743,403.392,0.471,;481.5,401.5,0.488,;485.069,400.386,0.504,;489.193,399.269,0.601,;496.062,399,0.607,;497.533,399,0.653,;497,401.213,0.72,;495.959,403.082,0.771,;494.823,405.355,0.789,;493.682,408.318,0.805,;491.458,410.542,0.822,;489.227,414.546,0.838,;486.011,419.982,0.855,;481.552,428.897,0.872,;477.106,436.564,0.888,;468.621,444.379,0.907,;460.846,453.605,0.923,;454.036,464.663,0.94,;443.544,475.101,0.956,;432.877,485.914,0.972,;422.84,497.973,0.989,;410.841,508.13,1.006,;398.587,520.413,1.022,;387.578,532.664,1.039,;373.736,540.843,1.057,;363.302,552.698,1.074,;352,562.084,1.09,;341.436,569.173,1.106,;332.575,576.622,1.123,;321.794,585.365,1.14,;312.705,592.222,1.156,;307.258,596.594,1.173,;301.677,601.059,1.19,;297.498,605.502,1.208,;290.101,611.416,1.225,;285.587,616.413,1.24,;281.853,620.862,1.257,;278.517,623.655,1.274,;275.175,626.825,1.291,;272.885,629.115,1.307,;269.495,632.505,1.323,;266.143,635.857,1.34,;260.025,641.975,1.359,;256,644.5,1.375,;251.51,649.868,1.39,;248.529,653.207,1.408,;245.444,656.556,1.424,;243.068,658.932,1.441,;239.775,662.225,1.457,;237.621,665.568,1.474,;235.388,667.612,1.493,;231.763,671.237,1.509,;231.5,673,1.526,;229.359,675.281,1.541,;228.5,677,1.574,;225.199,679.801,1.591,;224.951,682.146,1.624,;222.67,684.33,1.657,;223,686.532,1.691,;221.22,689.56,1.709,;220.5,691,1.726,;221,692.002,1.774,;221,694.229,1.825,;222.177,696.355,1.875,;223.177,698.355,1.909,;226.25,699.083,1.926,;228.744,701.744,1.945,;236.85,703.95,1.962,;241.546,704.591,1.977,;247.531,705,1.993,;254.725,705.818,2.01,;265.295,706,2.027,;137,,,;2756,,,;JACCH,,,
190,393,0, ;218.973,394,0.018,;232.289,394.844,0.035,;243.577,395.958,0.052,;257.955,397.073,0.068,;270.008,398.183,0.085,;283.558,399.297,0.103,;298.342,399,0.12,;329,402,0.136,;338.36,401.636,0.152,;353.278,402,0.169,;366.509,402,0.186,;380.715,402.978,0.202,;394.075,401.91,0.219,;403.829,403.203,0.235,;415.201,403,0.254,;426.295,401.57,0.27,;432.5,399,0.287,;443.233,400.658,0.303,;451.615,401,0.319,;458.307,401,0.336,;463.982,401.996,0.353,;472.897,404.224,0.369,;480.564,402.777,0.386,;487.022,401.663,0.404,;490.818,402,0.421,;496.827,402.565,0.437,;501.711,403.678,0.453,;506.166,402.417,0.47,;509,401,0.587,;500.512,404.395,0.604,;494.13,406.623,0.621,;487.46,407.923,0.637,;478.705,411.111,0.654,;465.219,414.445,0.671,;454.38,420.31,0.688,;441.829,428.654,0.706,;422.189,440.882,0.722,;409.348,449.032,0.738,;393.66,461.621,0.755,;378.381,472.47,0.771,;364.677,485.323,0.788,;350.255,500.802,0.805,;336.952,511.707,0.821,;323.581,529.274,0.838,;306.074,540.346,0.856,;298.5,554,0.873,;282.949,569.193,0.888,;271.371,583.312,0.905,;259.644,595.505,0.922,;250.29,606.638,0.939,;242.472,620.981,0.955,;234.66,629.531,0.972,;224.301,639.699,0.991,;217.101,652.556,1.007,;214,658.5,1.024,;207.787,664.856,1.039,;202.241,672.263,1.056,;196.651,679.219,1.072,;193.054,683.929,1.089,;190.809,687.287,1.106,;189.795,689.41,1.122,;188.676,691.648,1.139,;187.568,693.863,1.205,;188,695.266,1.289,;190.152,693.924,1.323,;195.731,694,1.34,;204.178,694.797,1.357,;213.304,695,1.374,;222.181,695,1.39,;235.611,695,1.407,;247.754,696.25,1.424,;260.006,696,1.442,;275.163,696,1.459,;284.308,697.59,1.474,;296.468,698.706,1.491,;306.529,699.816,1.508,;316.364,700,1.524,;329.542,700,1.541,;338.25,700,1.557,;348.459,700,1.574,;363.978,700,1.593,;373.953,701.495,1.61,;385.941,701.611,1.625,;397.502,702,1.642,;407.555,702,1.658,;420.42,702,1.675,;430.568,703.063,1.691,;440.595,703,1.708,;451.93,704.293,1.725,;458.828,704,1.743,;463.5,704,1.76,;470.772,702.743,1.776,;476.719,702.744,1.793,;480.574,703.858,1.809,;483.922,704.974,1.826,;486.167,706.083,1.858,;489.47,707.157,1.876,;491.854,708.427,1.894,;494,709.5,1.91,;105,,,;2167,,,;JACCH,,,
200,398,0, ;224.885,395.926,0.018,;245.51,394.408,0.034,;257.042,394,0.05,;266.556,394,0.067,;274.52,394,0.083,;281.27,395.045,0.1,;290.271,395,0.117,;305.538,397.544,0.134,;308.933,398.387,0.152,;312.997,399.499,0.169,;322.509,401.612,0.184,;330.356,402.726,0.201,;336.2,403.84,0.217,;344.645,404.956,0.234,;354.586,406.065,0.251,;362.269,407.181,0.267,;368.723,408.287,0.286,;375.434,408,0.302,;386.5,409.5,0.319,;393.764,409.627,0.334,;400.45,410.742,0.351,;408.004,411,0.368,;415.804,411,0.385,;423.569,411,0.401,;430.17,411,0.433,;436.856,411,0.441,;444.558,411,0.454,;450.673,411,0.47,;455.592,410.352,0.486,;460.05,410,0.502,;464.507,409.123,0.519,;468.961,408.01,0.536,;473.433,408,0.552,;477.868,406.783,0.569,;480.985,405.672,0.587,;482.887,404.557,0.604,;486.119,404,0.619,;488,404,0.652,;489.532,402.734,0.669,;491.013,403,0.969,;493.056,404.028,1.019,;495.197,404,1.237,;491.394,407.738,1.255,;487.088,410.934,1.272,;481.542,415.367,1.288,;471.127,419.832,1.305,;458.5,426.909,1.324,;447.754,434.972,1.34,;432.5,441,1.357,;421.424,448.603,1.372,;407.16,460.292,1.389,;395.15,470.965,1.406,;383.956,480.035,1.423,;370.635,493.365,1.439,;363.39,504.3,1.456,;352.955,514.045,1.474,;339.988,531.379,1.491,;333.036,537.53,1.507,;323.906,548.448,1.523,;313.87,559.922,1.54,;306.547,568.362,1.556,;298.855,577.165,1.573,;286.523,589.477,1.59,;279.262,596.738,1.607,;271.49,603.152,1.625,;265.138,611.339,1.641,;254.481,621.519,1.657,;248.506,627.494,1.674,;242.943,633.057,1.69,;237.374,640.477,1.707,;231.826,648.244,1.724,;226.234,653.766,1.74,;221.944,659.32,1.757,;218.85,662.15,1.775,;217.026,666.949,1.792,;216.392,668.824,1.807,;215.281,672.157,1.824,;214.165,675.506,1.841,;214,677.899,1.858,;214,680.127,1.874,;212.825,682.35,1.923,;213,684.342,2.007,;215.029,685.014,2.041,;218.463,686.154,2.06,;222.275,687.425,2.077,;227,688.5,2.093,;233.881,689.647,2.108,;239.795,690,2.125,;245.361,690.872,2.142,;249.961,691.99,2.159,;256.624,693.104,2.175,;263.304,693,2.192,;271.303,693,2.218,;276.213,693,2.23,;281.776,693,2.244,;289.369,692.329,2.26,;297.483,692.783,2.276,;305.266,692.105,2.293,;312.051,692,2.31,;135,,,;3055,,,;JACCH,,,
196,392,0, ;222.016,389.089,0.018,;232.148,387.984,0.035,;239.895,386.872,0.051,;247.713,385.755,0.068,;255.54,384.637,0.086,;264.784,383.527,0.103,;277.73,382.418,0.119,;289.585,381.302,0.135,;297.682,380.188,0.152,;304.529,380,0.168,;311.209,380,0.185,;317.919,380,0.202,;322.056,381.264,0.219,;326.511,381,0.237,;330.969,381,0.254,;333.808,382.603,0.269,;337.143,383.714,0.286,;340.464,384.821,0.302,;343.834,385.945,0.319,;348.237,388.118,0.336,;352.683,388,0.353,;357.137,389.284,0.371,;361.595,393.196,0.388,;366,395,0.404,;368.244,396.244,0.42,;370,398,0.452,;372.799,399.533,0.502,;374.154,400.077,0.652,;376.065,400,0.687,;382.332,402.533,0.705,;385.989,401,0.721,;390.095,401.774,0.738,;393.666,402,0.754,;398.018,402,0.771,;401.354,403.118,0.789,;407.135,404.227,0.804,;414.079,405.347,0.823,;420.723,403.546,0.839,;424.286,405,0.855,;428.736,405,0.872,;433.19,405.798,0.888,;438.545,406.909,0.905,;443.099,407,0.922,;447.545,405.864,0.938,;451.999,406,0.955,;453.723,406,0.973,;457.443,407.481,0.99,;460.181,407.591,1.006,;462.404,407.298,1.022,;464.632,407,1.039,;466.862,407,1.056,;469.09,407,1.072,;471.313,407,1.105,;475.763,404.618,1.124,;477.997,405,1.141,;480.22,403.39,1.156,;482.449,403,1.173,;484.672,402.164,1.189,;486.899,401.05,1.206,;488,400.5,1.233,;489.179,398.821,1.257,;491.402,397.799,1.289,;493.532,396.734,1.356,;495.266,395.867,1.39,;497.209,396,1.424,;499.532,396,1.44,;503.5,396,1.473,;508.328,394.734,1.507,;509.071,396.035,1.623,;502.505,404.394,1.641,;499.979,408.031,1.658,;495.521,411.359,1.675,;491.075,414.693,1.692,;486.616,420.729,1.71,;483.606,426.324,1.726,;476.547,433.878,1.743,;468.491,439.443,1.759,;461.203,444.198,1.776,;454.521,449.566,1.792,;447.839,456.161,1.809,;436.597,466.263,1.826,;429.219,470.018,1.842,;424.121,475.879,1.86,;417.143,479.905,1.878,;406.857,485.96,1.893,;399.756,492.244,1.909,;393.881,497.296,1.926,;388.323,500.806,1.943,;381.693,504.154,1.959,;375.01,507.495,1.976,;370.897,510.827,1.995,;367.82,514.18,2.011,;364.5,517.5,2.028,;359.545,522.455,2.043,;355.818,526.182,2.06,;351.625,529.531,2.077,;347.185,531.908,2.093,;342.731,535.202,2.11,;339.456,538.544,2.127,;224,,,;4488,,,;JACCH,,,
202,393,0, ;213.129,390.977,0.019,;223.642,389.67,0.035,;229.556,388.574,0.053,;234.5,387.5,0.069,;239.663,388,0.096,;243.325,388,0.102,;246.676,388,0.119,;250.993,388,0.136,;254.33,388,0.153,;257.7,386.767,0.169,;259.681,387,0.187,;264.807,388.452,0.203,;268.694,387,0.22,;271.358,387,0.236,;273.587,387,0.253,;275.821,387.911,0.27,;278.045,388,0.302,;281.385,388,0.335,;284.725,389.242,0.369,;287.797,390.266,0.402,;292.799,390.933,0.42,;296.135,391,0.437,;298.312,392.156,0.454,;300.541,393.271,0.47,;302.767,394.384,0.488,;304.985,395.492,0.505,;307.218,397.609,0.52,;309,398.5,0.553,;314.873,402.915,0.571,;317.13,404.065,0.587,;322.884,404,0.604,;325.871,406.581,0.621,;329.206,407.402,0.638,;332.5,407,0.655,;334.26,408.63,0.671,;336.485,409.742,0.688,;339.573,410,0.705,;342.916,410.972,0.721,;345.171,411,0.738,;349.798,411,0.755,;354.251,411,0.772,;358.697,412.424,0.789,;361.5,412,0.806,;364.291,412,0.822,;366.527,412,0.839,;369.635,412,0.858,;372.971,412,0.873,;376.312,412,0.889,;379.652,410.783,0.906,;384.327,411,0.923,;387.325,411,0.94,;390.657,410,0.957,;393.344,410,0.973,;395.564,410,0.989,;397.793,410,1.015,;401.025,410,1.023,;404.366,408.878,1.04,;406.467,409,1.056,;411.433,409,1.074,;415.832,409,1.091,;419.319,408,1.107,;423.076,408,1.123,;426.422,408,1.14,;430.677,408,1.157,;435.131,406.967,1.173,;440.734,407,1.19,;447.532,405.745,1.207,;452.862,406,1.225,;456.897,406,1.241,;462.99,406,1.257,;469.262,406.71,1.291,;479.726,407,1.307,;483.166,407,1.323,;485.333,407,1.34,;488.825,407,1.357,;490.776,407,1.375,;493,407,1.39,;495,405.5,1.423,;497.799,406,1.473,;499.094,406,1.675,;496.918,408.082,1.693,;491.719,411.625,1.709,;486.932,416.068,1.732,;484,419,1.778,;470.169,429.665,1.83,;454.988,442.009,1.837,;432.083,461.37,1.843,;421.276,471.052,1.859,;410.889,481.902,1.876,;402.679,492.127,1.893,;386.844,512.198,1.91,;376.86,523.266,1.927,;369.357,533.112,1.943,;362.85,540.508,1.961,;357.7,548.22,1.977,;347.977,558.023,1.994,;340.817,564.485,2.016,;334.974,570.026,2.027,;329.424,575.576,2.044,;192,,,;3945,,,;JACCH,,,
200,398,0, ;227.151,399.013,0.017,;238.241,400.124,0.034,;248.162,401.24,0.052,;259.458,402.346,0.082,;269.129,402,0.089,;279.773,402,0.101,;289,402,0.119,;310.222,402,0.135,;321.133,402,0.152,;331.278,402,0.169,;337.854,400.858,0.185,;347.048,399.744,0.202,;358.619,395.914,0.22,;366.889,394.028,0.237,;371.973,392.405,0.253,;378.258,391.29,0.269,;386.575,390.178,0.286,;392.677,390,0.303,;397.188,390,0.319,;400.482,391.161,0.336,;405.089,391,0.353,;408.166,392.389,0.371,;412.997,393.499,0.387,;419.45,394.612,0.403,;423.181,396.454,0.42,;426.532,397.844,0.436,;430.831,398.958,0.453,;435.277,400.069,0.47,;440.905,401.181,0.487,;449.061,401,0.505,;451.218,401,0.521,;454.5,402.5,0.538,;457.266,403,0.554,;459.496,403.748,0.57,;462.582,404.861,0.587,;464.944,405,0.604,;467.176,405,0.62,;470.597,405,0.637,;475.251,405,0.655,;478.282,405,0.672,;480.619,405,0.689,;483.304,405,0.704,;485.534,404.233,0.721,;488.641,404,0.738,;491.983,404,0.755,;494.212,404,0.771,;496.444,404,0.788,;498.666,404,0.854,;500.266,404,0.887,;502.008,404,0.971,;499.787,405.106,1.021,;497.645,405,1.054,;494.854,408.146,1.072,;491.226,411.774,1.155,;469.724,431.448,1.172,;460.484,439.576,1.189,;452.614,447.386,1.206,;443.667,456.333,1.223,;436.074,463.926,1.24,;429.639,470.361,1.258,;424.5,477,1.274,;408.706,493.907,1.29,;402.342,500.658,1.306,;396.788,507.055,1.323,;391.202,512.798,1.34,;383.516,521.553,1.357,;375.686,529.314,1.374,;369.225,534.479,1.39,;365.337,540.079,1.408,;359.5,547,1.425,;351.53,555.47,1.441,;344.495,561.754,1.457,;339.542,566.458,1.475,;334.13,571.87,1.493,;329.659,577.427,1.508,;322.832,586.557,1.525,;314.745,592.933,1.541,;309.848,596.722,1.558,;306,601,1.575,;300.706,605.636,1.591,;293.602,611.627,1.608,;286.681,618.319,1.625,;281.008,623.992,1.641,;275.44,627.336,1.658,;271.106,631.894,1.675,;265.301,637.699,1.692,;258.313,644.687,1.709,;253.5,649.5,1.726,;248.286,654.714,1.742,;243.826,658.38,1.758,;240.285,661.715,1.775,;235.917,665.062,1.792,;231.48,668.39,1.809,;225.769,670.493,1.826,;224.285,672.715,1.843,;222.058,676.413,1.86,;220,678,1.876,;218,680,1.908,;216.075,682.85,1.927,;170,,,;3481,,,;JACCH,,,
202,401,0, ;236.103,399.136,0.021,;247.741,398.026,0.032,;257.75,396.917,0.049,;265.431,397,0.066,;271.872,395.688,0.085,;277.146,394.571,0.101,;285.917,395,0.118,;294.941,394.343,0.133,;300.856,394.771,0.15,;304.654,395.885,0.167,;307.995,396,0.183,;311.329,396,0.2,;314.657,397.219,0.217,;318.007,397,0.235,;322.787,398.447,0.252,;327.244,399.561,0.268,;331.021,400,0.284,;334.361,400.787,0.301,;336.802,401.901,0.317,;340.038,403.013,0.334,;343.392,403,0.351,;347.967,404.242,0.367,;352.41,404,0.386,;356.883,404,0.402,;359.754,405.585,0.418,;363.088,406,0.434,;365.619,406.81,0.451,;367.828,407,0.468,;371.105,408.035,0.485,;373.293,408,0.501,;376.788,408,0.518,;381.517,409.379,0.536,;385.953,407.512,0.553,;388.808,408.603,0.569,;392.149,409,0.585,;395.479,409,0.602,;397.883,409,0.619,;401.166,409,0.637,;404.499,409,0.652,;407.835,409,0.669,;414.002,409,0.687,;418,407.5,0.703,;421.869,407.377,0.719,;425.939,407,0.736,;429.545,407,0.752,;433.839,407,0.769,;439.379,407,0.786,;444.945,405.811,0.803,;449.202,406,0.821,;453.668,406,0.837,;456.5,404.5,0.854,;458.287,404.357,0.87,;461.265,404,0.886,;464.616,403.128,0.903,;467.946,402.018,0.92,;473.479,400.904,0.937,;476.622,401,0.953,;479.979,401,0.972,;481.873,399.564,0.988,;484,400,1.003,;487.5,398.5,1.036,;489.781,398,1.054,;491,398,1.071,;492.116,398,1.119,;494.306,396.847,1.17,;496.354,397,1.304,;493.882,399.118,1.337,;491.145,405.71,1.355,;487.883,409.117,1.438,;473.616,425.596,1.456,;460.213,441.51,1.472,;449.636,451.527,1.489,;439.489,460.566,1.506,;430.526,469.474,1.522,;420.464,478.366,1.539,;409.104,488.606,1.557,;386.851,508.355,1.574,;383.5,512.5,1.591,;371.633,524.238,1.607,;364.574,533.163,1.623,;357.022,540.124,1.64,;347.289,548.743,1.656,;339.459,558.695,1.673,;334.033,565.161,1.689,;325.867,570.523,1.708,;315.229,577.514,1.725,;310,585.5,1.741,;304.424,592.22,1.757,;298.43,597.046,1.774,;289.989,602.382,1.79,;283.071,607.941,1.807,;276.402,613.499,1.823,;272.137,619.079,1.85,;266.352,623.318,1.875,;260.345,627.77,1.891,;254.783,631.662,1.906,;250.34,635.66,1.913,;246.66,640.12,1.925,;243.315,645.475,1.941,;182,,,;3812,,,;JACCH,,,
189,405,0, ;225.176,407,0.018,;236.862,407,0.033,;244.698,407,0.051,;252.514,407,0.068,;258.957,407,0.087,;265.614,407,0.103,;270.5,407,0.119,;279.649,408,0.135,;284.9,408,0.151,;289.579,408,0.169,;296.039,408,0.185,;301.579,408,0.202,;307.16,408,0.219,;311.362,408,0.237,;317.303,408,0.254,;324.446,407.426,0.27,;329.752,407,0.286,;335.006,407,0.302,;339.653,407,0.319,;344.099,407,0.336,;349.703,407,0.353,;355.272,407,0.369,;362.188,404.271,0.387,;365.92,403.52,0.404,;369.784,402.405,0.42,;373.119,401.294,0.436,;378.929,399.357,0.453,;382.8,399,0.47,;389.27,397.955,0.487,;392.476,396.841,0.503,;395.81,397,0.52,;397.779,397,0.537,;399.987,395.507,0.569,;403.455,396.727,0.587,;406.521,397,0.604,;410.807,396.048,0.62,;413.135,397.067,0.637,;418.894,397,0.654,;421.877,397,0.672,;423.808,397,0.689,;426,397,0.705,;428.885,397,0.721,;431.488,397.744,0.738,;434.574,398,0.761,;437.916,398.972,0.779,;443.418,397.917,0.788,;448.974,398,0.805,;451.928,398,0.823,;455.275,398,0.84,;458.076,399,0.856,;461.606,399,0.872,;465.294,399,0.889,;471.283,398.12,0.905,;474.977,398,0.923,;481.609,396.898,0.939,;484.631,397,0.955,;486.657,397,0.973,;488.893,397,1.005,;490.532,397,1.155,;491.053,399.106,1.189,;490.081,403.838,1.206,;488.969,408.123,1.223,;486.711,411.433,1.24,;484.488,417.28,1.256,;480.898,421.47,1.275,;479.026,427.436,1.291,;472.012,435.183,1.307,;467.159,440.841,1.323,;461.109,446.076,1.34,;455.316,452.621,1.357,;449.755,457.196,1.374,;441.845,461.66,1.391,;436.619,467.381,1.408,;432.438,468.781,1.425,;428,472.5,1.442,;425.163,474.225,1.457,;421.096,477.178,1.474,;414.951,479.683,1.491,;407.31,484.779,1.508,;400.583,490.347,1.524,;396.287,495.891,1.541,;390.521,501.479,1.559,;384.945,504.233,1.576,;378,509,1.592,;370.82,515.816,1.608,;364.51,523.238,1.625,;357.825,530.175,1.641,;350.168,535.88,1.658,;341.283,542.538,1.675,;334.793,550.408,1.692,;326.797,559.518,1.71,;316.111,567.025,1.726,;308,573,1.743,;301.426,582.881,1.759,;292.082,592.149,1.775,;282.955,599.284,1.792,;275.012,606.988,1.809,;267.246,618.077,1.825,;257.007,625.55,1.842,;158,,,;3038,,,;JACCH,,,
198,397,0, ;225.352,398.013,0.018,;247.5,399.5,0.035,;252.767,400,0.051,;258.719,400,0.068,;263.425,400,0.085,;267.888,400.972,0.102,;271.251,401,0.118,;275.789,402.197,0.135,;278.91,403.303,0.152,;280.831,403,0.185,;285.3,403.65,0.202,;287.526,404,0.219,;290.625,403.125,0.235,;293.958,403,0.252,;296.208,403,0.269,;298.431,403,0.286,;300.663,403,0.303,;302.885,403,0.334,;305,403,0.339,;307.325,403.662,0.353,;309.554,404,0.37,;312.683,403.106,0.386,;316.032,403,0.403,;321.599,403,0.42,;325.955,403,0.437,;330.375,401.656,0.454,;333.379,402,0.471,;336.723,402,0.487,;340.068,402,0.504,;344.206,402,0.52,;349.556,401.089,0.537,;355.134,402.027,0.554,;359.563,402,0.571,;364.005,402,0.589,;365.727,402,0.605,;369.458,400.514,0.621,;373.788,402,0.638,;378.544,401.291,0.654,;384.108,401.822,0.671,;388.749,402,0.688,;392.147,402,0.704,;395.495,402,0.721,;398.813,400.729,0.739,;400.783,401,0.756,;406,402.5,0.773,;410.075,401.385,0.788,;416.368,401,0.805,;421.369,401,0.822,;424.867,401,0.838,;429.277,401,0.855,;436.1,401,0.872,;441.47,401,0.89,;451.271,399.591,0.907,;456.078,399.48,0.923,;461.169,399,0.939,;467.49,399,0.955,;476.762,399,0.972,;481.896,399,0.989,;486.35,400.088,1.006,;489.605,398.798,1.022,;492.944,399,1.041,;496.288,399,1.057,;498.629,399.543,1.074,;501.303,399.348,1.089,;503,398.5,1.122,;504.532,399,1.188,;501.821,400.089,1.255,;502,402.266,1.289,;499.916,404.084,1.322,;497.642,406.358,1.341,;492.124,410.407,1.358,;488.669,415.331,1.374,;484.216,421.873,1.391,;478.142,430.478,1.407,;469.615,438.462,1.424,;461.756,444.174,1.44,;455.109,452.039,1.457,;445.9,463.625,1.474,;434.216,472.027,1.492,;426.11,479.404,1.509,;417.608,489.392,1.525,;406.874,498.701,1.541,;397.363,506.807,1.558,;390.339,515.547,1.575,;379.471,526.529,1.6,;370.683,534.153,1.608,;364.315,541.966,1.627,;356.197,549.803,1.644,;346.981,559.517,1.659,;338.687,566.697,1.675,;331.59,573.41,1.691,;321.535,581.772,1.708,;312.337,590.663,1.725,;305.545,596.379,1.742,;298.866,601.945,1.759,;289.595,608.803,1.775,;280.664,615.502,1.793,;273.5,623.5,1.81,;268.797,626.562,1.826,;177,,,;3606,,,;JACCH,,,
204,403,0, ;223.439,404.023,0.049,;238.14,404.69,0.093,;256.578,405,0.102,;261.024,405,0.124,;270.934,405,0.153,;273.405,405,0.177,;279.091,405,0.243,;283.835,405,0.256,;291.79,403.737,0.275,;293.808,404,0.287,;295.999,405,0.304,;298.836,405,0.319,;301.453,404.273,0.337,;304.511,404,0.352,;306.895,404,0.37,;309.131,404,0.386,;312.522,402.826,0.403,;314.583,403,0.423,;318.229,403,0.438,;321.025,402,0.454,;323.878,402.626,0.469,;326.482,403,0.488,;328.723,403,0.503,;330.94,402.03,0.52,;333.176,402,0.537,;335.393,403.197,0.553,;337.623,403,0.572,;339.849,403,0.588,;342.614,404,0.604,;345.308,404,0.62,;349.044,403.239,0.638,;353.504,403.876,0.654,;356.983,404,0.671,;360.311,404,0.687,;363.646,405.215,0.705,;365.669,405,0.723,;369.334,405,0.737,;371,406.5,0.755,;375.717,406,0.771,;380.153,406,0.787,;384.61,406,0.804,;388.05,407.017,0.821,;391.384,407,0.838,;394.733,407,0.854,;396.711,407,0.872,;400.398,407,0.889,;403.742,408,0.905,;407.788,408,0.924,;413.04,408,0.939,;416.764,408,0.955,;421.148,408,0.971,;424.451,408,0.988,;427.779,408,1.005,;432.461,408,1.023,;436.952,408,1.041,;442.411,408.397,1.056,;446.871,408,1.072,;450.49,408,1.089,;453.819,408.94,1.108,;457.153,409,1.131,;459.494,409.165,1.142,;462.829,410.276,1.157,;464.78,410,1.174,;468.516,410.505,1.19,;471.867,411,1.206,;475.204,411,1.223,;478.545,411,1.239,;480.916,411,1.256,;484.214,411,1.273,;486.375,411,1.29,;488.596,411,1.308,;490.826,411,1.323,;493,411,1.356,;495.797,411,1.388,;498.799,409.734,1.406,;500.096,410,1.522,;496.772,410,1.572,;494.887,411.056,1.69,;475.956,426.035,1.707,;461.281,438.454,1.725,;449.263,448.24,1.741,;438.386,458.253,1.759,;430.24,466.76,1.777,;421.721,474.692,1.792,;412.415,484.283,1.808,;397.824,500.799,1.825,;388.524,512.326,1.842,;376.572,524.428,1.858,;368.947,533.204,1.875,;362.4,542.133,1.892,;352.979,553.776,1.91,;342.552,564.942,1.927,;336.364,570.849,1.942,;328.981,580.453,1.959,;319.53,590.47,1.975,;311.396,596.717,1.992,;304.644,603.356,2.009,;299.124,610.051,2.025,;290.977,618.023,2.045,;171,,,;3646,,,;JACCH,,,
200,384,0, ;230.736,392.184,0.018,;239.053,393.842,0.034,;243.815,394.954,0.052,;247.208,395,0.069,;250.536,395,0.085,;252.59,395,0.103,;254.806,393.597,0.151,;265.239,394,0.17,;267.5,394,0.202,;269.797,394,0.219,;271.202,394,0.251,;273.429,394,0.301,;276.535,394,0.319,;278,394,0.355,;282.212,394,0.369,;284.439,394,0.391,;288.015,394,0.405,;291.346,394,0.429,;296.238,394.44,0.436,;300.023,394.674,0.454,;303.372,395,0.473,;305.806,395.903,0.492,;309.05,394.983,0.503,;312.384,396.128,0.52,;315.704,396,0.538,;320.408,397.352,0.556,;324.851,398.463,0.571,;329.751,399,0.588,;333.09,399.697,0.604,;336.433,400,0.621,;340.671,400.918,0.638,;344.105,402.035,0.655,;348.595,402,0.671,;354.285,402,0.689,;358.501,402,0.705,;362.961,402,0.722,;365.204,403,0.738,;368.149,403,0.755,;371.479,403.826,0.771,;375.773,404,0.788,;379.165,404,0.805,;386.012,404,0.822,;390.121,404,0.838,;393.184,404,0.856,;396.5,404,0.873,;398.862,404,0.888,;402.948,404,0.905,;406.551,404,0.922,;412.783,404,0.939,;418.355,402.929,0.955,;423.937,403,0.972,;428.194,403,0.99,;432.649,404.412,1.007,;438.5,404,1.023,;445.213,404.357,1.039,;450.775,404,1.056,;454.605,404.868,1.073,;458.912,405,1.089,;462.282,406.094,1.106,;466.841,406,1.123,;469.961,406,1.141,;474.741,406,1.157,;478.092,405,1.173,;480.319,405,1.19,;482.554,405,1.207,;484.778,404.111,1.223,;487.005,405.002,1.256,;490.338,405,1.273,;492.673,403.664,1.306,;494.533,404,1.356,;497.532,404,1.373,;500.031,404,1.39,;504.538,402.865,1.407,;506.491,401.755,1.54,;503.966,403.017,1.573,;499.236,405.382,1.592,;495.52,407.987,1.609,;491.584,411.208,1.625,;487.129,414.871,1.642,;482.672,419.328,1.658,;476.339,424.718,1.675,;466.447,433.492,1.691,;458.807,440.022,1.708,;452.294,445.422,1.725,;444.189,452.41,1.743,;432,462,1.759,;426.895,469.726,1.775,;419.837,476.426,1.792,;410.348,484.802,1.809,;402.267,494.657,1.826,;395.534,502.543,1.842,;388.881,509.119,1.859,;379.574,517.123,1.876,;372.081,529.17,1.893,;366,534,1.91,;360.793,542.49,1.926,;352.948,551.808,1.943,;344.023,560.104,1.959,;338.069,565.931,1.976,;193,,,;3885,,,;JACCH,,,
199,396,0, ;223.144,394.994,0.018,;240.363,395,0.034,;247.826,395,0.052,;253.772,396.462,0.069,;258.888,396,0.085,;263.766,396.691,0.102,;268.229,397.807,0.118,;275.448,398.921,0.135,;278.07,399,0.152,;281.439,397.854,0.169,;286.03,399.257,0.185,;289.1,399,0.203,;293.948,399,0.221,;298.796,400,0.236,;302.141,400,0.253,;305.483,400,0.269,;308.813,400.938,0.286,;312.153,401,0.303,;315.501,402.167,0.319,;321.378,402,0.336,;325.582,402,0.355,;330,403.5,0.371,;333.474,403,0.386,;337.186,403.729,0.403,;340.531,404,0.42,;344.839,403.04,0.436,;350.346,403,0.453,;355.915,401.817,0.471,;358.891,402,0.488,;363.64,400.59,0.505,;366.5,401,0.521,;368.91,400.363,0.537,;372.25,400,0.554,;375.599,400,0.57,;377.956,400,0.587,;382.358,398.911,0.604,;385.625,400.208,0.62,;388.962,398.679,0.654,;391.797,400.266,0.672,;394.321,400,0.688,;396.549,400,0.704,;398.77,400,0.721,;401.001,400,0.738,;404.336,401.112,0.754,;406.451,401,0.771,;412.685,401,0.789,;416.814,401,0.806,;419.699,401,0.822,;423.034,401,0.838,;425.583,401,0.867,;428.72,401,0.887,;431.083,400.021,0.9,;435.401,401,0.909,;438.728,401,0.927,;444.777,399.645,0.951,;448.879,400,0.967,;452.744,400,0.974,;456.765,400,1.001,;460.424,399.192,1.012,;464.693,399,1.023,;470.174,400.035,1.039,;476.919,400,1.056,;481.056,398.736,1.092,;486.981,399,1.11,;489.214,399,1.127,;491,399,1.157,;492.527,399,1.174,;494.06,400.03,1.224,;496.256,400,1.373,;496,402.082,1.424,;493.645,403.178,1.458,;492.734,405.532,1.479,;490.911,407.089,1.498,;489.795,409.41,1.514,;487.335,412.997,1.554,;485.144,416.283,1.573,;476.714,429.943,1.591,;471.11,435.89,1.626,;459.997,446.003,1.637,;454.281,451.958,1.657,;447.396,460.604,1.669,;439.238,467.726,1.693,;425,478.5,1.708,;418.222,487.46,1.738,;409.64,495.565,1.752,;401.623,501.555,1.767,;394.864,507.113,1.783,;388.183,513.817,1.793,;379.101,520.424,1.812,;370.079,527.191,1.829,;364.209,532.326,1.851,;360.122,536.303,1.866,;353.079,541.515,1.882,;347.055,546.945,1.896,;342.332,552.585,1.912,;337.809,558.239,1.967,;326.117,569.507,1.983,;321.007,573.495,1.996,;317.171,577.439,2.011,;220,,,;5522,,,;JACCH,,,
200,400,0, ;216.567,397.929,0.018,;234.155,396.316,0.034,;243.351,395.206,0.051,;252.256,395,0.067,;262.205,393.977,0.084,;271.09,394,0.101,;278.735,392.752,0.117,;298.783,394.361,0.136,;304.831,392.521,0.166,;309.524,393,0.172,;316.196,393,0.185,;325.35,392.183,0.202,;331.638,392,0.219,;336.164,392,0.235,;341.786,392,0.252,;348.606,392,0.27,;355.278,393.38,0.287,;361.996,393,0.303,;365.836,394.612,0.319,;369.904,395,0.335,;375.201,395,0.352,;381.675,396.892,0.369,;389.46,397,0.386,;392.523,398.174,0.402,;397.154,399.288,0.421,;400.208,400.403,0.437,;405.583,401.517,0.454,;411.763,402,0.469,;416.975,402.744,0.486,;421.425,403,0.503,;424.916,403,0.52,;427.163,404.081,0.536,;430.585,405.195,0.553,;435.216,405,0.571,;438.281,406.427,0.588,;444.152,406,0.605,;448.617,406,0.62,;452.301,406.767,0.637,;455.637,407,0.653,;458.965,407,0.67,;461.204,408.102,0.687,;464.647,406.784,0.704,;467.995,407,0.722,;472.782,408.445,0.739,;477.675,407,0.755,;481.679,407,0.78,;484.57,407,0.793,;487.685,407,0.814,;490.013,407,0.828,;492.245,407,0.838,;494.477,407,0.855,;496.703,407,0.871,;498.926,405.537,1.037,;495.903,407.048,1.188,;466.356,433.41,1.206,;450.723,446.075,1.222,;438.535,457.465,1.239,;428.38,467.62,1.256,;417.243,477.681,1.272,;407.361,488.822,1.289,;398.644,498.65,1.307,;375.604,524.218,1.324,;368,534,1.341,;362.184,541.724,1.356,;353.233,553.271,1.373,;343.236,562.902,1.39,;336.144,570.832,1.407,;329.449,578.643,1.423,;320.394,588.807,1.439,;311.461,596.222,1.458,;306.858,601.142,1.475,;301.5,608,1.491,;295.051,616.607,1.506,;286.827,622.086,1.524,;280.587,626.531,1.54,;276.007,630.993,1.557,;270.439,635.449,1.573,;264.86,639.912,1.59,;256.664,645.668,1.609,;250.273,651.273,1.625,;246.746,654.69,1.642,;241.621,657.352,1.657,;236.836,660.373,1.674,;230.57,664.62,1.691,;225.934,668.05,1.708,;222.609,671.391,1.724,;219.267,673.489,1.741,;217.302,677.047,1.759,;215.062,678.938,1.776,;212.827,681.173,1.792,;210.597,682.702,1.808,;208.376,684.624,1.825,;207,686,1.842,;205.959,687.041,1.874,;203.732,688.134,1.941,;201.734,690.266,2.059,;204.13,691.065,2.077,;207.251,691,2.092,;210.953,691,2.11,;148,,,;3057,,,;JACCH,,,
194,397,0, ;240.144,396,0.018,;253.114,397.176,0.035,;262.549,398.283,0.052,;269.825,399.404,0.069,;276,400.5,0.086,;281.169,401.634,0.102,;291.231,404.245,0.119,;297.443,405,0.136,;301.88,405,0.153,;305.251,406.084,0.169,;308.585,406,0.199,;310.942,406.314,0.205,;314.29,407.43,0.22,;316,407,0.237,;320.614,407,0.253,;324.301,407,0.27,;327.647,407,0.286,;330.977,407,0.304,;334.318,405.894,0.32,;336.435,406,0.337,;339.969,406,0.355,;343.336,406,0.372,;347.25,406,0.388,;352.393,405.321,0.404,;356.371,404.21,0.424,;358.809,404,0.437,;362.043,402.986,0.454,;364.257,403,0.471,;366.478,401.761,0.488,;368.708,402,0.522,;373.161,401,0.538,;375.394,401,0.554,;377.616,401,0.571,;381.678,400.081,0.588,;385.105,400,0.604,;387.302,400,0.621,;389.524,398.738,0.638,;391.757,399,0.656,;393.978,399,0.673,;396.201,399,0.69,;398.433,398.284,0.705,;400,397.5,0.737,;405.165,399,0.755,;407.337,400.169,0.772,;412.111,398.722,0.79,;415.184,399,0.806,;418.5,399,0.823,;421.863,399,0.838,;424.472,399,0.855,;427.55,399,0.872,;429.924,399,0.889,;433.233,399,0.905,;437.746,399,0.922,;443.49,397.702,0.94,;447.652,398,0.957,;450.5,398,0.977,;452.279,398,0.989,;454.509,398,1.006,;456.736,398.868,1.023,;458,399.5,1.039,;459.096,399,1.056,;461.414,399,1.073,;463.643,399,1.091,;467.312,400.437,1.108,;470.739,399.452,1.124,;474.977,399.659,1.14,;478.329,400,1.156,;481.666,400,1.173,;485.013,400,1.19,;487.231,400,1.207,;489.46,401.23,1.223,;493.023,399.659,1.24,;496.364,401.455,1.272,;498.799,401,1.306,;501.823,400.089,1.324,;503,399.5,1.341,;505.204,401.068,1.574,;503.965,403.071,1.607,;495.242,407.807,1.625,;489.694,411.183,1.642,;484.124,415.701,1.659,;474.672,422.746,1.677,;462.98,432.216,1.696,;453.5,439.5,1.708,;444.5,443.5,1.735,;433.071,449.706,1.743,;425.008,457.848,1.776,;410.442,471.399,1.807,;403.234,476.766,1.843,;394.35,488.475,1.867,;384.402,499.598,1.892,;378.471,503.265,1.912,;373.489,506.633,1.925,;370.036,509.964,1.931,;366.701,514.398,1.943,;363.359,520.069,1.96,;360.011,524.318,1.978,;355.226,528.774,1.995,;349.658,532.671,2.012,;186,,,;4094,,,;JACCH,,,
200,400,0, ;258.859,397.957,0.017,;270.7,398,0.034,;277.859,398,0.051,;281.488,398,0.069,;284.498,398,0.086,;287.814,398,0.101,;291.874,398.718,0.118,;294.667,399.833,0.135,;296.895,400,0.151,;299.123,401.061,0.168,;301.35,401,0.185,;303.573,401,0.202,;305.8,402.4,0.234,;307.532,402,0.267,;309.532,403.266,0.301,;312.798,404.266,0.319,;315.29,405.097,0.351,;318.631,406.21,0.369,;324,406,0.386,;325.288,406.644,0.403,;327.516,407,0.419,;329.745,407.873,0.436,;332.958,408,0.453,;335.195,409.098,0.469,;338.628,409,0.486,;341.977,409,0.504,;346.758,409,0.521,;354,410.5,0.537,;360.325,408.335,0.554,;365.896,408,0.57,;371.454,408.891,0.587,;377.032,409,0.603,;384.826,407.882,0.62,;390.171,408,0.637,;394.37,408,0.654,;398.827,408,0.671,;400.708,409,0.688,;403.364,409,0.704,;406.396,408.201,0.721,;409.733,408,0.737,;412.054,408,0.754,;414.277,406.862,0.771,;416.504,407,0.803,;419.719,407,0.822,;422.181,406.409,0.838,;424.411,406,0.854,;427.453,405.182,0.871,;429.859,405,0.888,;433.129,403.957,0.907,;437.626,404,0.921,;440.804,404,0.938,;446.895,401.242,0.957,;450.977,402,0.973,;452.833,401,0.988,;456.172,400.276,1.005,;458.5,399.5,1.038,;463.196,399,1.055,;465.358,397.821,1.072,;468.877,398,1.089,;473.593,396.602,1.106,;479.5,397,1.138,;480.798,397,1.171,;483.8,398.267,1.221,;485.155,399.078,1.288,;487.266,400.133,1.322,;489.532,400,1.34,;492.156,400,1.372,;494.331,401.166,1.391,;496.883,402.442,1.423,;498.531,403.265,1.456,;500.532,404.266,1.474,;502.004,402.998,1.556,;499.787,405.213,1.59,;494.802,409.399,1.607,;491.267,412.733,1.624,;486.901,417.099,1.641,;483.591,423.817,1.658,;476.498,431.753,1.674,;465.704,439.563,1.693,;458.682,444.37,1.71,;452.866,451.134,1.725,;442.978,460.32,1.742,;433.46,468.722,1.758,;426.413,476.519,1.775,;418.685,483.27,1.792,;406.252,494.589,1.808,;397.823,501.905,1.825,;391.681,508.32,1.843,;383.526,514.978,1.86,;373.339,524.881,1.876,;366.653,532.347,1.892,;360.82,538.18,1.909,;352.403,544.698,1.926,;344.556,551.38,1.942,;339.104,558.075,1.961,;333.535,562.172,1.976,;327.97,566.624,1.994,;321,569.5,2.01,;315.48,573.52,2.026,;207,,,;4257,,,;JACCH,,,
196,396,0, ;212.325,398.041,0.017,;227.802,399.317,0.035,;236.881,399,0.052,;243.264,399,0.069,;250.598,399,0.085,;259.169,399,0.101,;267.179,398.117,0.118,;280.952,397.004,0.135,;289.863,397,0.152,;298.771,397,0.168,;307.686,394.328,0.186,;312.258,392.097,0.203,;322.068,390.874,0.219,;329.386,390,0.235,;334.939,390,0.252,;340.514,389.097,0.269,;346.073,389,0.285,;352.783,389,0.302,;360.692,387.758,0.319,;364.432,388,0.337,;368.876,388,0.354,;372.335,388,0.371,;376.784,388,0.386,;382.888,388,0.403,;388.637,388,0.419,;394.194,388,0.438,;398.593,388,0.461,;403.32,389,0.472,;408.888,389,0.488,;415.917,390.486,0.505,;422.424,390.606,0.52,;426.879,391.72,0.537,;432.162,392.832,0.554,;438.673,393,0.57,;447.439,394.055,0.587,;452.857,395.171,0.604,;457.137,397.569,0.622,;461.595,397,0.638,;468.558,397.512,0.655,;474.738,398,0.671,;479.959,398,0.688,;483.562,398,0.704,;486.898,397.034,0.721,;489.15,397,0.754,;493.61,395.847,0.771,;495.831,396,0.803,;497.533,396,0.903,;495.954,398.092,0.921,;496,400.873,1.009,;494.894,402.213,1.039,;495,404.154,1.074,;492.543,406.457,1.09,;490.855,409.717,1.106,;488.632,413.052,1.123,;485.607,417.988,1.139,;481.356,423.555,1.156,;473.827,433.222,1.173,;463.774,440.954,1.189,;456.215,447.53,1.206,;447.076,456.924,1.224,;432.251,470.27,1.241,;425.265,477.735,1.257,;414.269,489.433,1.273,;402.026,501.158,1.29,;392.535,510.465,1.306,;380.551,522.449,1.323,;369.431,533.569,1.339,;362.087,540.913,1.357,;351.572,552.809,1.376,;340.047,562.458,1.392,;333.119,568.661,1.407,;324.216,576.784,1.424,;315.287,585.713,1.441,;308.278,591.768,1.465,;303.748,597.315,1.474,;299.283,601.717,1.49,;293.561,607.439,1.509,;285.186,614.412,1.525,;280.5,621,1.542,;276.483,624.887,1.557,;272.025,628.231,1.574,;266.699,632.44,1.591,;259.21,636.88,1.608,;254.657,642.429,1.624,;249.002,649.197,1.641,;244.749,653.251,1.659,;240.303,657.697,1.676,;236,660.5,1.692,;230.753,663.948,1.708,;226.706,668.058,1.725,;224.247,672.507,1.742,;222.02,675.971,1.758,;219.792,678.208,1.775,;217.56,680.44,1.807,;216.776,682.448,1.841,;215.734,684.532,1.891,;214.823,686.354,1.909,;213.936,688.129,1.958,;212.846,690.308,2.025,;158,,,;3342,,,;JACCH,,,
200,394,0, ;227.927,396.827,0.016,;238.438,397.938,0.033,;247.391,399.049,0.05,;256.247,399,0.067,;263.964,400.281,0.083,;271.729,401.39,0.101,;276.5,402.5,0.118,;288.936,405,0.134,;296.38,405,0.15,;303.065,405,0.167,;308.789,405,0.184,;315.428,405,0.2,;323.28,405,0.217,;329.795,405,0.234,;335.022,405,0.251,;339,405,0.269,;344.803,406,0.284,;353.003,406,0.301,;359.312,405.138,0.318,;364.89,405,0.335,;370.437,405,0.351,;376.018,405,0.368,;385.518,403.685,0.385,;391.587,404,0.402,;396.5,402.5,0.419,;402.941,401.343,0.435,;411.128,399.468,0.452,;419.188,399,0.468,;424.981,397.007,0.485,;429.449,397,0.502,;435.117,397,0.519,;439.348,398.337,0.536,;451.038,396.551,0.553,;452.686,397,0.568,;455.352,397.676,0.588,;457.576,398.788,0.603,;459.798,399.899,0.619,;461,400.5,0.635,;464.261,401.065,0.652,;466.483,402.242,0.669,;470.066,403.355,0.686,;474.88,403,0.703,;477.5,404.5,0.719,;480.085,404.695,0.736,;482.619,405,0.753,;485.769,405.923,0.769,;488.07,406,0.786,;490.293,406,0.803,;492.52,407.26,0.819,;494.749,407,0.852,;496.533,407,0.885,;498.532,407,0.969,;495.868,407,1.019,;493.646,408.177,1.053,;487.133,414.867,1.071,;482.722,419.278,1.087,;477.049,426.141,1.104,;464.994,435.405,1.121,;458.101,441.485,1.138,;452,446.5,1.156,;439.931,458.069,1.171,;430.726,468.027,1.188,;422.935,476.065,1.204,;413.198,487.759,1.221,;402.083,500.008,1.238,;394.561,508.645,1.254,;384.131,521.507,1.271,;372.638,536.671,1.289,;365,544.5,1.306,;353.391,560.27,1.322,;343.009,570.991,1.338,;333.001,582.777,1.355,;322.978,593.022,1.372,;310.821,600.75,1.389,;303.432,609.792,1.405,;294.277,621.404,1.423,;282.522,628.134,1.44,;275,632.5,1.456,;268.255,639.745,1.472,;259.643,647.563,1.489,;252.569,652.621,1.506,;246.907,657.074,1.523,;241.337,660.398,1.538,;235.784,664.973,1.556,;227.474,668.083,1.575,;224.12,672.88,1.591,;219.669,677.331,1.607,;216.604,681.094,1.623,;214.381,683.619,1.64,;213,685,1.656,;211.961,686.039,1.689,;210.867,688.266,1.856,;213.073,689.036,1.891,;217.877,689,1.907,;222.696,689,1.924,;229.988,689,1.941,;237.79,689,1.958,;244.476,689,1.974,;249.965,689,1.991,;135,,,;2721,,,;JACCH,,,
200,391,0, ;219.594,392.031,0.018,;238.934,393.693,0.035,;249.254,394.806,0.052,;258.322,395.915,0.068,;267.263,397.033,0.085,;273.894,397,0.102,;280.572,398.262,0.119,;295.449,400.742,0.136,;301.417,401.488,0.153,;305.4,401,0.169,;310.569,401.714,0.186,;316.131,402.826,0.202,;324.501,403,0.219,;330.267,404.053,0.236,;334.678,404,0.252,;339.119,404,0.269,;343.567,404,0.287,;351,404,0.304,;359.085,404,0.319,;364.675,404,0.336,;370.233,404.847,0.353,;376.782,404.036,0.37,;385.603,404,0.386,;392.134,402.811,0.403,;397.516,403,0.421,;403.081,403,0.437,;408.5,403,0.454,;416.852,401,0.488,;422.775,401,0.5,;426.611,401,0.506,;429.94,401,0.527,;434.375,402.094,0.538,;438.821,402,0.555,;444.528,400.694,0.572,;448.751,401,0.589,;452.644,401,0.605,;455.323,401.662,0.621,;458.332,402,0.638,;461.661,402.887,0.655,;465.001,403,0.671,;469.465,403,0.688,;476.365,403,0.705,;480.365,403,0.722,;484.823,403,0.739,;486.139,403,0.756,;488.367,402.317,0.772,;490,401.5,0.804,;491.532,400.734,0.837,;493.167,402.083,0.971,;495.035,403.018,1.005,;497.384,403,1.188,;497,405.089,1.239,;493.064,407.968,1.257,;489.762,411.238,1.274,;486.427,415.764,1.29,;483.078,420.229,1.307,;476.909,427.509,1.324,;464,438.5,1.341,;458.14,443.86,1.357,;450.68,451.32,1.375,;438.551,462.579,1.391,;429.127,471.873,1.408,;421.299,479.701,1.424,;411.08,492.347,1.441,;401.052,503.276,1.459,;393.896,510.104,1.475,;388,520.5,1.492,;377.978,531.683,1.508,;370.303,539.48,1.525,;363.64,549.04,1.541,;357.947,558.084,1.558,;350.131,564.745,1.575,;342.35,571.414,1.591,;337.24,578.112,1.609,;330.241,586.219,1.626,;324,592,1.642,;314.174,596.758,1.67,;308.008,601.193,1.681,;302.435,606.565,1.695,;293.802,613.148,1.711,;284.912,620.952,1.731,;278.498,625.002,1.742,;273.224,629.421,1.761,;267.595,633.924,1.777,;260.846,638.967,1.793,;254.472,644.528,1.81,;249.721,650.099,1.827,;245.267,653.8,1.843,;241.865,657.135,1.86,;236.206,660.477,1.877,;231.891,662.555,1.894,;226.075,667.54,1.91,;222,672,1.928,;219.775,675.45,1.943,;217.545,679.182,1.96,;215.32,681.68,1.977,;214.048,683.904,1.994,;211.873,686.127,2.01,;210.823,688.354,2.043,;149,,,;3142,,,;JACCH,,,
178,418,0, ;208.139,412.977,0.017,;228.11,409.451,0.035,;239.268,408.703,0.051,;247.281,409,0.069,;256,409,0.085,;262.452,409,0.101,;269.499,409,0.118,;278.78,409,0.135,;284.89,409,0.152,;290.447,409,0.168,;294.814,410.204,0.185,;299.259,408.685,0.203,;303.713,409,0.22,;306.5,407.5,0.236,;310.964,408,0.252,;314.306,407.231,0.269,;318.538,407,0.285,;321.989,407,0.302,;326.44,404.78,0.32,;329.664,403.779,0.336,;331.67,404,0.353,;333.882,402.559,0.37,;336,403,0.386,;340.025,403,0.402,;344.151,403,0.419,;350.405,403.901,0.439,;357.063,402.99,0.452,;362.633,403,0.469,;368.198,403,0.486,;372.416,401.646,0.504,;381.289,403.47,0.521,;389.471,400.422,0.537,;395.457,398.617,0.553,;400.229,398,0.569,;405.596,398,0.586,;414.279,396.965,0.603,;423.152,397,0.62,;428.303,397,0.636,;432.497,399.749,0.654,;438.451,400.49,0.671,;447.197,402.6,0.687,;453.562,403.712,0.703,;458.302,404,0.72,;463.698,404.94,0.751,;469.266,407.106,0.756,;473.657,407,0.771,;478.115,407,0.788,;482.567,407,0.804,;484,407,0.837,;485.532,407,0.97,;483.941,409.118,1.021,;480.018,413.964,1.039,;476.713,415.096,1.055,;474.585,417.415,1.072,;472.358,419.642,1.088,;468.703,424.729,1.106,;467,427.5,1.123,;463.678,431.983,1.138,;461.45,436.101,1.156,;458.345,440.54,1.173,;453.999,444.001,1.189,;448.44,448.448,1.206,;441.632,451.684,1.222,;430.973,460.355,1.241,;425.279,468.175,1.257,;416,472.5,1.274,;403.188,478.088,1.289,;393.652,485.554,1.306,;382.002,495.18,1.323,;370.793,502.124,1.34,;360.874,509.876,1.356,;348.331,520.184,1.373,;337.419,532.939,1.389,;326.281,540.775,1.407,;310,550.5,1.423,;300.715,565.285,1.44,;287.421,576.952,1.456,;275.766,590.081,1.473,;264.609,599.313,1.49,;252.322,609.373,1.507,;243.908,620.615,1.524,;236.331,627.669,1.541,;227.07,632.456,1.558,;220.976,639.629,1.575,;216.14,646.29,1.59,;211.675,652.156,1.608,;207.218,656.782,1.624,;202.763,660.178,1.641,;199.481,663.519,1.658,;196.149,668.135,1.674,;192.821,672.572,1.692,;191,678.5,1.709,;189.758,681.863,1.724,;188.262,685.213,1.741,;188,687.697,1.758,;188,689.928,1.775,;186.925,692.151,1.791,;187,695.56,1.808,;187,697.602,1.825,;160,,,;3025,,,;JACCH,,,
203,397,0, ;221.058,400.01,0.018,;232.951,402.39,0.034,;238.82,403.303,0.052,;241.24,403,0.069,;244.5,403,0.085,;246,403,0.117,;249.617,403,0.136,;251.5,403,0.152,;252.098,403,0.169,;254.418,403,0.209,;256.434,403,0.235,;260.5,401.5,0.269,;264.83,402,0.288,;267.009,403.004,0.336,;271.684,403,0.375,;274.799,401.734,0.387,;277,403.5,0.42,;280.8,402.1,0.437,;283.05,402,0.461,;286.408,400.864,0.472,;291.014,399.747,0.49,;295.449,400,0.511,;298.416,399,0.524,;301.762,399,0.544,;304.376,398.312,0.559,;306.627,398,0.574,;309.824,397.059,0.592,;312.094,397,0.604,;316.588,398.147,0.625,;319.786,398,0.644,;324.472,398,0.658,;327.5,398,0.674,;331.212,399,0.688,;334.172,399,0.748,;345.167,398,0.772,;348.524,398,0.796,;359.191,399.397,0.811,;363.062,400,0.823,;366.252,400,0.839,;369.961,400.74,0.866,;373.562,401,0.874,;376.904,401.968,0.899,;382.311,401.078,0.906,;386.784,402.196,0.93,;391.226,403.307,0.963,;393.844,403,0.999,;404.28,404,1.038,;413.918,404,1.066,;422.861,405,1.083,;427.319,405.33,1.106,;432.213,406.443,1.112,;437.776,407,1.126,;444.018,407.67,1.146,;449.906,408,1.158,;454.572,408.893,1.174,;460.032,410.006,1.19,;465.612,410,1.207,;472.417,410,1.224,;479.095,410,1.241,;482.843,410,1.258,;486.151,409.424,1.274,;488.379,409,1.29,;490,409,1.324,;493.062,409,1.356,;496.384,407.872,1.374,;498.741,408,1.392,;503.944,408,1.408,;506.79,407,1.425,;510.135,406.288,1.441,;512.5,405.5,1.473,;514.798,406,1.491,;516.165,404.918,1.657,;513.946,405,1.708,;509.291,406.177,1.768,;490.1,412.96,1.775,;484.565,415.174,1.792,;479.016,418.59,1.808,;468.204,423.243,1.825,;461.004,429.14,1.843,;455,436,1.86,;448.108,439.595,1.876,;439.871,444.831,1.893,;432.728,449.515,1.909,;427.029,455.965,1.926,;421.471,464.847,1.942,;414.668,470.11,1.959,;403.978,475.679,1.977,;396.853,482.697,1.994,;391,493.5,2.009,;381.604,500.721,2.026,;372.685,507.736,2.043,;366.504,516.193,2.061,;359.937,527.105,2.077,;350.969,534.902,2.093,;343.308,541.45,2.11,;336.88,549.473,2.128,;331.665,560.202,2.145,;322.377,567.045,2.161,;314.835,574.859,2.177,;183,,,;3981,,,;JACCH,,,
202,400,0, ;230.061,404.212,0.017,;237.505,405.215,0.034,;242.631,405,0.052,;246.766,405,0.069,;251.225,405,0.086,;256.349,405,0.102,;264.267,405.783,0.118,;269.587,406,0.135,;273.038,404.987,0.152,;276.365,406.122,0.168,;278.471,406,0.185,;282.042,406,0.203,;285.391,407.464,0.22,;288.31,407,0.236,;292.763,406.309,0.252,;297.213,406,0.269,;299.834,406,0.287,;304.124,406,0.302,;306.289,404.856,0.319,;311.024,405,0.336,;314.109,403.63,0.354,;318.924,402.519,0.371,;325.38,401.405,0.386,;329.129,400.29,0.403,;332.467,399.178,0.419,;336.719,398.07,0.436,;340.154,395.897,0.453,;344.641,393.679,0.47,;347.823,392.726,0.486,;353.915,393,0.505,;359.491,391.502,0.521,;361.223,393,0.536,;364.182,393,0.553,;366.5,393,0.586,;370.139,394,0.603,;372.367,394,0.62,;375.882,395.294,0.639,;379.227,395,0.655,;387,396.5,0.672,;392.536,396.634,0.687,;396.245,397,0.704,;400.442,397.86,0.721,;404.904,398,0.738,;413.665,399.083,0.762,;419.217,399.797,0.788,;425.567,399,0.809,;436.712,400.061,0.834,;445.212,401,0.841,;451.831,401,0.862,;456.523,401,0.88,;460.969,401,0.895,;466.518,401,0.91,;472.089,402.218,0.925,;479.002,400.666,0.946,;481.334,401,0.968,;484.119,402,0.975,;486,402,1.006,;487.531,403.265,1.071,;489.141,403,1.121,;491.355,403,1.14,;494,404.5,1.172,;495.019,402.99,1.205,;497.258,404.129,1.339,;494.964,406.036,1.372,;490.209,410.791,1.392,;488,414.5,1.408,;484.155,420.075,1.424,;479.343,427.12,1.441,;473.769,434.077,1.457,;465.353,440.735,1.474,;458.596,446.336,1.491,;451.9,453.1,1.507,;440.035,462.372,1.526,;428.891,471.287,1.542,;422.5,478.5,1.559,;408.732,488.36,1.574,;398.001,497.999,1.591,;387.356,506.051,1.608,;375.264,514.808,1.625,;365.174,524.826,1.641,;357.56,532.44,1.658,;345.812,538.913,1.685,;339.007,544.138,1.698,;333.724,552.822,1.712,;327.055,559.945,1.734,;319.602,565.085,1.744,;312.704,570.414,1.759,;309.011,574.985,1.776,;304.55,580.562,1.792,;300.098,587.353,1.809,;295.652,591.348,1.827,;289.747,594.352,1.844,;285.31,597.127,1.86,;281.973,600.027,1.876,;278.637,603.363,1.893,;275.298,606.702,1.91,;271.956,612.073,1.926,;268.622,616.505,1.943,;264.041,620.959,1.96,;197,,,;3898,,,;JACCH,,,
202,387,0, ;218.462,384.942,0.02,;236.307,383.369,0.034,;247.453,383,0.05,;256.883,383,0.068,;264.804,383,0.084,;272.583,384.083,0.101,;280.4,384,0.118,;293.44,386.625,0.135,;297.122,387.424,0.152,;304,391.5,0.168,;308.611,393.306,0.185,;312.301,395.534,0.202,;318.283,396,0.218,;321.989,396.996,0.235,;325.324,399.216,0.252,;332.314,399,0.269,;333.662,400.331,0.286,;337.342,400,0.302,;340.5,400,0.318,;347.726,399.325,0.335,;353.921,399.784,0.352,;360.38,400,0.368,;365.059,398.985,0.385,;368.378,399,0.402,;371.719,397.76,0.419,;375.046,396.651,0.436,;381.344,395.531,0.454,;382.155,395,0.47,;384.388,392.917,0.485,;386.615,391.192,0.502,;388.839,391,0.519,;390,391,0.536,;391.142,391,0.568,;393.375,388.625,0.587,;395.97,389,0.603,;398.796,388.401,0.619,;401.426,388,0.636,;404.484,388,0.653,;407.819,388.94,0.67,;412.221,387.945,0.687,;415.5,388,0.703,;418.841,388,0.719,;423.556,389.389,0.737,;428,390.5,0.754,;432.079,389,0.77,;437.665,388.267,0.786,;442.385,388,0.803,;447.799,388,0.82,;453.345,389.069,0.837,;458.929,390.186,0.854,;464.479,390,0.87,;468.621,391.405,0.888,;473,391,0.905,;474.639,392.918,0.92,;475.5,395.5,0.953,;482.595,394,0.971,;483.094,395.047,1.02,;486.435,396.145,1.038,;487.5,399,1.056,;491.318,401.318,1.072,;493,403,1.12,;492,404.056,1.139,;492,407.648,1.155,;490.666,409.667,1.173,;488.093,413.36,1.19,;486.873,416.69,1.207,;483.968,421.386,1.222,;479.035,426.965,1.239,;471.665,434.335,1.256,;463.87,438.056,1.272,;457.233,443.639,1.289,;449.29,450.465,1.306,;440.135,454.432,1.324,;428.261,467.739,1.341,;422.33,473.502,1.356,;412.039,482.265,1.373,;400.887,493.113,1.39,;390.69,503.31,1.406,;378.594,512.295,1.424,;368.664,523.484,1.439,;358.618,534.646,1.456,;347.216,543.027,1.475,;334.596,559.386,1.491,;325.976,568.819,1.507,;314.098,581.339,1.531,;306.03,592.454,1.543,;295.546,601.563,1.557,;283.395,614.66,1.574,;275.852,624.476,1.591,;266.79,631.934,1.609,;257.791,639.808,1.626,;248.949,651.559,1.643,;242.274,657.484,1.658,;234.84,661.948,1.674,;228.747,667.253,1.691,;224.153,671.847,1.708,;220.774,676.302,1.725,;219.811,678.379,1.741,;218.697,680.605,1.807,;146,,,;2937,,,;JACCH,,,
202,389,0, ;232.956,396.989,0.018,;242.949,399.211,0.035,;250.557,401.445,0.051,;259.68,402.335,0.07,;267.167,403.452,0.086,;272.783,403,0.102,;282.39,404.344,0.118,;291.526,405,0.135,;298.406,404.099,0.152,;303.067,404,0.168,;308.641,405.128,0.185,;311.725,405,0.202,;316.424,405,0.22,;320.876,405,0.237,;327.327,405,0.256,;331.084,405.695,0.273,;333.618,406,0.286,;336.737,406,0.303,;339.071,406,0.32,;342.438,404.854,0.337,;345.774,405,0.353,;349.117,405,0.371,;356.947,403.509,0.388,;360.403,404,0.404,;364.147,404,0.42,;368.298,404,0.437,;372.765,404,0.453,;378.276,404,0.47,;386.197,404,0.487,;391.386,404,0.505,;396.988,404,0.522,;401.026,405,0.538,;406.112,405,0.554,;413.163,404.262,0.57,;420.114,404,0.587,;425.8,403.04,0.603,;430.293,403,0.62,;435.937,403,0.637,;441.503,403,0.654,;448.473,401.588,0.671,;452,403.5,0.688,;455.924,403,0.705,;459.265,403,0.721,;463.481,403,0.738,;466.952,403,0.754,;473.56,403,0.771,;479.051,403,0.788,;483.281,403,0.805,;487.741,404.435,0.822,;490.5,404,0.839,;494.649,404,0.855,;497.558,404,0.871,;499,404,0.888,;500.002,402.999,0.921,;503.348,403,1.038,;503,405.152,1.055,;500.862,406.069,1.072,;498.5,407.25,1.088,;493.568,409.716,1.105,;489.092,413.431,1.122,;482,418,1.14,;470.281,427.316,1.156,;459.64,436.542,1.173,;447.757,444.519,1.189,;432.399,453.343,1.206,;421.435,465.722,1.222,;405.246,475.413,1.239,;391.038,485.435,1.257,;381.037,501.452,1.274,;368.149,510.671,1.29,;357.777,525.112,1.306,;345.8,536.528,1.323,;336.419,548.424,1.34,;327.493,561.76,1.357,;315.077,571.573,1.373,;307.981,582.884,1.39,;301.583,594.028,1.408,;293.5,599,1.425,;283.619,607.381,1.44,;276.541,615.203,1.457,;270.718,622.138,1.474,;264.216,626.856,1.491,;257.521,632.399,1.507,;252.023,636.782,1.524,;247.773,642.533,1.541,;243.296,648.13,1.558,;239,652,1.575,;235.407,655.944,1.591,;230.19,659.286,1.608,;226.375,662.625,1.624,;223.036,665.964,1.642,;220.792,670.416,1.658,;217.354,674.861,1.674,;215.357,680.608,1.691,;214.572,684.711,1.709,;212,686,1.725,;210,688,1.758,;207.208,690.896,1.775,;205.992,693.017,1.808,;165,,,;3142,,,;JACCH,,,
201,374,0, ;212.004,383.003,0.015,;218.707,387.471,0.032,;224.16,390.696,0.049,;228.381,392.69,0.068,;231.379,393.46,0.083,;234.729,393,0.103,;237.5,393,0.117,;242.203,394.602,0.135,;244.83,395,0.164,;246,395,0.191,;250.746,395,0.202,;254.105,395,0.243,;259.359,395.59,0.253,;263.113,396.704,0.27,;265.639,397,0.283,;267.863,397,0.3,;270.09,397,0.317,;272.322,398.161,0.388,;280.203,399.602,0.404,;282.457,400,0.449,;287.904,401,0.455,;293.336,401,0.475,;297.547,401.182,0.487,;300.868,402.289,0.505,;305.628,402,0.521,;309.074,403.519,0.536,;313.517,404,0.552,;319.463,404,0.568,;325.301,404.86,0.585,;329.88,405,0.644,;339.909,406,0.664,;343.285,406,0.672,;347.168,406,0.687,;351.614,406,0.702,;355.295,406,0.719,;358.647,405.118,0.758,;364.313,405,0.801,;371.336,405,0.822,;373,405,0.84,;376.693,405,0.852,;381.137,404.216,0.869,;385.602,404,0.886,;390.066,404,0.902,;393.35,404,0.919,;396.725,402.758,0.936,;400.062,403,0.969,;403.392,403,0.986,;414.774,402,1.003,;419.229,402,1.02,;423.685,402,1.054,;430.435,401,1.069,;435.038,401,1.087,;439.505,401,1.108,;446.923,401,1.119,;448.5,401,1.137,;452.137,402,1.153,;454.659,402,1.171,;457.819,402,1.187,;461.153,402,1.205,;465.67,403.167,1.221,;468.849,403,1.238,;474.951,401.61,1.255,;479,402,1.272,;481.5,402,1.287,;484.201,402,1.304,;486.5,402,1.337,;490.134,399.933,1.386,;492.276,400,1.487,;489.973,402.027,1.539,;490,404.287,1.654,;475.609,423.531,1.672,;462.602,439.078,1.698,;452.083,449.917,1.706,;440.414,461.028,1.722,;431,469.5,1.739,;416.339,483.661,1.756,;404.953,494.142,1.775,;381.725,515.25,1.79,;370.716,528.541,1.811,;362.082,535.678,1.826,;353.196,544.804,1.848,;339.877,558.123,1.868,;332.914,565.086,1.9,;314.347,580.46,1.917,;308.383,589.388,1.935,;302.779,595.148,1.964,;295.808,599.745,1.991,;281.121,611.255,2.008,;270.972,622.422,2.028,;265.401,626.16,2.059,;259.008,630.328,2.082,;247.733,638.214,2.098,;243.309,644.691,2.114,;238.863,649.137,2.126,;234.416,653.584,2.151,;229.458,656.525,2.174,;225.139,659.861,2.193,;219.303,665.545,2.208,;217.076,667.924,2.227,;155,,,;3660,,,;JACCH,,,
200,403,0, ;221.535,405.615,0.017,;228.633,406,0.033,;232.52,406,0.05,;234.911,406,0.067,;237.134,406,0.084,;239.362,404.819,0.116,;242.609,405,0.149,;244.532,403.734,0.183,;246.532,404,0.216,;248.531,404,0.266,;250.211,404,0.367,;252.177,404,0.419,;255.335,402.888,0.452,;260.671,402.332,0.47,;264.346,402,0.49,;267.691,402,0.503,;271.032,400.989,0.521,;274.365,401,0.535,;277.708,401,0.553,;281.048,399.651,0.571,;285.867,401.467,0.591,;289.872,400.426,0.602,;294.5,399.5,0.621,;299.401,400.2,0.636,;302.744,400,0.653,;306.074,401.025,0.67,;308.291,401,0.692,;313.024,401,0.713,;316.107,402,0.725,;319.455,402,0.738,;326.385,402,0.755,;330.127,402,0.771,;333.471,402,0.787,;336.812,402,0.804,;340.141,403.047,0.821,;345.817,403,0.837,;352.611,401.732,0.856,;359.358,403.393,0.872,;364.018,403,0.89,;368,403,0.904,;373.913,404,0.922,;380.885,403.159,0.938,;386.798,403,0.954,;392.346,403,0.971,;395.549,404.183,0.988,;398.891,404,1.006,;402.213,404,1.023,;406.095,403,1.039,;411.18,403,1.055,;415.25,403,1.071,;418.587,403,1.088,;421.928,402.024,1.105,;425.263,402,1.122,;429.814,400.796,1.138,;432.936,399.688,1.156,;437.729,400,1.173,;444.252,399.458,1.19,;449.622,399,1.205,;454.056,398.236,1.222,;457.646,397.118,1.239,;461.977,396.006,1.256,;465.33,396,1.272,;471.107,393.557,1.289,;479.345,392.665,1.307,;481.349,393,1.324,;484.129,392.565,1.34,;486.356,392.322,1.356,;488,391.5,1.389,;489.531,392,1.424,;491.163,392,1.572,;493.052,394.052,1.639,;491.867,396.266,1.673,;492,401.836,1.69,;492,407.254,1.707,;492,410.494,1.724,;492,412.552,1.756,;492,414.506,1.84,;492,416.024,1.873,;489.701,418.299,1.891,;487.185,420.815,1.91,;483.5,426,1.926,;478.169,431.193,1.941,;469.965,436.018,1.958,;463.685,439.589,1.975,;457.132,442.934,1.992,;451.552,447.358,2.009,;442.41,454.192,2.025,;433.477,459.577,2.043,;427.407,468.025,2.06,;422.5,472.5,2.077,;412.1,478.278,2.092,;402.834,484.624,2.109,;395.704,492.179,2.126,;389.022,498.978,2.143,;380.083,504.573,2.159,;371.239,508.88,2.176,;366.321,514.679,2.194,;360.742,523.161,2.211,;355.189,527.811,2.239,;236,,,;5019,,,;JACCH,,,
203,384,0, ;224.363,390.104,0.019,;240.5,394.5,0.035,;245.197,394,0.052,;249.263,394,0.069,;252.594,394,0.087,;255.94,394,0.102,;259.262,394,0.123,;265.006,394,0.155,;267.946,392.685,0.161,;269.86,393,0.174,;272,393,0.202,;274.798,393,0.235,;277.8,393,0.252,;280.174,393,0.285,;283.515,393,0.318,;286.798,394.266,0.352,;291.376,394.792,0.37,;293.5,395.5,0.387,;296.037,393.991,0.404,;299.403,395.134,0.42,;301.497,395,0.44,;303.712,396.356,0.453,;305.944,396,0.486,;310.402,397.701,0.504,;313.442,398,0.52,;317.694,398.923,0.537,;321.111,400.037,0.555,;325.612,400,0.571,;328.798,401.266,0.587,;332.141,401,0.605,;335.48,401,0.622,;337,402.5,0.638,;341.157,402.719,0.654,;344.49,403.83,0.671,;348.782,404.945,0.688,;355.356,405,0.705,;358.518,405,0.722,;363.137,406.284,0.738,;366.194,406,0.756,;369.5,407.5,0.772,;372.5,407,0.788,;375.948,407,0.805,;379.546,407.849,0.822,;383.855,407.036,0.839,;387.226,407,0.855,;390.56,407,0.872,;393.903,407,0.89,;395.834,407,0.906,;399.5,407,0.923,;401.924,407,0.939,;405.263,407,0.956,;410.351,407,0.972,;414.936,406.016,0.989,;419.391,406,1.006,;422.635,406,1.023,;425.975,404.675,1.041,;429.309,405,1.057,;432.5,405,1.074,;436.641,404.34,1.089,;441.874,404,1.107,;445.666,403.111,1.123,;449.013,403,1.14,;451.232,401.884,1.156,;453.459,402,1.174,;455.688,402,1.19,;457.913,402,1.222,;460.798,402,1.24,;463.592,401.796,1.257,;465.814,402,1.274,;469.068,402,1.29,;472.395,400.868,1.307,;475.747,401,1.324,;477.724,401,1.342,;479.95,401,1.358,;482,399.5,1.375,;484.404,399.298,1.393,;486.628,398.186,1.408,;488,397.5,1.424,;490.061,398,1.457,;492.268,396.866,1.475,;494.758,397,1.491,;496.989,397,1.524,;499.798,398.266,1.557,;505.842,397,1.575,;507.5,397,1.592,;504.916,399.168,1.691,;505,401.177,1.724,;502.469,401,1.742,;500.813,403.187,1.892,;479.56,422.398,1.91,;462.864,437.818,1.927,;452.618,446.944,1.944,;443.5,456.5,1.961,;435.369,464.631,1.977,;428.361,471.639,1.993,;419.906,479.207,2.01,;402.994,496.006,2.027,;396.303,502.697,2.043,;390.862,509.365,2.06,;217,,,;4749,,,;JACCH,,,
197,394,0, ;229.423,396.879,0.018,;239.948,397.994,0.035,;247.741,399.106,0.052,;255.502,399,0.069,;264.637,400.33,0.087,;272.118,400,0.104,;281.13,401.557,0.12,;292.731,402,0.136,;300.702,401.216,0.153,;308.291,401,0.169,;315.063,401,0.186,;325.138,401,0.203,;331.426,401,0.219,;336.787,401,0.238,;342.286,401,0.254,;351.225,401,0.27,;359.858,401,0.287,;366.834,401,0.303,;373.527,401.921,0.32,;384.349,402,0.337,;392.023,400.854,0.354,;398.548,401,0.37,;405.246,401,0.388,;413.396,401,0.405,;422.605,399.399,0.421,;428.562,399,0.437,;434.966,398.172,0.454,;444.455,398,0.471,;451.332,398,0.487,;455.676,398,0.504,;460.119,398,0.521,;464.579,399.395,0.539,;470.5,400.5,0.556,;477.476,400.619,0.571,;481.202,401,0.588,;483.692,401,0.604,;485.923,401,0.621,;487,401,0.639,;488.185,401,0.67,;490.42,402.21,0.838,;492.097,400.952,0.988,;490.947,403.106,1.022,;488.409,405.795,1.04,;484.379,409.621,1.057,;479.925,413.056,1.073,;470.903,419.823,1.09,;463.269,427.731,1.107,;455.503,439.567,1.125,;447.682,444.844,1.141,;435.725,455.275,1.157,;427.099,466.001,1.174,;418.503,475.497,1.19,;406.759,486.31,1.222,;396.651,498.426,1.23,;388.947,507.204,1.245,;377.334,517.399,1.259,;370.356,528.776,1.276,;364.053,536.93,1.292,;357.758,545.454,1.308,;349.225,555.497,1.325,;342.838,563.826,1.341,;338.218,570.674,1.358,;333.771,578.4,1.375,;326.947,587.404,1.392,;320.282,595.005,1.41,;312.18,600.014,1.426,;307.946,606.595,1.443,;302.864,615.017,1.475,;289.044,627.254,1.492,;281.239,631.863,1.511,;275.592,638.49,1.542,;270.226,646.161,1.561,;258.496,656.669,1.585,;252.352,661.119,1.61,;242.989,671.516,1.626,;238.511,677.361,1.651,;234.039,681.961,1.675,;227.601,685.299,1.696,;220.033,689.322,1.728,;218.121,692.879,1.744,;213.673,696.664,1.764,;212,697.5,1.793,;211.734,699.533,1.909,;214.133,699,1.943,;217.027,699,1.961,;220.421,700.14,2,;236.17,700.362,2.013,;242.874,701.479,2.03,;250.561,702,2.046,;261.517,702,2.062,;271.548,702,2.078,;279.56,702.937,2.095,;288.358,704.045,2.111,;298.448,704,2.128,;307.198,704,2.146,;313.327,704,2.163,;324.003,705,2.18,;332.305,705,2.195,;340.106,704.271,2.212,;127,,,;2807,,,;JACCH,,,
206,391,0, ;232.601,391,0.017,;255.502,391,0.033,;264.571,391,0.05,;270.544,391,0.067,;275.082,392.021,0.083,;278.404,392,0.1,;281.744,393.248,0.117,;289.173,394.362,0.135,;292.876,396.938,0.152,;296.752,397.584,0.168,;300.105,398.702,0.184,;303.441,399.814,0.201,;305.854,400,0.217,;308.082,401.041,0.234,;310.305,402.152,0.251,;313.806,402,0.267,;317.147,403.382,0.285,;320.486,403,0.302,;324.819,403,0.318,;327.448,403,0.334,;329.669,403.834,0.351,;332.843,404,0.368,;335.123,404,0.385,;338.517,405.172,0.403,;340.574,405,0.418,;344.2,406.4,0.436,;347.5,406,0.453,;354.132,405.626,0.469,;358.955,405.261,0.485,;362.573,405,0.502,;365.898,405,0.518,;370.318,405,0.535,;373.573,403.809,0.552,;378.24,404,0.57,;385.539,402.577,0.587,;389,403,0.603,;392.948,402.351,0.619,;396.289,402,0.636,;398.753,402,0.652,;402.961,402,0.669,;406.305,402,0.686,;409.64,402,0.703,;415.662,402,0.721,;418.328,402,0.737,;421.5,402,0.754,;423.337,401.332,0.769,;426.35,401,0.786,;428.79,401,0.803,;432.032,401,0.82,;435.366,401,0.836,;439.953,401,0.853,;447.095,399.651,0.871,;450.851,398.537,0.888,;455.31,398.422,0.918,;459.076,397.308,0.932,;464.01,396.198,0.947,;469.548,395.09,0.961,;478.198,395,0.971,;482.581,395,0.988,;485.76,395,1.004,;487.741,395,1.022,;491.452,395,1.039,;493.794,394.402,1.055,;497.127,394.709,1.071,;499.647,395,1.088,;502.801,395.934,1.105,;506.135,394.955,1.137,;508.277,396.139,1.187,;508,398.355,1.254,;506.867,400.266,1.271,;505.908,402.183,1.304,;502.384,405.616,1.323,;497,411,1.34,;493.461,416.174,1.355,;489.746,423.26,1.372,;484.686,432.765,1.389,;479.11,439.868,1.406,;472.449,446.551,1.422,;464.58,454.42,1.439,;456.778,463.539,1.457,;450.418,472.443,1.474,;442.5,478,1.49,;431.388,489.93,1.506,;423.613,499.157,1.523,;414.023,506.318,1.542,;404.033,514.971,1.556,;395.101,526.124,1.573,;387.456,532.323,1.589,;376.978,539.015,1.608,;369.859,547.141,1.625,;364.188,553.937,1.641,;358.618,560.382,1.657,;352.256,564.372,1.673,;346.484,567.71,1.69,;341.942,571.044,1.707,;338.622,574.378,1.723,;335.272,577.728,1.74,;330.633,582.367,1.758,;329.051,585.424,1.775,;187,,,;3706,,,;JACCH,,,
