188,394,0,212.568,393.312,0.016,222.542,392.182,0.033,230.67,392,0.05,237.418,392,0.064,243.135,392,0.085,247.431,390.642,0.1,250.379,391,0.116,257.333,389.417,0.131,261.796,388.301,0.152,267.87,388.812,0.167,271.748,389,0.181,275.17,389,0.203,277.411,389,0.218,279.645,389,0.233,281.902,389,0.249,284.121,389,0.268,286,389,0.284,289.543,389,0.298,291.83,389.915,0.318,296.147,391.037,0.333,298.256,391,0.349,300.552,392.276,0.387,303.76,392,0.402,306.223,393,0.415,308,393,0.451,311.988,393,0.472,315.297,393,0.483,321.096,391.781,0.5,324.103,392,0.517,330.4,393.48,0.538,332.196,393,0.552,334.377,393,0.566,337.515,393,0.586,339.5,393,0.601,341.082,391.973,0.616,343.456,392,0.637,345.648,393.324,0.65,347.858,393,0.671,350.748,392,0.685,353.339,392,0.701,357.183,393.592,0.717,360.734,394,0.733,364.074,394,0.753,368.619,395.155,0.77,371.829,395,0.786,376.646,395,0.801,384,393.5,0.823,388.783,395.261,0.835,394.757,396.751,0.85,398.732,397,0.867,403.174,399.087,0.89,408.817,399,0.904,414.197,401.479,0.919,421.427,399.595,0.941,426.582,400.516,0.955,431.398,401.6,0.968,436.64,402.728,0.985,442.347,403.869,1.006,449.075,402.987,1.02,455.479,403,1.035,459.999,404.25,1.056,465.863,404,1.071,473.763,406,1.085,479.414,406,1.106,483.726,406,1.122,486.609,406.805,1.136,489.901,407,1.153,492.152,407,1.17,494.393,408.196,1.202,496.448,408,1.253,496,410.351,1.288,498.026,411.013,1.318,496.861,413.279,1.354,494.533,415.467,1.422,492.452,418.823,1.431,487.991,426.019,1.439,485.742,430.516,1.453,480.877,433.842,1.477,475.045,438.564,1.492,468.126,440.958,1.504,462,443,1.52,456.125,447.156,1.536,450.727,449.709,1.557,446.151,452.887,1.578,439.611,455.466,1.59,433.868,462.358,1.602,430.95,465.05,1.621,427.606,468.394,1.637,423.589,470.206,1.656,419.167,472.417,1.681,415.559,475.441,1.697,411.284,478.787,1.706,405.644,483.285,1.722,401.149,487.851,1.74,398.072,492.237,1.756,394.668,496.776,1.775,390,501,1.79,386.41,503.942,1.804,382.661,507.339,1.827,224,4181,MNPB,
206,408,0,237.148,408,0.015,250.738,408,0.032,264.225,408,0.047,276.399,408,0.065,290.601,408,0.086,304.44,408,0.1,326.355,408.654,0.113,344.554,409,0.134,360.699,409,0.149,374.247,409,0.164,389.086,409,0.181,399.985,409,0.202,409.651,407.594,0.215,421,409.5,0.234,430.126,408,0.25,439.499,408.722,0.264,448.06,408.134,0.282,456.148,408,0.3,461.679,408,0.317,468.529,408,0.338,477.962,408,0.354,483.9,408,0.366,488.423,408,0.385,492.964,408,0.401,496.589,408,0.415,498.988,408,0.434,502.338,408,0.451,504.408,408,0.484,507.684,408,0.518,509.531,408,0.568,506.645,410.355,0.601,504.784,411.108,0.652,502.643,412.178,0.674,500,413.5,0.786,481.795,429.004,0.804,465.109,443.891,0.817,456.626,452.374,0.838,448.955,460.045,0.857,441.289,466.609,0.868,434.451,472.291,0.886,427.706,479.294,0.904,410.5,496.5,0.923,404.429,499.976,0.94,397.776,504.816,0.951,391.663,511.204,0.973,384.974,520.035,0.989,377.532,526.401,1.002,369.386,533.383,1.018,364.318,536.009,1.039,358.627,543.848,1.055,350.627,551.936,1.069,343.924,558.397,1.089,338.887,563.891,1.106,333.466,568.627,1.119,327.608,574.392,1.143,319.412,581.361,1.162,314.581,586.419,1.175,308.925,591.66,1.186,303.5,596,1.202,299.353,600.647,1.223,293.568,604.955,1.237,286.714,612.167,1.253,280.8,619.24,1.269,275.262,623.591,1.292,270.794,628.206,1.308,264.683,631.931,1.321,257.778,638.222,1.336,251.861,645.395,1.357,246.296,651.704,1.376,240.712,656.43,1.389,234.023,659.989,1.403,228.343,664.526,1.423,220.305,671.453,1.443,218.331,676.338,1.455,216.081,680.837,1.47,212.398,684.805,1.487,209.834,686.722,1.508,208.176,688.649,1.522,206.075,689.963,1.537,203.827,692.173,1.573,201.653,694.347,1.607,200.734,697.798,1.656,198.646,699.354,1.68,199,702.034,1.74,201.27,703.135,1.763,204.282,703,1.777,208.032,702.242,1.793,211.688,702.896,1.814,218.019,704.002,1.827,227.134,705.142,1.838,238.647,705,1.857,248.626,705,1.874,260.729,706,1.888,271.5,706,1.909,283.712,706.746,1.931,295.325,707,1.943,307.912,707,1.957,321.327,709.221,1.972,332.335,707.766,1.99,125,2561,MNPB,
197,408,0,217.273,406.933,0.016,239.093,405.326,0.03,253.362,405,0.046,267.262,405,0.066,279.672,405,0.079,291.946,406.177,0.097,303.006,406,0.116,328.492,407.425,0.131,335,407,0.147,342.287,407,0.166,352.577,407.758,0.182,361.148,408,0.197,367.053,406.989,0.219,372.804,407,0.234,379.502,407,0.248,387.588,405.63,0.264,392.5,404.5,0.285,398.023,404.395,0.3,405.065,403.276,0.314,412.159,402.14,0.333,419.918,401.012,0.348,425.565,401,0.364,432.537,399.744,0.385,440.685,400,0.398,448.222,398.54,0.42,453.386,398.404,0.433,458.46,398.692,0.448,464.117,398.177,0.468,469.742,398,0.482,475.303,398,0.498,481.06,398,0.517,485.338,399.334,0.537,489.894,400.474,0.554,493.333,400.583,0.567,496.999,401.666,0.582,500.419,402.806,0.603,502.796,403.898,0.615,504,404.5,0.632,505.175,405.088,0.684,503.823,407.353,0.734,500.247,408.876,0.751,499,409.5,0.766,496.779,410.074,0.803,493.477,412.348,0.821,491,415,0.835,487.184,419.421,0.849,483.081,425.378,0.868,478.689,430.311,0.886,472.957,437.052,0.899,466.299,439.234,0.916,460.774,443.981,0.937,456.554,448.446,0.953,452.258,455.613,0.971,445.15,463.56,0.983,437.422,469.789,1.004,430.176,475.02,1.02,424.387,482.459,1.034,416.434,490.566,1.056,408.507,499.707,1.07,399.705,504.435,1.086,394.697,511.764,1.102,386.991,522.154,1.122,379.35,530.65,1.139,371.524,537.694,1.151,365.394,546.37,1.167,358.654,557.576,1.191,350.687,565.313,1.209,343.399,571.134,1.222,337.027,580.157,1.235,331.297,588.784,1.253,326.5,595.5,1.274,316.758,600.493,1.299,310.666,607.201,1.312,306.048,615.905,1.324,301.453,622.82,1.335,294.464,627.024,1.352,289.041,630.175,1.37,282,638,1.386,279,642.5,1.406,274.889,648.518,1.423,270.66,653.34,1.436,265.102,655.959,1.453,260.531,658.234,1.469,253.605,660.465,1.488,249.561,664.079,1.51,246.667,667.333,1.523,243.293,671.275,1.536,240.599,674.401,1.557,237.543,677.457,1.586,231.869,684.131,1.612,228.424,685.192,1.624,225.056,686.629,1.638,221.658,688.895,1.653,219.448,690.104,1.67,217.659,691.67,1.699,215.411,693.589,1.708,214,695,1.724,212.957,697.065,1.756,210.712,700.431,1.806,139,2747,MNPB,
186,401,0,211.538,400,0.016,220.891,401.236,0.032,229.752,402.344,0.054,240.273,402,0.069,247.015,402.574,0.083,253.5,403.5,0.102,267.922,404,0.116,276.476,404,0.133,282.155,404,0.155,287.905,405.181,0.17,294.639,405,0.185,298.634,405,0.205,304.757,405,0.223,309.554,405,0.235,313.304,405,0.25,319.431,405.905,0.267,325.239,404.952,0.283,330.673,405,0.306,337.559,403.74,0.319,342.836,405.367,0.336,349.23,405.538,0.352,355.781,406,0.367,362.636,405.227,0.388,367.584,405,0.406,371.873,405,0.418,377.578,405,0.434,385.734,405,0.456,392.228,405,0.474,397.821,404,0.486,402.365,404,0.506,406,404,0.522,414.049,405,0.535,420.838,404.027,0.554,426.635,404,0.569,432.088,404,0.592,439.08,404,0.611,445.546,405,0.626,452.254,404.458,0.637,459.086,404,0.656,464.994,404.799,0.674,472.339,405.906,0.686,478.265,406,0.702,483.886,406,0.725,489.569,406,0.742,492.58,407,0.754,497,407,0.77,500.943,408,0.787,503.567,408,0.806,505.702,408,0.821,507,408,0.837,508.141,408,1.123,505.985,409.008,1.154,503.546,411.454,1.189,500.2,413.533,1.22,493.372,420.628,1.242,486.575,427.425,1.263,480.148,434.994,1.28,470.858,440.071,1.292,462.623,445.377,1.306,456,452,1.323,446.879,460.121,1.339,438.564,466.883,1.36,431.507,471.662,1.375,426.038,476.962,1.389,421.407,483.89,1.405,414.356,491.918,1.424,409.086,501.062,1.443,402.583,504.417,1.456,396.984,510.016,1.473,392.825,516.35,1.49,387.714,524.001,1.506,381.035,530.965,1.523,374.335,534.332,1.539,368.822,541.413,1.562,363.242,546.758,1.581,357.864,554.136,1.595,351.098,560.322,1.606,344.723,564.139,1.623,338.902,569.098,1.639,332.354,575.646,1.657,326.648,583.493,1.674,321.074,590.112,1.69,314.055,594.297,1.708,308.755,598.796,1.727,304.842,604.697,1.742,299.73,610.924,1.757,294.042,618.541,1.774,289.399,622.7,1.791,282.725,626.138,1.814,278.459,630.541,1.829,273.841,635.159,1.842,267.988,641.012,1.858,262.5,646.5,1.875,258.46,650.905,1.897,254.019,654.236,1.92,249.544,657.592,1.934,245.966,661.034,1.945,241.484,665.516,1.957,238.189,668.811,1.975,143,3011,MNPB,
192,404,0,215.787,404,0.016,235.98,404,0.03,245.112,404,0.05,252.873,404,0.065,259.803,404,0.082,266.677,404,0.097,272.294,404,0.119,283.42,404,0.136,282.923,405.462,0.149,287.149,405,0.165,290.82,405.705,0.182,294.534,406,0.201,298.903,405.024,0.217,304.404,405,0.231,306.434,405,0.252,310.042,405,0.266,311.806,406.403,0.282,315.5,406,0.298,319.717,405.679,0.317,324.205,406,0.334,329.631,405.074,0.348,334.203,405,0.371,338.721,405,0.389,341.824,405,0.401,346.681,405,0.424,352.682,405,0.432,359.622,404.34,0.448,364.343,404,0.466,369.431,404,0.486,374.176,402.956,0.503,378.438,403,0.52,384.18,404.236,0.533,385.741,398.517,0.555,392.019,402,0.57,394.794,401.402,0.583,398.215,401,0.603,400.613,401,0.618,404.933,400.017,0.634,410.597,400,0.65,413.742,398.753,0.671,422.597,400.371,0.687,425.79,400,0.702,429.784,399,0.721,433.092,399,0.735,438.082,399,0.75,441.794,397.138,0.768,445.241,397,0.787,452.31,398.218,0.804,454.89,396.703,0.818,458.286,397,0.834,460,395.5,0.87,462.802,396,0.901,469.191,396.048,0.92,471.298,394.851,0.934,473.53,395,0.952,475.865,393.567,0.969,478,394,0.985,483,395.5,1.004,486.279,394.76,1.022,489.625,394.125,1.035,492.046,394,1.058,495.461,394,1.072,501.159,395.232,1.085,504.197,395,1.108,506.021,395,1.123,509.961,396.185,1.135,514.5,398,1.187,513.02,399.04,1.237,509.559,401.294,1.271,510,403.541,1.305,507.464,404.268,1.321,504.895,406.07,1.371,502.701,408.299,1.421,500.647,409.176,1.452,496.966,411.017,1.475,493.521,413.319,1.486,490.234,416.766,1.506,486.734,418.844,1.526,484.981,422.019,1.545,482.776,424.224,1.559,480.523,427.215,1.571,477.335,431.553,1.591,474.145,433.903,1.605,471.784,436.216,1.621,469.43,438.57,1.639,465.885,438,1.655,464,439.5,1.675,462.793,441.604,1.693,460.581,442.71,1.716,459.173,444.654,1.731,457.098,445.951,1.74,455.906,448.189,1.76,453.574,450.426,1.779,450.375,452.625,1.799,448.133,455.301,1.819,444.77,459.788,1.829,441.645,463.355,1.839,437.747,465.627,1.855,434.234,467.844,1.875,206,3978,MNPB,
191,400,0,201.281,398.972,0.014,208.185,397.272,0.031,211.639,397,0.045,213.964,396.018,0.062,216.256,396,0.1,219.554,396,0.117,223.415,396,0.135,226.929,396.586,0.151,231.107,397,0.163,233.67,397,0.184,239.891,397.982,0.203,243.207,398,0.213,246.705,398,0.234,248.67,399.335,0.248,252.34,400.447,0.264,254.737,400.579,0.285,258.732,401.683,0.3,261.586,402.793,0.316,263.915,403,0.33,265,403,0.352,268.406,403,0.367,271.817,403,0.381,273.875,404.437,0.401,277.5,404,0.43,280.562,404.781,0.451,282.851,405,0.465,286.043,405,0.48,289.503,406.168,0.497,291.564,406,0.52,295.175,406,0.536,297.98,405.51,0.551,300.819,405,0.564,304.949,405,0.583,307.713,405,0.599,309.956,405,0.614,313.357,406.119,0.637,315.499,404.751,0.651,320.335,406.334,0.665,323.427,406,0.687,327.384,405.404,0.7,331.771,405,0.715,335.487,405,0.731,337.903,405,0.752,341.339,405,0.768,343.36,405,0.782,346.993,405,0.803,351.87,406.467,0.818,354.16,406,0.833,356.341,406,0.852,360.101,406,0.867,362.825,406,0.883,365.103,406,0.905,368.518,406,0.92,370.545,406,0.934,372.878,406,0.954,376.5,406,0.97,380.882,407,0.988,384.262,407,1.004,387.622,407,1.019,390.965,407,1.034,394.483,407,1.055,397.82,405.727,1.072,399.716,406,1.085,403.452,406,1.101,406.5,406,1.118,411.292,406.236,1.137,414.627,406,1.153,417.886,406,1.167,421.41,406,1.184,425.975,404.756,1.206,429.093,405,1.222,432.814,405,1.235,437.981,405.596,1.251,442.107,405.298,1.268,445.473,405,1.284,449.773,405,1.301,453.214,405,1.323,457.858,403.786,1.352,459.396,404,1.371,462,404,1.4,463.527,405.263,1.436,468.058,406.029,1.454,470.323,406,1.487,473.573,404.809,1.522,476.23,405,1.537,478,405,1.568,481.001,405,1.604,483.232,405,1.621,485.767,405,1.671,487.354,403.823,1.721,489.358,404,1.752,491.235,404,1.838,493.213,405.106,1.889,493,407.148,1.956,490.733,408.134,1.986,489.985,410.031,2.039,487.751,411.125,2.106,486.866,413.268,2.122,485.996,415.009,2.138,318,6816,MNPB,
183,406,0,202.024,407.001,0.016,216.323,407,0.032,228.956,407,0.054,237.16,407,0.069,243.806,407,0.085,250,407,0.099,256.339,406,0.117,266.45,406,0.136,271.831,406,0.155,277.479,404.904,0.166,280.697,403.768,0.189,285.44,404,0.203,288.283,402.573,0.218,295.919,403.416,0.238,300.5,402.5,0.251,305.396,402,0.266,308.831,402,0.286,312.193,400.936,0.304,316.675,401,0.318,321.329,402.332,0.334,325.793,400.552,0.354,331.5,399.5,0.371,334.961,400,0.383,337.545,400,0.4,340.742,399.086,0.42,343.074,399,0.434,349.898,399,0.455,352.905,397.698,0.472,360.222,399.37,0.485,363.993,399,0.506,366.868,399,0.521,370.219,399,0.535,375.468,398.106,0.553,382.039,398,0.57,391.11,400.278,0.59,394.874,400,0.603,399.395,400,0.624,405.097,400,0.639,411.074,400.582,0.653,418.276,400.287,0.673,423.184,400,0.688,427.796,400,0.702,432.408,400,0.719,436.837,400,0.744,443.893,402,0.759,450.027,401.568,0.77,456.331,400.417,0.786,460.779,400.695,0.804,465.259,401,0.822,472.466,401.924,0.836,477.243,398.818,0.86,485.634,401.467,0.875,488.834,401,0.887,492.238,401,0.904,494,402.5,0.929,496,402,0.953,497.537,402,0.978,500.05,404.033,1.106,498.933,407.2,1.125,495.86,408.047,1.159,493.662,410.338,1.178,490.621,412.839,1.193,486.697,417.879,1.206,482.209,423.489,1.221,475.111,431.73,1.24,468.35,436.767,1.254,461.446,441.37,1.278,455.903,447.097,1.298,449.86,454.14,1.313,441.997,461.574,1.326,434.648,467.794,1.338,428.611,473.389,1.359,423.029,479.765,1.372,417.298,486.643,1.388,411.68,496.576,1.411,403.745,499.538,1.429,399.941,504.059,1.449,395.425,509.363,1.464,390.95,515.563,1.477,385.77,522.522,1.49,380.877,528.123,1.508,375.463,531.722,1.531,370.982,535.013,1.545,368.755,538.368,1.555,365.136,541.864,1.573,361.798,546.603,1.591,357.925,552.593,1.607,354.158,556.842,1.623,351.527,560.209,1.639,347.484,562.758,1.657,345.024,564.976,1.673,341.631,568.369,1.69,338.261,571.739,1.716,335.327,574.673,1.729,333.077,577.385,1.747,330.816,580.184,1.759,327.864,583.848,1.773,325.331,587.503,1.79,322.115,589.923,1.807,182,3590,MNPB,
201,404,0,224.352,404,0.019,242.234,404,0.032,252.184,404,0.048,261.5,404,0.074,267.812,403.365,0.088,273.035,402.241,0.099,277.625,402,0.115,284.099,402,0.137,287.5,400.833,0.152,292.111,402.278,0.166,295.207,402,0.188,299.055,401,0.201,302.452,400.387,0.216,305.486,400,0.232,309.463,400,0.253,312.989,400,0.268,317.389,400,0.283,324.571,401.262,0.301,329.88,399.624,0.321,333.45,399,0.338,336.786,399,0.351,339.375,399,0.366,342.536,399.845,0.382,345.884,400,0.407,350.362,401.09,0.424,352.379,401,0.441,355.932,400.689,0.455,358.858,400,0.47,361,400,0.486,364.5,400,0.52,367.903,401,0.533,370.098,401,0.554,372.327,401,0.572,375.847,401,0.584,377.792,402.396,0.6,383,403.5,0.621,385.5,403,0.635,389.012,402.247,0.651,391.807,402,0.667,395.094,402,0.684,397.322,402,0.705,399.531,402,0.721,401.722,402,0.735,403.997,402,0.756,406.806,403,0.771,410.168,403.723,0.784,413.599,404,0.803,415.984,404,0.821,419.311,402.896,0.835,421.425,403,0.854,425.12,403,0.872,426.981,403,0.888,429.783,403,0.902,432.381,403,0.918,434,403,0.954,440.167,404.056,0.97,443.568,404,0.985,446.95,404,1.003,450.386,402.538,1.024,453.711,402.43,1.037,456.975,402.658,1.052,459.639,402.18,1.071,462.722,402,1.085,466.089,402,1.105,470.756,403.189,1.122,475.287,403,1.135,478.272,403,1.157,484.5,401.5,1.174,486.252,402,1.186,489.362,402,1.205,491.773,402,1.221,493,402,1.236,494.148,403.074,1.253,496.531,403,1.29,498.435,403,1.305,501,404.5,1.355,502.354,405.177,1.372,502,407.104,1.411,499.705,409.295,1.431,497.089,409,1.454,492.913,411.543,1.49,489.181,416.638,1.511,485.823,421.236,1.526,480.165,428.002,1.538,474.307,433.693,1.555,468.768,439.232,1.576,463.141,440.715,1.594,459.043,443.957,1.61,456.457,448.085,1.622,452.227,452.773,1.642,447.886,458.142,1.659,442.288,462.569,1.672,437.82,467.18,1.689,433.354,470.234,1.708,429,473.5,1.727,427.733,477.533,1.744,424.77,481.23,1.756,421.339,484.661,1.772,417.944,489.075,1.788,205,3900,MNPB,
199,411,0,219.348,408.965,0.015,236.968,407.717,0.032,248.614,406.581,0.052,259,405.5,0.067,269,404.5,0.082,278.199,403.225,0.101,287.811,402.132,0.118,304.195,398.961,0.135,309.632,397.874,0.149,315.354,396.729,0.17,323.628,392.874,0.184,331.383,395.483,0.2,335.5,393.5,0.22,339.8,393,0.236,345.975,392.171,0.253,355.71,392,0.267,363.733,393.105,0.289,370.447,393,0.302,378.191,393,0.319,392.493,393,0.335,397.57,393,0.355,405.341,391.665,0.37,415.161,391.796,0.386,422.513,392.919,0.401,429.48,393,0.422,436.224,391.796,0.439,445.451,390.694,0.458,452.255,392,0.468,457.152,392.538,0.485,462.298,393,0.501,467.965,391.414,0.521,473.292,391.858,0.535,481.077,393.011,0.551,485.647,394.162,0.57,488.865,394,0.589,490.841,395.42,0.653,491.132,397.265,0.686,491,399.543,0.704,492.12,401.241,0.77,492,403.266,0.843,494.805,406.609,0.851,495.09,407.18,0.904,492.645,409.355,0.955,489.934,412.033,0.988,487.722,415.418,1.009,483.724,420.702,1.024,478.391,426.131,1.04,472.189,432.811,1.054,464.489,438.149,1.074,457.427,442.715,1.089,451.79,449.252,1.104,445.053,454.79,1.127,434.415,464.298,1.141,429.138,469.862,1.156,422.881,476.119,1.177,415.089,483.297,1.193,404.845,493.155,1.208,395.24,501.07,1.221,384.959,508.027,1.237,373.836,515.815,1.259,367.593,524.875,1.276,359.767,532.233,1.289,351.8,537.286,1.306,343.181,543.819,1.324,336.032,552.29,1.337,329.198,559.802,1.354,321.264,565.812,1.378,312.31,572.517,1.4,307.102,580.257,1.42,301.206,587.794,1.431,294.424,593.717,1.444,287.055,599.382,1.456,280.597,606.084,1.471,274.951,613.669,1.493,268.436,620.564,1.514,262.909,626.091,1.529,258.298,629.527,1.54,251.275,636.725,1.56,247.325,643.513,1.583,243.946,649.568,1.604,239.499,654.501,1.614,235.007,658.245,1.627,230.44,662.56,1.638,226.9,666.1,1.655,221.324,672.811,1.673,218.233,677.022,1.689,216.228,681.544,1.71,212.5,684.5,1.731,209.806,687.194,1.743,206.807,689.462,1.756,204.282,691.718,1.773,202.028,693.972,1.79,200.882,696.235,1.807,199.765,698.47,1.84,197.539,700.461,1.862,198.58,703.74,1.877,199.5,706.5,1.925,200.179,709.717,1.946,204.328,709,1.958,134,2626,MNPB,
201,408,0,221.219,405.978,0.023,236.456,405,0.036,246.648,405.405,0.054,256.962,406,0.081,265.588,406,0.095,272.553,406.759,0.114,296.316,408.021,0.133,302.981,409.164,0.147,308.219,409,0.17,313.996,409,0.186,320.886,409,0.197,328.205,409,0.216,333.915,409,0.231,339.212,409,0.248,345.023,409,0.264,353.98,410.123,0.282,361.533,410,0.301,368.018,410,0.318,373.21,410,0.331,384.719,409.41,0.35,392.176,409.696,0.364,398.163,410,0.386,404.733,410,0.399,413.435,410,0.414,420.202,410,0.437,427.067,410,0.452,430.617,408.596,0.468,437.375,409,0.482,443.328,409,0.502,448.849,408.23,0.518,453.61,408,0.532,457.145,408,0.555,461.741,408,0.57,467.582,407.264,0.584,474.378,408.396,0.599,478,406.5,0.619,481.279,406.361,0.633,483.499,406,0.649,485.757,406,0.669,487,406,0.686,488.11,406,0.718,490.389,406,0.818,491.012,408.023,0.868,489.852,410.296,0.919,487.179,415.462,0.935,485.153,418.77,0.95,482.877,424.309,0.967,478.17,428.83,0.983,475.023,434.628,1.007,468.708,440.292,1.021,462,444,1.034,459.036,447.619,1.054,454.103,452.897,1.07,448.433,459.481,1.084,441.748,465.21,1.107,433.742,470.899,1.126,428.964,473.777,1.142,424.861,477.519,1.153,419.924,483.076,1.172,414.539,489.692,1.187,408.567,496.433,1.201,401.712,501.526,1.218,396.974,505.02,1.239,392.426,509.574,1.256,385.71,516.29,1.268,378.796,523.204,1.287,372,528.5,1.304,367.5,533.5,1.322,363.156,537.133,1.335,357.666,541.467,1.356,351.158,547.842,1.379,345.691,553.309,1.39,339.867,560.36,1.403,336.997,563.003,1.42,332.154,566.384,1.435,329.5,569.5,1.453,323.459,575.249,1.473,318.751,581.062,1.491,314.337,585.663,1.504,310.803,590.263,1.52,307.447,594.738,1.536,305.338,596.662,1.555,303.108,600.339,1.573,299.5,603.5,1.592,295.439,608.561,1.603,291.67,613.884,1.62,287.412,618.588,1.636,282.816,623.184,1.654,278.505,626.371,1.67,275.112,629.888,1.688,271.769,633.231,1.708,266.369,639.631,1.724,261.49,645.137,1.737,256.215,650.785,1.753,251.448,654.664,1.771,247.974,658.026,1.789,244.598,661.402,1.813,241.111,666.111,1.826,236.935,671.421,1.838,156,3121,MNPB,
188,401,0,211.684,404.089,0.017,230.086,406,0.028,236.616,406,0.048,241.123,406,0.065,243.27,406,0.081,245.563,406,0.097,247.817,406,0.116,250,406,0.145,252.782,404.739,0.181,255.809,405,0.198,257.124,403.938,0.216,259.441,404,0.23,263.108,404,0.251,266.51,404,0.266,269.171,403.415,0.281,271.43,403,0.297,273.689,403,0.317,275,403,0.338,277.107,403,0.347,279.484,403,0.363,281.704,403,0.383,285.415,403,0.403,287,403,0.418,291.028,403.676,0.431,293.598,404,0.447,296.762,404,0.471,300.115,402.962,0.486,303.513,403,0.498,305.651,403,0.515,307.85,403,0.537,310.64,403,0.553,313.941,403,0.569,317.291,403.764,0.581,321.623,404,0.598,325.067,404,0.616,328.494,404,0.638,333.211,402.697,0.651,336.535,403,0.666,340.565,403,0.681,344.564,403.641,0.703,349.017,404,0.719,353.416,404.854,0.732,359.107,403.979,0.748,362.395,404,0.771,368.221,405.244,0.788,369.667,405,0.804,374.371,405,0.817,378.981,405.596,0.832,383.839,406,0.851,389.225,405.155,0.87,393.843,405,0.883,398.289,405,0.899,401.728,405,0.917,405.062,405,0.934,406.931,405,0.954,412.343,405.414,0.97,416.695,405,0.987,421.161,405,1.009,425.634,404.091,1.019,429.112,404,1.033,431.354,404,1.057,434.91,404,1.071,438.585,404.396,1.084,442.589,404.47,1.101,445.951,404,1.116,450.073,404,1.136,454.561,403.11,1.154,458.013,404.004,1.172,461.341,404,1.184,464.868,404,1.205,466.795,404,1.221,471.443,404,1.235,474.199,404,1.25,477.197,404,1.271,481.437,403.141,1.287,483.932,403,1.301,485,403,1.319,486.246,403,1.353,488.465,403,1.386,490.536,403,1.436,492.046,403,1.536,490.911,405.178,1.604,489.946,407.108,1.671,488.866,409.268,1.755,486.88,410.06,1.805,485.822,412.356,1.836,483.458,414.542,1.856,480.883,417.117,1.869,476.13,420.653,1.888,471.56,422.72,1.909,468.636,426.273,1.924,465.874,430.126,1.937,463.628,432.372,1.956,461.428,434.572,1.973,459.158,436.842,1.987,456.841,439.159,2.005,454.653,440.173,2.023,452.346,441.327,2.04,451.553,443.894,2.055,257,4936,MNPB,
196,410,0,226.18,404.97,0.018,236.197,403.867,0.033,243.865,404,0.053,250.412,404,0.072,258.5,404,0.089,265.553,403.408,0.101,274.356,403,0.118,280.453,403,0.137,284.929,402.018,0.152,291.732,403.122,0.168,295.958,403,0.191,301.798,401.64,0.208,305.8,401,0.219,310,401,0.235,313.811,400.297,0.255,318.173,400,0.268,324.552,399.075,0.287,330.363,399,0.308,336,397.8,0.321,340.177,396.706,0.337,347.808,397,0.353,354.438,397,0.373,360.83,396.362,0.389,366.837,396.767,0.404,372.472,397,0.423,379.215,397,0.444,385.921,395.847,0.458,392.55,396,0.471,398.073,396,0.486,404.23,397,0.502,411.536,397,0.523,419.266,397,0.54,426.308,397,0.554,433.141,398.023,0.574,441.308,398,0.591,447.657,399.276,0.605,454.166,399,0.625,460.537,400,0.641,467.126,400,0.653,475.007,400.715,0.673,481.229,401,0.687,486.761,401.952,0.704,490.293,402,0.725,493.675,402,0.74,495.636,403.318,0.754,497.951,403,0.789,502.077,404.269,0.824,503.53,405.265,0.872,503,407.142,0.924,500.724,409,0.94,499,409,0.97,496.188,410.271,0.991,493.753,411.082,1.02,491.618,413.382,1.043,488.416,418.112,1.06,483.931,423.069,1.076,478.305,427.956,1.089,472.567,433.433,1.105,466.119,437.921,1.126,460.255,441.447,1.142,456.156,445.844,1.158,451.649,451.689,1.177,444.047,460.445,1.19,435.405,466.595,1.206,429.415,471.868,1.224,423.808,475.516,1.243,419.201,480.749,1.257,411.586,487.354,1.272,405.939,494.273,1.289,400.277,499.723,1.311,396.109,503.891,1.327,391.778,507.777,1.34,387.288,513.39,1.356,381.088,519.912,1.377,375.313,525.687,1.4,370.879,531.151,1.412,367.517,534.484,1.428,363.101,539.499,1.441,359.716,545.14,1.462,353.229,551.771,1.481,347.817,557.183,1.493,342.12,562.104,1.509,338.276,565.724,1.526,333.999,570.001,1.542,329.354,574.646,1.562,323.82,581.415,1.576,317.846,585.723,1.595,313.915,591.085,1.617,309.577,594.817,1.635,305.812,598.188,1.647,302.393,602.475,1.659,298.023,606.977,1.675,291.239,613.761,1.692,284.516,619.237,1.71,280.594,623.406,1.726,276.089,626.433,1.743,270.976,630.419,1.765,264.787,634.107,1.787,258.931,639.883,1.799,166,3156,MNPB,
194,403,0,216.095,403,0.013,233.961,403,0.031,247.18,403,0.046,259.244,404.477,0.069,269.343,404,0.083,278.474,404,0.096,289.141,404,0.116,307.899,404.994,0.129,316.521,405,0.146,326.614,405,0.169,335.345,405,0.181,341.561,403.573,0.201,350.527,404.566,0.218,358.386,404.373,0.23,366.298,404,0.247,372.515,403.097,0.263,380.145,403,0.282,391.653,401.835,0.301,397.67,400.722,0.318,404.393,401,0.332,410.978,401,0.348,421.063,400.734,0.368,428.339,400,0.384,434.298,399.14,0.398,442.032,397.995,0.416,452.165,396.871,0.436,457.122,395.776,0.451,461.531,394.617,0.468,468.953,393.508,0.482,476.191,393.599,0.502,481.763,394,0.517,486.317,394,0.531,488.943,394,0.555,492.358,394,0.571,494.385,394,0.586,496.617,396.617,0.601,498.917,397.458,0.619,501,398.5,0.648,503,402.509,0.669,503,404.5,0.682,504.021,405.043,0.718,501.702,407.298,0.748,500.732,409.536,0.784,497.21,410.263,0.818,492.927,414.073,0.836,490.702,417.447,0.849,488.415,420.877,0.871,484.762,425.65,0.887,480.09,431.387,0.905,476.61,435.39,0.924,472.101,439.174,0.937,465.886,442.557,0.951,460.906,447.094,0.974,457.638,451.483,0.996,451.682,458.098,1.012,444.932,464.068,1.023,438.154,469.423,1.035,431.381,472.81,1.05,425.396,477.604,1.068,418.898,484.102,1.088,410.213,491.814,1.106,402.552,498.384,1.118,394.383,502.924,1.134,387.953,508.706,1.156,378.887,516.003,1.177,371.123,525.431,1.198,363.307,532.352,1.208,353.054,537.973,1.22,342.597,545.536,1.235,335.581,554.559,1.251,327.615,562.385,1.269,318.445,567.597,1.291,309.926,573.904,1.308,303.857,581.667,1.321,297.081,589.572,1.335,287.889,595.161,1.353,280.526,600.562,1.377,275.008,607.989,1.396,267.256,615.868,1.408,259.968,623.016,1.42,250.837,627.581,1.435,246.5,635,1.453,239.882,643.365,1.468,233.535,651.209,1.488,227.644,655.614,1.511,222.119,659.905,1.525,217.533,665.584,1.536,214.309,671.152,1.553,210.898,676.836,1.571,207.53,682.45,1.587,204.177,684.823,1.605,201.551,686.725,1.626,200,687.5,1.656,198.467,689.533,1.677,196.819,691.181,1.709,195.77,693.461,1.73,193,694.5,1.772,192.821,696.359,1.856,195.17,697.085,1.891,131,2584,MNPB,
181,409,0,203.022,410.049,0.017,225.195,410,0.032,236.247,410.805,0.046,245.59,411,0.069,255.741,411,0.08,264.385,411,0.097,272.317,411,0.117,287.549,412.462,0.136,291.432,412,0.149,297.914,412,0.163,303.185,412,0.183,307.605,412,0.197,312.068,412,0.213,318.967,412,0.235,324.515,412,0.25,331.222,410.63,0.267,334.586,411,0.302,344.565,410.239,0.314,351.307,410,0.33,359.104,410,0.353,364.776,410,0.368,370.142,408.772,0.382,377.347,409,0.402,386.53,410,0.42,392.962,410,0.433,398.517,410,0.448,405.043,410,0.464,412.772,410,0.487,420.854,410,0.502,427.169,410,0.517,434.299,410,0.538,441.321,410,0.55,448.963,410,0.565,454.758,410,0.585,459.14,410,0.598,465.745,410,0.62,472.463,410,0.637,476.667,410,0.65,482.489,410,0.671,484.865,410,0.687,487.054,410,0.702,489.28,410,0.716,491,410,0.752,492.537,410,0.767,494.176,410,0.851,495.107,412.213,0.884,492.459,413.271,0.9,490.89,414.055,0.937,488.625,416.375,0.953,487.506,418.989,0.967,483.612,425.583,0.987,479.228,431.465,1.001,473.06,437.116,1.017,465.231,440.901,1.039,459.548,444.271,1.051,455.246,449.943,1.069,447.927,458.418,1.085,441.329,464.671,1.102,431.881,470.942,1.12,425.533,475.774,1.138,419.26,482.53,1.151,412.53,489.47,1.168,404.728,497.272,1.185,397.868,502.943,1.206,392.383,507.294,1.221,385.653,514.347,1.236,377.724,522.822,1.255,371.227,529.144,1.27,365.965,534.036,1.285,360.433,539.567,1.301,353.901,546.099,1.318,347.023,554.14,1.339,341.597,559.403,1.36,337.526,564.474,1.373,333.011,569.486,1.385,329,574.5,1.401,322.2,582.56,1.422,315.91,589.09,1.442,310.162,593.87,1.454,306.647,597.353,1.468,303.272,601.971,1.492,298.509,606.491,1.511,294.175,612.281,1.524,289.046,617.954,1.535,283.377,622.899,1.565,278.598,626.552,1.583,274.178,629.866,1.594,269.58,635.42,1.61,263.988,641.012,1.621,258.345,646.655,1.637,252.651,652.349,1.653,249,657.5,1.669,244.254,660.06,1.687,239.758,665.052,1.703,235.266,670.668,1.723,229.723,676.277,1.747,224.57,680.43,1.767,221.18,683.82,1.78,218.171,686.829,1.794,149,2893,MNPB,
209,420,0,224.618,416.876,0.014,248.075,414.262,0.029,265.222,413.119,0.048,283.798,413,0.062,302.81,413,0.079,320.841,413,0.101,337.944,413,0.113,373.981,413,0.133,376.036,412.396,0.154,387.08,412,0.165,394.949,411.175,0.18,402.782,410.031,0.196,409.628,410,0.217,416.416,410,0.233,422.807,408.699,0.248,426.776,409,0.264,432.368,408,0.285,439.585,408.698,0.303,448.442,409.805,0.314,456.682,410,0.33,465.555,411.069,0.349,474.462,411,0.364,479.528,412.306,0.384,485.186,412,0.399,486,413.5,0.433,486.263,415.526,0.466,486,417.006,0.498,483.721,419.279,0.533,482.761,421.477,0.567,475.443,431.98,0.583,467.836,438.403,0.599,459.195,444.854,0.615,452.167,452.971,0.631,441.743,464.508,0.653,430.328,471.57,0.669,422.32,480.14,0.683,410.865,491.54,0.702,399.629,500.956,0.719,390.369,510.46,0.732,378.269,523.707,0.752,367.175,534.825,0.772,357.362,545.82,0.792,343.212,558.478,0.816,332.259,568.31,0.835,318.847,580.603,0.857,292.638,601.376,0.874,279.089,612.093,0.884,268.487,623.57,0.899,255.926,630.131,0.916,246.194,642.118,0.936,237.673,653.158,0.951,226.091,659.273,0.971,218.216,665.784,0.99,212.227,672.527,1.001,206.518,679.379,1.024,201.776,685.279,1.044,198.616,688.256,1.057,195.197,691.07,1.068,191.869,695.508,1.086,189.477,698.046,1.101,188.382,700.237,1.121,187.5,702,1.169,190.045,702.022,1.22,193.429,700.857,1.239,197.303,698.424,1.255,204.565,698,1.268,212.188,698,1.284,218.807,698,1.301,227.811,696.899,1.323,239.072,698.207,1.344,247.739,699,1.357,259.219,699.435,1.368,271.68,700.568,1.384,281.471,701,1.402,294.368,701.798,1.418,306.345,702.935,1.437,315.514,703,1.462,326.35,701.3,1.474,335.67,703,1.485,342.492,703,1.502,354.008,703.444,1.519,363.244,703,1.539,370.395,703.732,1.557,378.935,704.867,1.569,385.086,703.983,1.585,394.197,706.299,1.609,400.818,706,1.628,408.612,707,1.641,420.47,707.995,1.653,431.612,710.247,1.671,442.412,711.741,1.695,451.782,712,1.71,459.886,712.984,1.721,465.522,714.104,1.736,473.717,716.49,1.754,476.099,716,1.77,480.899,716,1.788,483.826,716,1.804,487.105,715.298,1.821,107,2183,MNPB,
194,412,0,216.264,407.952,0.015,233.689,404.21,0.03,242.796,402.157,0.057,249.158,402,0.066,255.248,402,0.082,260.843,401.232,0.102,266.307,400.139,0.118,275.02,400,0.137,278.355,400,0.154,281.838,401.279,0.166,285.128,401,0.187,288.5,401,0.203,294.5,402.5,0.217,297.862,400.284,0.232,301.604,400,0.252,304.78,400,0.272,308.277,398.908,0.282,311.754,400.251,0.301,316.463,401.366,0.321,319.452,401,0.338,323.75,401,0.353,327.76,400.31,0.367,332.387,400,0.386,335.835,400,0.402,338.106,401.053,0.416,342.874,401,0.434,345.956,401,0.451,350.768,401,0.47,356.788,402,0.483,362.425,401.315,0.501,367.233,401.808,0.516,370.792,402,0.533,375.197,402,0.551,380.885,403.177,0.566,386.458,403,0.584,390.65,401.587,0.601,395.605,401,0.618,398.964,401.655,0.633,402.371,402,0.651,407.464,401.107,0.668,413.074,402.015,0.685,419.757,399.748,0.7,425.314,398.737,0.717,429.512,399,0.739,434,399,0.755,442.37,399.222,0.77,448.996,398.714,0.784,454.378,399,0.802,458.929,399,0.818,465.676,400.113,0.834,472.36,401.227,0.856,476.524,401,0.873,485.016,399.569,0.889,487.683,401.561,0.904,490.369,402,0.918,492.63,402.815,0.936,494.811,403,0.952,496,403,0.969,497.197,404.099,1.02,500.531,405.177,1.087,498.996,407.008,1.121,497.87,409.26,1.154,495.507,410.247,1.187,493.26,414.221,1.206,490.34,419.433,1.229,487.06,424.9,1.241,482.571,431.644,1.253,477.98,437.275,1.27,470.647,441.568,1.288,464.931,446.557,1.308,459.622,452.567,1.321,454.482,459.222,1.337,448.751,466.099,1.353,443.203,470.838,1.372,437.437,475.451,1.395,432.038,480.962,1.412,428.044,487.593,1.424,424.193,493.71,1.437,420,500,1.453,413.783,503.108,1.474,408.795,506.404,1.492,404.341,511.573,1.505,399.662,516.338,1.521,397.641,521.898,1.541,392.769,527.539,1.558,388.297,531.703,1.571,384,534.5,1.59,380.989,536.341,1.605,377.625,539.375,1.621,373.335,543.665,1.638,370.938,547.093,1.654,367.532,550.468,1.678,364.138,553.862,1.694,360.474,557.145,1.707,355.933,560.034,1.721,351.482,562.259,1.742,346.304,564.478,1.766,341.556,566.722,1.784,338.066,569.934,1.798,168,3187,MNPB,
179,403,0,195.716,403,0.021,211.407,403,0.034,219.594,403,0.044,228.504,403,0.061,237.495,403,0.083,245.24,403,0.1,254.22,403,0.115,273.826,402,0.129,281.773,402,0.152,290.937,402,0.17,301.696,401.23,0.192,310.359,401,0.21,320.186,401.963,0.219,330.921,399.868,0.234,339.071,398.704,0.251,348.386,397.601,0.268,360.776,397.525,0.285,370.369,397.376,0.31,381.283,397,0.321,392.601,397,0.337,400.015,397,0.353,408.729,396.879,0.373,416.168,396.241,0.384,425.086,397,0.395,431.977,397,0.411,439.469,397,0.432,449.25,398.389,0.445,456.102,399,0.462,461.785,399,0.483,469.558,399,0.498,476.401,399,0.513,484.482,401.709,0.53,487.855,401,0.55,490.5,401,0.565,492,402.5,0.613,493.355,403.178,0.697,495.178,404.089,0.748,497.001,404,0.865,497,406.153,0.932,495.932,408.135,0.982,493.646,410.354,1.013,491.452,411.274,1.034,489.939,413.061,1.067,487.697,416.455,1.083,482.282,421.718,1.098,479.5,427.5,1.118,473.5,434,1.134,468.852,437.574,1.151,465.284,440.716,1.165,461.798,444.202,1.182,458.461,447.539,1.202,456.378,452.244,1.221,452.821,456.572,1.233,449.5,461,1.253,447.061,465.939,1.27,443.711,469.289,1.282,440.305,471.797,1.298,435.901,475.074,1.315,432.556,479.592,1.339,429.287,483.951,1.358,425.546,489.818,1.37,421.019,495.476,1.383,415.928,500.457,1.399,409.566,504.217,1.419,402.746,510.254,1.441,398.16,514.84,1.458,393.644,521.534,1.47,389.156,527.055,1.489,384.504,531.496,1.511,380.171,533.915,1.521,375.056,537.944,1.533,370.145,542.855,1.553,365.551,547.449,1.57,362.213,551.716,1.583,357.678,556.322,1.606,353.207,559.595,1.627,350.095,561.603,1.651,346.314,563.843,1.663,342.385,566.077,1.673,339.651,568.349,1.684,336.573,571.427,1.701,333.247,574.753,1.722,329.87,577.087,1.734,326.473,580.527,1.75,323.092,586.514,1.768,319.709,587.861,1.788,315.956,590.044,1.802,313.06,592.294,1.817,310.477,594.523,1.834,307.34,596.773,1.851,304.946,600.081,1.868,301.55,603.45,1.885,298.191,606.809,1.903,294.821,610.179,1.919,288.5,612,1.938,285.914,620.235,1.955,281.819,623.181,1.968,276.696,627.443,1.987,272.142,631.858,2.002,180,3698,MNPB,
198,403,0,216.002,403,0.019,229.542,403,0.033,236.91,403,0.049,242.069,403,0.071,246,403,0.087,247.193,404,0.102,249.449,404,0.115,253.471,404.868,0.135,256.013,405,0.149,258.183,405,0.165,261.729,406.243,0.184,263.751,406,0.204,265.991,406,0.22,268.765,405.412,0.233,271.399,405,0.249,274.523,405,0.269,277.856,405,0.291,280.122,405,0.304,282.374,405,0.318,284.659,405,0.338,287.852,405.463,0.353,291.168,405.416,0.366,294.03,405,0.386,297.337,405,0.403,301.635,404.091,0.416,305.145,404,0.439,307.362,404,0.454,309.638,404,0.468,313.316,404,0.488,315.648,404,0.502,318.887,404.629,0.517,322.328,404.224,0.537,324.769,404,0.551,329.091,404,0.568,333.609,402.848,0.59,336.854,403,0.603,340.085,403,0.619,345,403,0.635,349.08,403.616,0.654,353.211,403.263,0.67,357.48,403,0.684,362.939,402.012,0.705,367.479,402,0.723,370.605,402,0.74,374.093,402,0.752,378.817,402,0.769,384.408,403,0.787,390.081,401.64,0.801,395.257,401.814,0.822,398.867,402,0.837,402.141,402,0.852,405.607,402,0.87,410.367,403.342,0.891,414.87,403,0.906,420.227,402.462,0.922,426.271,402,0.936,431.25,402,0.954,435.706,402,0.972,442.097,404.032,0.986,447.687,404,1.003,456.13,401.391,1.021,461.113,403.423,1.041,465,403,1.055,471.119,403.376,1.07,475.352,403,1.089,479.49,402.127,1.103,483.961,401.01,1.119,486,400.5,1.14,487.387,401,1.188,489.36,401,1.254,491.265,402.132,1.272,493.249,403.124,1.372,491.911,405.178,1.389,490.976,407.048,1.421,488.68,408.16,1.456,487.756,410.487,1.489,485.459,411.271,1.52,481.921,415.079,1.54,479.671,419.657,1.556,476.244,424.008,1.571,471.519,429.851,1.588,470,435.5,1.605,464.738,435.893,1.626,461.822,439.178,1.642,459.287,441.713,1.66,457.028,444.958,1.672,454.775,448.338,1.694,452.493,453.014,1.711,448.613,456.387,1.724,444.048,460.952,1.744,442.206,465.196,1.76,439.588,468.119,1.773,436.454,469.849,1.788,433.091,471.94,1.811,430.828,474.172,1.829,428.611,476.389,1.841,426.349,478.651,1.856,425.522,480.957,1.875,422.809,483.786,1.897,254,5200,MNPB,
196,411,0,218.419,411,0.016,237.262,411,0.032,246.787,411,0.047,256.366,411,0.067,264.775,411,0.08,271.872,411,0.096,278.668,411,0.116,292.644,411,0.129,300.376,409.803,0.146,305.624,410,0.167,309.799,410,0.182,314.84,410,0.197,321.035,410,0.216,327.636,410,0.233,333.657,410,0.251,338.116,410,0.264,343.917,410,0.286,350.851,410,0.301,358.099,410,0.315,364.181,410,0.335,369.105,410,0.347,374.736,410,0.364,381.275,410,0.381,389.938,409.008,0.401,394.626,409,0.417,400.144,407.771,0.433,407.435,408,0.452,415.5,408,0.469,421.533,407,0.481,426.876,407,0.502,433.435,407,0.516,441.682,407,0.532,448.718,405.88,0.548,455.441,406,0.572,460.038,405.66,0.587,467.165,405.452,0.599,473.977,405.405,0.619,478.72,405,0.635,482.569,405,0.648,485.775,405,0.668,487.5,405,0.683,489.252,405,0.718,491.451,406.225,0.75,493.534,406,0.817,495.266,408.266,0.851,493.875,410.25,0.885,491.457,411.271,0.919,489.127,414.745,0.935,486.983,418.026,0.949,483.572,423.713,0.971,478.908,430.638,0.986,473.298,437.042,1.001,461.598,442.445,1.022,457.041,446.367,1.034,449.395,452.904,1.05,441.014,459.276,1.07,433.42,465.64,1.083,427.581,471.419,1.1,421.839,475.929,1.121,415.014,481.655,1.136,406.914,488.646,1.151,401,496.5,1.171,395.329,501.671,1.187,390.805,506.993,1.202,383.391,514.609,1.217,375.463,522.537,1.234,367.623,530.377,1.25,362.366,535.634,1.271,355.286,539.809,1.294,348.204,546.339,1.307,341.668,553.998,1.318,337.622,559.963,1.337,333.423,564.578,1.352,328.839,569.161,1.37,324.299,574.876,1.386,315.979,583.021,1.403,312.363,588.047,1.424,308,593.5,1.442,305.128,596.872,1.458,301.733,601.022,1.47,297.474,606.407,1.485,293.98,613.039,1.502,289.501,618.624,1.518,284.998,623.002,1.538,281.845,627.539,1.554,278.502,628.999,1.569,275.782,635.436,1.586,272.117,640.603,1.603,268.453,646.244,1.619,265.09,650.88,1.64,260.699,655.301,1.657,256.242,657.379,1.671,251.648,659.676,1.687,247.142,664.858,1.709,243.064,669.936,1.729,238.316,674.684,1.748,233.846,679.154,1.761,228.344,683.725,1.774,223.76,686.12,1.786,150,2860,MNPB,
208,414,0,220.402,412.966,0.016,229.502,411.374,0.03,234.113,411,0.047,237.754,411,0.069,241.055,411,0.088,244.392,409.869,0.101,246.489,410,0.114,254.365,411.394,0.135,259.607,411,0.152,265.636,411,0.168,271.629,411,0.182,276.403,411,0.197,280.952,411,0.22,287.741,411,0.231,294.268,411,0.247,302.654,411,0.27,307.457,411,0.285,313.471,411.578,0.303,320.597,412,0.317,328.609,412,0.332,334.674,412,0.348,340.383,412,0.371,348.466,412,0.385,357.388,413.299,0.4,367.934,414.437,0.416,373,415.5,0.434,383.5,416.5,0.449,393.507,417,0.465,401.49,417.927,0.485,409.083,416.988,0.501,418.45,418.181,0.518,426.05,419.293,0.533,432.62,419,0.549,439,419,0.569,446.897,417.65,0.586,452.005,418,0.602,456.561,418,0.616,459.059,418,0.636,463.63,416.842,0.651,466.685,417,0.666,471.611,415.597,0.688,473.537,415,0.704,476.785,415,0.717,479.538,414.231,0.736,482.693,414,0.752,484.918,414,0.768,486,414,0.784,488.342,412.886,0.815,490.483,413,0.902,492.213,413,0.968,490.893,415.214,1.002,488.464,417.536,1.035,487,419,1.053,485.845,421.31,1.07,482.198,426.07,1.087,478.804,430.595,1.101,472.5,435,1.119,465.168,438.916,1.138,459.381,442.172,1.152,453.676,447.324,1.168,444.964,454.027,1.185,437.123,460.752,1.202,429.12,467.611,1.222,424.234,472.766,1.238,417.199,475.401,1.254,407.284,484.716,1.268,398.271,493.013,1.288,390.1,500.057,1.302,380.363,504.838,1.319,370.099,512.701,1.336,363.659,520.564,1.352,354.165,529.835,1.373,345.202,535.848,1.393,338.191,540.37,1.41,331.283,548.391,1.421,324.097,557.538,1.435,317.256,563.787,1.452,311.642,569.358,1.475,307.375,575.938,1.487,301.548,585.324,1.509,296.378,592.185,1.528,290.335,597.132,1.54,284.006,602.994,1.552,279.63,610.531,1.569,275.263,618.54,1.596,271.969,623.041,1.611,268.308,627.554,1.624,262.576,632.139,1.639,259.787,638.022,1.654,253.5,648,1.676,250.079,651.562,1.688,246.712,655.288,1.703,243.339,658.661,1.721,241.016,661.977,1.738,238.752,665.372,1.754,235.292,668.708,1.772,230.51,673.49,1.788,229,676.5,1.811,225.802,679.798,1.827,147,2881,MNPB,
197,413,0,229.654,408.192,0.016,240.117,406.987,0.032,249.353,405.831,0.048,256.984,406,0.07,264.737,406,0.086,270.471,406,0.099,277.937,406,0.115,283.942,406,0.132,288.449,405.138,0.152,293.01,406.002,0.168,298.459,404.908,0.182,302.981,405,0.199,307.49,405,0.222,311.902,405,0.236,316.325,404.419,0.248,323.013,404.716,0.266,329.287,404.143,0.284,335.764,404,0.299,341.518,404,0.315,348.285,404,0.34,356.355,404,0.354,363.14,403,0.367,368.868,403,0.387,374.94,403,0.402,381.688,403,0.417,389.36,403,0.433,396.286,400.905,0.456,401.936,402.187,0.47,407.338,400.732,0.485,415.811,402.402,0.501,422.773,399.445,0.521,427.533,399,0.535,433.524,399,0.55,441.308,399.901,0.567,449.074,397.979,0.589,453.693,396.827,0.604,457.941,397,0.618,462.541,395.615,0.638,467,396,0.655,476.205,395.802,0.667,482.638,397,0.687,487.418,397.855,0.703,489.94,398,0.718,492.255,399.128,0.753,494.317,401.317,0.786,496.542,402.271,0.836,497.178,404.355,0.87,497,407.206,0.919,497,409.358,0.953,494.491,412.509,0.972,493.079,415.762,0.989,489.919,419.081,1.005,486.586,423.552,1.018,481.939,429.326,1.041,477.36,435.05,1.057,469.483,439.507,1.069,462.5,442.5,1.085,456.217,448.026,1.102,449.558,453.535,1.119,441.998,461.003,1.136,434.004,466.711,1.159,428.725,472.275,1.175,423.219,476.781,1.187,417.544,482.456,1.209,409.33,488.893,1.221,403.303,495.697,1.245,397.726,501.274,1.253,393.04,504.97,1.27,387.503,510.497,1.293,381.851,514.919,1.307,376.426,521.889,1.321,372.107,527.366,1.337,367.6,530.8,1.358,364.018,533.982,1.38,360.601,538.997,1.401,357.219,543.708,1.418,351.818,547.319,1.43,347.305,554.695,1.445,342.729,559.271,1.465,339.777,563.223,1.485,336.416,566.584,1.496,333.005,570.66,1.508,328.831,575.169,1.52,324.277,580.654,1.537,319.893,587.16,1.562,314.298,590.421,1.578,310.208,593.792,1.591,306.762,597.238,1.604,303.5,600.5,1.626,299.128,604.872,1.645,294.305,609.695,1.658,290.361,616.277,1.671,284.927,619.029,1.688,281.573,622.427,1.705,278.267,625.733,1.727,274.738,626.421,1.743,272.571,630.429,1.756,269.79,633.814,1.779,266.864,636.424,1.793,168,3200,MNPB,
182,402,0,197.527,404.07,0.013,210.018,405.302,0.025,218.852,405,0.043,229.293,405,0.063,237.5,405,0.078,247.286,404,0.092,257.515,404,0.112,276.348,402.921,0.126,282.967,401.862,0.142,289.934,400.678,0.162,300.751,401,0.177,304.5,401,0.193,309.5,401,0.212,314.744,402,0.23,320.521,402.904,0.243,326.012,401.998,0.26,331.71,400.858,0.284,337.249,401,0.295,340.084,401,0.315,346.5,401,0.331,355.2,402,0.345,361.6,401.28,0.361,367.422,401,0.38,372.85,401,0.394,379.781,401,0.411,388.978,401,0.432,397.97,399.629,0.45,402.717,400,0.464,410.562,399.43,0.478,418.992,399,0.495,426.913,399,0.515,433.831,399.972,0.531,441.442,400,0.544,450.656,400,0.563,457.027,400,0.584,463.677,400,0.599,469.272,401.091,0.612,476.035,401.327,0.631,481.939,401,0.648,485.77,401,0.664,488.042,401,0.698,490.306,401,0.763,492.266,402.133,0.814,489.643,405.535,0.845,487.744,407.256,0.881,485.466,409.534,0.912,481.412,413.588,0.933,477.187,418.767,0.949,470.45,425.55,0.967,463.686,432.314,0.982,458.393,437.607,1,452.503,443.497,1.019,447.014,448.583,1.033,440.219,455.781,1.047,433.924,463.706,1.067,428.418,470.499,1.089,423.794,475.206,1.104,417.755,483.423,1.116,409.63,492.709,1.131,401.883,500.117,1.15,396.121,505.455,1.168,390.695,511.966,1.181,383.389,520.413,1.197,376.536,528.375,1.213,369.737,534.219,1.236,364.266,540.88,1.253,357.855,549.145,1.265,348.666,558.334,1.281,341.818,563.651,1.303,335.716,570.598,1.322,328.709,578.291,1.335,322.561,587.103,1.347,313.817,593.114,1.365,307.111,597.593,1.388,303.098,603.127,1.402,297.209,609.507,1.415,291.5,617.5,1.432,284.325,622.45,1.448,278.38,626.172,1.466,273.661,631.174,1.485,268.051,635.96,1.5,261.449,640.367,1.515,255.922,646.078,1.533,251.624,650.376,1.549,247.093,654.907,1.566,243.198,657.202,1.582,239.868,660.132,1.599,236.538,663.462,1.616,232.155,665.923,1.632,229.873,668.127,1.653,226.382,675.237,1.676,223.426,677.861,1.702,221.185,680.815,1.722,216.7,686.3,1.734,214.428,688.572,1.749,212.132,690.868,1.767,209.935,694.098,1.783,207.669,696.331,1.804,205.507,699.739,1.818,145,2853,MNPB,
201,403,0,226.109,403,0.019,244.608,403,0.032,259.239,403,0.05,269.401,403,0.069,275.5,403,0.086,282.546,403,0.099,290.585,403,0.115,302.982,403.915,0.135,310.123,404,0.156,315.856,404,0.166,322.536,405.256,0.189,327.998,405,0.2,334.894,403.518,0.216,339.509,404,0.236,344.627,404,0.249,352.097,404.871,0.27,359.127,403.979,0.286,365.565,402.906,0.3,369.879,403,0.317,375.882,403,0.338,381.87,403,0.353,388.493,402.418,0.367,395.286,401.286,0.384,400.35,400.163,0.402,404.846,400,0.417,412.453,401.065,0.433,416.912,398.544,0.456,424.243,399,0.471,427.74,399.435,0.484,431.727,400.576,0.505,435.612,401,0.52,440.948,401.79,0.534,445.69,402,0.554,450.229,402,0.567,454.689,402,0.587,459.29,403.323,0.607,462.687,403.422,0.618,467,404.5,0.638,470.63,404.658,0.654,474.286,405,0.668,478.526,405,0.685,482.044,405,0.705,485.431,405,0.718,487.555,405,0.741,490.762,405.381,0.756,493.455,406,0.769,496.219,406.609,0.789,498.472,407.736,0.804,500,408.5,0.818,501.011,410.011,0.887,502.108,412.215,0.937,498.35,414.825,0.953,496.121,415.94,0.968,495,416.5,0.985,493.795,419.307,1.008,491.315,421.685,1.024,490.584,423.833,1.041,487.358,429.19,1.053,484.63,433.055,1.069,481.555,436.445,1.086,478.207,439.793,1.103,473.869,442.066,1.125,470.453,444.364,1.142,465.18,449.093,1.155,461.783,453.623,1.171,458.392,457.145,1.187,455.051,461.598,1.203,451.636,465.364,1.22,448.304,468.695,1.24,443.942,471.029,1.26,439.524,473.238,1.276,436.29,475.946,1.288,432.899,480.468,1.304,429.5,482,1.322,427.142,486.477,1.342,423.095,490.905,1.354,420.283,494.576,1.375,416.926,498.074,1.394,413.744,500.171,1.404,411.526,502.474,1.427,407.86,504.76,1.447,405.097,506.354,1.464,402.867,509.133,1.475,400.592,511.408,1.492,398.22,514.67,1.51,397.068,517.797,1.522,394.849,521.227,1.538,390.164,525.836,1.558,387.024,528.976,1.579,382.746,531.836,1.592,379.355,533.548,1.605,375.964,535.357,1.621,371.772,538.421,1.642,369.096,541.856,1.665,365.956,544.029,1.683,362.415,548.439,1.694,357.903,552.097,1.706,353.347,556.653,1.723,348.723,560.092,1.74,180,3293,MNPB,
202,403,0,236.682,403,0.016,248.067,403,0.031,256.549,403,0.052,264.335,403,0.067,270.877,401.425,0.081,275.706,400.323,0.098,282.623,400,0.119,288.624,399.075,0.136,292.182,397.939,0.148,295.535,398,0.17,301.583,398,0.184,302.822,398,0.199,306.5,396.5,0.216,308.298,397,0.235,310.585,397,0.252,313.7,396.1,0.266,319.117,397.023,0.285,322.435,397,0.301,329.575,398.263,0.315,333.633,398,0.338,336.5,398,0.354,338.799,398.6,0.369,341.439,399,0.382,344.597,399,0.402,350.032,399,0.418,352.187,399,0.433,355.742,399,0.454,361.72,400.344,0.469,362.896,400,0.487,365.754,400.585,0.499,368.386,401,0.52,370.731,400.134,0.535,373.91,400,0.55,379.356,400,0.567,383.879,398.78,0.589,389.669,401.667,0.605,393.656,401,0.618,395,401,0.634,397.353,400.324,0.652,399.592,400,0.669,402.727,400,0.684,408.093,401.019,0.7,415.082,402.18,0.717,421.842,400.693,0.74,425.736,399.566,0.754,428.535,400,0.768,433.164,400.633,0.787,438.702,401.74,0.805,444.365,402.873,0.822,450.062,401.988,0.84,453.341,402,0.852,456.814,402,0.889,460.988,403.247,0.905,468.185,403.598,0.918,473.955,404,0.938,479.267,404,0.955,483.848,403.038,0.969,486.243,403,0.989,488.485,404.243,1.02,491.722,404,1.038,494,404,1.068,495.529,404,1.104,497.53,405.265,1.339,498.033,407.067,1.389,495.95,409.05,1.439,493.684,411.316,1.515,491.465,412.268,1.523,485.766,420.234,1.542,482.247,423.753,1.558,477.793,428.207,1.572,473.176,435.736,1.594,468.642,436.179,1.608,464.275,439.044,1.622,459.739,441.631,1.638,457.116,444.825,1.661,452.763,448.178,1.673,449.514,450.324,1.689,446.051,453.949,1.708,439.954,455.818,1.722,436,462.5,1.739,433.021,464.979,1.759,429.589,468.411,1.784,427.222,470.778,1.797,424.979,473.021,1.811,422.69,475.31,1.827,419.068,478.932,1.848,417.258,481.114,1.866,414.023,483.494,1.88,410.753,485.871,1.89,407.003,490.747,1.905,403.345,494.655,1.924,400.999,497.001,1.942,397.601,500.399,1.96,395.586,501.207,1.973,393.225,503.775,1.996,390.541,506.459,2.013,387.834,509.166,2.024,384.846,511.436,2.039,382.337,513.663,2.056,233,4691,MNPB,
195,403,0,214.597,406.094,0.016,234.784,408.969,0.032,244.837,409.584,0.045,255.563,410,0.066,265.462,410,0.08,273.656,410.951,0.096,281.676,411,0.117,296.599,412.2,0.131,303.27,412,0.152,307.889,413,0.166,312.917,413,0.18,318.411,413,0.2,323.928,413,0.217,330.503,413,0.235,335.148,413,0.251,339.639,413,0.264,344.262,411.684,0.285,351.544,412,0.299,358.433,412,0.314,364,412,0.33,368.332,411.223,0.352,373.756,411,0.367,379.022,411,0.381,384.791,411,0.403,391.781,411,0.416,396.791,411,0.432,401.123,410,0.452,406.039,410.608,0.472,411.654,411,0.486,417.289,411,0.498,424.065,411,0.521,428.57,411,0.537,432.897,411,0.55,436.067,411,0.571,440.957,411,0.586,445.318,411,0.598,451.268,410.289,0.615,455.5,410,0.635,458.976,410,0.652,462.287,410,0.67,465.659,410,0.682,471.566,410,0.705,475.831,410,0.72,480.205,409,0.732,484.03,409,0.752,486.552,408.224,0.767,488.867,408,0.782,490,408,0.802,491.201,408,0.851,493.355,408,0.918,495.266,408,0.985,497.194,408,1.052,495.866,410.268,1.102,493.833,412.167,1.133,491.459,414.541,1.303,462.854,441.384,1.32,451.409,453.545,1.336,443.87,460.112,1.351,436.918,465.902,1.37,432.825,470.175,1.389,428.295,474.705,1.405,424.015,480.482,1.418,415.826,490.809,1.433,410.117,495.33,1.45,406.32,498.68,1.469,403.017,500.989,1.485,398.439,504.421,1.501,396.489,507.766,1.523,391.858,511.761,1.539,388.499,515.001,1.553,384.55,517.612,1.57,380.806,523.12,1.59,376.629,526.686,1.61,373.115,528.923,1.622,370.809,531.191,1.636,367.283,534.717,1.655,365.303,535.349,1.676,361.619,539.381,1.692,358.291,542.709,1.704,354.176,545.412,1.72,350.49,547.673,1.74,346.266,553.601,1.756,343.914,557.129,1.775,340.357,560.643,1.79,337.058,562.628,1.805,335.134,566.299,1.82,331.5,568,1.836,327.297,571.352,1.853,322.818,573.591,1.873,320.167,575.833,1.89,315.935,580.065,1.904,313.648,583.528,1.92,311.416,586.876,1.942,309.172,588.828,1.959,306.977,591.535,1.973,304.725,594.275,1.987,301.679,596.548,2.007,298.349,599.651,2.029,294.055,601.973,2.043,194,3919,MNPB,
182,399,0,213.724,404.08,0.015,231.509,405.634,0.029,249.436,406,0.05,265.56,406,0.063,281.883,406,0.079,299.18,406,0.101,314.687,406,0.117,342.684,406.36,0.13,358.108,406.492,0.147,371.758,405.386,0.166,385.54,404.266,0.184,396.639,403.151,0.204,404.746,402.036,0.219,415.092,401.782,0.237,425.707,400,0.258,433.68,399.665,0.275,442.591,398.551,0.286,451.1,397.414,0.302,457.57,396.286,0.327,464.096,396,0.343,472.505,394.124,0.354,481.274,397,0.377,486.381,397,0.39,488.569,397,0.404,490.427,397.855,0.419,491.5,400,0.463,491,401.354,0.481,491,403.056,0.515,489.87,405.261,0.545,487.462,407.538,0.581,486.274,410.453,0.597,484.259,413.611,0.612,479.899,419.127,0.632,472.067,426.933,0.649,464.181,434.819,0.663,456.326,441.292,0.682,448.5,446.5,0.701,435.055,457.54,0.717,426.056,467.65,0.731,415.595,475.043,0.746,404.346,484.689,0.764,395.311,495.861,0.784,386.184,503.589,0.797,375.886,510.076,0.815,365.663,521.337,0.831,356.678,531.139,0.847,345.952,539.638,0.863,337.217,549.436,0.88,328.324,559.635,0.897,318.158,566.561,0.914,309.362,574.434,0.93,303.051,584.923,0.95,294.863,593.586,0.971,285.66,599.255,0.989,278.087,606.565,1.006,272.149,614.391,1.018,266.439,621.474,1.031,260.742,626.207,1.047,252.812,631.849,1.069,247.637,638.636,1.086,242.084,646.682,1.099,236.5,654.5,1.115,231.801,657.559,1.135,226.158,662.842,1.156,221.517,668.354,1.167,217.993,675.015,1.182,214.588,682.962,1.201,211.27,685.73,1.222,209.312,688.688,1.233,207.071,690.929,1.249,206.5,693,1.285,205.732,694.536,1.315,206,696.529,1.436,208.134,696,1.46,210.033,696,1.475,212.328,695,1.488,214.606,694.697,1.501,216.862,693.569,1.522,224.476,693.441,1.543,232.545,693,1.555,242.043,693,1.567,252.157,693,1.583,263.397,691.96,1.606,275.45,693.132,1.621,284.007,693,1.644,296.12,691.588,1.656,308.697,693,1.67,320.367,693,1.685,331.607,693.761,1.7,341.125,694.891,1.718,352.23,693.977,1.734,363.342,695.134,1.752,373.299,695,1.771,386.193,695,1.787,399.967,697.995,1.802,411.209,698.399,1.819,425.862,701.035,1.835,438.274,700.314,1.853,450.8,701.964,1.868,109,2113,MNPB,
206,396,0,222.161,401.05,0.018,236.574,404.511,0.032,243.142,405.628,0.045,248.006,406,0.065,252.585,406,0.082,256.937,406.984,0.098,262.546,407,0.112,273.11,408.234,0.134,278.008,408,0.149,282.629,408,0.17,288.602,408,0.195,294.607,408,0.204,301.037,408,0.221,305.91,408,0.228,309.343,408,0.246,313.941,408,0.269,317.064,408,0.285,321.785,408,0.3,325.767,408,0.313,330.423,408,0.333,333.584,408,0.351,336.846,408,0.366,339.202,406.899,0.38,342.595,407,0.403,346.005,407,0.416,349.224,407,0.431,353.677,407,0.448,357.66,406.335,0.467,361.348,406,0.483,365.596,405.101,0.497,368.076,405,0.517,371.54,403.82,0.533,374.75,404,0.548,376.852,402.574,0.57,381.606,403.465,0.585,384.844,402.385,0.598,389.726,400.51,0.618,393.632,399.123,0.633,395.965,399,0.648,398.281,397.86,0.665,400.525,396.737,0.687,404.148,395.617,0.7,411.785,396,0.715,411.84,392.387,0.735,416.589,393.436,0.748,420.525,394,0.767,423.97,393.01,0.788,427.204,393,0.802,429.396,393,0.817,433.07,393,0.833,437.903,390.048,0.854,442.36,390,0.868,448.055,390.676,0.882,453.272,391,0.902,457.689,391,0.917,461.111,391,0.932,464.613,391,0.951,471.916,389.681,0.971,475.801,391.45,0.985,482.578,393,1,485.5,393,1.019,487.524,394.762,1.036,489.784,395.892,1.05,491,396.5,1.067,494.33,399.247,1.102,496.398,402.597,1.133,499.247,406.247,1.153,500,408.444,1.166,500,410,1.183,500,413.038,1.202,500,416.373,1.22,496.346,420.871,1.235,494.224,425.553,1.256,493.011,432.472,1.27,490.268,437.886,1.285,486.197,442.803,1.3,481.632,449.052,1.32,475.218,454.818,1.337,467.593,462.407,1.353,460.904,469.096,1.369,452.532,474.763,1.391,443.438,481.193,1.408,434.126,489.427,1.419,426.877,497.811,1.434,418.398,503.301,1.451,409.408,509.694,1.475,399.673,519.327,1.485,393.067,527.088,1.508,386.098,533.902,1.527,378.212,538.39,1.548,371.406,545.112,1.558,366.393,552.562,1.57,360.311,559.689,1.584,352.672,564.616,1.602,345.739,569.174,1.621,337.975,575.878,1.644,332.789,581.453,1.672,326.8,587.833,1.687,313.938,594.837,1.702,160,3151,MNPB,
189,412,0,213.248,407.959,0.019,232.702,405.373,0.032,241.024,404.553,0.048,247.5,403.5,0.065,251.735,403.316,0.086,256.375,403,0.1,260.659,403,0.115,268.5,401.929,0.131,273.951,400.81,0.153,276.897,401,0.168,280.186,400.605,0.184,284.181,400,0.199,289.248,400.65,0.215,294.091,400.227,0.233,300.137,398.288,0.247,303.995,398,0.265,307.474,398,0.285,310.814,396.729,0.299,316.906,398.381,0.318,322.05,396.9,0.333,326.642,396.214,0.348,331.924,397,0.364,335.595,397,0.385,339.001,396,0.402,342.25,396,0.42,346.867,396,0.433,354.051,393.316,0.452,360.983,396.994,0.47,364.333,396,0.486,368.081,396,0.499,372.448,395.138,0.518,378.844,394.026,0.534,384.305,394,0.549,391.345,396.448,0.567,396.686,397.337,0.586,399.368,397,0.603,403.204,397,0.616,409.006,395.665,0.632,416.66,396.617,0.652,423.566,397.928,0.666,428.173,399.043,0.687,433.943,399,0.704,439.347,400.269,0.718,446.456,400,0.737,453,398.5,0.753,455.887,399,0.766,460.15,399,0.786,464.573,399,0.801,471.182,400.03,0.816,474.465,400,0.833,480.362,397.455,0.855,483.151,398,0.869,484.957,398,0.902,487.806,396.731,0.933,489.534,397,0.968,491.154,398.077,1.002,493.453,399.226,1.033,495.537,400.269,1.086,493.822,402.357,1.102,494,404.176,1.152,491.659,407.512,1.186,489.464,408.268,1.219,487.985,410.015,1.25,485.714,414.573,1.273,481.786,419.619,1.286,476.967,427.043,1.302,470.214,434.155,1.318,464.092,438.345,1.338,458.414,441.752,1.355,455.041,444.959,1.369,450.403,448.448,1.385,447.194,453.075,1.408,442.436,457.564,1.424,439.563,461.437,1.437,436.798,464.802,1.456,434.536,467.464,1.473,431.478,469.681,1.486,429.045,471.955,1.502,425.668,475.332,1.524,423.528,477.472,1.539,420.043,480.957,1.553,416.536,484.464,1.575,412.208,489.389,1.592,408.287,493.713,1.603,404.422,497.578,1.622,400.272,500.796,1.639,396.884,503.077,1.654,393.366,507.845,1.672,388.698,510.977,1.691,385.631,515.826,1.709,380.855,520.608,1.723,376.993,524.676,1.738,373.65,528.35,1.759,370.327,530.782,1.778,366.95,534.05,1.788,364.702,536.298,1.803,361.135,539.865,1.821,357.746,543.254,1.84,354.5,546.5,1.854,218,4164,MNPB,
200,408,0,220.015,408,0.018,239.488,408,0.032,250.703,408,0.046,262.233,408,0.067,271.063,408,0.086,278.86,408,0.102,286.765,408,0.119,300.829,408,0.132,307,408,0.147,315.343,407,0.167,323.864,407,0.181,331.868,407,0.198,337.536,407,0.22,344.419,407,0.235,350.926,405.679,0.25,359.076,407.439,0.265,366.5,405.5,0.285,372.821,405.311,0.302,380.667,405.81,0.318,390.604,405.044,0.333,398.334,403.952,0.348,405.273,404,0.366,415.832,405.315,0.388,423.391,403,0.402,431.181,403,0.416,439.905,403.656,0.436,448.322,403.24,0.451,456.248,403,0.465,462.242,403,0.482,470.105,404.158,0.505,476.809,405.302,0.52,482.517,405,0.534,486.577,405,0.55,489.267,405.634,0.568,492.254,406,0.586,494.734,406.867,0.6,497.047,407,0.635,499.218,408.109,0.684,500.179,410.357,0.735,495.089,412.955,0.749,494,413.5,0.766,492.781,416.329,0.788,490.329,420.007,0.802,486.689,424.748,0.818,481.046,431.954,0.834,474.849,437.459,0.854,466.21,441.546,0.871,459.482,446.598,0.884,452.533,453.467,0.9,443.446,461.359,0.922,435.717,467.957,0.94,428.982,472.615,0.953,423.178,478.386,0.972,416.401,485.599,0.988,407.855,493.377,1.001,401.385,500.538,1.02,395.754,505.197,1.035,390.156,510.844,1.056,381.977,519.023,1.071,375.838,525.162,1.086,369.35,532.12,1.103,364.465,536.535,1.118,358.525,543.967,1.135,351.755,552.993,1.152,345.946,561.075,1.168,339.225,566.646,1.19,335.011,573.483,1.209,329.297,581.043,1.221,323.639,587.834,1.235,317.352,593.432,1.252,311.395,597.884,1.274,307.506,602.325,1.287,303.132,607.835,1.302,297.581,614.503,1.319,293.091,620.136,1.339,284.674,624.329,1.36,281.655,626.345,1.375,278.29,629.14,1.39,274.906,631.396,1.403,272.363,634.456,1.419,269.145,637.855,1.44,264.774,643.282,1.458,260.366,646.475,1.472,255.654,650.009,1.488,252.707,653.293,1.507,249.895,655.105,1.527,247.065,657.29,1.539,244.454,659.546,1.553,241.246,663.671,1.571,236.827,667.13,1.587,232.409,671.591,1.604,229.161,674.839,1.621,225.817,676.788,1.642,222.5,682,1.669,219.602,683.799,1.689,213.461,688.846,1.704,210.991,692.013,1.721,208.737,694.263,1.738,206.51,697.734,1.755,155,2897,MNPB,
182,412,0,205.32,411,0.02,215.567,411,0.034,225.707,412.301,0.049,236.963,412,0.069,246.5,413.5,0.084,259.039,413,0.099,276.326,413.74,0.114,288.874,414,0.13,296.945,414,0.149,306.09,414,0.176,313.65,412.764,0.191,321.327,412,0.2,329.139,412,0.222,336.519,410.413,0.24,343.891,410,0.249,351.833,410,0.266,359.716,410,0.283,367.529,408.924,0.302,374.214,409,0.321,383.343,409,0.334,392.373,409,0.362,401.482,407.42,0.378,409.336,407.667,0.392,418.433,407.196,0.407,428.343,407,0.43,436.435,407,0.447,444.04,407,0.458,450.927,406.725,0.476,458.099,406,0.49,463.101,406,0.507,466.919,406,0.523,471.089,406.772,0.545,474,407.5,0.573,475.794,407,0.584,477.228,405.886,0.623,480.093,404.031,0.64,484.202,405,0.653,486.435,404.283,0.667,488.749,404,0.691,491.942,404,0.702,494.178,404,0.786,495.107,406.213,0.853,495,408.07,0.903,495,410.361,0.97,493.867,412.266,1.004,492.913,414.173,1.038,490.458,416.542,1.087,488.646,419.532,1.104,487.984,422.047,1.119,484.599,426.535,1.135,481.246,432.257,1.157,477.857,437.905,1.173,473.097,440.427,1.187,469.196,444.405,1.207,464.483,448.813,1.224,460.537,454.105,1.244,458.094,458.812,1.259,455.844,463.312,1.271,452.382,467.824,1.288,448.9,469.733,1.304,445.56,473.44,1.322,442.599,475.801,1.337,438.912,479.784,1.354,434.736,484.264,1.37,430.197,489.753,1.387,426.734,494.355,1.41,421.041,499.959,1.427,413.991,503.148,1.439,406.195,507.603,1.455,400.776,512.224,1.474,396.979,516.021,1.495,393.694,520.843,1.513,389.421,525.579,1.524,383.8,530.16,1.537,380.498,532.335,1.554,375.865,534.567,1.576,371.511,538.117,1.594,368.493,542.507,1.612,365.132,545.868,1.638,361.719,550.802,1.653,355.792,556.34,1.665,350.07,560.944,1.684,344.522,563.358,1.702,339.771,567.229,1.722,333.841,573.159,1.739,318,584.5,1.759,311.462,590.831,1.775,305.876,595.299,1.791,300.072,600.928,1.812,293.628,605.248,1.824,287.867,613.586,1.839,280.994,618.672,1.857,277.174,622.826,1.88,271.741,626.694,1.9,266.599,630.721,1.922,261.724,634.457,1.934,255.364,639.697,1.957,246.384,650.77,1.973,240.394,655.285,1.99,140,2869,MNPB,
