197;411;0; 
226,4;408,24;0,018;
241,366;407,126;0,035;
254,858;407;0,051;
269,323;407;0,068;
282,56;407;0,085;
295,923;407;0,103;
310,738;407;0,12;
339,5;408,5;0,136;
348,671;408,667;0,152;
362,357;409;0,169;
377,471;409,891;0,186;
391,078;410;0,202;
405,534;410;0,219;
416,341;410;0,235;
428,797;410;0,254;
441,047;408,541;0,27;
448,579;408,428;0,286;
458,161;408;0,303;
467,377;408;0,319;
475,378;407,089;0,336;
483,159;405,977;0,353;
489,818;404,864;0,369;
495,239;405;0,386;
498,086;405;0,403;
501,443;406,481;0,485;
496,681;408,213;0,503;
494,843;410,157;0,52;
492,469;410;0,537;
490,246;412,754;0,553;
485,031;416,477;0,571;
475,145;424,034;0,588;
465,521;429,599;0,604;
458,006;435,994;0,621;
447,526;442,684;0,638;
435,327;450,429;0,654;
425,445;458,21;0,671;
416,688;467,312;0,688;
400,801;474,8;0,705;
389,5;484;0,722;
379,499;493,001;0,738;
368,352;501,909;0,755;
358,332;512,52;0,771;
344,444;522,693;0,788;
334,283;533,796;0,81;
320,712;543,716;0,822;
308,671;556,329;0,842;
299,254;565,746;0,856;
288;575,5;0,873;
277,843;586,513;0,889;
268,16;595,84;0,906;
259,003;607,621;0,923;
249,143;616,873;0,939;
240,218;626,879;0,956;
231,306;636,906;0,973;
219,831;648,169;0,991;
212,926;656,513;1,008;
203,598;667,952;1,024;
194,033;676,641;1,04;
187,907;684,412;1,056;
182,557;691,331;1,073;
178,999;696,002;1,09;
176,772;699,342;1,189;
179,177;699;1,222;
181,014;699;1,256;
183,246;699;1,273;
187,08;699;1,292;
191,892;699;1,308;
202,261;700,169;1,324;
211,585;701,698;1,341;
221,302;702,811;1,357;
233,158;703,923;1,376;
246,469;706,078;1,391;
257,525;707,152;1,408;
274,923;708,262;1,424;
284,812;709,381;1,442;
300,347;709;1,459;
316,869;709,395;1,475;
331,321;709,717;1,492;
344,955;709,17;1,508;
361,125;709;1,525;
372,552;709;1,541;
386,025;707,831;1,558;
399,394;709,283;1,575;
408,563;707,604;1,593;
420;708;1,61;
430,567;708;1,625;
441,33;707,267;1,642;
452,465;707;1,66;
462,692;707;1,679;
473,646;707;1,692;
484,865;707;1,709;
492,071;707;1,726;
497,055;705,589;1,744;
505,5;706;1,759;
506,5;706;1,791;
508,797;707,266;1,825;
505,467;708,266;1,92;
0;0;0;
0;0;0;
98;;;
1920;;;
APTP;;;
;;;
181;405;0; 
227,148;406,907;0,018;
245,398;408,025;0,035;
262,006;408;0,051;
278,764;408;0,068;
292,724;408;0,086;
308,693;408;0,103;
328,736;409,589;0,119;
348,12;410;0,135;
361,77;410;0,152;
374,199;410;0,169;
385,452;411,045;0,185;
397,722;411;0,202;
408,65;411;0,218;
417,066;412,383;0,237;
430,448;412;0,254;
440,257;412;0,269;
448,768;412;0,286;
458,488;411,168;0,302;
465,673;411;0,319;
473,43;411;0,336;
478,874;409,825;0,361;
485,143;410;0,37;
489,58;410;0,387;
494;410;0,404;
495,251;409;0,42;
497,481;409;0,436;
499;409;0,502;
494,817;411,122;0,521;
492,169;412,415;0,537;
490;413,5;0,569;
486,488;416,512;0,587;
484,262;418,738;0,604;
481,06;419,98;0,621;
477,719;423,281;0,637;
475,59;425,41;0,654;
472,044;428,956;0,672;
468,691;432,309;0,689;
464;437;0,705;
461,019;439,981;0,721;
457,676;443,324;0,738;
453,453;447,547;0,754;
448,99;453,012;0,771;
443,442;458,558;0,788;
436,632;464,14;0,806;
432,644;469,695;0,823;
428,177;472,367;0,84;
422,734;476,833;0,856;
418,308;482,365;0,872;
412,262;487,949;0,889;
407,381;494,429;0,906;
402,917;499,083;0,922;
397,373;502,376;0,94;
393,021;508,224;0,955;
385,839;513,8;0,974;
379,174;522,297;0,99;
373,654;527,933;1,006;
368,502;533,498;1,022;
362,95;539,05;1,039;
357,374;545,551;1,056;
349,756;553,244;1,072;
344,234;559,919;1,089;
339,944;564,056;1,107;
335,489;568,51;1,124;
331,031;574,461;1,141;
326,586;580,622;1,156;
320,696;586,586;1,173;
316,504;591,328;1,19;
312,233;594,825;1,206;
307,771;599,229;1,223;
304,487;604,855;1,239;
298,578;610,422;1,257;
293,034;617,359;1,275;
287,5;621;1,291;
284,137;624,863;1,307;
280,055;628,945;1,323;
275,621;633,379;1,34;
271,153;638,808;1,357;
266,715;644,356;1,374;
262,249;651,126;1,39;
256,497;652,601;1,408;
252,352;656,236;1,425;
249,5;659,5;1,442;
246,096;664,539;1,457;
242,746;669,005;1,474;
238,549;673,451;1,491;
234,08;679,88;1,508;
228,553;682,179;1,524;
225,39;684,406;1,541;
222,048;686,635;1,559;
218,718;688,855;1,576;
217;691;1,593;
215,705;693,295;1,614;
214;695;1,657;
212,644;696,356;1,675;
211,889;698,222;1,791;
215,228;699,076;1,809;
218,189;699;1,825;
220,484;699;1,858;
224,939;697,765;1,877;
141;;;
2741;;;
APTP;;;
;;;
186;400;0; 
207,185;395,965;0,018;
226,012;393,624;0,035;
239,976;392,694;0,053;
253,053;390,158;0,07;
266;389,5;0,086;
279,055;389,359;0,102;
291,321;389;0,119;
314,063;389;0,135;
325,857;389;0,152;
339,149;390,096;0,169;
350,093;390;0,186;
358,583;388,677;0,204;
371,811;393,312;0,22;
377,5;390,5;0,237;
387,961;391,662;0,252;
397,959;392;0,269;
407,997;391,111;0,286;
415,014;391;0,303;
425,023;393,227;0,319;
432,561;393;0,337;
440,398;391,658;0,354;
445,278;392;0,371;
453,41;394;0,387;
459,399;394;0,403;
465,77;393,205;0,42;
471,535;393,907;0,437;
477,114;394;0,453;
486,055;397,396;0,471;
491,241;398,248;0,487;
498,156;400,719;0,506;
503,35;402,94;0,522;
505,757;402;0,538;
509,096;402;0,554;
511,5;402;0,587;
507,922;405,039;0,604;
505,7;407,3;0,621;
502,206;408,265;0,637;
498,873;409,376;0,656;
497,022;410,489;0,672;
492,203;413,198;0,688;
486,705;418,295;0,705;
480,86;424,14;0,722;
472,498;433,44;0,738;
464,627;438,213;0,755;
459,178;443,822;0,771;
451,03;451,97;0,788;
444,62;459,777;0,807;
434,955;468,045;0,823;
427,67;474,711;0,838;
419,879;482,121;0,855;
410,369;490,783;0,872;
402,281;498,719;0,889;
394,502;504,356;0,918;
385,517;512,297;0,927;
376,935;521,065;0,949;
369,138;528,862;0,963;
361,876;535,124;0,974;
354,573;541,162;0,989;
348,251;548,999;1,006;
342,688;557,037;1,023;
337,12;562,88;1,04;
331,562;568,438;1,056;
325,97;575,237;1,073;
317,783;580,584;1,092;
312,858;591,855;1,108;
307,82;597,271;1,124;
302,055;604,603;1,14;
296,191;613,857;1,157;
288,844;621,277;1,174;
282,034;626,971;1,19;
276,471;634,741;1,207;
268,533;643,677;1,224;
260,664;654,003;1,241;
254,385;656,744;1,258;
248,776;664,335;1,275;
242,961;671,712;1,291;
236,276;680,299;1,307;
228,693;685,604;1,324;
223,942;690,058;1,341;
218,382;696,742;1,359;
214,047;702,191;1,374;
210,987;706,351;1,392;
209,077;709,385;1,408;
204;714;1,441;
203,467;715,8;1,473;
208,066;716;1,507;
211,377;716;1,525;
213,716;716;1,543;
215,946;716;1,56;
222,583;714,403;1,575;
230,694;714;1,592;
241,242;713,176;1,608;
253,312;712,062;1,625;
267,693;713,053;1,642;
284,465;711,836;1,658;
297,346;712;1,675;
314,846;710,61;1,693;
327;714;1,71;
338,737;712,612;1,725;
122;;;
2172;;;
APTP;;;
;;;
202;400;0; 
235,697;399,087;0,018;
250,321;397,975;0,035;
264,798;398;0,052;
279,248;398;0,068;
292,361;398;0,087;
305,7;398;0,104;
324,603;398,183;0,119;
340,319;399;0,136;
351,992;399;0,152;
365,152;399,929;0,169;
375,386;400;0,186;
387,726;400;0,202;
401,241;401,27;0,219;
411,789;402,379;0,238;
419,458;402,505;0,254;
430,073;402,607;0,27;
439,78;403,722;0,286;
447,004;404;0,303;
455,581;403,052;0,319;
464,474;403;0,335;
473,401;404,175;0,352;
478,432;400,141;0,369;
489,582;402,398;0,387;
495;402;0,403;
499,5;403,5;0,42;
502,483;404,742;0,436;
504;405,5;0,469;
501,973;407,054;0,486;
499,615;407;0,519;
497,579;409,421;0,552;
494,202;411,532;0,586;
490,255;416,617;0,603;
487,054;419,946;0,621;
483,7;424,401;0,638;
480,381;428,826;0,657;
473,091;434,591;0,672;
466,47;438,687;0,689;
461,5;443;0,705;
453,378;450,962;0,721;
445,566;458,434;0,738;
437,816;466,184;0,755;
428,997;473,002;0,771;
421,201;481,914;0,788;
410,93;492,07;0,805;
402,293;500,707;0,823;
391,899;508,19;0,84;
385,02;517,549;0,856;
377,917;525,764;0,872;
372,826;531,967;0,889;
367,456;540,271;0,905;
361,897;548,145;0,922;
352,905;554,821;0,939;
347,763;565,226;0,955;
339,504;571,14;0,974;
333,174;580,768;0,99;
323,143;588,686;1,006;
312,711;596,891;1,022;
304,321;605,491;1,039;
298,383;614,388;1,056;
289,687;622,273;1,073;
284,237;626,61;1,089;
278,705;632,294;1,107;
274,483;639,275;1,124;
270,043;644,446;1,141;
263,766;650,629;1,156;
256,707;655,862;1,173;
250,044;661,13;1,19;
244,284;667,659;1,207;
238,714;674,343;1,223;
229,65;678,675;1,24;
224,588;685,694;1,256;
220,424;689,576;1,275;
214,5;694;1,292;
211,153;697,232;1,307;
208,531;700,938;1,324;
202,911;703,696;1,341;
199,12;707,839;1,357;
194,715;710,143;1,374;
196,185;712,371;1,406;
197,206;714,413;1,441;
200,92;714,64;1,458;
205,013;714,247;1,474;
209,458;713,136;1,491;
217,84;713;1,508;
227,805;713;1,525;
240,235;711,797;1,541;
253,842;712;1,56;
268,584;712;1,576;
284;709;1,593;
300,553;709;1,608;
317,567;708,229;1,625;
333,362;708,883;1,642;
349,944;708,004;1,659;
367,759;708;1,675;
383,135;708;1,692;
398,681;708;1,711;
408,466;706,553;1,727;
422,747;706;1,745;
436,052;705,329;1,759;
113;;;
2117;;;
APTP;;;
;;;
174;402;0; 
201,139;402;0,018;
213,141;402;0,034;
224,292;402;0,051;
235,346;402;0,068;
247,684;402;0,085;
261,199;402;0,101;
275,899;402;0,119;
306,814;403,492;0,136;
320,473;402;0,152;
336,776;401,282;0,168;
352,672;401;0,185;
369,184;400,054;0,202;
383,77;401,059;0,219;
397,049;398,658;0,235;
409,127;400,284;0,254;
419,988;401,399;0,27;
432,5;399,5;0,287;
441,578;400,62;0,302;
450,16;400,263;0,319;
458,802;400;0,336;
465,783;400,964;0,354;
473,543;402,078;0,369;
477,774;402;0,386;
486,114;399,396;0,404;
489,676;400;0,421;
494;401,5;0,436;
496,5;401;0,468;
498,799;402,266;0,502;
495,936;404,064;0,52;
493,581;405,21;0,537;
491,365;407,635;0,57;
488,202;409,532;0,588;
484,019;411,321;0,604;
479,909;413,545;0,62;
473,669;417,554;0,637;
466,998;424,002;0,654;
462,544;431,798;0,67;
459,323;437,128;0,687;
451,965;442,696;0,706;
443,825;452,629;0,722;
429,317;463,683;0,738;
416,143;473,45;0,754;
401,679;484,733;0,771;
389,025;495,162;0,788;
378,814;503,144;0,804;
368,81;510,925;0,821;
361,262;519,986;0,838;
352,125;528,875;0,856;
346,144;534,856;0,873;
337,321;542,679;0,889;
329,799;551,601;0,905;
319,071;559,682;0,922;
309,583;568,417;0,938;
301,743;578,331;0,955;
290,472;587,223;0,971;
281,887;596,113;0,989;
272,957;605,043;1,008;
265,561;616,912;1,023;
256,379;623,621;1,039;
248,985;631,731;1,056;
242,833;640,667;1,072;
238,225;647,662;1,089;
231,669;654,331;1,106;
226,144;658,685;1,122;
220,589;666,976;1,141;
216,428;674,752;1,157;
210,5;678;1,174;
205,891;683,109;1,189;
201,789;687,211;1,206;
200,148;689,705;1,223;
198,076;691,924;1,24;
196,922;695,233;1,272;
195,848;698,457;1,305;
198,53;703,06;1,356;
201,532;704,355;1,389;
212,392;707,098;1,407;
218,032;708,206;1,423;
227,572;709,321;1,442;
242,179;711,863;1,459;
254,112;711,094;1,475;
269,234;710,681;1,491;
283,222;708,463;1,507;
300,206;707,112;1,524;
315,031;705,998;1,541;
332,751;703,781;1,557;
346,97;702,772;1,574;
365,47;703;1,592;
377,421;701,548;1,609;
393,912;699,565;1,625;
408,168;698,639;1,641;
422,294;698;1,658;
436,789;696,186;1,675;
447,186;694,979;1,692;
457,167;696,13;1,708;
467,199;694,756;1,736;
477,241;693,64;1,758;
486,219;694;1,767;
495,092;693,415;1,791;
501,474;692,305;1,798;
103;;;
2052;;;
APTP;;;
;;;
183;389;0; 
206,365;386,968;0,018;
228,816;385,732;0,035;
244,768;384,615;0,053;
261,428;385;0,07;
274,312;383,391;0,085;
286,931;383;0,102;
300,028;382,164;0,119;
322,89;382;0,135;
334,611;380,939;0,152;
345,751;381;0,169;
355,619;381;0,188;
366,991;381;0,204;
378;381;0,22;
388,885;381;0,236;
400,417;380,258;0,252;
408,98;380,854;0,269;
415,807;381;0,286;
424,618;381;0,303;
434,723;379,809;0,319;
440,844;381,307;0,338;
446,105;381;0,354;
454,5;381;0,371;
461,489;381;0,386;
467,79;381;0,403;
473,362;381;0,42;
478,931;381;0,437;
486,637;382,091;0,454;
493,261;382;0,47;
498,631;383,326;0,488;
502,754;383;0,505;
505,5;384,5;0,521;
507,329;384,664;0,537;
508,775;387,326;0,553;
509,5;389,5;0,57;
507,999;390,002;0,587;
506,884;392,232;0,604;
503,332;394,445;0,621;
501,326;396,674;0,639;
497,645;398,903;0,655;
494,719;403,711;0,672;
489,604;407,716;0,688;
484,043;412,166;0,704;
477,56;418,44;0,721;
467,796;425,136;0,74;
462,34;434,056;0,754;
453,034;439,229;0,771;
444,119;444,801;0,789;
432,261;453,317;0,806;
425,892;461,695;0,822;
417,399;469,201;0,838;
408,49;475,069;0,855;
399,597;483,403;0,872;
391,728;493,35;0,888;
381,646;502,203;0,905;
372,847;507,346;0,922;
365,362;518,392;0,94;
357,54;526,954;0,957;
347,766;534,024;0,973;
340,698;541,736;0,989;
333,169;550,664;1,006;
323,454;560,546;1,022;
315,602;566,284;1,039;
308,976;575,366;1,055;
303,575;585,565;1,072;
293,794;594,206;1,091;
286,5;600;1,107;
279,265;610,603;1,122;
272,587;619,885;1,148;
265,036;627,112;1,166;
259,191;633,771;1,182;
252,768;642,542;1,203;
249,242;649,758;1,213;
244,784;654,216;1,225;
240,347;658,653;1,242;
236,42;663,107;1,258;
232,432;666,926;1,274;
227,997;671,754;1,291;
225,265;677,337;1,307;
223,044;679,956;1,324;
220,817;682,183;1,357;
218,678;685,482;1,374;
216,141;686,43;1,423;
218,177;688,355;1,457;
221;688;1,474;
223,219;688;1,491;
229,13;689,226;1,507;
234,699;689;1,526;
244,598;690,45;1,543;
255,645;690,565;1,559;
266,799;691,68;1,575;
277,882;692,788;1,592;
288,142;693;1,608;
297,166;693;1,625;
309,401;694,127;1,641;
319,226;694;1,658;
326,516;694;1,677;
335,744;695,468;1,693;
344,672;695;1,709;
352,189;695;1,725;
122;;;
2208;;;
APTP;;;
;;;
192;405;0; 
230,192;400,1;0,018;
247,281;400;0,035;
262,819;398,87;0,051;
278,419;400,244;0,068;
292,619;398,645;0,086;
307,135;399;0,103;
326,98;400;0,119;
345,353;402,088;0,135;
358,692;401,385;0,152;
371,134;401;0,169;
383,384;402,035;0,185;
395,658;399,699;0,202;
406,595;400;0,219;
416,363;401,374;0,238;
426,42;398,018;0,254;
436,403;399,801;0,269;
443,579;398,137;0,286;
452,47;397,83;0,303;
459,638;398;0,327;
466,331;399,055;0,337;
474,15;400,164;0,353;
476,843;396,157;0,378;
487,134;398,392;0,388;
491,527;398,505;0,405;
496,453;399;0,425;
501,652;400,461;0,446;
505,532;401;0,454;
510,789;399,084;0,471;
513,139;399;0,487;
515,371;399;0,537;
516,175;401,349;0,553;
513;404;0,586;
509,272;406,728;0,604;
507,048;407,976;0,621;
503,731;409,09;0,637;
500,398;410,201;0,654;
497,054;411,315;0,672;
493,715;413,857;0,689;
490,5;417,5;0,711;
485,378;421,622;0,722;
480,932;426,836;0,743;
474,705;433,295;0,779;
462,49;440,408;0,832;
447,043;451,643;0,846;
427,556;468,333;0,857;
417,248;475,726;0,872;
406,895;484,315;0,889;
398,681;492,319;0,905;
390,898;499,087;0,922;
381,991;504,631;0,939;
375,547;512,696;0,956;
367,527;521,827;0,974;
362,665;527,802;0,99;
353,517;534,322;1,006;
346,848;540,844;1,022;
340,972;548,639;1,039;
335,414;555,503;1,056;
327,785;561,154;1,073;
321,132;566,723;1,089;
313,212;573,533;1,108;
308,149;580,222;1,124;
302,584;588,382;1,141;
295,412;592,99;1,157;
289,438;597,849;1,173;
283,077;603,103;1,19;
278,251;608,686;1,207;
273,812;614,234;1,223;
267,022;619,815;1,241;
261,629;624,097;1,258;
257,438;628,562;1,275;
251,496;633,507;1,292;
246,925;638,46;1,307;
243,541;643,647;1,324;
238,788;649,212;1,34;
234,185;652,861;1,357;
230,798;656,202;1,374;
226,275;659,544;1,391;
221,822;664,178;1,409;
217,399;668,601;1,426;
213,909;673,568;1,442;
210,094;677,541;1,458;
205,256;681,995;1,474;
200,558;685,581;1,491;
196,112;686,972;1,508;
193,837;690,244;1,525;
190,413;693,587;1,541;
188,383;696,926;1,56;
187,58;698,84;1,576;
186,461;702,078;1,592;
185,5;704;1,624;
187,266;705,532;1,657;
189,532;705;1,675;
191,215;703,892;1,691;
194,989;702,67;1,71;
199,747;701,563;1,726;
206,33;700,555;1,743;
213,014;701,669;1,759;
221,238;702;1,775;
231,965;701,104;1,792;
125;;;
2420;;;
APTP;;;
;;;
175;401;0; 
192,65;401;0,017;
208,141;401;0,033;
217,477;401;0,05;
226,396;401;0,066;
235,289;401;0,083;
244,181;401;0,1;
251,94;401;0,116;
270,965;402,248;0,133;
280,621;402;0,151;
288,8;402;0,168;
300,484;403,411;0,184;
312,022;403,702;0,2;
322,338;404,815;0,217;
332,364;405;0,234;
342,368;406,041;0,25;
352,412;407,157;0,267;
361,125;407;0,284;
370,06;408,382;0,302;
378,946;408;0,318;
387;409,5;0,334;
398,474;408,281;0,351;
407,672;408,834;0,367;
414,685;409;0,385;
423,49;409;0,401;
431,21;407,827;0,418;
437,706;408;0,434;
443,004;409,401;0,453;
447;407,5;0,469;
452,49;407;0,485;
456,93;407;0,502;
461,406;407;0,518;
464,891;406,036;0,535;
470,409;407,082;0,552;
473,579;407;0,568;
476,92;407;0,586;
478,842;407;0,603;
481;405,5;0,619;
483;406;0,675;
482;408,354;0,686;
480,953;410,094;0,719;
477,515;411,162;0,737;
476,564;413,873;0,754;
474;414,5;0,77;
471,671;416,329;0,786;
468,674;419,326;0,803;
464,438;422,672;0,82;
459,991;428,012;0,836;
455,536;434,696;0,853;
448,635;440,138;0,87;
440,574;444,386;0,888;
431,37;453,177;0,905;
426;460,5;0,921;
417,534;468,1;0,937;
408,649;473,969;0,953;
400,638;482,271;0,97;
393,876;491,165;0,987;
384,926;500,074;1,004;
377,279;505,229;1,02;
369,504;513,496;1,039;
364,625;524,274;1,055;
355,886;531,527;1,071;
348,109;539,59;1,087;
341,13;549,305;1,104;
333,563;559,276;1,121;
322,587;567,289;1,138;
312,649;578,501;1,154;
305,133;590,933;1,171;
293,196;599,043;1,189;
280,608;610,902;1,206;
270,356;622,832;1,221;
258,098;633,184;1,238;
249,178;645,98;1,254;
239,507;655,549;1,272;
228,428;663,401;1,288;
219,653;674,684;1,305;
214,586;684,546;1,321;
204,81;690,392;1,34;
197,5;695,5;1,357;
194,135;701,731;1,372;
191,529;706,942;1,389;
191;709,696;1,405;
191;711;1,422;
191;712,073;1,454;
193,303;712;1,472;
195,832;710,584;1,49;
198;711;1,507;
203,847;709,359;1,523;
209,782;708,244;1,539;
216,223;706,259;1,556;
223,875;706,982;1,573;
232,765;705,904;1,589;
242,865;704,793;1,606;
252,911;705;1,623;
265,811;702,125;1,641;
280,5;706;1,657;
290,278;702,677;1,673;
304,875;704,33;1,69;
319,531;705;1,707;
333,029;705;1,723;
118;;;
2170;;;
APTP;;;
;;;
196;406;0; 
232,274;404,17;0,017;
247,24;404;0,034;
260,662;404;0,051;
272,86;404;0,068;
283,797;404;0,085;
294,947;404;0,103;
307,5;404;0,12;
327,546;404,384;0,135;
339,047;404;0,152;
349,616;404;0,168;
359,62;404;0,185;
370,713;402,929;0,202;
381,853;404,185;0,218;
387,776;404;0,237;
398,698;401,178;0,253;
408,5;402;0,27;
414,824;402,363;0,285;
423,771;400,495;0,302;
433,764;400;0,319;
442,84;400,98;0,336;
446,275;397,725;0,352;
458,028;399,203;0,369;
465,203;399;0,387;
474,474;400,434;0,404;
478,5;394;0,421;
488,917;396,347;0,436;
494,073;396;0,453;
500,307;394,231;0,47;
503,995;393,002;0,486;
506,224;393;0,503;
510,874;395,437;0,553;
508,823;397,354;0,581;
506,656;399,672;0,599;
504,44;400,78;0,606;
501,321;402,786;0,621;
498,979;405,021;0,637;
495,628;406,124;0,653;
493,534;407,233;0,671;
488,589;409,705;0,689;
484,161;411,92;0,706;
477,515;415,742;0,721;
471,519;419,088;0,738;
465,978;424,827;0,754;
461,332;430,585;0,771;
456,877;435,123;0,788;
450,16;439,56;0,805;
442,205;442,769;0,822;
435,778;448,852;0,84;
427,618;455,899;0,856;
422,413;463,185;0,872;
415,014;469,562;0,888;
407,233;473,472;0,905;
400,398;479,602;0,922;
393,704;487,345;0,938;
387,024;495,139;0,955;
380,339;500,384;0,973;
373,678;504,548;0,99;
367,004;511,996;1,008;
360,945;519,276;1,022;
353,169;527,103;1,039;
345,945;532,37;1,056;
340,241;538,711;1,073;
333,646;546,413;1,089;
329,28;554,26;1,106;
319,656;563,344;1,124;
313,564;566,624;1,141;
307,422;577,64;1,157;
300,587;587,044;1,173;
292,046;594,466;1,19;
282,275;602,867;1,207;
274,21;613,7;1,223;
264,268;623,732;1,24;
256,615;628,99;1,257;
248,825;638,486;1,275;
242,449;647,401;1,291;
235,766;653,695;1,308;
229,749;659,251;1,324;
223,412;665,588;1,34;
218,493;672,26;1,357;
214,031;677,961;1,374;
208,492;682,406;1,39;
201,693;686,871;1,407;
197,673;688,663;1,425;
194,684;692,316;1,442;
190,896;695,656;1,466;
188,007;698,993;1,482;
185,45;701,55;1,493;
184,106;704,683;1,508;
181,987;706,006;1,524;
182;708,24;1,591;
184,266;708;1,608;
187;706,5;1,64;
188,531;705,735;1,658;
191,031;704,99;1,675;
194,403;703,866;1,691;
196,497;702,752;1,708;
201,468;700,266;1,737;
204,44;701;1,773;
216,509;705,702;1,781;
137;;;
2525;;;
APTP;;;
;;;
185;397;0; 
214,731;396;0,017;
230,633;396,759;0,034;
246,241;398,749;0,051;
261,806;399;0,068;
277,397;400,1;0,084;
290,535;400;0,105;
305,223;400;0,126;
328,824;401,123;0,137;
341,588;400;0,152;
353,003;398,666;0,168;
366,163;398,782;0,185;
378,821;400,786;0,202;
390,024;397,993;0,218;
400,065;398;0,235;
411,321;398;0,252;
418,416;395,31;0,27;
432,025;398,914;0,287;
439,572;397,428;0,303;
449,84;397,684;0,319;
458,583;398;0,336;
468,198;398;0,353;
474,124;396,975;0,369;
485,362;398,136;0,386;
491,484;398;0,402;
496,811;398;0,421;
503,868;398;0,437;
509,134;398,591;0,453;
513,408;399,704;0,47;
515,632;400,816;0,486;
516;402,859;0,503;
514,963;405,073;0,52;
513,852;407,296;0,537;
511,47;408,265;0,554;
509,25;410,75;0,571;
507,014;411,493;0,588;
502,563;414,219;0,604;
499,555;416,445;0,62;
494,82;420,344;0,637;
490,217;425,729;0,654;
486,829;431,286;0,67;
481,158;436,842;0,687;
473,02;441,131;0,705;
465,209;444,196;0,722;
457,5;452;0,739;
446,736;461,638;0,754;
436,365;467,949;0,771;
428,048;473,251;0,788;
420,267;479,771;0,805;
410,302;485,388;0,821;
403,866;495,701;0,838;
398,487;500,513;0,856;
390,121;506,056;0,873;
383,306;512,639;0,889;
376,149;520,777;0,906;
370,215;527,785;0,922;
363,789;534,211;0,938;
356,139;540,881;0,955;
348,343;546,469;0,972;
341,742;556,887;0,988;
335,075;561,604;1,007;
325,524;568,607;1,023;
317,616;574,836;1,04;
311,353;583,293;1,056;
305,351;589,874;1,072;
296,89;596,333;1,089;
288,983;603,014;1,106;
281,204;614,138;1,123;
275,873;620,353;1,139;
267,626;627,035;1,157;
259,824;632,268;1,174;
253,602;640,53;1,19;
247,594;648,088;1,206;
241,249;653,959;1,223;
233,652;658,628;1,24;
227,907;664,093;1,256;
220,075;671,925;1,273;
216,035;675,965;1,29;
210,196;681,804;1,308;
203,175;685,884;1,325;
199,237;688,763;1,341;
195,904;692,096;1,357;
192,57;695,43;1,373;
191,077;697,846;1,39;
189,965;700,069;1,423;
190;702,262;1,473;
193,532;703,177;1,49;
196;701,5;1,523;
198,895;700,053;1,54;
205,329;700;1,559;
208,513;698,829;1,574;
213,14;699;1,591;
218,975;699;1,623;
226;699;1,647;
237,206;698,621;1,665;
259,497;699,15;1,696;
283,801;699,927;1,724;
296,646;698,189;1,744;
323,493;696,183;1,776;
344,696;695,367;1,792;
119;;;
2367;;;
APTP;;;
;;;
199;407;0; 
232,068;400,858;0,017;
245,162;399,82;0,034;
261,168;398,702;0,052;
275,257;397,596;0,07;
291;398;0,085;
306,883;398;0,101;
332,164;399,494;0,118;
351,932;400,862;0,134;
367,608;401,972;0,153;
383,229;405,263;0,168;
398,754;405;0,189;
410,418;406,311;0,204;
422,676;407,425;0,221;
437,5;405,5;0,236;
447,502;406,35;0,251;
457,84;406;0,268;
467,036;406;0,285;
475,954;406;0,303;
483,741;404,894;0,319;
491,519;405;0,335;
497,974;405;0,354;
504,673;406,445;0,37;
508;406;0,386;
513,676;406;0,402;
518,146;406;0,42;
521,697;406,899;0,436;
523,5;407,5;0,485;
520,913;409,174;0,519;
518,468;410,266;0,537;
512,864;414,758;0,553;
505,389;419,206;0,57;
496,664;426,419;0,587;
489,827;432,144;0,603;
482,02;438,84;0,62;
472,944;445,542;0,636;
461,36;453,548;0,655;
453,16;461,36;0,671;
442,053;470,163;0,687;
430,923;477,954;0,704;
422,247;487,397;0,72;
408,865;496,468;0,737;
396,506;505,359;0,754;
384,278;516,566;0,771;
369,421;526,478;0,787;
360,529;536,471;0,805;
347,507;546,494;0,823;
338,097;556,903;0,837;
328,461;565,812;0,854;
318,442;575,558;0,871;
310,324;584,629;0,888;
302,558;592,442;0,904;
293,547;600,272;0,921;
284,703;608,01;0,94;
277,161;615,839;0,956;
271;622;0,972;
262,233;628,767;0,988;
255,538;635,462;1,006;
248,851;642,149;1,021;
243,15;647,85;1,038;
237,614;653,386;1,056;
230,81;658,992;1,071;
225,443;663,245;1,088;
219,921;669,079;1,107;
216;673;1,124;
214,057;675,295;1,138;
211,48;677,52;1,155;
209,244;679,756;1,173;
206,035;682,965;1,189;
203,796;685,204;1,206;
201,564;686,218;1,222;
199,338;688,662;1,239;
197,121;689,44;1,272;
195,468;691,532;1,305;
196;693,533;1,355;
198,118;694,059;1,39;
200,463;694;1,423;
206,44;696,376;1,439;
211,992;697,798;1,457;
220,319;699,83;1,474;
233,321;702,054;1,49;
246,687;703,141;1,507;
261,235;704,249;1,524;
281,239;706,734;1,541;
297,185;707,479;1,559;
314,469;708;1,574;
330,887;709,412;1,591;
347,317;710;1,608;
364,907;710,932;1,625;
381,612;713,082;1,641;
399,51;710,686;1,658;
413,452;709,734;1,676;
430,779;710;1,693;
447,474;708,502;1,709;
459,109;708;1,725;
470,239;707,276;1,742;
481,381;707,838;1,758;
488,686;708,948;1,775;
494,306;709;1,792;
501,051;710,175;1,809;
103;;;
2015;;;
APTP;;;
;;;
195;405;0; 
214,498;402,948;0,036;
249,5;400,5;0,053;
264,083;401;0,086;
277,87;401;0,094;
290,356;401;0,103;
302,602;401;0,119;
323,227;404,194;0,136;
332,719;404;0,151;
343,979;404;0,17;
353,787;405,421;0,187;
362,768;403,94;0,202;
372,147;403;0,219;
381,822;403;0,235;
391,853;401,255;0,251;
400,857;401;0,269;
410,902;402,1;0,286;
418,462;402;0,302;
430,229;399,354;0,32;
439,91;400;0,337;
450,501;400,45;0,353;
460,955;400;0,369;
470,214;400;0,386;
475,562;397,328;0,404;
483,031;398,004;0,42;
485,214;398;0,446;
487,453;398;0,457;
489,681;398,34;0,469;
491,904;399,452;0,552;
488,994;401,006;0,585;
486,751;403,249;0,62;
483,291;406,709;0,637;
478,665;408,167;0,654;
474,207;410,396;0,67;
469,761;413,429;0,687;
464,383;420,463;0,703;
458,826;429,278;0,72;
447,654;440,346;0,737;
432,579;450,369;0,754;
423,713;465,748;0,772;
412,089;475,911;0,788;
401,177;486,028;0,804;
393;496,429;0,821;
385,204;504,796;0,837;
377,41;514,473;0,854;
370,682;525,53;0,87;
362,847;533,153;0,887;
351,192;542,247;0,907;
341,473;555,31;0,921;
331,5;563;0,94;
318,213;571,553;0,954;
308,886;583,036;0,972;
298,579;591,895;0,988;
287,423;600,661;1,005;
277,337;612,81;1,022;
268,561;623,798;1,038;
258,321;629,786;1,055;
248,353;642,053;1,072;
243;653;1,089;
235,217;657,152;1,105;
229,253;662,747;1,122;
223,697;668,303;1,138;
221,048;673,88;1,155;
217,744;677,256;1,173;
216,806;680,583;1,188;
213,056;682,629;1,205;
211,165;684,835;1,223;
209;685,5;1,24;
206,709;688,291;1,256;
204,477;689,762;1,273;
202,247;691,753;1,289;
201,008;693,984;1,306;
200,5;695;1,323;
201;696,217;1,355;
205,89;698,445;1,374;
209,5;698;1,39;
214,332;699;1,406;
219,136;699;1,423;
225,381;699,897;1,44;
233,088;698,987;1,456;
243,096;701,244;1,473;
254,307;702,231;1,49;
266,865;699,297;1,508;
286,357;702,92;1,524;
298,5;699;1,541;
317,603;699,942;1,557;
334,819;700,602;1,574;
350,81;699,17;1,59;
367,369;701,049;1,615;
382,985;699,284;1,627;
398,484;701,498;1,641;
412,663;698,283;1,659;
425,676;699;1,675;
439,861;696,828;1,692;
451,771;696,706;1,708;
464;696,182;1,725;
473,466;695,067;1,741;
483,329;697,073;1,758;
492,204;698,15;1,775;
498,649;698;1,792;
104;;;
1959;;;
APTP;;;
;;;
200;404;0; 
226,124;396,146;0,016;
237,756;394,924;0,031;
246,509;393,811;0,047;
256,81;392,688;0,068;
265,45;393;0,083;
273,137;393;0,098;
284,027;392,383;0,117;
295,5;391,5;0,131;
299,826;393,665;0,147;
306,744;394;0,167;
312,314;394;0,18;
317,957;392,809;0,197;
322,247;391,688;0,22;
326,782;392;0,233;
334,578;394,516;0,248;
339,531;395;0,268;
343,921;394,27;0,281;
350,129;393,145;0,298;
354,904;393;0,321;
362,722;395,206;0,332;
369,243;396,207;0,352;
373,346;396;0,372;
381,431;395,569;0,384;
387,294;395,61;0,399;
394,916;397;0,415;
401,758;397,793;0,435;
406,691;398,923;0,451;
412,978;399,996;0,466;
415,275;396,588;0,482;
424,963;399,491;0,504;
429,815;399;0,52;
435,159;399;0,533;
440,88;400,152;0,554;
444,948;398,403;0,57;
451,389;397,77;0,584;
456,655;398;0,599;
461,009;396,998;0,619;
466,731;398,146;0,639;
472,423;400,569;0,659;
474,042;397;0,669;
477,376;397;0,69;
483,786;398;0,7;
486,5;398;0,736;
488,79;399,263;0,75;
489,011;401,023;0,786;
489;403,284;0,818;
487,767;405,465;0,852;
488;407,532;0,902;
486,821;409,358;0,919;
483,745;411,17;0,933;
482,699;413,601;0,954;
480,143;414,429;0,969;
478,029;416,971;0,984;
474,5;419;1;
469,09;421,91;1,02;
465,458;428,084;1,036;
461,192;433,76;1,051;
455,502;438,398;1,068;
449,941;442,847;1,088;
444,399;447,281;1,105;
437,615;451,59;1,118;
432,5;460,5;1,138;
426,277;466,103;1,154;
420,332;470,935;1,168;
412,795;476,432;1,189;
405,122;482,896;1,204;
399,611;490,545;1,219;
393,907;496,093;1,237;
386,965;503,035;1,253;
378,89;506,777;1,291;
372,735;513,831;1,308;
363,15;526,85;1,321;
356,647;531,569;1,336;
350,926;535,044;1,353;
345,382;540,618;1,369;
341,077;544,923;1,386;
336,611;553,43;1,405;
333,639;558,269;1,421;
327,72;563,28;1,438;
321,859;567,07;1,453;
315,988;572,814;1,47;
312,249;579,501;1,488;
308,933;586,135;1,504;
304,426;591,717;1,52;
301,243;596,01;1,54;
296,503;601,872;1,554;
292,133;605,867;1,572;
286,155;612,691;1,588;
282,885;617,82;1,605;
279,698;622,07;1,624;
275,399;625,701;1,638;
271,876;629,124;1,655;
267,39;633,61;1,674;
264,231;638,026;1,689;
259,58;643,775;1,706;
255,187;649,266;1,724;
252,816;651,776;1,74;
250,535;655,197;1,754;
248,335;657,665;1,772;
168;;;
3172;;;
APTP;;;
;;;
188;399;0; 
216,33;399,795;0,018;
229,84;399,097;0,035;
242,16;399;0,051;
254,412;400,128;0,067;
267,931;398,756;0,084;
281,264;400,355;0,102;
293,158;400;0,119;
317,421;400,584;0,142;
327,574;401;0,153;
337,269;401,808;0,169;
348,213;403,843;0,186;
355,209;404;0,203;
364,188;404;0,219;
373,059;404;0,236;
382,001;406,75;0,254;
386,436;404,513;0,27;
395,2;404;0,286;
402,286;404;0,303;
409,782;404,826;0,32;
415,707;405;0,336;
422,306;403,949;0,353;
430,153;402,835;0,37;
435,381;403;0,387;
442,356;404,393;0,404;
447,5;404;0,421;
453,707;401,382;0,437;
460,38;401;0,454;
467,065;401;0,47;
472,788;401,958;0,487;
477,285;402;0,504;
482,915;400,817;0,52;
488,469;399,706;0,538;
492,636;401,409;0,555;
495,5;401;0,571;
498,269;403,269;0,588;
500;405;0,636;
494,825;407,088;0,655;
491,411;409,393;0,671;
489,383;410,309;0,688;
487,144;412,856;0,705;
483,5;415;0,722;
478,421;420,223;0,738;
473,176;427,353;0,754;
466,727;435,152;0,771;
462,055;440,931;0,788;
456,49;448,714;0,805;
449,735;457,687;0,821;
440,358;469,303;0,839;
430,088;474,608;0,856;
422;485,5;0,872;
409,662;496,336;0,888;
398,203;505,238;0,905;
387,09;515,019;0,922;
374,951;527,049;0,939;
368,278;533,722;0,955;
359,207;542,793;0,972;
350,2;549,1;0,99;
341,354;563,014;1,007;
334,5;567;1,023;
320,127;577,46;1,039;
310,431;587,16;1,056;
301,729;595,362;1,073;
290,732;602,161;1,089;
280,735;613,406;1,106;
274,552;621,931;1,123;
263,753;628,165;1,14;
255,216;636,311;1,157;
250;643,5;1,173;
244,492;652,209;1,19;
238,117;657,255;1,207;
232,373;661,702;1,223;
226,794;667,206;1,24;
223,544;672,761;1,257;
218,954;678,307;1,273;
215,839;682,547;1,291;
209,569;686,945;1,308;
206,592;688,806;1,324;
202,125;691,438;1,34;
200,163;693,675;1,357;
198,108;694,946;1,374;
196,941;697,118;1,423;
200,401;697;1,441;
204,5;698,5;1,473;
207,47;698;1,491;
210,556;698;1,508;
213,886;697,038;1,525;
218,293;694,854;1,541;
223,913;693,818;1,558;
229,509;692,698;1,575;
235,089;693;1,592;
242;694,5;1,609;
248,493;693;1,625;
255,56;693;1,642;
262,214;692,131;1,658;
270,873;692,984;1,675;
279,73;693;1,692;
288,642;691,795;1,708;
296,274;692;1,726;
308,277;694,855;1,743;
126;;;
2257;;;
APTP;;;
;;;
203;408;0; 
241,242;405,922;0,017;
256,675;406;0,034;
270,831;404,705;0,052;
284,06;405;0,07;
297;403,5;0,086;
310,72;404;0,101;
331,608;404;0,118;
347,464;404,872;0,135;
359,803;404,018;0,152;
372,052;404;0,168;
384,28;405,207;0,185;
393,888;403,679;0,204;
406,788;405,435;0,22;
415,93;404,452;0,236;
427,923;404;0,252;
439,752;404,775;0,269;
449,094;403,226;0,285;
459,003;403;0,302;
466,784;403;0,319;
474,596;403;0,336;
482,355;401,664;0,354;
488,722;400,546;0,37;
492,699;402;0,387;
496,034;402;0,403;
500,172;402,793;0,419;
502,814;403;0,436;
505,037;403;0,468;
507,246;404,123;0,502;
503,286;407,714;0,521;
500,831;408,585;0,537;
499;409,5;0,569;
495,149;411,925;0,587;
492,926;414,074;0,603;
490,704;416,296;0,632;
488,485;419,772;0,641;
483,502;423,123;0,656;
480,536;427,953;0,672;
476;433,5;0,688;
469,418;438,149;0,704;
464,68;441,49;0,721;
459,302;446,698;0,738;
453,724;454,387;0,754;
447;463,334;0,771;
437,779;470,944;0,79;
430,232;475,977;0,806;
422,955;486,567;0,823;
412,587;495,942;0,838;
401,412;503,392;0,855;
391,387;512,613;0,872;
380,363;521,71;0,889;
371,432;530,568;0,905;
361,357;537,095;0,922;
351,302;545,098;0,94;
341,291;554,297;0,957;
335,811;561,142;0,973;
326,903;567,823;0,989;
317,977;575,27;1,006;
309,949;583,051;1,022;
303,132;589,868;1,039;
295,373;596,538;1,065;
287,56;603,234;1,082;
280,107;612,208;1,106;
273,01;619,563;1,117;
265,205;625,711;1,139;
256,75;633,25;1,156;
243,578;648,307;1,173;
236,012;654,99;1,19;
230,452;658,329;1,206;
226,104;664,12;1,223;
220,342;669,658;1,241;
217,649;673,802;1,258;
214,313;678,249;1,274;
210,299;682,025;1,29;
205,842;685,368;1,306;
202,297;688,703;1,323;
198,95;691,033;1,34;
195,643;694,357;1,356;
193,513;697,731;1,373;
191,288;699,712;1,391;
189,062;701,938;1,407;
190;704;1,456;
188,823;705,355;1,523;
191,149;706,074;1,556;
193,532;707,266;1,59;
197,654;707;1,608;
201,759;707,94;1,625;
208,294;704,853;1,642;
212,66;705;1,658;
219,642;705;1,675;
226,31;705;1,692;
237,5;705;1,71;
248,92;705;1,725;
260,754;705;1,742;
274,974;705;1,758;
287,535;705;1,775;
300,83;706,069;1,792;
314,171;706;1,809;
326,298;704,7;1,826;
341,22;706,402;1,843;
120;;;
2305;;;
APTP;;;
;;;
152;394;0; 
194,89;389,155;0,018;
215,205;388,044;0,035;
234,144;388;0,051;
255,437;388;0,067;
274,016;388;0,09;
292,938;388;0,103;
313;388;0,121;
347,006;388,375;0,136;
365,652;388;0,152;
383,757;385,421;0,169;
402,457;384,032;0,186;
418,205;380,742;0,202;
436,186;379,801;0,218;
448,728;378,689;0,238;
460,667;377,576;0,253;
473,454;376,462;0,271;
487,469;376;0,285;
500,428;376;0,303;
513,547;376;0,319;
524,882;376;0,336;
534,977;378,217;0,353;
541,272;378;0,369;
545,308;379,327;0,386;
545,441;381,883;0,419;
541,659;383,67;0,435;
539,432;384,784;0,453;
537,21;386,79;0,47;
534,979;388,011;0,486;
529,401;390,24;0,502;
523,844;394,925;0,522;
518,257;402,092;0,539;
509,795;408,747;0,554;
501,547;412,302;0,571;
494,16;418,84;0,587;
487,188;425,812;0,604;
479,607;434,307;0,62;
471,798;440,144;0,637;
462,861;446,854;0,653;
454,009;455,991;0,673;
442,311;467,689;0,688;
429,73;474,353;0,706;
419,529;484,882;0,721;
405,861;495,327;0,738;
394,643;503,722;0,754;
382,734;512,466;0,77;
373,64;524,495;0,788;
364,769;532,077;0,803;
354,582;541,149;0,822;
343,155;551,461;0,839;
335,014;564,481;0,855;
321,069;573,101;0,871;
310,22;585,67;0,887;
298,785;595,702;0,904;
286,575;607,425;0,922;
277,493;618,634;0,938;
267,47;627,36;0,954;
257,394;635,027;0,973;
250,18;648,431;0,989;
244;656;1,007;
233,983;662,39;1,022;
225,074;671,666;1,038;
219,577;679,99;1,056;
213,204;685,83;1,071;
207,624;690,301;1,088;
202,006;695,994;1,104;
199,098;700,203;1,124;
194,312;707,532;1,139;
196;712,5;1,156;
194;714,287;1,172;
194;716,517;1,188;
194;718;1,221;
198,2;719,1;1,238;
202,844;719;1,255;
208,641;719;1,274;
214,173;717,565;1,291;
221,934;717;1,306;
232,623;716,338;1,323;
245,316;714,447;1,339;
259,581;714;1,358;
277,006;713;1,372;
293,777;713;1,39;
312,819;713;1,406;
330,512;715,689;1,424;
349,681;715;1,441;
370,39;717,569;1,457;
392,638;718;1,473;
412,523;718;1,49;
435,955;718,907;1,507;
456,372;717,979;1,524;
478,645;718;1,54;
500,966;716,752;1,556;
516,349;717;1,575;
530,122;715,529;1,593;
535,933;717;1,614;
540,096;716,301;1,634;
542,5;715,5;1,673;
537,887;718,075;1,691;
535,476;723,048;1,815;
0;0;0;
99;;;
1815;;;
APTP;;;
;;;
202;411;0; 
226,761;409,249;0,018;
241,189;409;0,035;
255,687;409;0,052;
271,226;407,912;0,069;
286,816;408;0,085;
305,004;406,687;0,103;
321,407;407;0,12;
361,5;405,5;0,137;
371,102;405,65;0,152;
385,96;406;0,169;
400,399;406;0,186;
411,942;406;0,203;
423,036;404,896;0,219;
435,391;405;0,236;
443,61;406,326;0,254;
451,145;404,551;0,271;
460,907;404;0,288;
468,712;404,673;0,303;
474,935;404,213;0,32;
482,294;403,101;0,336;
489,075;403;0,353;
493,486;403;0,37;
496,708;403;0,386;
500,048;403;0,403;
503,391;404,464;0,452;
498,39;406,805;0,47;
496,166;408,834;0,487;
493,947;410,027;0,504;
491,719;411,141;0,52;
489,487;413,513;0,537;
487,27;415,73;0,555;
485,042;417,958;0,572;
480,634;421,774;0,588;
475,475;426,525;0,604;
469,081;432,099;0,621;
463,342;436,726;0,638;
457,775;441,18;0,654;
451,047;446,795;0,671;
444,352;452,374;0,688;
434,937;460,68;0,706;
429;467;0,723;
420,724;473,055;0,738;
412,192;478,63;0,755;
404,133;487,543;0,772;
397,29;495,661;0,788;
389,557;502,379;0,805;
381,745;507,896;0,822;
372,656;516,051;0,84;
367,984;525,225;0,857;
361;532,5;0,873;
352,59;537,78;0,889;
345,547;545,196;0,905;
340,575;552,994;0,922;
333,211;559,819;0,939;
326,486;565,429;0,956;
318,62;569,789;0,972;
310,825;578,175;0,99;
307,311;585,956;1,008;
300;592;1,024;
293,481;596,582;1,049;
285,68;602,56;1,062;
279,637;609,235;1,081;
276,042;615,917;1,099;
269,414;621,489;1,108;
262,715;625,857;1,123;
257,365;628,981;1,142;
251,812;635,188;1,158;
247,791;641,314;1,175;
243,324;647,345;1,19;
236,531;652,906;1,207;
231,429;656,679;1,224;
226,018;659,989;1,241;
221,532;665,585;1,257;
217,082;669,918;1,274;
213,96;674,386;1,294;
209,706;679,835;1,309;
204,714;683,714;1,325;
200,938;686,375;1,341;
197,601;688,599;1,358;
195,174;690,826;1,374;
194;692;1,391;
192,864;694,204;1,456;
195,266;692,867;1,49;
199,641;691,18;1,508;
202,795;691,932;1,525;
204,5;692,5;1,541;
206,232;690,923;1,558;
208,541;691;1,575;
210,763;689,618;1,593;
212,991;690;1,61;
218,427;689,393;1,625;
225,039;689,72;1,642;
231,179;690;1,659;
238,661;690;1,675;
245,354;690;1,692;
253,195;690;1,708;
262,338;690;1,725;
269,814;690;1,744;
282;690;1,76;
134;;;
2457;;;
APTP;;;
;;;
176;412;0; 
215,356;410;0,018;
231,824;408,812;0,035;
248,588;409;0,051;
265,23;409;0,069;
283;407,5;0,086;
301,294;407;0,102;
330,451;406,244;0,118;
351,032;406,869;0,135;
366,749;405,036;0,152;
380,175;407,196;0,169;
389,883;405,791;0,185;
403,843;406;0,203;
412,918;406;0,22;
421;407,5;0,236;
435,602;406,66;0,252;
445,202;407;0,269;
456,755;406,113;0,286;
468,024;407,002;0,303;
475,798;405,886;0,319;
484,784;404,777;0,336;
493,675;403,666;0,354;
498,248;404;0,371;
502,699;404;0,387;
505,356;404;0,403;
507,583;404;0,42;
509;404;0,468;
508;406,122;0,486;
505,295;407,353;0,505;
503,054;408,473;0,522;
500,845;409;0,537;
499;409;0,569;
495,15;411,925;0,587;
492,93;413,035;0,604;
491,852;415,297;0,62;
488,22;417,52;0,64;
483,506;423,868;0,655;
477,544;429,456;0,672;
470,391;436,406;0,688;
463,726;440,849;0,705;
457,034;447,793;0,721;
449,424;454,637;0,738;
440,541;464,516;0,755;
431,688;469,82;0,771;
422,754;476,685;0,788;
413,842;484,763;0,806;
403,5;495,5;0,823;
396,078;501,692;0,838;
386,44;509,831;0,861;
377,233;521,304;0,872;
370,254;529,704;0,888;
362,531;536,402;0,906;
354,714;545,469;0,922;
344,331;555,669;0,94;
339,974;562,836;0,957;
331,341;569,659;0,973;
322,897;576,827;0,989;
314,74;586,514;1,006;
306,115;595,025;1,023;
298,182;602,818;1,039;
286,035;611,702;1,056;
279,793;621,81;1,075;
270,498;627,876;1,091;
260,111;636,025;1,108;
251,787;646,284;1,124;
243,822;653,884;1,14;
234,862;660,603;1,156;
226,821;668,179;1,173;
220,034;674,966;1,19;
215,569;681,647;1,209;
208,698;685,868;1,223;
201,981;689,009;1,242;
198,214;693,786;1,258;
193,316;697,245;1,274;
189,975;701,026;1,29;
187,421;703,579;1,307;
186,099;705,802;1,324;
184,988;708,025;1,389;
188,349;709,116;1,423;
194,07;706,62;1,44;
198,208;705,198;1,458;
202,667;704,083;1,474;
207,123;702,969;1,491;
212,712;703;1,507;
219,551;703;1,524;
230,326;700,261;1,542;
237,361;699,52;1,559;
251,555;700,404;1,575;
263,117;698,577;1,591;
276,689;699,644;1,608;
289,311;698,125;1,625;
300,491;700,098;1,642;
312,789;700;1,658;
323,768;698,723;1,675;
333,458;701,768;1,693;
345;701;1,71;
355,125;701,225;1,725;
364,803;702;1,742;
373,721;702;1,759;
383,6;700,089;1,775;
117;;;
2188;;;
APTP;;;
;;;
;;;
186;401;0; 
204,946;397,842;0,018;
223,36;396,364;0,033;
233,74;396;0,05;
242,897;396;0,067;
252,82;395,02;0,084;
262,825;395;0,101;
271,642;396,205;0,117;
291,026;398,628;0,135;
296,019;396,569;0,151;
306,5;397;0,168;
316,596;398,979;0,183;
323,856;395,373;0,201;
334,752;396,66;0,217;
343,987;397,998;0,234;
352,895;398;0,251;
362,989;396,779;0,267;
371,68;398,335;0,285;
380,643;399,455;0,303;
389,523;399,869;0,318;
398,412;399;0,334;
405,736;399,789;0,351;
413,32;400,903;0,368;
421,116;399,983;0,384;
428,897;400;0,401;
436,678;400;0,418;
444,493;401,356;0,436;
449,349;401;0,453;
458,49;399,582;0,469;
465,164;400;0,485;
471,866;401,622;0,502;
477,607;402;0,518;
484,209;400,965;0,535;
488,586;402,146;0,552;
493,03;403,257;0,569;
494,745;404,372;0,587;
496,97;405,485;0,602;
499;406,5;0,635;
498,176;409,647;0,652;
496,125;410,937;0,669;
493,898;413,102;0,686;
490,506;414,165;0,703;
488,448;417,829;0,719;
486,22;419,78;0,737;
482,5;423,5;0,754;
478,545;428,069;0,769;
472,618;433,652;0,786;
466,778;439,222;0,803;
461,231;444,769;0,82;
455,663;451,404;0,837;
450,094;456,906;0,853;
445,822;465,061;0,871;
437,138;468,635;0,888;
434;473;0,904;
430,108;477,153;0,92;
426,017;482,729;0,937;
421,553;487,447;0,954;
416,12;494,832;0,97;
408,388;498,262;0,987;
403,004;502,797;1,004;
397,436;508,564;1,022;
391,864;514,136;1,038;
386,5;521;1,055;
379,079;528,614;1,071;
372,397;533,068;1,087;
367,485;539,272;1,104;
361,034;546,96;1,121;
354,365;555,847;1,138;
346,464;561,097;1,154;
340,014;566,655;1,172;
334,762;573,685;1,19;
327,651;582,466;1,206;
319,604;589,372;1,221;
313,079;594,921;1,238;
307,534;600,466;1,255;
299,94;608,06;1,272;
292,13;618,119;1,289;
283,094;623,191;1,305;
276,876;627,416;1,323;
271,72;636,192;1,34;
262,372;643,628;1,356;
255,543;650,457;1,372;
249,98;656,02;1,389;
244,434;662,48;1,414;
238,835;668,165;1,425;
229,845;672,578;1,439;
225,986;682,027;1,456;
220,162;684,103;1,474;
216,084;688,916;1,491;
213,212;690,788;1,507;
209,875;694,125;1,523;
207,36;696,64;1,54;
204,195;698,87;1,557;
202,953;701,094;1,573;
198,347;702,163;1,59;
200,269;705,806;1,623;
202,503;706,251;1,655;
207,187;705,271;1,673;
210,521;705;1,69;
213,867;704,044;1,707;
136;;;
2473;;;
APTP;;;
;;;
192;406;0; 
214,269;406;0,017;
234,764;406;0,034;
251,025;406;0,052;
264,806;406;0,069;
278,736;406;0,085;
292,759;405,326;0,101;
306,487;405;0,118;
329,685;403,201;0,135;
344,175;403;0,151;
357,513;404,126;0,168;
373,32;402,763;0,185;
387,611;404,355;0,203;
403,536;404;0,22;
415,376;404,42;0,236;
429,717;404;0,252;
442,072;404,807;0,268;
455,01;405;0,285;
467,34;403,969;0,302;
477,32;405,147;0,319;
489,782;402,494;0,335;
496,578;403;0,353;
502,941;404,49;0,369;
504,5;404;0,401;
501,522;406;0,419;
499,125;406,938;0,436;
496,902;408,049;0,452;
493,512;409,163;0,469;
491,452;410,274;0,486;
489,219;410;0,505;
485,5;411,5;0,521;
483,777;412,612;0,536;
480,819;414,454;0,553;
477,474;417,526;0,57;
473,177;418,956;0,586;
469,792;422,208;0,603;
466,464;430,25;0,62;
463,115;434,18;0,638;
458,353;440,059;0,655;
452,5;444;0,671;
444,573;451,162;0,687;
437,51;460,483;0,704;
431,698;469,023;0,72;
424,196;475,832;0,737;
417,486;484,686;0,754;
408,407;494,793;0,77;
402,136;500,864;0,789;
392,559;509,011;0,805;
384;519,5;0,822;
372,149;531,851;0,837;
361,354;543,411;0,861;
349,318;556,562;0,873;
340,046;565,954;0,888;
332,275;577,036;0,905;
324,513;588,124;0,922;
316,707;595,293;0,94;
311,768;603,125;0,956;
308,328;613,017;0,973;
303,638;621,707;0,989;
297,3;629,483;1,005;
288,839;638,161;1,022;
280,926;648,095;1,039;
273,147;655,853;1,055;
264,131;663,635;1,072;
255,222;672,778;1,09;
249,211;680,253;1,107;
243,554;686,298;1,123;
236,876;692,124;1,139;
228,561;698,024;1,156;
222,414;705,42;1,173;
215,828;711,143;1,189;
208,034;716,69;1,206;
200,201;721,028;1,223;
195,148;725,481;1,241;
191,092;729,908;1,256;
190;731;1,306;
194,874;729,063;1,323;
198,141;727,953;1,34;
204,964;726,839;1,356;
210,374;724,451;1,373;
220,063;720,851;1,391;
236,5;720,5;1,408;
257,01;719,388;1,423;
278,519;718,274;1,44;
299,891;717,164;1,457;
323,065;717;1,474;
345,303;714,87;1,49;
368,657;715;1,507;
387,002;715;1,524;
407,054;712,216;1,542;
419,5;713;1,558;
436,205;710;1,574;
448,458;706,271;1,591;
457,011;703,283;1,607;
464,803;700,084;1,624;
471,513;697,829;1,641;
475,779;695,611;1,657;
481,57;697,314;1,674;
487,107;695,579;1,693;
492,5;696;1,709;
104;;;
1896;;;
APTP;;;
;;;
200;401;0; 
226,79;403,799;0,017;
236,289;404,911;0,034;
244,158;406,023;0,051;
250,833;406;0,068;
257,496;407,249;0,084;
264,168;407;0,103;
270,832;407;0,119;
280,943;408;0,135;
285,809;408,702;0,152;
291,077;409,815;0,168;
296,647;410;0,185;
303,245;410;0,202;
309,927;410;0,218;
316,596;410;0,236;
323,295;411,382;0,253;
328,466;411;0,27;
336,254;411;0,286;
343,311;411;0,302;
350,013;411;0,319;
355,738;411;0,336;
363,444;411;0,352;
370,021;409,83;0,369;
376,722;410;0,398;
384,805;410;0,419;
391,602;408,485;0,426;
399,358;407,377;0,436;
406,444;407;0,453;
412,28;407;0,47;
418,796;407;0,487;
426,541;405,923;0,503;
433,12;404,813;0,52;
438,503;405;0,538;
445,524;406,421;0,555;
450,196;405;0,571;
456,217;405;0,587;
461,792;404,242;0,604;
467,353;404;0,62;
472,921;404,984;0,637;
478,478;403,904;0,654;
484,059;402,788;0,671;
488,281;403;0,689;
489,875;403;0,704;
492;403;0,737;
493,532;403;0,77;
493;405,002;0,821;
491,89;407,22;0,887;
489,733;409,267;0,92;
488,992;411,015;0,97;
486,76;414,359;1,006;
483,202;416,532;1,022;
480,598;418,701;1,039;
478,377;420,623;1,056;
475,225;423,775;1,072;
471,877;428,164;1,089;
466,295;433,705;1,106;
463,209;436,791;1,122;
459,862;440,138;1,141;
453,544;444,965;1,157;
447,994;450,006;1,173;
440,246;456,316;1,189;
434,679;462,982;1,206;
429,282;467,774;1,223;
421,614;472,22;1,239;
416,156;477,844;1,256;
409,287;480,857;1,273;
404,01;486,99;1,291;
398,5;491;1,308;
396,131;493,869;1,323;
392,061;497,939;1,341;
387,6;501,55;1,357;
384,109;503,928;1,373;
380,768;507,232;1,39;
377,44;510,56;1,407;
372,798;516,503;1,425;
368,328;520,672;1,442;
367;523,5;1,458;
362,44;527,92;1,474;
357,228;532,018;1,491;
353,401;534,733;1,507;
349,08;538,92;1,524;
344,634;543,366;1,541;
341,377;547,831;1,557;
338,043;549,638;1,576;
336,133;553,3;1,593;
334;556,5;1,609;
330,027;558,973;1,625;
326,687;562,313;1,642;
323,341;564,773;1,658;
320,999;567,001;1,675;
317,664;570,336;1,691;
314,338;573,662;1,708;
311,001;578,332;1,726;
309,101;581,349;1,744;
306,312;585,688;1,759;
302,971;589,029;1,775;
299,628;592,372;1,792;
296,29;595,71;1,809;
292,95;599,05;1,825;
290,744;602,384;1,842;
179;;;
3510;;;
APTP;;;
;;;
193;404;0; 
214,401;404;0,018;
233,57;404;0,036;
244,578;404;0,053;
255;405,5;0,069;
266,419;405;0,085;
277,585;405,758;0,102;
287,835;406;0,119;
309,708;406;0,135;
319,879;407,098;0,152;
328,691;407;0,169;
338,882;407;0,187;
348,963;407;0,204;
358,5;408,5;0,22;
368,293;408;0,236;
377,211;408;0,252;
384,345;408;0,269;
391,014;406,998;0,286;
399,946;407;0,303;
406,362;405,773;0,319;
413,047;406;0,337;
418,293;406;0,354;
424,986;405;0,37;
432,091;405;0,386;
437,977;405;0,403;
443,535;405;0,42;
448,091;403,977;0,439;
454,805;401,732;0,453;
460,204;402;0,47;
464,432;402;0,488;
468,9;402;0,505;
474,354;402,411;0,521;
478,795;402;0,537;
484,059;402;0,554;
487,77;402,923;0,571;
490,078;403;0,603;
491,132;405,264;0,633;
488,254;406,373;0,654;
486,468;407,266;0,687;
483,202;409,532;0,72;
477,881;413,119;0,738;
473,318;415,341;0,755;
470,145;418,855;0,772;
465,408;426,388;0,789;
462,5;433;0,806;
456,895;438,105;0,821;
452,064;444,405;0,838;
446,75;451,1;0,855;
441,191;458,733;0,872;
434,548;466,528;0,889;
429,065;471,935;0,905;
420,896;478,803;0,923;
413,075;486,925;0,94;
401;497,5;0,956;
393,906;503,82;0,972;
384,206;511,285;0,989;
375,945;521,65;1,006;
369,144;530,808;1,023;
361,357;536,459;1,039;
354,752;545,665;1,056;
345,476;555,84;1,074;
340,829;563,039;1,091;
334;567,5;1,107;
324,729;575,294;1,123;
317,352;584,747;1,14;
311,566;591,434;1,157;
305,01;596,992;1,173;
299,473;603,632;1,191;
290,245;609,097;1,208;
283,982;620,028;1,225;
278,742;624,258;1,243;
272,627;628,811;1,258;
266,6;634,4;1,274;
260,249;640,751;1,291;
253,57;647,43;1,307;
247,917;653,083;1,324;
241,246;657,502;1,341;
233,301;664,456;1,363;
226,86;670,496;1,376;
220,192;678,276;1,393;
217,675;682,325;1,408;
213,221;685,39;1,424;
209,581;688,419;1,441;
206,237;692,684;1,458;
201,869;695,066;1,475;
198,554;697,297;1,491;
193,991;702,009;1,509;
192,254;705,119;1,527;
191,512;708,465;1,541;
189;710;1,607;
193,032;709;1,625;
196,494;707,835;1,641;
201,113;705,444;1,658;
208,356;701,822;1,676;
212;700;1,693;
223,549;699,767;1,709;
235,779;699,732;1,725;
249,974;699,156;1,742;
267,324;698,042;1,759;
286,216;695,857;1,775;
121;;;
2402;;;
APTP;;;
;;;
211;411;0; 
230,067;408,993;0,018;
247,445;407,837;0,035;
261,591;406,724;0,051;
274,653;405,612;0,069;
287,836;406;0,086;
301,355;405;0,102;
314,736;405;0,118;
336,446;404,162;0,135;
351,466;405,911;0,152;
364,834;403,861;0,169;
378,138;406,356;0,185;
390,252;407,296;0,204;
403,828;407;0,221;
412,645;408,521;0,237;
422,909;409;0,253;
434,432;409;0,27;
442,982;409,855;0,286;
452,729;410;0,303;
461,67;410;0,32;
469,363;411,195;0,337;
474,56;409,688;0,354;
480,122;411,424;0,371;
485,5;409,5;0,387;
487,3;411;0,402;
489;411;0,435;
490,532;412,266;0,454;
488,948;414,104;0,47;
486,574;415,213;0,486;
485,673;417,654;0,521;
483,467;419,533;0,538;
481,662;423,338;0,553;
480,215;426,355;0,575;
478,228;429,658;0,625;
463,858;444,913;0,637;
458,304;454,713;0,656;
451,195;462,273;0,673;
440,5;472,5;0,688;
433;475,5;0,705;
424,392;488,21;0,721;
413,885;498,203;0,738;
402,732;505,161;0,755;
393,875;515,265;0,772;
387,492;525,263;0,788;
375,366;532,544;0,806;
368,681;538,844;0,822;
362,037;548,148;0,838;
353,631;556,661;0,855;
344,455;563,909;0,878;
335,564;572,436;0,906;
326,527;581,344;0,916;
314,734;590,108;0,923;
305,86;597,873;0,942;
296,924;607,076;0,956;
286,515;615,987;0,972;
278,738;623,653;0,99;
270,947;630,331;1,006;
263,963;636,197;1,022;
255,387;644,613;1,04;
251,811;651,379;1,056;
246,15;656,85;1,073;
241,863;662,422;1,091;
235,978;666,618;1,108;
232,422;672,062;1,124;
226,237;675,881;1,14;
223,256;679,231;1,157;
220,431;681,713;1,173;
218,068;683,932;1,19;
214,761;686,159;1,223;
211,54;688,307;1,305;
214,213;689,106;1,339;
219,2;689;1,357;
222,625;689;1,374;
225,971;687,677;1,393;
232,197;688;1,408;
239;688;1,425;
250,623;688,662;1,441;
261,001;689;1,457;
272,782;689;1,474;
284,024;689;1,491;
294,085;690,121;1,508;
305,291;691,229;1,524;
319,151;692,346;1,542;
326,63;692;1,56;
338,703;694,57;1,576;
349,833;695;1,597;
362,57;697,393;1,611;
374,073;698;1,626;
386,272;698;1,642;
400,712;700,263;1,658;
412,676;698,757;1,676;
429,051;701,722;1,694;
446,11;702,474;1,71;
458,465;702;1,726;
472,12;702,702;1,743;
486,605;703;1,759;
498,273;703,927;1,776;
506,287;704;1,792;
514,068;706,305;1,809;
516,783;707,261;1,826;
103;;;
2003;;;
APTP;;;
;;;
202;396;0; 
216,654;397,047;0,018;
232,603;398;0,033;
241,901;398;0,05;
251,668;398;0,067;
262,639;397,036;0,084;
272,679;397;0,101;
283,914;395,809;0,117;
309,298;397,3;0,135;
314,359;397;0,152;
326;398,5;0,168;
336,147;399,643;0,184;
347,321;400;0,201;
359,556;400,869;0,218;
368,825;401;0,234;
377,769;401;0,251;
391,487;401;0,268;
399,588;401;0,286;
407,041;401;0,302;
416;401;0,319;
425,631;401;0,335;
433,438;401;0,352;
442,125;401;0,369;
452,003;402;0,385;
458,697;402;0,402;
465,35;402;0,418;
476,101;402;0,437;
484,614;402;0,453;
489,837;401,433;0,47;
496,071;401;0,485;
503,551;400,207;0,502;
511,322;400;0,519;
516,075;400;0,535;
520,521;398,87;0,552;
522,493;397,754;0,569;
524,715;398;0,651;
522,894;400,213;0,669;
521,981;402,039;0,702;
519,736;403,132;0,736;
516,266;406,734;0,754;
508,376;410,812;0,77;
502,418;414,866;0,787;
495,19;419,32;0,803;
489,283;424,717;0,82;
483,725;429,22;0,837;
478,178;433,657;0,853;
468,728;440,704;0,87;
459,878;445,951;0,889;
452,5;453;0,905;
442,205;459,707;0,921;
433,611;466,389;0,937;
426,101;473,057;0,954;
417,339;480,703;0,971;
406,265;488,515;0,987;
397,52;496,295;1,004;
388,612;504,09;1,022;
378,284;511,891;1,039;
365,5;522,5;1,056;
356,633;531,73;1,081;
345,496;540,253;1,098;
335,238;548,899;1,118;
324,22;555,868;1,133;
315,31;565,69;1,14;
306,329;574,671;1,155;
300,119;583,508;1,173;
289,092;593,908;1,19;
281,104;599,808;1,207;
273,047;607,612;1,222;
264,06;614,627;1,239;
256,691;623,078;1,256;
249,04;629,966;1,272;
243,461;635,539;1,289;
239,112;641,109;1,306;
234,657;645,343;1,324;
228,757;648,346;1,341;
224,877;653,684;1,357;
221,973;657,027;1,373;
218,647;660,353;1,39;
215,298;663,702;1,406;
211,962;667,038;1,423;
209,766;670,351;1,44;
206,296;674,938;1,457;
200,209;676,716;1,475;
191,752;681,856;1,491;
190,683;686,317;1,507;
186,926;690,074;1,524;
183,583;693,417;1,54;
181,166;696,752;1,557;
179,967;699,066;1,574;
180;701,289;1,656;
182,213;701;1,689;
184,532;701;1,723;
186,113;702,056;1,74;
188,555;702;1,757;
193,567;702;1,775;
205,5;703,5;1,792;
216,523;704;1,807;
229,503;703,269;1,824;
245,642;703;1,841;
266,157;702,044;1,858;
124;;;
2390;;;
APTP;;;
;;;
199;412;0; 
218,674;409,929;0,019;
241,381;409;0,034;
255,108;409;0,051;
268,468;409;0,068;
280,848;409;0,085;
291,977;409;0,101;
303,113;409;0,118;
326,135;410,323;0,136;
332,954;411,439;0,152;
345,5;411;0,169;
355,331;411;0,185;
365,761;411;0,201;
376,906;411;0,219;
386,035;411;0,235;
397,158;409,884;0,253;
408,276;410;0,268;
416,729;410;0,286;
428,527;408,547;0,303;
439;407,5;0,319;
446,783;407,317;0,335;
455,367;406,204;0,352;
462,442;405,093;0,37;
468,103;403,979;0,386;
472,538;405,135;0,402;
475,743;405;0,419;
479,078;403,641;0,437;
482,41;404;0,454;
485,5;402,5;0,47;
488,099;403;0,487;
490,624;403,812;0,503;
492,85;404;0,52;
494;404;0,585;
493;406,197;0,636;
490,645;408,355;0,669;
489,734;410,531;0,687;
487,829;413,256;0,704;
485,441;415,559;0,722;
483,207;419,19;0,738;
476,5;425,5;0,756;
468,261;432,739;0,771;
461,592;439,408;0,787;
454,9;446,1;0,804;
447,267;453,733;0,821;
435,171;461,528;0,838;
430,065;470,496;0,854;
419,295;478,104;0,871;
407,85;487,32;0,889;
398,5;500,5;0,905;
385,954;507,765;0,921;
373,696;519,304;0,94;
362,317;529,814;0,963;
350,219;538,841;0,972;
338,017;550,983;0,988;
325,733;562,061;1,005;
312,141;570,572;1,022;
303,109;582,324;1,039;
293,5;593;1,056;
282,411;600,271;1,073;
273,588;609,958;1,089;
264,037;619,963;1,106;
255,998;626,002;1,122;
250,474;632,631;1,139;
244,878;640,571;1,155;
240,649;645,689;1,173;
236,221;652,669;1,191;
230,5;656;1,206;
227,283;659,717;1,222;
222,834;664,957;1,239;
219,285;669,62;1,256;
215,95;673,05;1,272;
213,74;677,521;1,29;
210,275;679,483;1,307;
206,934;683,066;1,324;
203,581;686,419;1,339;
202;688;1,372;
200,468;690,798;1,406;
198,468;692,532;1,424;
199;694,148;1,456;
201,376;694;1,49;
203,532;695,266;1,507;
206;696,5;1,54;
208,883;697;1,557;
210;697;1,574;
212,247;697;1,591;
217,113;697;1,608;
221,57;698,393;1,625;
227,5;698;1,642;
236,942;697,618;1,659;
246,589;698,732;1,675;
256,613;698,154;1,691;
267,618;698,962;1,708;
277,641;699;1,725;
288,85;697,815;1,741;
301,32;699,302;1,76;
313,524;700,411;1,776;
325,5;698,5;1,793;
336,98;700,635;1,808;
350,016;699,497;1,825;
364,242;701,594;1,842;
117;;;
2255;;;
APTP;;;
;;;
210;400;0; 
228,52;402,058;0,019;
248,806;403,486;0,036;
262,185;403;0,052;
275,565;403,714;0,068;
288,911;404;0,085;
303,214;404;0,11;
316,613;404;0,118;
343,895;404;0,135;
355,353;405,279;0,154;
368,668;403,611;0,17;
381,526;404,502;0,187;
394,394;403,768;0,202;
407,778;404,463;0,219;
419,462;404,154;0,236;
431,514;404,956;0,252;
442,737;406,074;0,269;
452,643;404,817;0,286;
465,291;405;0,304;
476,101;406,41;0,328;
484,154;404,474;0,341;
490,816;404;0,357;
495,987;404;0,372;
499,586;404,862;0,386;
501,5;405,5;0,435;
497,843;406,079;0,468;
495,467;408,533;0,502;
492,465;410,768;0,521;
490,243;413,636;0,537;
486,015;417,985;0,553;
482,67;421,33;0,57;
479,337;427,105;0,587;
471,985;431,343;0,605;
468,205;438,692;0,621;
461,646;443,913;0,638;
454,961;451,039;0,654;
445,903;458,52;0,671;
435,873;467,224;0,687;
425,887;476,1;0,704;
416,973;487,284;0,721;
399,405;497,157;0,737;
388,114;507,18;0,755;
374,386;518,678;0,772;
361,02;531,398;0,79;
347,671;543,635;0,804;
335,924;555,076;0,821;
321,131;567,111;0,838;
307,606;579,361;0,855;
296,556;590,444;0,871;
284,157;600,326;0,888;
271,913;611,716;0,906;
265,597;619,889;0,923;
257,408;627,592;0,939;
250,028;635,682;0,955;
243,88;642,943;0,972;
238,313;649,624;0,989;
231,694;656,306;1,005;
226,187;661,813;1,022;
220,606;668,673;1,038;
215,107;673,893;1,057;
211;679,5;1,074;
205,318;684,069;1,089;
200,082;688,188;1,106;
196,473;692,369;1,122;
192,169;696,831;1,139;
189,866;700,201;1,156;
187,633;702,367;1,172;
186,703;704,594;1,205;
185,738;707,786;1,272;
184,867;709,266;1,339;
187,171;709;1,373;
191,973;707,342;1,39;
196,08;707;1,407;
205,807;707;1,424;
212,966;706,006;1,44;
221,863;706;1,457;
235,633;706;1,473;
249,029;706;1,492;
259,437;704,556;1,509;
277,152;703,441;1,526;
290,044;702,33;1,541;
304,224;701,214;1,558;
318,71;701;1,574;
332,15;701;1,591;
343,263;699,874;1,607;
356,847;697,526;1,624;
370,191;700,699;1,643;
383,553;695,612;1,659;
396,328;697,425;1,675;
408,583;695,621;1,692;
420,016;695;1,708;
432,067;695;1,725;
442,278;693,969;1,742;
452,3;695,144;1,758;
462,28;693,747;1,775;
470,985;694;1,793;
478,361;694;1,81;
484,383;695;1,826;
488,827;694,293;1,842;
491,64;694;1,859;
102;;;
2038;;;
APTP;;;
;;;
178;399;0; 
197,035;402,006;0,018;
215,083;404,26;0,034;
231,626;405,242;0,051;
249,641;406,353;0,068;
268,802;406;0,085;
285,293;406;0,102;
302,369;406,691;0,118;
331,207;407;0,135;
349,895;407,921;0,152;
364,453;408;0,168;
378,904;408;0,185;
389,549;409,255;0,202;
403,477;407,627;0,221;
412,449;409,494;0,236;
420,392;409;0,252;
431,158;408,284;0,269;
439,807;408,83;0,285;
447,591;409;0,302;
456,39;407,951;0,319;
465,322;408;0,335;
472,948;408;0,352;
479,373;408;0,37;
486;406,5;0,387;
490,841;407;0,402;
494,188;407;0,419;
496,684;407,842;0,436;
498;408,5;0,468;
494,877;409,062;0,486;
491,118;411,588;0,505;
489,178;412,411;0,522;
487;413,5;0,537;
482,096;415,269;0,554;
476,537;417,488;0,57;
470,71;421,432;0,587;
464,204;429,728;0,603;
458,581;437,587;0,62;
449,42;444,185;0,637;
440,493;450,88;0,654;
430,181;464,667;0,671;
422;472;0,688;
409,52;480,184;0,704;
400,659;490,63;0,721;
392,003;499,122;0,738;
383,046;504,971;0,754;
376,365;512,741;0,771;
368,513;522,912;0,788;
362,038;531,616;0,805;
353,93;537,631;0,822;
348;544;0,838;
340,329;556,341;0,855;
331,982;564,458;0,871;
321,983;572,236;0,896;
312,981;584,026;0,909;
304,088;592,912;0,921;
292,675;600,628;0,939;
281,569;611,088;0,956;
274,844;622,509;0,973;
261,869;628,99;0,989;
251,825;638,861;1,006;
242,617;648,383;1,022;
233,696;655,478;1,039;
225,813;662,161;1,056;
218,066;671,067;1,073;
210,297;677,46;1,089;
201,075;685,56;1,107;
195,186;688,876;1,123;
190,634;691,366;1,14;
187,599;695,102;1,156;
186,183;697,634;1,173;
185,5;699;1,189;
184,979;700,043;1,206;
187,314;700;1,239;
190,573;698,809;1,266;
195;699;1,29;
203;696;1,321;
210;697;1,334;
216;698;1,356;
225,344;698;1,373;
235,564;698;1,39;
248,323;700,786;1,408;
262;700;1,424;
273,051;701,858;1,44;
285,396;702,26;1,457;
294,821;701,147;1,475;
309,522;703,898;1,491;
320,731;701,854;1,507;
333,084;703,189;1,538;
344,085;701,691;1,561;
357,015;700,418;1,577;
370,33;699,417;1,585;
382,334;697,367;1,595;
395,755;697,75;1,608;
407,718;696,256;1,625;
416,826;695,022;1,642;
431,162;696,089;1,66;
442,085;694,792;1,675;
453,208;696,321;1,715;
480,01;696,078;1,74;
493,891;697;1,791;
103;;;
1931;;;
APTP;;;
;;;
216;403;0; 
237,48;404,023;0,019;
262,008;404;0,036;
276,656;404;0,052;
291,871;404;0,069;
305,838;404;0,086;
318,183;404;0,102;
331,518;404;0,119;
356,503;405,159;0,136;
365,696;405;0,153;
375,41;405;0,184;
385,494;406,499;0,189;
391,845;406,394;0,204;
400,047;406,721;0,22;
407,848;407,835;0,236;
413,768;408;0,253;
419,315;408;0,27;
428,396;408;0,286;
435,896;408;0,305;
443,855;409,408;0,321;
451,124;409;0,338;
460,017;409;0,354;
467,459;409;0,37;
473,301;409;0,387;
477,872;408,032;0,404;
481,245;406,918;0,421;
485,782;407;0,437;
487,603;405,699;0,454;
489,838;406;0,536;
487,894;408,213;0,554;
485,902;410,098;0,586;
483,677;412,323;0,604;
481,12;413,44;0,637;
477,671;417,993;0,654;
473,885;419,779;0,672;
470,328;423,563;0,688;
464,978;432,035;0,705;
460,518;437,603;0,721;
449,942;443,143;0,738;
437,218;452,751;0,756;
424,944;467,516;0,773;
409,586;475,563;0,79;
396,462;485,853;0,805;
384,228;496,177;0,822;
372,907;503,456;0,839;
362,814;513,186;0,855;
351,634;525,502;0,872;
343,017;530,239;0,889;
336,832;537,168;0,907;
328,689;545,311;0,924;
319,476;553,286;0,94;
313,499;561,201;0,956;
306,318;567,87;0,972;
299,448;575,477;0,989;
291,727;586,39;1,006;
283,933;590,61;1,023;
277,404;597,596;1,04;
269,317;604,3;1,058;
263,095;613,874;1,075;
254;621,6;1,09;
248,422;628,293;1,106;
241,188;636,642;1,124;
234,328;646,508;1,14;
227,645;652,296;1,157;
223,327;656,673;1,173;
220,161;662,399;1,191;
216,816;667,973;1,208;
215;673,5;1,225;
212,135;678,487;1,24;
208,792;682,208;1,257;
205,45;685,55;1,274;
203,076;687,924;1,291;
199,773;691,227;1,307;
197,622;693,378;1,324;
196,697;696,91;1,342;
192,76;700,24;1,359;
194;702;1,375;
194;705,5;1,407;
194;706,532;1,44;
197,188;709,094;1,474;
203,956;710,159;1,493;
207,288;710;1,51;
212;710;1,526;
220,266;710;1,542;
229,182;710,773;1,558;
238,981;710,113;1,575;
250,959;710;1,592;
262,122;712,224;1,608;
272,012;710,776;1,626;
284,738;712,34;1,644;
295,507;714,901;1,66;
307,899;714;1,676;
321,434;714,676;1,692;
334,473;715;1,709;
349,665;715,905;1,726;
362,182;713,967;1,743;
377,762;714;1,759;
389,693;714;1,775;
405,974;711,289;1,794;
415,719;712;1,811;
112;;;
2090;;;
APTP;;;
;;;
174;401;0; 
207,573;398,095;0,018;
224,248;396,983;0,035;
239,826;395,87;0,051;
256,619;394,759;0,068;
273,341;395;0,086;
287,096;393,531;0,103;
312,869;395,582;0,119;
335,42;396,695;0,135;
352,109;397;0,152;
369,74;398,842;0,169;
386,524;400,035;0,185;
405,484;403,438;0,202;
418,126;405,521;0,219;
438,351;405;0,237;
448,37;407,976;0,254;
458,983;406;0,269;
468,699;406,712;0,286;
475,956;407;0,302;
483,576;406,061;0,319;
490,306;406;0,336;
494,668;406;0,353;
496,555;406;0,401;
497,177;408,355;0,468;
494,734;410,266;0,486;
492,822;411,089;0,519;
490,591;414,613;0,538;
489,5;417;0,555;
485,108;421,523;0,57;
481,011;426,736;0,587;
473,965;434,035;0,604;
466,168;438,904;0,62;
459,488;446,598;0,637;
451,623;454,377;0,654;
439,806;462,236;0,672;
431,58;472,847;0,689;
421,5;481;0,705;
406,109;496,891;0,723;
392,77;512,537;0,737;
380,271;528,383;0,754;
368,041;541,956;0,771;
356,924;557,507;0,788;
343,337;569,441;0,804;
330,036;585,624;0,823;
315,22;596,891;0,839;
305,535;606,582;0,856;
295,269;617,058;0,872;
284,961;624,693;0,888;
274,913;633,188;0,905;
268,947;642,084;0,922;
258,883;648,745;0,938;
252,586;656,65;0,955;
247,24;664,464;0,973;
240,223;672,24;0,99;
233,951;680,049;1,006;
226,17;686,45;1,023;
219,188;693,614;1,039;
211,582;699,584;1,056;
206,877;706,185;1,072;
200,132;709,434;1,089;
196,019;713,981;1,105;
195,627;715,747;1,172;
199,654;715,827;1,19;
202,807;715,064;1,206;
208,246;713,951;1,223;
217,282;712,84;1,239;
228,747;713;1,257;
244,041;711,612;1,29;
260;710,5;1,307;
296,277;708;1,324;
316,147;707,159;1,34;
332,327;707;1,357;
350,082;707;1,374;
366,678;707;1,39;
379,516;707;1,407;
397,134;707;1,425;
404,5;707;1,442;
416,676;707,631;1,457;
426,694;708;1,474;
435,009;708;1,491;
443,775;708;1,508;
454,833;708;1,524;
462,383;708;1,541;
474,161;706,684;1,558;
485,234;707;1,576;
491,5;707;1,592;
499,195;705,351;1,608;
508,867;705;1,625;
516,248;704,125;1,642;
521,961;704;1,658;
525,305;704;1,675;
527,431;704;1,724;
529,355;705,177;1,849;
0;0;0;
0;0;0;
0;0;0;
0;0;0;
0;0;0;
0;0;0;
0;0;0;
93;;;
1849;;;
APTP;;;
