184;401;0; 
212,695;402,025;0,02;
243,505;403,37;0,037;
267,141;404,461;0,056;
289,586;405;0,073;
315,074;403,539;0,09;
341,482;401,293;0,116;
368,468;399,044;0,138;
434,257;397;0,171;
462,165;397;0,186;
471,5;397;0,207;
482,318;397;0,221;
486,476;397;0,243;
488,88;397;0,257;
490;397;0,268;
491,176;397;0,318;
489,822;399,357;0,35;
490;401,546;0,385;
487,466;403,534;0,403;
484,702;406,298;0,419;
481,069;409,931;0,444;
472,028;417,547;0,457;
462,096;431,856;0,49;
449,137;444,963;0,526;
415,355;475,984;0,563;
365,864;524,584;0,591;
332,327;557,162;0,606;
315,886;573,765;0,65;
284,554;606,549;0,671;
270,973;623,027;0,693;
247,873;649,659;0,721;
238,066;660,934;0,737;
218,358;684,642;0,756;
209,715;694,04;0,784;
200,964;700,397;0,795;
194,188;706,812;0,814;
191,871;711,388;0,824;
190,746;714,763;0,937;
195,114;713,943;0,961;
198,042;713,792;0,99;
218,537;709,616;1,006;
231;706,5;1,02;
252,6;701,173;1,038;
273,858;698,314;1,053;
293,483;695,091;1,098;
334,516;694,793;1,137;
371,505;695;1,166;
409,148;695,323;1,19;
427,922;696,638;1,206;
456,835;697,139;1,226;
469,123;695,807;1,258;
488,958;697,44;1,274;
497;697;1,305;
502,734;695,317;1,336;
510,834;695,083;1,413;
512;694,5;1,682;
0;0;0;
0;0;0;
0;0;0;
0;0;0;
0;0;0;
0;0;0;
0;0;0;
0;0;0;
0;0;0;
0;0;0;
0;0;0;
0;0;0;
0;0;0;
0;0;0;
0;0;0;
0;0;0;
0;0;0;
0;0;0;
0;0;0;
0;0;0;
0;0;0;
0;0;0;
0;0;0;
0;0;0;
0;0;0;
0;0;0;
0;0;0;
0;0;0;
0;0;0;
0;0;0;
0;0;0;
0;0;0;
0;0;0;
0;0;0;
0;0;0;
0;0;0;
0;0;0;
0;0;0;
0;0;0;
0;0;0;
0;0;0;
0;0;0;
0;0;0;
0;0;0;
56;;;
1682;;;
CACA;;;
;;;
201;411;0; 
237,133;408,361;0,017;
256,696;407,253;0,033;
275,214;407;0,048;
293,972;406,002;0,065;
313,958;406;0,082;
331,186;404,738;0,098;
351,621;405;0,117;
396;405;0,135;
406,399;404;0,151;
424,03;402,496;0,171;
441,188;402;0,183;
454,979;400,003;0,2;
466,142;398,886;0,216;
483,647;400,243;0,234;
492,33;398,63;0,257;
499,403;400,486;0,274;
508,059;401,388;0,29;
511,465;401,732;0,3;
513;402,5;0,335;
512;404,537;0,358;
509,768;406,232;0,371;
506,651;407,674;0,386;
502,094;409,953;0,402;
491,586;416,813;0,435;
483,5;424;0,461;
454,426;447,613;0,468;
437,767;458,822;0,486;
428,112;472,518;0,518;
414,067;486,933;0,525;
397,626;503,374;0,536;
381,345;520,232;0,55;
367,5;535;0,567;
347,846;555,154;0,602;
312,837;587,026;0,617;
298,502;601,498;0,717;
277,362;616,072;0,98;
212,619;695;1,012;
243,116;692,993;1,04;
262,305;691,864;1,08;
301,176;691,378;1,12;
389,005;693,864;1,138;
408,695;694;1,162;
428,953;695,115;1,171;
448,004;696,236;1,186;
464,415;698,722;1,203;
479,733;698;1,225;
491,44;701;1,24;
499,5;701;1,265;
512,82;702,852;1,279;
519,843;703;1,289;
525,482;701,904;1,304;
529,878;700,78;1,321;
534,379;701;1,344;
537,385;702,462;1,57;
0;0;0;
0;0;0;
0;0;0;
0;0;0;
0;0;0;
0;0;0;
0;0;0;
0;0;0;
0;0;0;
0;0;0;
0;0;0;
0;0;0;
0;0;0;
0;0;0;
0;0;0;
0;0;0;
0;0;0;
0;0;0;
0;0;0;
0;0;0;
0;0;0;
0;0;0;
0;0;0;
0;0;0;
0;0;0;
0;0;0;
0;0;0;
0;0;0;
0;0;0;
0;0;0;
0;0;0;
0;0;0;
0;0;0;
0;0;0;
0;0;0;
0;0;0;
0;0;0;
0;0;0;
0;0;0;
0;0;0;
0;0;0;
0;0;0;
0;0;0;
0;0;0;
0;0;0;
55;;;
1570;;;
CACA;;;
;;;
201;412;0; 
219,805;406,776;0,016;
242,521;400,071;0,04;
258,046;396,419;0,066;
272,716;394,044;0,128;
322,921;392,686;0,16;
379,267;397,713;0,229;
420,949;404,173;0,254;
444,366;408,337;0,263;
455,046;409,45;0,28;
465,183;410,576;0,305;
482,69;412;0,372;
496,393;413;0,497;
516,537;415,269;0,536;
513,821;417,179;0,578;
508,613;419,796;0,62;
489,904;430,94;0,662;
467,69;446,135;0,693;
455,679;456,321;0,719;
426,781;479,451;0,755;
396,78;505,17;0,785;
369,049;530,487;0,82;
357,777;539,455;0,856;
319,139;576,344;0,891;
297,014;600,986;0,946;
252,703;644,239;0,965;
244,076;653,924;0,976;
235,183;661,362;0,993;
226,21;669,79;1,009;
219,229;677,733;1,05;
213,398;684,401;1,141;
187;707;1,181;
186,742;709,774;1,217;
191,079;708,307;1,245;
198,873;709,392;1,297;
241,721;706,962;1,347;
304,313;704,605;1,386;
343,081;703,328;1,396;
363,709;703;1,408;
382,901;703;1,432;
401,588;703;1,454;
415,877;703;1,519;
457,546;705,637;1,541;
466,543;706;1,557;
472,095;706;1,573;
477,463;707,093;1,592;
479,51;705,745;1,63;
481,521;706;1,658;
484,502;705,249;1,685;
486;704,5;1,739;
489,245;704;1,793;
494;703;1,832;
495,358;701,821;1,945;
495,085;702,915;2,186;
0;0;0;
0;0;0;
0;0;0;
0;0;0;
0;0;0;
0;0;0;
0;0;0;
0;0;0;
0;0;0;
0;0;0;
0;0;0;
0;0;0;
0;0;0;
0;0;0;
0;0;0;
0;0;0;
0;0;0;
0;0;0;
0;0;0;
0;0;0;
0;0;0;
0;0;0;
0;0;0;
0;0;0;
0;0;0;
0;0;0;
0;0;0;
0;0;0;
0;0;0;
0;0;0;
0;0;0;
0;0;0;
0;0;0;
0;0;0;
0;0;0;
0;0;0;
0;0;0;
0;0;0;
0;0;0;
0;0;0;
0;0;0;
0;0;0;
0;0;0;
0;0;0;
0;0;0;
0;0;0;
54;;;
2186;;;
CACA;;;
;;;
187;407;0; 
514,5;411,5;0,857;
510,982;412,009;1,51;
499,874;419,08;1,547;
490,713;425,972;1,584;
470,864;439,078;1,61;
455,149;450,322;1,625;
435,047;464,093;1,651;
429,943;468,038;1,673;
413,286;477,984;1,695;
402,246;485,128;1,717;
393,823;492,151;1,762;
370,55;507,45;1,785;
364,992;512,005;1,807;
352,921;524,079;1,824;
345,82;528,59;1,843;
341,064;532,936;1,875;
328,924;543,076;1,92;
313,599;555,801;1,953;
302,393;567,607;1,976;
286,488;580,512;2;
282,776;587,448;2,059;
258;615,5;2,083;
251,495;624,907;2,109;
241,195;641,61;2,152;
229,234;655,958;2,219;
209,62;680,704;2,29;
197,842;692,315;2,353;
196,732;694,536;2,41;
199,04;695,02;2,46;
201,336;695;2,493;
207,861;694,772;2,53;
230,142;695;2,599;
315,913;692,008;2,671;
401,756;689;2,731;
454,29;692,477;2,755;
461,078;692,583;2,78;
472,398;693;2,812;
481,303;694;2,852;
488,006;695,335;2,994;
522;699,5;3,179;
518,229;701,313;3,314;
0;0;0;
0;0;0;
0;0;0;
0;0;0;
0;0;0;
0;0;0;
0;0;0;
0;0;0;
0;0;0;
0;0;0;
0;0;0;
0;0;0;
0;0;0;
0;0;0;
0;0;0;
0;0;0;
0;0;0;
0;0;0;
0;0;0;
0;0;0;
0;0;0;
0;0;0;
0;0;0;
0;0;0;
0;0;0;
0;0;0;
0;0;0;
0;0;0;
0;0;0;
0;0;0;
0;0;0;
0;0;0;
0;0;0;
0;0;0;
0;0;0;
0;0;0;
0;0;0;
0;0;0;
0;0;0;
0;0;0;
0;0;0;
0;0;0;
0;0;0;
0;0;0;
0;0;0;
0;0;0;
0;0;0;
0;0;0;
0;0;0;
0;0;0;
0;0;0;
0;0;0;
0;0;0;
0;0;0;
0;0;0;
0;0;0;
0;0;0;
0;0;0;
42;;;
3314;;;
CACA;;;
;;;
187;405;0; 
236,582;404;0,019;
256,73;402,848;0,043;
273,155;401,723;0,053;
289,999;402;0,076;
308;400,5;0,086;
324,903;399,364;0,102;
353,388;399;0,126;
371,663;399;0,138;
391,117;400,007;0,158;
404,578;402,263;0,169;
420,598;402;0,188;
436,263;402;0,205;
450,5;403,5;0,22;
462,187;401,619;0,236;
474,18;402;0,254;
483,058;402;0,271;
489,94;402,99;0,287;
495,543;404,109;0,305;
498,694;404;0,322;
500,721;405,36;0,337;
502,962;406,481;0,386;
498,313;408,844;0,403;
496,057;410,943;0,421;
491,63;415,37;0,437;
482,279;423,506;0,456;
469,247;435,412;0,472;
456,945;440,757;0,49;
440,726;452,796;0,504;
426,959;464,745;0,521;
410,749;477,11;0,537;
396,561;489,486;0,554;
384,162;501,838;0,571;
373,013;514,186;0,587;
364,423;526,543;0,605;
349,706;540,294;0,623;
338,5;551,5;0,636;
327,5;565,5;0,657;
311,124;578,683;0,672;
299,714;591,215;0,688;
285,414;602,45;0,721;
274,392;614,786;0,747;
253,629;636,792;0,862;
200,197;691,669;0,929;
189,732;704,804;0,958;
190;709,018;1,005;
192,222;710,111;1,055;
194,363;710;1,106;
203,609;710,102;1,123;
212,887;706,292;1,141;
221,828;705,647;1,16;
238,29;704,516;1,175;
254,777;702,245;1,19;
273,284;701,723;1,206;
290,836;700,289;1,223;
309,422;700,966;1,24;
329,751;701;1,261;
344,868;701;1,277;
365,982;702,332;1,301;
380,806;703,459;1,323;
407,819;705;1,34;
419,98;705,816;1,357;
429,403;706;1,374;
437,549;706;1,391;
450,079;707,189;1,41;
455,932;707;1,424;
461,216;705,557;1,449;
464,675;706;1,464;
468,069;706;1,475;
473,061;706;1,492;
477,643;706,911;1,508;
480,079;705,96;1,526;
482,362;706;1,543;
484,556;704,722;1,576;
486,542;705;1,646;
488,008;703,996;1,692;
490,264;701,736;1,78;
494,001;700;1,811;
496,262;698,869;1,843;
498,508;699;1,914;
500,265;697,868;1,959;
497,822;699,089;2,182;
0;0;0;
0;0;0;
0;0;0;
0;0;0;
0;0;0;
0;0;0;
0;0;0;
0;0;0;
0;0;0;
0;0;0;
0;0;0;
0;0;0;
0;0;0;
0;0;0;
0;0;0;
0;0;0;
0;0;0;
0;0;0;
82;;;
2182;;;
CACA;;;
;;;
194;399;0; 
215,73;395,896;0,02;
240,138;394,521;0,037;
260,066;393,408;0,056;
279,718;392,293;0,068;
300,887;391,164;0,085;
321,343;391;0,101;
342,724;391;0,126;
380,883;391,194;0,142;
402,185;391,676;0,15;
420,296;390,544;0,167;
440;392,5;0,184;
456,332;392,694;0,201;
471,672;392,166;0,217;
485,314;394,829;0,236;
494,457;396,057;0,252;
504,488;397,165;0,268;
514,909;399,646;0,285;
517,743;400,436;0,317;
517,267;402,534;0,374;
517;404,356;0,401;
514,803;405,098;0,435;
511,2;408,8;0,452;
504,095;414,254;0,48;
496,57;420,654;0,504;
488,674;429,229;0,521;
467,328;447,216;0,536;
453,701;461,299;0,556;
437,412;473,39;0,58;
424,271;485,77;0,588;
408,732;499,059;0,603;
393,039;512,195;0,62;
377,566;526,546;0,637;
364,906;540,103;0,654;
350,293;553,575;0,67;
335,625;569,635;0,687;
321,05;582,569;0,704;
302;600,5;0,721;
289,627;613,748;0,738;
275,057;626,453;0,753;
259,785;638,598;0,77;
250,079;651,882;0,788;
238,895;661,995;0,804;
225,162;673,365;0,821;
218,439;684,659;0,837;
207,653;692,864;0,856;
199,138;699,038;0,871;
192,358;704,642;0,888;
191;708,557;0,905;
191;710,5;0,953;
193,171;709;0,987;
196,803;707,732;1,021;
211,327;706,335;1,038;
220,55;705,056;1,055;
236,078;705;1,072;
248,213;702,598;1,09;
260,536;701,679;1,107;
281,6;702;1,123;
293,5;699;1,139;
317,14;699,617;1,155;
336,022;699,814;1,172;
356,802;700;1,189;
375,942;700;1,205;
396,296;701,183;1,222;
412,506;699,7;1,24;
429,368;700;1,257;
444;698,5;1,273;
457,589;699;1,298;
469,024;698,198;1,309;
479,21;699,825;1,324;
486,186;700;1,341;
492,91;700;1,358;
497,119;700;1,374;
500,206;700;1,407;
501,537;700;1,627;
0;0;0;
0;0;0;
0;0;0;
0;0;0;
0;0;0;
0;0;0;
0;0;0;
0;0;0;
0;0;0;
0;0;0;
0;0;0;
0;0;0;
0;0;0;
0;0;0;
0;0;0;
0;0;0;
0;0;0;
0;0;0;
0;0;0;
0;0;0;
0;0;0;
0;0;0;
0;0;0;
0;0;0;
0;0;0;
75;;;
1627;;;
CACA;;;
;;;
187;404;0; 
228,991;402,2;0,017;
251,406;400,159;0,034;
271,184;397,861;0,051;
291,562;395,604;0,068;
311,663;392,056;0,086;
331,623;390,153;0,104;
351;389,5;0,119;
391,5;387;0,167;
427;387;0,187;
448,144;383,643;0,204;
458,983;384;0,221;
467,38;384;0,238;
474,236;384;0,254;
480;384;0,363;
484,328;385,776;0,423;
493;391,84;0,489;
494,042;394,084;0,526;
491,5;401;0,562;
488,426;408,432;0,575;
483,999;414,002;0,588;
478,385;422,984;0,609;
468,993;430,756;0,635;
461,118;441,602;0,66;
440,134;464,656;0,693;
428,396;476,338;0,715;
404,368;501,717;0,748;
377,541;530,012;0,764;
365,492;541,56;0,782;
352,867;555,19;0,797;
339,445;567,555;0,822;
325,721;579,852;0,838;
311,942;593,896;0,865;
285,016;620,909;0,88;
271,491;632,091;0,911;
260,028;642,633;0,928;
240,428;662,572;0,962;
224,088;677,549;0,979;
219,219;681,835;1,008;
212,452;687,365;1,089;
215,215;687;1,147;
224,678;687;1,165;
235,562;688;1,182;
249,035;688;1,248;
279;688;1,298;
354,5;689;1,322;
385,785;690,399;1,356;
418,915;691;1,378;
447,877;691;1,401;
458,114;691;1,435;
475,513;691,252;1,474;
488,436;692;1,494;
496,97;691,258;1,56;
499,742;691;1,583;
501;691;1,652;
503,893;691;1,678;
504,357;691;1,707;
501,829;692,086;2,022;
0;0;0;
0;0;0;
0;0;0;
0;0;0;
0;0;0;
0;0;0;
0;0;0;
0;0;0;
0;0;0;
0;0;0;
0;0;0;
0;0;0;
0;0;0;
0;0;0;
0;0;0;
0;0;0;
0;0;0;
0;0;0;
0;0;0;
0;0;0;
0;0;0;
0;0;0;
0;0;0;
0;0;0;
0;0;0;
0;0;0;
0;0;0;
0;0;0;
0;0;0;
0;0;0;
0;0;0;
0;0;0;
0;0;0;
0;0;0;
0;0;0;
0;0;0;
0;0;0;
0;0;0;
0;0;0;
0;0;0;
0;0;0;
0;0;0;
58;;;
2022;;;
CACA;;;
;;;
198;406;0; 
225,995;406;0,029;
307,493;404,024;0,039;
331,051;402,805;0,048;
354,92;400,531;0,067;
381,163;399,645;0,083;
422,556;398;0,1;
444,415;397,399;0,115;
460,674;397;0,132;
477,432;397;0,15;
487,756;397;0,176;
493,472;397;0,199;
497,333;400,665;0,248;
497;402,357;0,299;
490,865;407,135;0,322;
488,608;409,392;0,335;
485,064;412,936;0,356;
480,264;422,037;0,369;
470,381;431,619;0,387;
459,18;441,456;0,402;
445,483;452,09;0,418;
432,782;466,076;0,434;
420,41;478,59;0,45;
403,423;492,062;0,469;
393,131;504,156;0,495;
379,038;518,202;0,532;
350,202;547,491;0,544;
337,924;562,221;0,554;
323,252;574,106;0,574;
310,659;590,466;0,583;
299,439;601,561;0,603;
281,854;615,317;0,62;
270,578;627,422;0,636;
257,237;638,287;0,655;
246,848;650,44;0,669;
236,249;660,201;0,685;
226,001;669,999;0,702;
217,954;680,059;0,718;
208,911;687,953;0,737;
197,389;694,567;0,754;
188,938;702,68;0,769;
183,967;709,022;0,785;
178,492;712,881;0,801;
175,503;714,748;0,821;
174;715,5;0,852;
179,156;712,922;0,869;
182,728;713;0,887;
184,725;711,638;0,905;
188,455;710,515;0,92;
201,427;708,398;0,935;
217,184;706,545;0,952;
237,89;704,311;0,969;
256,481;701,097;0,986;
279,996;699,905;1,002;
301,268;698,775;1,022;
325,281;697,653;1,037;
344,382;699,466;1,054;
369,66;699,583;1,07;
393,67;700,712;1,085;
414,964;701;1,104;
433,347;700,041;1,121;
450,235;700;1,135;
459,822;701,202;1,156;
468,588;701;1,171;
474,713;701;1,187;
481,265;703;1,204;
485,067;703;1,22;
488,458;703;1,237;
490,5;703;1,255;
492,092;701,969;1,303;
494,285;702;1,386;
489,977;705,018;1,487;
0;0;0;
0;0;0;
0;0;0;
0;0;0;
0;0;0;
0;0;0;
0;0;0;
0;0;0;
0;0;0;
0;0;0;
0;0;0;
0;0;0;
0;0;0;
0;0;0;
0;0;0;
0;0;0;
0;0;0;
0;0;0;
0;0;0;
0;0;0;
0;0;0;
0;0;0;
0;0;0;
0;0;0;
0;0;0;
0;0;0;
0;0;0;
0;0;0;
72;;;
1487;;;
CACA;;;
;;;
195;404;0; 
233,329;403,141;0,016;
255,085;401,996;0,035;
275,931;402;0,05;
297,04;400,735;0,066;
319,567;401;0,085;
342;401;0,1;
380,158;400;0,139;
409,197;401,553;0,152;
444,127;404,025;0,177;
455,861;404;0,195;
469,754;405;0,204;
480,896;405,362;0,219;
488,965;406;0,236;
494,478;406,62;0,252;
497,504;407;0,271;
499,719;407,86;0,336;
502,946;408;0,345;
508,549;407,817;0,368;
510,534;408;0,403;
513,805;408;0,439;
515,538;406,731;0,502;
513,893;409,215;0,534;
509,426;411;0,55;
508,001;411;0,568;
502,868;414,088;0,584;
499,466;417,534;0,603;
489,392;428,935;0,618;
480,456;437,544;0,636;
466;447,5;0,653;
450,93;463,372;0,669;
435,036;475,773;0,684;
422,646;491,095;0,7;
403,985;505,776;0,717;
388,407;522,778;0,733;
370,298;536,82;0,754;
353,562;553,009;0,778;
336,989;567,409;0,791;
319,35;582,319;0,803;
304,415;595,786;0,818;
285,463;610,862;0,836;
272,708;624,318;0,852;
257,927;635,595;0,877;
246,525;648,75;0,901;
235,915;659,268;0,918;
225,416;668,584;0,939;
209,808;683,709;0,959;
202,591;688,606;0,973;
197,884;692,087;0,988;
194,641;695,359;1,073;
198,516;694,242;1,098;
200,728;693,136;1,12;
203,125;693;1,138;
206,75;693;1,156;
215,415;694,345;1,172;
228,93;694;1,188;
244,269;694,618;1,209;
263,332;695,741;1,231;
281,601;696,85;1,247;
300,584;697,976;1,263;
321,65;697,194;1,279;
341,703;699;1,295;
364,456;699;1,308;
386,88;699,47;1,323;
407,404;699,412;1,345;
426,159;700,43;1,358;
441,998;700,154;1,371;
454,475;702,857;1,388;
463,717;704,09;1,404;
472,708;704;1,428;
480,72;705;1,441;
485,388;705,463;1,46;
488,645;706;1,473;
491,355;706;1,489;
493,604;705,198;1,505;
495;704,5;1,527;
497,1;705;1,554;
499,3;705;1,638;
496,785;705;1,786;
0;0;0;
0;0;0;
0;0;0;
0;0;0;
0;0;0;
0;0;0;
0;0;0;
0;0;0;
0;0;0;
0;0;0;
0;0;0;
0;0;0;
0;0;0;
0;0;0;
0;0;0;
0;0;0;
0;0;0;
0;0;0;
0;0;0;
0;0;0;
0;0;0;
79;;;
1786;;;
CACA;;;
;;;
203;401;0; 
212,259;401;0,015;
218,677;401;0,027;
221,367;400,317;0,043;
223,595;400;0,059;
226,761;400;0,079;
229,1;400;0,095;
231,349;400;0,119;
235,162;400,29;0,13;
239,68;401,42;0,162;
241,331;401;0,179;
243;401;0,209;
244,536;401;0,226;
246,152;401;0,259;
248,402;401;0,297;
250,536;401;0,329;
253,756;401;0,346;
255;401;0,368;
259,335;399,933;0,382;
261,52;400;0,412;
265,001;400,5;0,429;
268,246;401;0,445;
270;401;0,477;
272,805;401;0,497;
274,107;401;0,519;
276,449;401;0,551;
278,486;401;0,562;
281;401;0,594;
283,687;401;0,615;
285;401;0,628;
286,095;401;0,645;
290,84;401;0,679;
292,459;399,77;0,697;
296,331;400,583;0,713;
299,409;401;0,729;
301,666;401;0,746;
303,883;401;0,763;
305;401;0,779;
307,293;399,902;0,795;
309,64;400;0,828;
312,804;400;0,862;
316,616;401;0,879;
320,715;400,071;0,897;
323;399,5;0,913;
324,265;400;0,932;
329,196;400;0,948;
330,839;401,42;0,979;
333,798;401;1,015;
335,541;401;1,032;
337,029;401;1,047;
339,318;402,159;1,079;
342,602;402;1,113;
345,804;402;1,146;
352,778;402;1,166;
354;402;1,18;
359,398;402;1,213;
362,581;402;1,247;
364,535;400,733;1,28;
367,804;401;1,298;
370,001;401;1,331;
372,242;401;1,367;
375,716;401;1,388;
379,379;401;1,402;
383;401;1,431;
387,902;401,976;1,449;
390,201;403,101;1,466;
392,443;403;1,498;
395,689;403;1,532;
398,802;401,733;1,565;
401,922;402;1,582;
403;402;1,599;
404,191;402;1,619;
407,98;403,327;1,635;
409,885;403;1,652;
412,135;404;1,667;
414;404;1,683;
417,406;403,198;1,703;
420,785;402,072;1,717;
423,116;402;1,754;
426,444;403,148;1,767;
428,835;403;1,799;
433,007;403,669;1,817;
435,5;404,5;1,85;
439,071;404;1,867;
441,312;405,156;1,884;
443,577;405;1,902;
445,816;405;1,917;
449,5;403,5;1,949;
451,548;404;1,968;
453,795;403,102;1,987;
455;402,5;2,008;
456,141;403;2,034;
459,577;403;2,068;
462,254;403;2,085;
464;403;2,117;
466,997;403,998;2,135;
468;404,5;2,151;
469,244;404;2,168;
471,716;405,358;2,202;
475,192;404,404;2,22;
298;;;
7085;;;
CACA;;;
;;;
186;399;0; 
223,25;404,147;0,025;
260,608;405;0,037;
279,744;405;0,052;
300,5;403,5;0,07;
324,595;402,284;0,091;
361,895;400,364;0,105;
389,491;399,069;0,12;
406,15;397,918;0,136;
426,763;398;0,152;
445,018;398;0,172;
459,097;398;0,189;
469,105;396,445;0,205;
480,142;396;0,222;
487,02;396;0,239;
489,897;396;0,254;
491;396;0,271;
490;398,164;0,303;
491,196;400,392;0,338;
488,344;403,312;0,358;
487,5;405;0,395;
486,985;406,029;0,425;
483,563;409,437;0,44;
481,228;413,158;0,465;
471,808;424,673;0,479;
463,776;434,803;0,487;
454,374;445,626;0,504;
439,418;457,886;0,522;
429,749;471,376;0,539;
417,463;483,537;0,558;
401,221;499,779;0,573;
385,752;513,873;0,59;
367;533;0,607;
350,83;549,805;0,623;
333,975;566,29;0,639;
315,082;584,918;0,657;
300,329;599,671;0,673;
280,797;616,944;0,694;
266,745;630,005;0,708;
252,435;643,214;0,724;
243,69;656,747;0,74;
231,293;666,488;0,756;
221,917;677,261;0,774;
213,958;686,042;0,792;
206,083;691,94;0,809;
199,442;695,279;0,823;
193,813;699,95;0,841;
191,058;701,628;0,856;
189,053;703,946;0,924;
194,837;700,054;0,943;
199,343;697,828;0,956;
206,098;696,817;0,973;
211,506;695,699;0,99;
223,333;696;1,007;
240;693;1,024;
260;695,5;1,04;
287,364;695;1,056;
312,687;695,943;1,074;
336,399;697,067;1,093;
362,725;698,205;1,109;
385,463;698;1,124;
410,249;700,841;1,141;
429,5;701,5;1,158;
450;699,5;1,174;
464,689;700,193;1,19;
479,076;700;1,208;
487,33;700;1,224;
492,913;700;1,242;
494,601;700;1,342;
491,822;698,911;1,394;
489,794;702,309;1,523;
0;0;0;
0;0;0;
0;0;0;
0;0;0;
0;0;0;
0;0;0;
0;0;0;
0;0;0;
0;0;0;
0;0;0;
0;0;0;
0;0;0;
0;0;0;
0;0;0;
0;0;0;
0;0;0;
0;0;0;
0;0;0;
0;0;0;
0;0;0;
0;0;0;
0;0;0;
0;0;0;
0;0;0;
0;0;0;
0;0;0;
0;0;0;
0;0;0;
0;0;0;
71;;;
1523;;;
CACA;;;
;;;
185;401;0; 
224,732;395,449;0,017;
243,37;393,204;0,034;
261,367;393;0,057;
279,329;391,854;0,072;
298,526;392;0,092;
318,646;390,609;0,105;
347,414;390;0,122;
376,363;388,737;0,134;
395,005;388,75;0,152;
411,251;388,125;0,17;
427,823;388;0,187;
443,488;386,894;0,202;
458,255;388,25;0,22;
471,455;388;0,238;
485,902;388;0,254;
496,477;388;0,272;
506,388;388,71;0,289;
514,063;388,156;0,306;
518,894;388,974;0,321;
522,28;389;0,339;
525,666;389;0,372;
526,239;391,478;0,419;
523,642;393,358;0,454;
520,909;397,182;0,47;
518,584;400,624;0,491;
515,011;405,318;0,504;
508,724;411,276;0,523;
498,467;417,966;0,541;
490,135;426,56;0,557;
480,595;435,582;0,574;
469,569;444,545;0,589;
458,471;455,529;0,604;
445,874;468,126;0,623;
428,57;478,953;0,639;
418,598;494,723;0,657;
398,223;507,666;0,678;
381,83;522,492;0,707;
366,553;535,84;0,722;
337,613;562,457;0,743;
322,834;574,833;0,76;
310,113;587,886;0,78;
298,527;598,66;0,798;
286,674;610,924;0,812;
275,467;622,879;0,833;
263,373;632,274;0,854;
243,867;654,171;0,872;
234,779;662,069;0,888;
224,554;668,631;0,912;
218,011;676,387;0,931;
210,868;683,099;0,955;
195,441;694,04;0,972;
191,353;697,647;0,996;
189,5;699,5;1,013;
188,862;700,138;1,055;
191,333;700;1,104;
194,738;700;1,122;
197,928;700;1,141;
209,168;702,234;1,17;
220,381;703,238;1,179;
236,415;702,722;1,207;
253,215;704;1,221;
271,269;704;1,275;
309,463;704;1,307;
378,908;705,326;1,329;
399,828;706,461;1,36;
412,727;707,582;1,388;
439,917;710,479;1,402;
451,533;711;1,432;
461,607;711,076;1,462;
486,185;710,563;1,508;
498,401;711,2;1,53;
503,674;711,935;1,555;
508,1;710,95;1,594;
512,409;708,795;1,943;
0;0;0;
0;0;0;
0;0;0;
0;0;0;
0;0;0;
0;0;0;
0;0;0;
0;0;0;
0;0;0;
0;0;0;
0;0;0;
0;0;0;
0;0;0;
0;0;0;
0;0;0;
0;0;0;
0;0;0;
0;0;0;
0;0;0;
0;0;0;
0;0;0;
0;0;0;
0;0;0;
0;0;0;
0;0;0;
75;;;
1943;;;
CACA;;;
;;;
184;403;0; 
226,928;402,321;0,046;
294,958;396,904;0,085;
343,48;393,411;0,143;
425,069;390,302;0,192;
467,297;390;0,238;
484,456;391,291;0,292;
496;392;0,338;
497,01;393,005;0,453;
498,067;395,134;0,486;
500,125;395;0,526;
509;398,5;0,565;
508,268;400,537;0,661;
508;402,153;0,761;
508;404,095;0,827;
505,732;405,134;0,912;
506;407,146;1,028;
508,214;407;1,078;
505,821;408,089;1,111;
500,176;410,912;1,167;
487,666;427,867;1,228;
456,5;458,5;1,246;
437,008;474,171;1,271;
424,5;483;1,347;
322,5;571;1,366;
306,522;586,721;1,418;
279,125;609,885;1,485;
234,758;652,828;1,529;
211,83;674,838;1,557;
197,603;686,238;1,585;
192,341;689,878;1,605;
186,617;697,922;1,62;
184,4;700,8;1,634;
182,597;703,403;1,66;
181,166;705,668;1,675;
180,054;707,893;1,69;
178,918;710,164;1,766;
181,268;708,866;1,801;
184,537;707,821;1,816;
186,058;708;1,837;
188,366;706,817;1,865;
192,852;704,574;1,893;
199,316;705,553;1,914;
207,391;706;1,933;
218,75;707,591;1,952;
250,638;707,96;1,968;
270,776;708;1,983;
288,592;706,713;2,006;
309,406;705,589;2,029;
329,131;704,463;2,052;
368,125;703,544;2,092;
405,27;703;2,117;
439,906;703;2,151;
454,282;702;2,173;
477,297;701,259;2,193;
486,31;702;2,217;
493,28;701,12;2,239;
502,495;698,752;2,263;
506,997;701,499;2,294;
508,737;701;2,407;
505,922;701;2,64;
0;0;0;
0;0;0;
0;0;0;
0;0;0;
0;0;0;
0;0;0;
0;0;0;
0;0;0;
0;0;0;
0;0;0;
0;0;0;
0;0;0;
0;0;0;
0;0;0;
0;0;0;
0;0;0;
0;0;0;
0;0;0;
0;0;0;
0;0;0;
0;0;0;
0;0;0;
0;0;0;
0;0;0;
0;0;0;
0;0;0;
0;0;0;
0;0;0;
0;0;0;
0;0;0;
0;0;0;
0;0;0;
0;0;0;
0;0;0;
0;0;0;
0;0;0;
0;0;0;
0;0;0;
0;0;0;
61;;;
2640;;;
CACA;;;
;;;
200;397;0; 
217,337;395,98;0,015;
234,199;395;0,027;
246,728;395;0,044;
260,189;394;0,065;
273,572;394;0,076;
287,651;394;0,092;
301,749;394;0,111;
331,182;395,081;0,13;
341,834;395;0,143;
357,339;395;0,162;
373,443;396,46;0,179;
388,022;397;0,193;
401,087;397;0,209;
413,303;397;0,312;
476,355;392;0,343;
483,902;392,65;0,353;
489,1;392,225;0,376;
497,207;392;0,393;
499,354;392;0,427;
500,2;394,4;0,443;
497;395,5;0,477;
496,727;397,545;0,527;
495,823;399,353;0,545;
494,858;401,284;0,577;
491,233;406,023;0,595;
487,5;411;0,612;
479,448;419,311;0,629;
468,96;428,232;0,645;
462,947;437,085;0,662;
452,751;446,111;0,678;
439,994;453,913;0,697;
426,368;467,246;0,711;
417,579;476,421;0,732;
402,5;484;0,747;
391,323;495,909;0,767;
381,103;504,142;0,78;
370,96;514,04;0,795;
363,126;525,249;0,813;
350,704;536,087;0,828;
340,785;547,572;0,847;
330,5;559;0,862;
318,5;569;0,88;
308,266;580,167;0,896;
297,395;592,465;0,913;
288,112;602,874;0,929;
276,912;615,197;0,946;
266,894;625,106;0,965;
256,862;633,789;0,986;
248,625;644,325;1,006;
241,844;651,563;1,038;
234,578;658,422;1,061;
222,333;672,611;1,087;
217,636;677,364;1,108;
208,816;685,888;1,122;
205,134;688,866;1,133;
202,205;692,393;1,155;
198,85;696,15;1,182;
194,779;701,026;1,202;
191;705;1,213;
189,821;706,179;1,285;
192,269;706;1,313;
195,861;705;1,335;
203,085;705;1,348;
213,58;705;1,364;
222,411;703,699;1,38;
238,252;704;1,398;
254;702,5;1,425;
272,299;702;1,44;
288,645;699,719;1,452;
305,112;700,748;1,465;
321,481;698,931;1,481;
335,159;700,089;1,499;
349,561;700;1,517;
367,762;701,36;1,533;
379,918;701;1,551;
397,064;702;1,567;
409,416;702;1,581;
421,615;702;1,599;
431,876;702,986;1,615;
443,12;703;1,641;
452,481;704,247;1,655;
459,192;705;1,671;
467,036;705,504;1,688;
475,202;706,6;1,74;
486,5;708,5;1,75;
487,112;708;1,885;
487;705,987;2,063;
0;0;0;
0;0;0;
0;0;0;
0;0;0;
0;0;0;
0;0;0;
0;0;0;
0;0;0;
0;0;0;
0;0;0;
0;0;0;
0;0;0;
88;;;
2063;;;
CACA;;;
;;;
194;408;0; 
216,6;406,973;0,025;
238,167;406;0,052;
269,695;405;0,112;
310,5;405;0,118;
351,53;405;0,134;
370,267;403,763;0,154;
387,821;404;0,171;
403,358;402,489;0,184;
417,905;401,176;0,201;
431,078;400;0,22;
443,131;398,34;0,236;
454,73;398;0,262;
461,593;396,901;0,273;
468,327;395,779;0,285;
476,451;396;0,31;
482,403;396;0,319;
485,774;396;0,337;
488,427;395,286;0,353;
490,677;395;0,369;
492;395;0,389;
493,082;395;0,518;
494,107;397,215;0,542;
491,897;403,205;0,56;
489,441;405,559;0,576;
484,352;412,06;0,592;
475,5;423,5;0,607;
461,947;436,398;0,624;
448,633;448,773;0,638;
432,275;461,98;0,665;
415,191;474,593;0,678;
397,995;488,851;0,686;
383,184;502,522;0,712;
369,474;515,348;0,72;
357,5;529,5;0,76;
330,426;558,354;0,772;
316,295;572,705;0,789;
305,056;586,927;0,804;
291,202;600,798;0,825;
277,96;615,294;0,838;
267,013;628,785;0,855;
256;640,5;0,871;
246;653;0,891;
237,719;663,79;0,908;
228,17;672,96;0,925;
222,999;682,003;0,945;
216,232;688,768;0,96;
209,607;695,393;0,975;
202,851;699,433;0,989;
197,591;702,446;1,028;
193;709,456;1,04;
193;711;1,105;
195,143;708,929;1,224;
257,988;698,573;1,247;
279,262;697,671;1,323;
359,23;698;1,363;
417,759;698,816;1,38;
434,79;702,958;1,422;
459,985;703,554;1,456;
483,684;705;1,475;
487,154;703,949;1,489;
490,524;704;1,508;
492,594;702,703;1,539;
494,537;703;1,591;
496,535;700,465;1,64;
497,055;698,889;1,694;
499,522;699;1,724;
501,537;697,732;1,918;
0;0;0;
0;0;0;
0;0;0;
0;0;0;
0;0;0;
0;0;0;
0;0;0;
0;0;0;
0;0;0;
0;0;0;
0;0;0;
0;0;0;
0;0;0;
0;0;0;
0;0;0;
0;0;0;
0;0;0;
0;0;0;
0;0;0;
0;0;0;
0;0;0;
0;0;0;
0;0;0;
0;0;0;
0;0;0;
0;0;0;
0;0;0;
0;0;0;
0;0;0;
0;0;0;
0;0;0;
0;0;0;
68;;;
1918;;;
CACA;;;
;;;
194;404;0; 
213,282;402,985;0,019;
231,901;401,74;0,037;
244,646;400,613;0,053;
261;399,5;0,134;
344,431;403;0,152;
361,617;403;0,177;
374,357;403;0,185;
389,345;404,488;0,204;
402,5;401;0,219;
414,758;403;0,236;
426,546;403;0,258;
436,765;403,974;0,281;
447,99;404;0,291;
456,75;405,219;0,303;
465,763;405;0,323;
473,245;406,464;0,337;
481,523;407,587;0,353;
488,285;408,714;0,371;
494,148;409,83;0,387;
500,743;410,957;0,404;
505,33;412,082;0,424;
509,819;413,205;0,438;
511,663;414,332;0,475;
512,268;416,536;0,624;
498,614;433,741;0,66;
480,815;453,185;0,682;
467,523;466,39;0,808;
367,064;552,92;0,829;
355,527;564,326;0,839;
344,344;574,391;0,865;
334,463;585,93;0,881;
323,864;596,109;0,899;
313,298;606,335;0,926;
295,953;625,166;0,942;
286,964;633,031;0,964;
278,226;641,774;0,977;
271,516;648,484;0,992;
261,991;656,633;1,007;
256,01;659,993;1,026;
252,146;664,472;1,055;
248,04;668,96;1,072;
240,036;676,964;1,089;
234,446;682,554;1,106;
228,818;685,709;1,123;
224,567;686,358;1,14;
220,097;690,427;1,157;
218,797;691,602;1,219;
214,04;694,96;1,306;
212,464;696,536;1,349;
216,656;695;1,358;
227,488;693,93;1,375;
241,341;694;1,391;
252,18;692,682;1,408;
266,315;691,557;1,426;
282,331;690,436;1,445;
296,938;689,312;1,461;
312,337;688,19;1,489;
328,033;688;1,507;
343,72;688;1,518;
361,633;687;1,597;
423,478;686;1,648;
467,157;688;1,658;
474,964;689,281;1,677;
481,424;689;1,692;
488;689;1,737;
492;690,5;1,767;
493,539;690;1,848;
496,661;688,17;1,859;
498,747;688,873;1,876;
499,537;689,268;1,908;
501,536;689;2,229;
0;0;0;
0;0;0;
0;0;0;
0;0;0;
0;0;0;
0;0;0;
0;0;0;
0;0;0;
0;0;0;
0;0;0;
0;0;0;
0;0;0;
0;0;0;
0;0;0;
0;0;0;
0;0;0;
0;0;0;
0;0;0;
0;0;0;
0;0;0;
0;0;0;
0;0;0;
0;0;0;
0;0;0;
0;0;0;
0;0;0;
0;0;0;
0;0;0;
72;;;
2229;;;
CACA;;;
;;;
188;422;0; 
225,135;413,153;0,041;
253,378;410,802;0,076;
266,181;411;0,087;
288,706;411;0,105;
307,664;411,698;0,136;
332,335;412;0,154;
344,752;412;0,164;
355,934;413,193;0,18;
368,38;413;0,197;
380,6;413;0,217;
392,5;411,5;0,233;
406,48;411,32;0,247;
418,889;411;0,264;
432,91;410,084;0,285;
444,414;410;0,305;
457,082;410;0,323;
469,256;410;0,375;
498,617;411,66;0,4;
509,549;412,887;0,423;
513,05;413;0,505;
512,236;415,882;0,551;
507,978;418,011;0,567;
505,744;419,128;0,582;
503,511;421,489;0,6;
499,869;421;0,616;
496,5;425,5;0,633;
492,123;429,502;0,651;
485,766;435,487;0,668;
474,416;442,228;0,685;
461,214;451,839;0,701;
447,798;461,901;0,716;
427,937;473,39;0,751;
411,93;485,928;0,773;
379,036;508,804;0,854;
305,299;567,493;0,879;
294,533;577,12;0,899;
280,773;589,757;0,916;
270,689;598,721;0,936;
252,007;617,49;0,953;
244,27;625,73;0,969;
238,76;633,335;0,991;
231,745;637,837;1,026;
225,149;647,468;1,044;
219,731;657,837;1,058;
215,234;664,148;1,068;
210,739;671,706;1,087;
203,646;680,261;1,108;
198,743;685,257;1,125;
194,34;688,66;1,145;
189,765;693,235;1,166;
189,163;695,837;1,18;
187;698;1,217;
188;699,36;1,234;
190,043;699;1,268;
193,423;699;1,287;
195,784;697,608;1,306;
204,046;698,505;1,336;
216,08;699,644;1,37;
251,409;700;1,411;
313,453;698,476;1,437;
352,957;699,995;1,452;
377,13;699,362;1,471;
399,244;700,524;1,521;
440,123;703;1,545;
469,927;704;1,596;
493,973;705,496;1,656;
516,865;707;1,694;
522;707;1,752;
521;709,215;2,037;
0;0;0;
0;0;0;
0;0;0;
0;0;0;
0;0;0;
0;0;0;
0;0;0;
0;0;0;
0;0;0;
0;0;0;
0;0;0;
0;0;0;
0;0;0;
0;0;0;
0;0;0;
0;0;0;
0;0;0;
0;0;0;
0;0;0;
0;0;0;
0;0;0;
0;0;0;
0;0;0;
0;0;0;
0;0;0;
0;0;0;
0;0;0;
0;0;0;
0;0;0;
0;0;0;
70;;;
2037;;;
CACA;;;
;;;
188;399;0; 
204,467;396,942;0,018;
220,29;395,643;0,035;
233,918;394,507;0,053;
244,622;394;0,069;
257,047;394;0,085;
268,429;393,157;0,101;
280,754;393;0,117;
304,731;394,079;0,135;
313,587;394;0,154;
325,144;394;0,17;
336,487;394;0,186;
343,629;394,579;0,201;
356,11;395;0,218;
365,662;395,809;0,234;
373,636;395,052;0,251;
384,741;396,074;0,273;
394,859;396;0,288;
400,778;396;0,304;
407,404;397,401;0,32;
417,091;397,566;0,335;
424,434;398,687;0,352;
430,056;399;0,372;
435,727;399,945;0,388;
442,272;400;0,408;
450,297;401,185;0,423;
454,149;401;0,436;
458,728;402,432;0,477;
462,14;402;0,507;
472,568;403,856;0,519;
475,9;404;0,537;
479,455;402,848;0,556;
482,718;403;0,58;
485,167;403,611;0,597;
488,044;403,522;0,61;
490,293;404,647;0,622;
492;405,5;0,652;
494,809;405;0,67;
496,13;407,13;0,707;
498,37;408,185;0,754;
498;410,354;0,786;
495,076;415,849;0,807;
492,921;421,197;0,825;
487,418;428,815;0,837;
478,864;438,441;0,853;
466,66;446,038;0,873;
457,5;456,5;0,89;
442,041;466,402;0,903;
430,448;476,552;0,922;
419,437;487,563;0,938;
401,943;500,509;0,957;
390,738;509,851;0,976;
378,262;522,738;0,989;
367,933;533,067;1,007;
354,519;544,303;1,021;
342,819;556,617;1,037;
330,049;568,293;1,055;
314,559;580,56;1,08;
304,131;592,711;1,095;
291,696;602,885;1,113;
277,098;615,302;1,126;
267,917;623,175;1,14;
258,19;631,81;1,161;
250,171;639,829;1,18;
243,875;646,95;1,193;
236,284;654,716;1,206;
230,634;659,293;1,224;
223,746;666,254;1,241;
219,788;671,515;1,259;
215,742;675,678;1,275;
211,264;680,189;1,29;
206,5;684;1,307;
202,563;686,625;1,322;
198,315;688,843;1,34;
196,007;690,993;1,357;
192,558;694,442;1,391;
190,578;696,422;1,484;
193,015;694,992;1,507;
196,419;695;1,525;
201,433;693,642;1,544;
211,097;694,51;1,559;
221;695,5;1,573;
239,497;695,75;1,593;
258,288;695,101;1,608;
278,191;695;1,623;
294,999;693,867;1,641;
315,434;695,246;1,656;
331,39;695;1,689;
348,5;696,5;1,711;
386,985;697,705;1,726;
405,266;697,171;1,741;
420,312;697,947;1,758;
434,881;698;1,775;
446,365;696,763;1,791;
454,823;698,353;1,811;
461,707;699;1,826;
468;699;1,848;
475,41;697,735;1,859;
481,252;698;1,877;
486,859;697,028;1,892;
106;;;
2156;;;
CACA;;;
;;;
190;405;0; 
226,619;403,954;0,019;
262,678;404;0,036;
283,94;403,431;0,052;
303,5;402,5;0,068;
329,281;402;0,085;
351,703;400,13;0,102;
375,304;398,938;0,118;
412,927;396,641;0,135;
431,871;397;0,153;
450,357;397;0,17;
464,735;397;0,186;
478;397;0,202;
490,367;398;0,219;
496,592;398;0,236;
505,347;401,13;0,252;
508,491;399,836;0,287;
508;402,412;0,304;
506,5;405;0,32;
502,378;405,655;0,336;
499,441;407,559;0,353;
496,287;409,809;0,372;
490,886;414,091;0,386;
484,317;422,911;0,402;
474,812;436,009;0,426;
463,074;444,141;0,452;
449,795;460,205;0,459;
435,373;473,992;0,472;
422,633;488,648;0,492;
405,892;502,581;0,503;
391,922;519,097;0,521;
376,22;533,653;0,537;
363,027;550,717;0,556;
348,11;567,642;0,572;
332,076;582,924;0,595;
314,719;599,044;0,615;
297,134;616,608;0,624;
278,319;631,363;0,637;
261,148;648,842;0,655;
247,695;658,979;0,675;
234,247;671,524;0,692;
221,451;682,839;0,706;
210,222;691,822;0,722;
201,5;697;0,738;
193,399;703,601;0,754;
190,321;707,518;0,771;
189;709,5;0,788;
188,955;710,091;0,825;
192,501;707,666;0,839;
196,381;706,54;0,856;
200,912;703,835;0,874;
205,5;702;0,89;
216,442;700,173;0,905;
230,364;697,147;0,922;
248,046;698,065;0,94;
266,133;695,608;0,955;
286,675;697,315;0,975;
307,795;695,56;0,99;
329,109;695,562;1,006;
346;696,5;1,034;
376,936;696,193;1,043;
400,585;696,933;1,056;
422,017;697;1,073;
440,996;695,824;1,089;
456,231;698,604;1,106;
466,208;698;1,123;
475,5;696,5;1,139;
481,007;698;1,156;
484,369;698;1,173;
486,829;697,086;1,193;
490,093;695,969;1,213;
492,316;695;1,224;
494,562;695;1,256;
496,526;693,737;1,534;
0;0;0;
0;0;0;
0;0;0;
0;0;0;
0;0;0;
0;0;0;
0;0;0;
0;0;0;
0;0;0;
0;0;0;
0;0;0;
0;0;0;
0;0;0;
0;0;0;
0;0;0;
0;0;0;
0;0;0;
0;0;0;
0;0;0;
0;0;0;
0;0;0;
0;0;0;
0;0;0;
0;0;0;
0;0;0;
0;0;0;
74;;;
1534;;;
CACA;;;
;;;
199;400;0; 
226,914;402;0,018;
241,768;402;0,038;
258,597;402;0,052;
274,271;400,838;0,072;
292,345;399,728;0,147;
378,74;400;0,153;
396,409;400,901;0,169;
411,297;399,977;0,237;
460,936;401;0,259;
471,362;401,272;0,31;
492,018;400;0,379;
500,496;403,248;0,502;
500;405,087;0,538;
497,462;406,269;0,58;
492,089;409,955;0,649;
489,84;414,321;0,681;
455,489;454,2;0,699;
443,916;465,258;0,709;
432,528;474,577;0,721;
422,429;484,571;0,739;
408,675;498,325;0,764;
395,312;506,458;0,787;
383,818;518,75;0,797;
371,997;529,447;0,808;
360,49;539,828;0,829;
346,859;550,801;0,855;
324,474;570,382;0,871;
312,084;580,568;0,888;
304,936;590,654;0,905;
292,796;599,363;0,922;
282;609,5;0,937;
273,5;617;0,955;
262,722;626,708;0,972;
254,655;634,345;0,989;
247,8;642,233;1,005;
241,065;648,935;1,022;
233,065;656,935;1,041;
228,019;660,585;1,057;
222,5;666,5;1,078;
218,452;672,185;1,096;
213,939;677,061;1,119;
208,57;682,43;1,146;
198,482;690,388;1,162;
194,968;694,032;1,181;
191,241;698,518;1,194;
188,995;702,005;1,215;
186,754;704,868;1,227;
185;707,5;1,323;
188,138;706;1,356;
191,456;705,272;1,374;
199,657;705;1,39;
211,712;704,026;1,408;
221,85;702,906;1,424;
235,605;700,566;1,448;
250,462;702,343;1,48;
280,977;700,419;1,511;
311,276;700;1,526;
327,19;700;1,547;
340,287;700;1,558;
357,802;697,626;1,575;
372,292;699,33;1,594;
384,455;696,258;1,609;
398;700;1,626;
407;700,5;1,642;
417;698,5;1,691;
450,445;699,181;1,719;
457,801;699;1,775;
478,936;697,656;1,808;
488,652;697;1,836;
491,041;697;1,881;
493,539;697;2,144;
495,047;697;2,415;
0;0;0;
0;0;0;
0;0;0;
0;0;0;
0;0;0;
0;0;0;
0;0;0;
0;0;0;
0;0;0;
0;0;0;
0;0;0;
0;0;0;
0;0;0;
0;0;0;
0;0;0;
0;0;0;
0;0;0;
0;0;0;
0;0;0;
0;0;0;
0;0;0;
0;0;0;
0;0;0;
0;0;0;
0;0;0;
0;0;0;
0;0;0;
73;;;
2415;;;
CACA;;;
;;;
195;405;0; 
220,18;403,951;0,056;
247,138;401,985;0,073;
300,006;396,266;0,083;
317,974;395,002;0,099;
334,819;392,757;0,118;
372,865;393;0,139;
382,773;391,633;0,15;
399,459;392;0,167;
409,154;391,385;0,188;
420,077;392,415;0,206;
429,848;393,856;0,236;
437,805;394;0,255;
456,534;396,219;0,274;
463,144;396;0,294;
469,743;394,086;0,31;
477,168;394,786;0,349;
486,42;396,807;0,384;
492,181;398,091;0,422;
495,497;400,332;0,451;
495;402,355;0,533;
493,865;404,27;0,616;
495,077;406,153;0,637;
492,944;408,056;0,652;
490,639;409,181;0,669;
488,455;412,817;0,691;
481,818;422,055;0,723;
473,653;432,812;0,75;
450,472;458,078;0,785;
422,217;488,675;0,793;
403,834;504,166;0,806;
388,049;519,951;0,82;
373,72;535,686;0,84;
358,447;549,553;0,856;
341,238;564,159;0,87;
321,237;578,101;0,897;
306,508;593,241;0,922;
276,793;621,3;0,957;
249,717;644,283;0,976;
243,09;652,395;0,988;
237;659,5;1,006;
230,009;664,991;1,085;
225,66;670,175;1,107;
219,599;683,802;1,136;
214,211;689,192;1,246;
207,73;696,541;1,265;
212,351;696;1,3;
213,811;696;1,345;
260,422;696,201;1,38;
300,152;695,458;1,391;
321,515;696;1,411;
342,623;695,319;1,43;
364,967;695,798;1,45;
389,333;696;1,462;
410,859;694,955;1,476;
430,32;695;1,489;
448,055;695;1,505;
463,062;696,433;1,523;
478;694,5;1,538;
490,5;696,5;1,555;
500,367;695,204;1,586;
508,414;695;1,596;
514,154;695;1,609;
519,666;693,867;1,637;
522,902;694;1,93;
0;0;0;
0;0;0;
0;0;0;
0;0;0;
0;0;0;
0;0;0;
0;0;0;
0;0;0;
0;0;0;
0;0;0;
0;0;0;
0;0;0;
0;0;0;
0;0;0;
0;0;0;
0;0;0;
0;0;0;
0;0;0;
0;0;0;
0;0;0;
0;0;0;
0;0;0;
0;0;0;
0;0;0;
0;0;0;
0;0;0;
0;0;0;
0;0;0;
0;0;0;
0;0;0;
0;0;0;
0;0;0;
0;0;0;
0;0;0;
0;0;0;
65;;;
1930;;;
CACA;;;
;;;
186;411;0; 
226,913;408,847;0,018;
269;404,5;0,051;
326,924;400,094;0,068;
353,773;397,852;0,084;
380,67;396,805;0,104;
404,805;395,691;0,119;
458,634;391,669;0,136;
465,5;394,5;0,153;
487;394;0,169;
500,722;396,62;0,185;
513,26;398,865;0,202;
517,167;401,111;0,219;
519,352;404,529;0,236;
519;406,598;0,269;
515,195;408,537;0,288;
511,354;411,323;0,302;
503,683;416,738;0,319;
491,963;426,212;0,336;
478,553;437,372;0,353;
462,79;448,578;0,37;
445,753;462,397;0,396;
423,339;475,839;0,415;
405,52;491,86;0,435;
383,676;508,081;0,447;
364,692;525,308;0,461;
345,805;542,407;0,47;
326,681;561,319;0,487;
306,781;578,973;0,503;
288,736;598,531;0,52;
269,555;616,066;0,538;
253,5;632,5;0,554;
239,277;648,346;0,572;
225,057;662,198;0,588;
213,305;676,303;0,605;
199,258;688,781;0,623;
189,177;699,914;0,641;
183,782;707,705;0,657;
183,643;710,714;0,676;
182,52;712,96;0,696;
187,19;711,405;0,707;
190,175;710,275;0,722;
196,092;710;0,739;
209,504;709,038;0,756;
227,457;707,909;0,773;
250,361;705,564;0,79;
278,025;703,331;0,806;
300,924;696,637;0,824;
332,461;695,244;0,843;
360,22;692,598;0,855;
388,543;690,357;0,872;
410,153;689,047;0,89;
431,397;687,926;0,905;
448,043;688;0,924;
460,889;686,676;0,94;
467,123;688,446;0,955;
470;688;1,098;
0;0;0;
0;0;0;
0;0;0;
0;0;0;
0;0;0;
0;0;0;
0;0;0;
0;0;0;
0;0;0;
0;0;0;
0;0;0;
0;0;0;
0;0;0;
0;0;0;
0;0;0;
0;0;0;
0;0;0;
0;0;0;
0;0;0;
0;0;0;
0;0;0;
0;0;0;
0;0;0;
0;0;0;
0;0;0;
0;0;0;
0;0;0;
0;0;0;
0;0;0;
0;0;0;
0;0;0;
0;0;0;
0;0;0;
0;0;0;
0;0;0;
0;0;0;
0;0;0;
0;0;0;
0;0;0;
0;0;0;
0;0;0;
0;0;0;
0;0;0;
57;;;
1098;;;
CACA;;;
;;;
183;409;0; 
452,466;387,133;0,017;
462,217;387;0,036;
472,436;387;0,054;
483,993;388,499;0,283;
521,541;396,271;0,417;
521;398,024;0,67;
519,966;400,067;0,686;
518,923;402,154;0,706;
515,202;405,798;0,721;
508,998;413,402;0,737;
497,5;420;0,755;
486,265;433,373;0,773;
473,139;443,827;0,79;
457,608;455,737;0,807;
438,855;469,103;0,822;
424,291;479,183;0,837;
404,812;491,71;0,854;
391,1;504,146;0,871;
373,469;516,531;0,887;
358,274;529,856;0,903;
343,332;542,181;0,97;
313,279;566,801;1,035;
262,348;617,181;1,06;
226,894;651,421;1,088;
216,307;660,727;1,12;
194,489;679,295;1,145;
181,728;691,272;1,153;
176,5;696,5;1,171;
174,58;697,42;1,188;
173;699;1,221;
170,193;698;1,27;
168,464;701,804;1,338;
173,357;701;1,381;
176,805;701;1,422;
188,95;705,421;1,44;
200,062;707,086;1,476;
227,789;711,358;1,561;
325,483;716,381;1,602;
365,882;718;1,627;
421,107;720,007;1,646;
438,985;720;1,663;
452,909;721;1,692;
465,579;721;1,724;
493,742;721;1,739;
499,372;720,126;1,759;
502,977;720;1,78;
506,352;720;1,812;
510,733;718,633;2,009;
507,917;717,959;2,411;
0;0;0;
0;0;0;
0;0;0;
0;0;0;
0;0;0;
0;0;0;
0;0;0;
0;0;0;
0;0;0;
0;0;0;
0;0;0;
0;0;0;
0;0;0;
0;0;0;
0;0;0;
0;0;0;
0;0;0;
0;0;0;
0;0;0;
0;0;0;
0;0;0;
0;0;0;
0;0;0;
0;0;0;
0;0;0;
0;0;0;
0;0;0;
0;0;0;
0;0;0;
0;0;0;
0;0;0;
0;0;0;
0;0;0;
0;0;0;
0;0;0;
0;0;0;
0;0;0;
0;0;0;
0;0;0;
0;0;0;
0;0;0;
0;0;0;
0;0;0;
0;0;0;
0;0;0;
0;0;0;
0;0;0;
0;0;0;
0;0;0;
0;0;0;
50;;;
2411;;;
CACA;;;
;;;
198;398;0; 
217,565;398;0,019;
238,809;398;0,035;
259,748;396,514;0,053;
279,508;395,394;0,068;
301,567;393,543;0,085;
323,132;392,151;0,104;
345,515;391,024;0,118;
392,052;391;0,135;
408,683;392,217;0,152;
433,209;394,687;0,17;
452,417;394;0,185;
467,255;395,59;0,201;
482,997;396,714;0,219;
494,512;397;0,236;
508,396;398,907;0,256;
516,565;400,081;0,274;
520,811;401,203;0,286;
526,617;403,647;0,302;
529,33;404,443;0,337;
529,266;406,531;0,384;
526,64;407,18;0,403;
523,739;409,174;0,42;
521,406;410,297;0,438;
516,271;412,864;0,454;
500,74;422,956;0,471;
486,5;431,5;0,487;
470,105;443,344;0,503;
455,088;453,247;0,521;
436,298;465,454;0,536;
421,895;476,619;0,553;
398,203;490,478;0,571;
381,587;506,611;0,589;
362,5;520,5;0,605;
341,943;540,106;0,621;
320,451;558,216;0,64;
301,601;575,499;0,654;
281,588;593,366;0,672;
264,847;610,153;0,688;
246,856;626,885;0,707;
232,913;642,479;0,723;
215,91;658,584;0,738;
198,858;672,607;0,756;
186,182;685,333;0,771;
175,203;695,917;0,787;
163,063;705,948;0,814;
159,749;712,376;0,839;
157,503;715,745;0,856;
160,489;715;0,871;
163,838;714;0,887;
167,906;714;0,904;
178,452;714,859;0,936;
195,712;715,982;0,956;
215,158;717;0,974;
262,687;715,651;1;
287,45;715,527;1,012;
312,36;715;1,024;
337,081;714,282;1,039;
363,213;714,842;1,104;
435,014;712,799;1,118;
450,971;712;1,142;
462,629;712,454;1,162;
478,076;713,321;1,19;
482,444;713;1,206;
489,205;713;1,222;
492,55;711,817;1,239;
494,632;712;1,273;
496,537;712;1,306;
498,041;712;1,412;
0;0;0;
0;0;0;
0;0;0;
0;0;0;
0;0;0;
0;0;0;
0;0;0;
0;0;0;
0;0;0;
0;0;0;
0;0;0;
0;0;0;
0;0;0;
0;0;0;
0;0;0;
0;0;0;
0;0;0;
0;0;0;
0;0;0;
0;0;0;
0;0;0;
0;0;0;
0;0;0;
0;0;0;
0;0;0;
0;0;0;
0;0;0;
0;0;0;
0;0;0;
0;0;0;
0;0;0;
69;;;
1412;;;
CACA;;;
;;;
187;410;0; 
232,431;408,178;0,018;
251,589;407,083;0,034;
269,118;405,925;0,058;
284,494;406;0,096;
315,508;406;0,118;
336,228;406;0,152;
368,798;406;0,193;
409,71;404,845;0,202;
423,503;405;0,223;
435,653;405;0,238;
446,445;405,456;0,253;
457,003;405;0,27;
467,05;405,783;0,288;
478,003;406;0,303;
487,251;406;0,32;
495,092;407,156;0,34;
500,382;407;0,37;
507,022;408;0,382;
512,092;408;0,41;
517,528;409;0,435;
519;409;0,47;
518;411,129;0,507;
514,252;413,499;0,525;
509,869;418,131;0,541;
498,983;426,011;0,558;
489,024;436,721;0,579;
475,049;445,97;0,624;
426,478;485,142;0,683;
409,736;501,347;0,731;
339,644;565,464;0,763;
303,342;598,582;0,833;
233,778;660,577;0,88;
217,62;675,38;0,906;
207,089;686,911;0,94;
205,467;689,8;0,975;
204,73;691,539;1,007;
203,939;693,123;1,024;
206,587;693;1,062;
208,525;693;1,115;
213,356;693,785;1,146;
227,541;696,045;1,177;
254,287;698;1,2;
285,804;698,477;1,238;
318,374;698,227;1,275;
352,369;697,023;1,309;
404,834;696;1,332;
417,703;694;1,349;
431,006;694;1,369;
442,499;692,5;1,389;
452,956;692,884;1,418;
468,751;691,875;1,439;
475,502;691;1,47;
487,437;689,513;1,511;
500,423;689;1,624;
507,536;688;1,792;
504,923;689,038;2,05;
0;0;0;
0;0;0;
0;0;0;
0;0;0;
0;0;0;
0;0;0;
0;0;0;
0;0;0;
0;0;0;
0;0;0;
0;0;0;
0;0;0;
0;0;0;
0;0;0;
0;0;0;
0;0;0;
0;0;0;
0;0;0;
0;0;0;
0;0;0;
0;0;0;
0;0;0;
0;0;0;
0;0;0;
0;0;0;
0;0;0;
0;0;0;
0;0;0;
0;0;0;
0;0;0;
0;0;0;
0;0;0;
0;0;0;
0;0;0;
0;0;0;
0;0;0;
0;0;0;
0;0;0;
0;0;0;
0;0;0;
0;0;0;
0;0;0;
0;0;0;
57;;;
2050;;;
CACA;;;
;;;
192;403;0; 
235,037;402,151;0,04;
243,5;401,5;0,135;
370,156;395,168;0,16;
384,471;395;0,191;
412,55;391,196;0,204;
427,135;392,318;0,22;
438,863;389,116;0,24;
450,13;388,57;0,267;
459,538;388,308;0,3;
478,449;387,931;0,33;
485,269;388;0,345;
496,499;387,7;0,368;
501,708;387;0,373;
506,742;387,548;0,387;
510,987;388,662;0,403;
513,583;389;0,42;
515;389;0,445;
515,019;391,037;0,522;
512,358;393,821;0,535;
512;395,539;0,553;
510,201;398,698;0,57;
504,886;404,114;0,586;
500,426;408,574;0,609;
494,656;414,344;0,627;
487,667;424,111;0,638;
479,899;433,101;0,659;
472;441;0,673;
462,215;451,539;0,687;
453,858;461,019;0,734;
429,883;483,365;0,752;
404,144;506,735;0,777;
393,589;517,411;0,792;
382,361;528,036;0,805;
370,859;537,713;0,829;
361,347;548,316;0,843;
349,888;559,193;0,855;
339,147;567,664;0,875;
328,98;578,02;0,887;
317,422;586,862;0,907;
308,226;597,246;0,924;
299,243;607,946;0,939;
287,389;617,741;0,955;
277,289;625,872;0,976;
268,415;634,585;1,006;
260,498;642,669;1,025;
248,339;657,994;1,041;
241,374;664,626;1,065;
234,538;669,308;1,083;
227,092;675,207;1,092;
222,533;681,112;1,106;
218,235;684,824;1,122;
214,802;687,132;1,14;
211,427;690,573;1,158;
208,066;693,934;1,175;
206,12;695,88;1,191;
202,852;698,148;1,212;
201,312;700,376;1,228;
201;703,421;1,25;
201;705,5;1,289;
203,149;704;1,307;
208,675;705,419;1,324;
210;703,5;1,345;
218,875;705;1,362;
233,769;705,785;1,373;
247,902;706;1,391;
263,376;706;1,407;
282,475;706;1,423;
297,902;706;1,442;
317,606;707,389;1,458;
332;705,5;1,474;
349,537;707;1,49;
366,402;707;1,507;
382,37;707;1,526;
398,005;708;1,542;
411,56;706,87;1,56;
424,877;708,24;1,576;
434,413;709,379;1,593;
446,952;710,505;1,61;
456,971;710;1,624;
467,39;711,478;1,642;
477,77;711,137;1,66;
486,921;709,02;1,675;
492,579;709;1,696;
498,229;707,754;1,712;
506,527;706,639;1,734;
512,383;706,539;1,805;
519,976;704,012;1,842;
520,536;703,732;1,99;
0;0;0;
0;0;0;
0;0;0;
0;0;0;
0;0;0;
0;0;0;
0;0;0;
0;0;0;
0;0;0;
0;0;0;
0;0;0;
89;;;
1990;;;
CACA;;;
190;405;0; 
235,757;400,386;0,036;
258,918;398,108;0,049;
303,925;392,411;0,068;
325,081;390,36;0,084;
349,513;388,094;0,108;
385,566;385,878;0,12;
417,713;385;0,133;
440,582;384,21;0,149;
460,66;384,921;0,169;
483,036;385;0,184;
500,16;383,865;0,203;
515,562;385,254;0,221;
524,466;385;0,245;
529,123;386;0,278;
533;386;0,304;
529,819;389,091;0,333;
527,713;390,143;0,352;
526,62;392,76;0,376;
521,844;395,63;0,39;
513,784;401,912;0,401;
504,775;408,669;0,421;
494,192;415,285;0,435;
484,914;423,075;0,453;
476,005;431,995;0,468;
462,345;441,991;0,487;
451,168;452,449;0,503;
435,959;465,041;0,52;
424;477;0,542;
407,394;492,899;0,562;
392,229;506,943;0,574;
373,994;522,005;0,586;
360,82;536,278;0,604;
343,338;551,174;0,621;
330,652;567,073;0,637;
312,993;578,138;0,655;
300,083;594,917;0,673;
284,703;611,032;0,688;
269,879;626,121;0,705;
257,049;640,776;0,72;
248,375;653,982;0,74;
238,44;665,906;0,754;
227,864;676,136;0,772;
222,392;685,913;0,792;
217,299;690,834;0,809;
213,826;695,174;0,822;
211,5;697,5;0,868;
215,099;697,049;0,921;
217,358;698,179;0,952;
228,439;697,173;0,97;
240,419;697;0,986;
253,787;695,934;1,027;
289,673;694;1,289;
500,5;700,5;1,425;
506,258;701,129;2,614;
0;0;0;
0;0;0;
0;0;0;
0;0;0;
0;0;0;
0;0;0;
0;0;0;
0;0;0;
0;0;0;
0;0;0;
0;0;0;
0;0;0;
0;0;0;
0;0;0;
0;0;0;
0;0;0;
0;0;0;
0;0;0;
0;0;0;
0;0;0;
0;0;0;
0;0;0;
0;0;0;
0;0;0;
0;0;0;
0;0;0;
0;0;0;
0;0;0;
0;0;0;
0;0;0;
0;0;0;
0;0;0;
0;0;0;
0;0;0;
0;0;0;
0;0;0;
0;0;0;
0;0;0;
0;0;0;
0;0;0;
0;0;0;
0;0;0;
0;0;0;
0;0;0;
0;0;0;
55;;;
2614;;;
CACA;;;
;;;
189;400;0; 
208,801;395,831;0,017;
229,229;393,253;0,079;
287,648;389;0,09;
302,27;389;0,107;
332,501;391,259;0,13;
344,24;391;0,143;
361,993;391;0,16;
373,753;392,479;0,177;
387,29;392,638;0,19;
399,606;394,521;0,218;
410,854;394,115;0,239;
424,003;397;0,255;
433,913;397,101;0,264;
444,156;398,24;0,278;
453,844;399,316;0,294;
458,5;399;0,344;
472,807;400;0,375;
487,258;401;0,391;
490,686;402,229;0,408;
492,725;403,363;0,426;
494,974;403;0,442;
497;403;0,468;
499;404,5;0,492;
500,542;405,271;0,581;
501,107;407,215;0,591;
498,469;408,266;0,624;
494,169;412,831;0,642;
491,947;417,107;0,659;
487,173;424,241;0,676;
480,018;436,303;0,704;
470,851;444,149;0,744;
446,97;470,095;0,769;
417,661;500,288;0,786;
399,088;513,644;0,804;
383,494;528,969;0,825;
368,332;541,362;0,845;
339;568,5;0,859;
322,995;581,671;0,876;
310,138;593,862;0,895;
299,771;604,229;0,916;
287,591;615,372;0,956;
270,765;633,235;0,977;
251,5;652,5;0,994;
245,391;659,609;1,01;
238,604;666,396;1,028;
229,095;672,391;1,044;
223,999;680,003;1,06;
218,396;685,604;1,082;
212,804;688,718;1,094;
208,506;693,494;1,112;
204;698;1,128;
200,105;699,895;1,144;
197,5;702,5;1,228;
201,098;701;1,38;
236,424;709,327;1,398;
248,659;707,566;1,413;
262,003;708;1,431;
275,78;707,185;1,445;
290,566;708,933;1,464;
307,352;707,91;1,479;
321,69;708;1,498;
340,361;706,665;1,514;
353,971;707;1,546;
371,778;705,435;1,556;
389,465;704,307;1,574;
404,881;703,177;1,589;
421,237;702,051;1,614;
444,916;699,808;1,645;
456,527;700,684;1,663;
465,504;699,562;1,684;
482,394;699;1,768;
496,302;697,849;1,791;
499,412;697;1,805;
500,539;697;1,839;
502,536;694,464;1,884;
506,284;695,142;2,111;
0;0;0;
0;0;0;
0;0;0;
0;0;0;
0;0;0;
0;0;0;
0;0;0;
0;0;0;
0;0;0;
0;0;0;
0;0;0;
0;0;0;
0;0;0;
0;0;0;
0;0;0;
0;0;0;
0;0;0;
0;0;0;
0;0;0;
0;0;0;
0;0;0;
0;0;0;
0;0;0;
77;;;
2111;;;
CACA;;;
;;;
190;407;0; 
316,5;397,5;0,022;
337,143;397;0,033;
359,491;397,718;0,054;
372,974;398;0,092;
401,894;397;0,123;
426,771;397;0,136;
437,831;397;0,15;
449,68;397;0,169;
458,111;397;0,18;
463;397;0,194;
477,27;397;0,213;
484,387;397;0,229;
488,707;397;0,251;
492,904;397;0,281;
503,203;397,525;0,338;
513;398;0,379;
514,532;398;0,539;
515,049;400,098;0,762;
439,932;465,211;0,803;
398,414;504,233;0,831;
383,195;518,319;0,852;
352,095;545,724;0,875;
338,745;559,097;0,905;
308,758;583,146;0,931;
298,579;594,761;0,954;
275,866;617,134;1,013;
244,556;648,271;1,204;
231;662;1,282;
181,358;717,179;1,351;
184,917;717;1,436;
207,989;716,253;1,473;
237,529;711,494;1,491;
249,55;709,621;1,511;
265,437;708,007;1,541;
300,465;703,504;1,595;
353,477;699,098;1,619;
385,628;697,339;1,652;
410,5;697,5;1,674;
422,498;698;1,726;
444,448;698,09;1,758;
454,103;700,276;1,805;
460,324;701;1,832;
462,624;701;1,921;
468,169;701;1,951;
480,699;702;1,993;
485,095;703;2,047;
487,539;703;2,07;
489,357;703;2,175;
491,118;703;2,209;
493,533;703;2,271;
496,084;704,028;2,569;
0;0;0;
0;0;0;
0;0;0;
0;0;0;
0;0;0;
0;0;0;
0;0;0;
0;0;0;
0;0;0;
0;0;0;
0;0;0;
0;0;0;
0;0;0;
0;0;0;
0;0;0;
0;0;0;
0;0;0;
0;0;0;
0;0;0;
0;0;0;
0;0;0;
0;0;0;
0;0;0;
0;0;0;
0;0;0;
0;0;0;
0;0;0;
0;0;0;
0;0;0;
0;0;0;
0;0;0;
0;0;0;
0;0;0;
0;0;0;
0;0;0;
0;0;0;
0;0;0;
0;0;0;
0;0;0;
0;0;0;
0;0;0;
0;0;0;
0;0;0;
0;0;0;
0;0;0;
0;0;0;
0;0;0;
0;0;0;
52;;;
2569;;;
CACA;;;
;;;
189;408;0; 
215,127;404,865;0,019;0,019
242,779;400,683;0,018;0,037
264,118;397,314;0,037;0,074
305,135;392,407;0,03;0,104
325,608;389,232;0,02;0,124
391,449;383,491;0,027;0,151
424,224;383,415;0,021;0,172
440,011;383,461;0,03;0,202
464;384,5;0,021;0,223
480,785;384,899;0,07;0,293
505,674;388,279;0,058;0,351
514;392,5;0,031;0,382
518,536;394,268;0,049;0,431
518;396,252;0,053;0,484
515,642;398,358;0,121;0,605
479,675;437,325;0,052;0,657
454,309;460,663;0,025;0,682
420,776;486,794;0,017;0,699
388,483;513,121;0,018;0,717
374,957;527,043;0,018;0,735
362,892;539,819;0,019;0,754
349,198;553,802;0,015;0,769
337,467;566,487;0,017;0,786
325,162;579,915;0,015;0,801
310,385;594,615;0,048;0,849
271,5;633;0,05;0,899
248,688;658,312;0,016;0,915
238,587;668,413;0,027;0,942
218,767;685,705;0,049;0,991
206,729;694,271;0,028;1,019
199,212;697,788;0,022;1,041
200,833;697,084;0,027;1,068
203,07;698,035;0,018;1,086
206,428;696,857;0,039;1,125
209,792;695,736;0,025;1,15
215,082;696,771;0,027;1,177
224,046;697;0,016;1,193
238,095;698;0,016;1,209
250,813;697,861;0,024;1,233
265,947;697,263;0,021;1,254
298;698;0,014;1,268
316,083;699,37;0,016;1,284
334,039;700,505;0,017;1,301
353,602;701,867;0,017;1,318
371,973;702,998;0,044;1,362
393,255;704,119;0,017;1,379
422,996;705;0,011;1,39
435,391;705,49;0,023;1,413
447,671;706;0,012;1,425
457,119;706;0,01;1,435
464,154;706;0,017;1,452
472,824;706;0,035;1,487
482,666;707;0,018;1,505
486,044;707;0,015;1,52
487,937;705,531;0,055;1,575
489,533;704,733;0,029;1,604
491,044;702,956;0,049;1,653
493,302;701,849;0,083;1,736
494,107;699,786;0,118;1,854
498,358;697,821;0,027;1,881
501,062;695,959;0,023;1,904
503,289;696;0,051;1,955
506,536;696;0,068;2,023
503,943;694,972;0,191;2,214
0;0;0;2,214
0;0;0;2,214
0;0;0;2,214
0;0;0;2,214
0;0;0;2,214
0;0;0;2,214
0;0;0;2,214
0;0;0;2,214
0;0;0;2,214
0;0;0;2,214
0;0;0;2,214
0;0;0;2,214
0;0;0;2,214
0;0;0;2,214
0;0;0;2,214
0;0;0;2,214
0;0;0;2,214
0;0;0;2,214
0;0;0;2,214
0;0;0;2,214
0;0;0;2,214
0;0;0;2,214
0;0;0;2,214
0;0;0;2,214
0;0;0;2,214
0;0;0;2,214
0;0;0;2,214
0;0;0;2,214
0;0;0;2,214
0;0;0;2,214
0;0;0;2,214
0;0;0;2,214
0;0;0;2,214
0;0;0;2,214
0;0;0;2,214
65;;;
2214;;;
CACA;;;
