212,399,0,248.835,400,0.018,265.198,397.574,0.034,283.438,395.32,0.053,301.179,393.103,0.07,319.5,392.5,0.085,339.662,390.297,0.107,373.987,388.344,0.12,396.551,388.919,0.135,410.977,390.081,0.151,428.985,391.187,0.169,439.199,392.32,0.186,454.683,396.311,0.203,464,395,0.22,477.906,393.364,0.236,488.634,394.61,0.253,495.519,397.76,0.269,502.222,400.074,0.289,511.279,401.16,0.313,512.545,403.545,0.342,514.496,405.496,0.373,507.968,411.274,0.396,500.903,415.484,0.412,492.983,419.007,0.455,460.053,441.153,0.485,447.847,448.313,0.492,435.668,458.517,0.504,424.778,468.778,0.522,410.247,478.555,0.54,398.323,492.58,0.554,384.616,502.266,0.572,370.596,516.404,0.588,359.76,532.537,0.607,343.423,543.382,0.622,332.4,557.16,0.641,319.463,568.403,0.656,309.626,579.764,0.672,296.716,592.343,0.689,283.757,603.202,0.788,226.017,656.36,0.806,212.445,669.466,0.84,207.966,677.06,0.867,202.747,683.759,0.913,204.178,685.356,1.004,234.657,692.331,1.029,265.217,694.444,1.047,279.858,695.571,1.06,295.329,696.689,1.095,330.847,697.939,1.107,347.767,698,1.129,370.744,698.152,1.151,390.849,698.715,1.174,431.5,699.5,1.191,447.5,696,1.209,473.536,694.235,1.239,493.215,693.105,1.248,512.319,693,1.257,523.322,691.868,1.274,535.85,690.741,1.475,0,0,0,0,0,0,0,0,0,0,0,0,0,0,0,0,0,0,0,0,0,0,0,0,0,0,0,0,0,0,0,0,0,0,0,0,0,0,0,0,0,0,0,0,0,0,0,0,0,0,0,0,0,0,0,0,0,0,0,0,0,0,0,0,0,0,0,0,0,0,0,0,0,0,0,0,0,0,0,0,0,0,0,0,0,0,0,0,0,0,0,0,0,0,0,0,0,0,0,0,0,0,0,0,0,0,0,0,0,0,0,0,0,0,0,0,0,0,0,0,0,0,0,59,1475,MJHP,
219,401,0,261.173,399.13,0.017,269.288,399,0.034,280.93,399,0.048,294.979,399,0.071,311.32,397.549,0.087,329,396.5,0.1,345.709,395.353,0.115,372.363,392.626,0.136,390.558,392,0.149,402.252,392,0.167,415.893,393.158,0.188,430.59,391.724,0.201,439.742,392,0.217,454,393.5,0.238,461.999,392,0.252,471.585,393.463,0.268,479.22,394.87,0.283,485.044,396.009,0.3,488.411,397.137,0.335,491.533,398.178,0.368,491,401.8,0.402,492.266,404.798,0.433,490.919,411.324,0.456,488.554,415.892,0.467,486.38,422.861,0.489,479.659,434.213,0.503,469.131,440.328,0.517,459.686,449.979,0.534,447.351,461.845,0.553,433.043,474.117,0.57,417.687,489.313,0.585,400.917,502.666,0.601,388.636,514.058,0.62,369.425,532.164,0.639,361,544,0.655,344.527,561.719,0.668,330.358,577.384,0.688,317.876,590.953,0.703,307.15,603.816,0.719,292.18,621.1,0.735,280.269,631.483,0.759,270.232,645.522,0.776,259.386,657.153,0.787,249.85,668.522,0.801,242.666,679.5,0.823,233.048,687.301,0.845,226.333,693.667,0.855,221.638,699.453,0.869,218.338,705.104,0.89,216.354,709.292,0.912,214.141,710.859,0.987,217.213,711.107,1.013,222.866,710,1.03,230.709,709.458,1.043,242.829,708,1.054,256,708,1.07,271.084,707,1.09,285.004,707,1.108,301.965,707,1.12,320.172,707,1.137,340.363,707,1.153,356.809,707,1.177,376.499,708.382,1.195,392.108,707.948,1.206,408.446,709,1.22,424.318,709.737,1.238,440.836,710,1.262,457.403,710.96,1.281,468.814,712,1.293,481.163,712,1.31,489.709,712,1.326,491.267,712,1.482,0,0,0,0,0,0,0,0,0,0,0,0,0,0,0,0,0,0,0,0,0,0,0,0,0,0,0,0,0,0,0,0,0,0,0,0,0,0,0,0,0,0,0,0,0,0,0,0,0,0,0,0,0,0,0,0,0,0,0,0,0,0,0,0,0,0,0,0,0,0,0,0,0,0,0,0,0,0,0,0,0,73,1482,MJHP,
211,408,0,255.34,403.253,0.017,277.676,400.049,0.033,298.214,396.631,0.047,321.038,394.496,0.064,342.185,392.244,0.088,363.5,391.5,0.103,392.025,390.411,0.117,418.109,389.288,0.132,434.128,389,0.152,449.93,389,0.17,460.941,389,0.186,469.652,389,0.199,482.572,391.65,0.221,490.903,391,0.236,496.545,392,0.25,503.713,392.673,0.269,510.817,393.803,0.283,513.834,394.917,0.3,515,395.5,0.32,516.155,397.155,0.351,516,399.441,0.386,514.735,402.794,0.402,511.768,406.232,0.416,507.406,411.492,0.438,499.753,417.176,0.459,494.248,424.128,0.469,487.373,434.441,0.483,480.681,440.319,0.505,466.5,448.5,0.522,459.21,458.988,0.535,449.36,468.164,0.554,437.577,476.853,0.568,428.03,487.962,0.585,415.849,497.942,0.601,402.415,506.723,0.618,390.201,517.108,0.635,374.843,530.209,0.652,365.086,538.322,0.672,352.438,549.848,0.684,340.666,560.5,0.701,330.472,569.58,0.718,318.207,578.577,0.735,310.635,591.145,0.751,302.798,598.202,0.769,289.236,607.464,0.785,280.5,617.5,0.802,274.254,625.068,0.818,264.811,632.591,0.835,254.699,640.456,0.852,249.852,650.332,0.868,244.223,655.777,0.885,238.608,661.392,0.904,233.019,666.981,0.92,226,672.5,0.936,223.725,679.551,0.952,221.482,682.518,0.969,219.24,684.76,0.986,218.006,686.989,1.002,216.878,689.243,1.085,219.214,690.107,1.118,223.902,690,1.136,230.463,691.077,1.152,239.609,693.402,1.169,247.283,694.326,1.187,257.989,695.443,1.204,273.799,695,1.22,288.499,695.679,1.235,303.48,695.194,1.252,318.074,695,1.269,336.839,695,1.287,350.042,695,1.303,369.887,695,1.32,381.912,693.591,1.337,401,694,1.354,410.777,694,1.37,424.25,693.229,1.387,434.121,693,1.403,444.114,694.013,1.42,453.066,692.867,1.437,459.475,693,1.454,463.485,694.371,1.472,466.489,694,1.489,470.824,694,1.504,474.931,694.733,1.52,479.421,694.145,1.538,481.96,694,1.558,485.268,694,1.578,487.426,694,1.588,489.671,694,1.605,491.913,694,1.638,495.398,694,1.654,497.638,694,1.671,499.878,694,1.688,501,694,1.721,505.501,698.401,1.814,0,0,0,0,0,0,0,0,0,0,0,0,96,1814,MJHP,
183,408,0,223.554,405.971,0.016,241.589,406,0.036,262.04,404.72,0.049,279.242,405,0.068,298.5,405,0.085,317.074,404,0.099,343.924,403.253,0.116,365.002,403.875,0.135,380.377,402.971,0.149,397.913,403,0.165,407.409,403,0.187,419.986,401.638,0.202,432.359,403.487,0.217,440.5,400,0.236,454,399.5,0.249,464.756,396.355,0.266,471.804,395.033,0.286,477.337,393.933,0.302,484.219,394,0.316,489.771,392.646,0.336,490.949,393,0.385,491.176,395.352,0.418,491,399.077,0.441,489.827,402.518,0.457,487.441,404.559,0.473,485.204,408.194,0.485,479.279,415.265,0.505,473.844,421.787,0.52,466.703,429.297,0.537,459.73,437.149,0.555,450.851,445.131,0.577,440.906,452.851,0.588,433.308,463.175,0.605,424.534,470.696,0.618,414.5,478.5,0.634,399.5,485.5,0.652,390.659,497.405,0.672,377.014,505.761,0.689,365.364,515.673,0.702,350.364,527.259,0.718,337.391,535.739,0.737,322.287,547.625,0.753,309.193,558.84,0.771,304.5,566,0.789,289.334,577.273,0.811,279.492,588.135,0.821,269.463,597.589,0.835,258.233,607.69,0.852,250.52,620.325,0.872,244.018,628.642,0.89,235.733,637.675,0.904,227.762,647.317,0.919,222.337,654.328,0.938,218.633,661.522,0.963,214.408,668.388,0.98,209.974,676.035,0.991,206.542,680.611,1.002,203.149,683.851,1.02,202.593,685.813,1.055,201.736,687.527,1.09,204.536,687,1.12,210.231,687.115,1.142,214.814,687,1.162,219.346,688,1.174,225.292,688,1.191,234.883,688,1.209,245.303,688,1.221,255.808,688,1.242,269.791,688.984,1.26,280.499,689,1.271,295.621,689,1.293,313.026,689,1.308,330.939,689,1.322,349.26,689,1.337,367.443,689,1.358,385.226,689,1.38,400.796,689,1.399,418.274,689,1.41,431.722,689,1.425,445.512,690.293,1.448,457.482,689.613,1.468,468.559,689,1.479,482.288,688.362,1.495,493.909,688,1.519,502.993,688,1.529,510.889,688,1.54,516.64,688,1.554,519.799,688,1.578,521.802,686.599,1.595,523.932,687,1.607,526.199,687,1.621,528,687,1.657,530.875,687,1.79,0,0,0,0,0,0,0,0,0,0,0,0,0,0,0,0,0,0,94,1790,MJHP,
222,392,0,243.691,395.398,0.019,256.643,397.607,0.032,270.669,398.972,0.05,286.351,400.096,0.069,303.256,401.217,0.083,324.264,401,0.102,342.089,401,0.123,393.5,399.5,0.134,405.871,400,0.152,427.242,399.188,0.167,449.928,399,0.184,468.958,399,0.203,486.852,400.178,0.222,497.01,401.301,0.235,503.636,403.753,0.254,511.5,404.5,0.268,512.316,406.316,0.283,514,408,0.32,511.977,413.068,0.351,505.909,418.682,0.359,496.9,425.625,0.375,487.973,436.784,0.387,473.06,448.451,0.414,456.38,463.62,0.422,438.419,477.88,0.456,402.392,509.695,0.478,382.148,528.807,0.506,340.389,569.95,0.553,287.494,625.422,0.581,271.255,642.398,0.6,255.767,656.343,0.619,238.695,682.238,0.637,229.938,690.062,0.655,222.033,699.391,0.675,218.98,704.55,0.723,214.237,712.527,0.739,213.5,714,0.77,218.481,714.24,0.791,224.682,712.664,0.81,238.409,709.521,0.825,252.305,706.174,0.837,268.705,702.074,0.855,285.244,699.251,0.878,303.796,698.012,0.888,323.994,700.222,0.907,344.03,701.224,0.92,364.558,703.729,0.937,383.019,707.415,0.954,396.885,709.721,0.97,410.857,711,0.987,424.83,713.457,1.004,437.598,714,1.021,450.788,714,1.051,460.722,712.809,1.079,478.8,706.733,1.234,0,0,0,0,0,0,0,0,0,0,0,0,0,0,0,0,0,0,0,0,0,0,0,0,0,0,0,0,0,0,0,0,0,0,0,0,0,0,0,0,0,0,0,0,0,0,0,0,0,0,0,0,0,0,0,0,0,0,0,0,0,0,0,0,0,0,0,0,0,0,0,0,0,0,0,0,0,0,0,0,0,0,0,0,0,0,0,0,0,0,0,0,0,0,0,0,0,0,0,0,0,0,0,0,0,0,0,0,0,0,0,0,0,0,0,0,0,0,0,0,0,0,0,0,0,0,0,0,0,0,0,0,56,1234,MJHP,
202,402,0,227.063,404.089,0.024,249.932,404,0.037,264.973,404,0.052,279.376,404,0.073,294.164,403.295,0.084,309.677,402.166,0.102,325.514,402,0.126,353.896,400.927,0.135,368.949,401,0.154,382.209,401,0.174,401.645,401,0.19,410.937,401.422,0.206,424.069,401.672,0.219,436.981,402,0.235,451.246,402,0.256,460.498,402,0.27,468.134,403.162,0.285,477.469,403,0.308,485.096,404.442,0.323,488.103,404,0.34,492,404,0.352,494.5,404,0.388,495.543,405.272,0.439,496.094,407.188,0.47,494.734,410.799,0.492,493.56,415.88,0.506,491.322,421.194,0.52,489.057,430.743,0.541,484.515,437.728,0.554,477.815,445.383,0.572,465.315,454.948,0.593,458.519,468.47,0.607,447.784,476.651,0.621,436.073,489.312,0.641,425.851,500.149,0.656,412.171,512.843,0.671,400.083,526.001,0.688,387.85,535.759,0.71,371.261,547.385,0.731,362.947,560.242,0.747,350.151,570.269,0.757,338.022,582.971,0.771,325.603,594.047,0.788,314.592,603.474,0.808,307.134,615.771,0.823,294.485,625.102,0.838,281.788,634.336,0.857,276.561,646.064,0.877,267,655.5,0.892,254.706,660.68,0.905,246.834,668.904,0.921,238.036,677.093,0.942,229.78,683.157,0.959,223.478,687.348,0.972,216.463,693.281,0.989,211.133,697.493,1.01,205.519,703.481,1.03,203.5,704,1.056,203.731,705.537,1.141,206.132,705,1.177,211.947,705,1.207,216.116,704.221,1.231,229.09,703.987,1.241,236.895,704,1.256,247.649,702.706,1.274,259.233,703,1.295,271.69,701.483,1.318,283.228,701.623,1.336,296.681,702,1.348,309.758,702,1.358,325.119,703.008,1.373,341.051,701.854,1.396,356.505,700.75,1.415,375.169,699.345,1.427,391.22,699.522,1.44,404.5,698.5,1.459,419.294,699,1.491,432.196,698.164,1.51,458.751,697.932,1.525,468.997,696.778,1.543,484.48,697,1.56,491.717,695.535,1.579,494,696,1.599,496.358,695.321,1.624,499.37,695,1.722,0,0,0,0,0,0,0,0,0,0,0,0,0,0,0,0,0,0,0,0,0,0,0,0,0,0,0,0,0,0,0,0,0,0,0,0,0,0,0,0,0,0,86,1722,MJHP,
201,409,0,226.25,411.02,0.022,251.948,412.236,0.036,271.495,413.361,0.053,292.383,414.441,0.07,312.5,415.5,0.082,337.245,415,0.101,360.159,415,0.116,400.287,414.07,0.136,422.448,415.08,0.149,437.295,415,0.165,458.632,413.687,0.184,468.695,412.573,0.203,477.5,411.5,0.218,482,412,0.232,486.13,411.217,0.252,490.397,410.151,0.266,493,409.5,0.283,493.142,410,0.352,491.867,412.267,0.383,489.263,417.605,0.402,486.071,423.858,0.416,479.367,430.633,0.433,472.529,437.471,0.451,464.381,444.245,0.471,456.533,452.467,0.486,447.838,463.015,0.501,438.41,471.59,0.516,430.12,480.72,0.536,420.451,491.499,0.553,408.445,499.353,0.567,399.27,507.514,0.589,386.33,516.669,0.61,371.914,528.269,0.62,359.432,538.473,0.634,347.241,549.083,0.655,337.551,558.449,0.672,328.776,567.224,0.684,317.433,576.454,0.705,309.762,588.945,0.724,302.177,597.083,0.742,292.34,607.42,0.752,284.5,617.5,0.769,277.169,625.47,0.791,268.865,634.135,0.804,261.682,643.09,0.819,254.85,652.2,0.837,249.308,659.968,0.859,243.898,668.763,0.877,234.248,680.752,0.889,226.618,688.859,0.902,221.5,695,0.918,217.082,705.566,0.936,213.448,711.403,0.953,211.041,713.959,0.971,210,715,0.995,209.909,716.182,1.018,212.44,716,1.056,215.806,716,1.075,221.141,715,1.098,230.177,715,1.117,244.428,714.967,1.128,259.756,713.847,1.138,280.43,712.698,1.153,296.373,711.575,1.171,317,710.5,1.191,336.806,710,1.219,360.377,710,1.239,401.256,711.03,1.253,420.326,709.863,1.273,436.786,711.252,1.287,456.591,711,1.308,466.054,712,1.326,476.33,712,1.338,485.124,712,1.354,490.568,712,1.371,492.997,712,1.392,495.162,712,1.426,499.696,710.826,1.442,503.318,711,1.566,0,0,0,0,0,0,0,0,0,0,0,0,0,0,0,0,0,0,0,0,0,0,0,0,0,0,0,0,0,0,0,0,0,0,0,0,0,0,0,0,0,0,0,0,0,0,0,0,0,0,0,0,0,0,0,0,0,0,0,0,80,1566,MJHP,
202,393,0,219.914,399.323,0.025,240.905,403.437,0.037,253.212,404,0.052,265.73,404,0.068,277.078,404,0.083,290.753,404,0.101,304.201,404,0.117,339.442,401.078,0.136,346.496,401,0.151,360.816,401.701,0.175,373.961,402,0.186,387.221,402.935,0.201,398.282,404.028,0.219,410.034,402.797,0.237,424.925,403,0.253,433.821,404.425,0.27,442,404,0.286,456.719,404,0.303,467.152,403.205,0.319,478.036,403,0.336,487.199,401.975,0.352,491.49,402,0.368,494.846,399.436,0.384,496.773,400,0.489,486.55,408.337,0.501,480.835,415.398,0.52,472.598,423.402,0.535,463.154,434.327,0.555,455,443.5,0.57,443.256,457.448,0.586,432.556,470.099,0.602,419.514,483.486,0.619,402.829,499.093,0.638,388.453,513.547,0.657,368.697,531.991,0.673,352.998,547.439,0.705,334.549,565.339,0.719,301.721,597.488,0.736,286.229,610.034,0.754,276.786,621.268,0.771,267.708,630.292,0.786,257.774,636.484,0.803,251.638,650.331,0.821,242,659.5,0.838,235.5,667,0.853,221.031,679.462,0.873,211.057,687.296,0.891,201.229,691.898,0.906,195.369,695.378,0.92,191.311,698.516,0.986,197.126,700.708,1.005,205.587,701.843,1.021,215.567,700.096,1.039,226.421,697.916,1.055,244.005,695.599,1.081,257.508,693.678,1.091,272.348,692.554,1.105,286.898,690.872,1.122,302.654,689.31,1.139,319.91,688.193,1.155,336.875,687.075,1.172,351.534,687,1.188,368.568,688.171,1.206,381.27,688,1.222,399.203,689.414,1.239,411,689,1.257,427.05,692.282,1.273,440.875,695.279,1.29,453.702,697.764,1.306,462.046,700.013,1.324,469.624,701.089,1.338,479.054,702.257,1.356,485.257,700.624,1.374,488.989,698.005,1.392,496.498,695.834,1.407,503.354,693.549,1.423,510.128,694.709,1.534,0,0,0,0,0,0,0,0,0,0,0,0,0,0,0,0,0,0,0,0,0,0,0,0,0,0,0,0,0,0,0,0,0,0,0,0,0,0,0,0,0,0,0,0,0,0,0,0,0,0,0,0,0,0,0,0,0,0,0,0,0,0,0,0,0,0,78,1534,MJHP,
199,388,0,225.061,390.005,0.018,246.29,391.065,0.031,267.862,391,0.048,292.576,391,0.07,320.812,389.508,0.084,345.336,388.42,0.098,370.743,388,0.117,411.972,387.21,0.133,436.762,387,0.147,457.899,388.047,0.164,471.454,388,0.185,488.812,389.321,0.2,495.406,389,0.215,498,392,0.234,499,392.5,0.267,498.1,395.799,0.284,497.5,397,0.298,495.831,399.253,0.336,492.475,403.701,0.352,488.5,406,0.367,485.221,410.964,0.382,478.886,417.383,0.402,471.654,424.346,0.415,465.11,432.853,0.432,456.041,439.719,0.452,448.357,448.877,0.471,434.582,459.615,0.486,427.339,472.034,0.5,413.781,479.813,0.52,403,487,0.537,391.209,502.343,0.55,374.402,514.705,0.57,363.331,529.936,0.585,347.6,540.714,0.602,337.921,555.105,0.622,326.52,566.928,0.636,313.982,580.248,0.651,302.552,593.448,0.666,288.611,604.991,0.687,280.375,618.25,0.716,272.914,625.074,0.726,263.838,634.162,0.734,255.993,642.007,0.752,252.308,652.807,0.772,248.416,657.168,0.784,245.07,663.86,0.801,241.715,670.57,0.818,236.618,677.258,0.835,231.949,682.051,0.857,227.321,686.679,0.877,223.082,690.918,0.889,218.57,695.072,0.902,214,698.5,0.921,213,700,0.939,210.558,700.721,0.952,209,701.5,0.985,206.197,703.536,1.034,210.347,703,1.068,216.116,702,1.085,221.15,702.83,1.102,227.708,703,1.119,237.549,703,1.136,249.927,703,1.152,259.793,703,1.168,274.088,703,1.187,285.5,701.5,1.207,302.088,702.351,1.225,317.648,702,1.237,334.786,701.081,1.257,348.57,699.953,1.275,366.967,700,1.287,380.281,701.273,1.307,397.761,701,1.325,410.464,702,1.338,423.807,701.381,1.353,435.478,700.252,1.371,450.205,700,1.387,458.974,700,1.403,465.758,698.874,1.421,471.249,699,1.444,478.071,699,1.463,484.351,698,1.475,487.742,698,1.486,490.433,698,1.505,492,698,1.54,495.04,696.98,1.56,497.345,697,1.571,499.642,697,1.769,0,0,0,0,0,0,0,0,0,0,0,0,0,0,0,0,0,0,0,0,0,0,0,0,0,0,0,0,0,0,0,0,0,89,1769,MJHP,
193,400,0,217.717,404.119,0.018,245.706,406.871,0.031,264,407.5,0.051,283.796,407,0.066,306.249,407,0.082,328.029,406.104,0.096,351.786,404.963,0.117,395.916,402.636,0.13,407.8,401.747,0.149,426.835,402,0.169,438,400.5,0.183,451.242,399.397,0.197,462.686,398.257,0.218,474.607,397.127,0.233,484.891,397.988,0.248,491.875,398,0.265,494.779,398,0.288,498.152,398,0.305,502.359,398,0.316,506.199,398,0.332,508.446,398,0.351,510,398,0.4,507.953,400.093,0.434,505.568,401.216,0.465,501.97,404.354,0.485,498.669,407.331,0.502,493.332,412.668,0.515,488.732,418.335,0.538,481.79,426.411,0.554,474.094,435.179,0.567,463.408,442.794,0.584,452.9,452.991,0.604,441.581,462.777,0.619,432.017,471.235,0.633,420.3,480.054,0.653,405.914,491.066,0.667,393.524,500.074,0.688,375.766,509.258,0.708,364.612,519.657,0.718,351.192,530.84,0.733,337.227,537.926,0.749,321.729,548.514,0.77,309.354,559.646,0.787,298.386,569.653,0.801,284.64,581.134,0.816,279.827,591.111,0.839,275.572,598.5,0.858,269.305,606.042,0.869,262.518,615.643,0.883,256.443,623.98,0.902,251.662,631.006,0.922,247.262,638.542,0.942,242.858,645.236,0.953,239.497,650.838,0.967,234.687,655.313,0.986,231.641,658.359,1.024,224.013,668.65,1.037,221.42,672.371,1.05,220.088,676.649,1.072,217.908,681.183,1.092,215.577,683.423,1.101,212.173,686.827,1.122,208.778,690.222,1.137,205.5,693.5,1.153,202.733,696.267,1.173,200.48,697.76,1.186,199,698.5,1.202,197.987,699.006,1.272,198,701.212,1.292,202.5,702.5,1.319,205.557,702.852,1.346,209.724,702.069,1.364,216.359,703.06,1.376,223.096,704.183,1.386,236.504,704,1.404,250.606,704,1.425,263.372,702.442,1.443,277.278,702,1.454,291.351,701.204,1.472,306.235,701,1.487,320.696,698.893,1.503,338.858,699,1.525,351.545,697.716,1.538,369.7,696.581,1.554,382.552,697,1.574,395.791,697,1.593,409.584,697.737,1.604,424.488,698,1.623,435.903,698,1.647,450.938,698,1.663,461.026,698,1.675,471.557,698.711,1.687,483,701,1.706,491.682,700,1.725,497.555,700,1.739,504.931,700.847,1.755,511.806,701,1.771,516.361,701,1.791,519.546,701,1.809,102,,1.809,1944,MJHP,
213,399,0,244.493,398,0.02,257.071,398,0.031,269.236,398,0.051,281.929,398,0.069,295.53,397,0.086,309.682,397,0.111,335.368,395.545,0.129,360.7,393.23,0.139,378.128,391.991,0.15,398.664,390.852,0.165,411.394,391,0.183,430.307,391,0.199,445.201,390,0.216,459.127,389.387,0.235,471.237,389,0.249,483.615,388.126,0.266,490.835,388,0.283,495.397,388,0.3,499.797,389.199,0.319,505.841,390.368,0.334,509.904,390,0.35,513.773,390,0.366,516.5,390,0.399,516.268,392.535,0.416,516,394.065,0.433,516,396.407,0.449,517.319,399.956,0.468,517,401.886,0.485,515.5,404,0.501,513,407.5,0.516,508.023,412.182,0.533,502.38,417.62,0.55,494.683,425.317,0.567,486.831,435.504,0.586,476.688,441.541,0.6,463.504,449.861,0.619,456,459,0.638,444.595,468.32,0.653,434.118,476.882,0.675,423.422,486.72,0.685,408.831,498.13,0.701,398.922,505.839,0.724,390.03,514.97,0.736,374.273,528,0.753,363.598,537.911,0.769,351.266,549.734,0.784,341.12,559.88,0.803,332.184,568.816,0.822,322.088,578.912,0.843,312.459,590.661,0.863,304.145,599.67,0.876,293.153,610.164,0.887,282.88,621.578,0.903,277.122,627.453,0.923,269.742,634.601,0.938,261.492,643.295,0.952,254.309,651.64,0.969,249.853,657.184,0.988,244.054,664.135,1.01,239.112,669.888,1.029,232.043,676.957,1.041,226.89,682.11,1.059,223.728,685.272,1.076,220.755,688.993,1.089,217.32,693.573,1.103,213.901,697.099,1.12,209.404,701.596,1.136,208.734,703.531,1.174,207.74,705.52,1.255,210.214,706.107,1.27,213.287,704.904,1.286,217.085,705,1.304,221.927,705,1.326,232.944,703.406,1.349,245.227,701.629,1.371,258.638,701,1.389,286.548,697.95,1.404,304.025,698,1.428,316.365,698.291,1.445,331.878,699,1.458,345.98,699.537,1.471,361.216,700,1.487,373.814,700.781,1.508,384.277,702.839,1.528,395.043,704.004,1.539,405.378,704,1.559,417.045,704,1.572,428.193,704,1.59,437.5,704,1.606,448,704,1.625,457.191,704,1.653,465.867,703.142,1.673,483.743,701.907,1.689,491.797,699.487,1.707,496.849,700,1.726,502.394,698.521,1.743,504.171,698,1.756,506.424,698,1.771,508,698,1.808,101,,1.808,1919,MJHP,
208,395,0,227.27,401.085,0.026,244.738,404.534,0.041,259.42,406.368,0.051,272.967,407,0.064,287.063,407,0.08,300.043,407,0.097,313.479,406.127,0.114,337.866,405.006,0.132,346.64,405,0.148,358.27,403.773,0.167,370.701,404,0.182,377.414,402.512,0.198,387.735,402,0.216,395.972,401.29,0.232,401.411,401,0.247,406.777,400.045,0.265,413.442,400,0.282,420.053,398.825,0.298,428.277,399,0.316,434.623,399,0.334,441.812,397.455,0.35,450.409,397,0.364,457.943,396.176,0.383,463.522,396,0.397,472.133,393.967,0.415,480.06,394,0.432,485.382,394,0.448,489.534,394,0.467,491.032,395.032,0.482,493,397,0.55,492,398.265,0.571,492,400.131,0.584,492,402.759,0.619,490.086,405.371,0.645,484.915,416.17,0.672,469.39,434.561,0.684,462.51,443.653,0.703,454.742,454.798,0.715,443.153,469.701,0.733,429.939,482.061,0.752,416.453,498.945,0.769,400.593,514.7,0.787,382.083,530.051,0.802,365.836,545.164,0.815,344.341,563.555,0.838,324.105,581.574,0.856,307.015,597.453,0.867,289.71,612.451,0.885,275,628,0.901,263.392,637.148,0.916,250.648,648.352,0.949,240.888,656.334,0.965,232.233,662.825,0.975,225.583,666.417,0.987,221.192,670.808,0.999,219.303,678.09,1.018,217.028,683.429,1.038,216,687.397,1.058,214.589,691.116,1.068,213.178,694.466,1.082,212.029,696.942,1.101,211.5,698,1.133,214.181,699.181,1.174,217.812,701.541,1.188,228.336,702.333,1.204,242.982,699.604,1.216,261.156,699,1.237,280.464,695.918,1.256,302.004,697.158,1.271,319.357,695.728,1.287,344.434,696,1.303,361.368,697,1.318,380.5,697,1.338,398.581,702.267,1.361,415.251,705.65,1.371,429.872,707.98,1.384,443.608,708,1.403,458.168,706.756,1.422,465.862,704.642,1.437,474.681,703.54,1.452,480,702.5,1.47,491.002,698.571,1.489,498.779,698,1.511,508.063,697.104,1.695,0,0,0,0,0,0,0,0,0,0,0,0,0,0,0,0,0,0,0,0,0,0,0,0,0,0,0,0,0,0,0,0,0,0,0,0,0,0,0,0,0,0,0,0,0,85,1695,MJHP,
211,404,0,233.046,406.004,0.017,255.226,407.17,0.037,273.873,407,0.052,294.163,407,0.069,313.988,405.501,0.082,333.5,406,0.102,359.574,405.271,0.118,397.608,405,0.133,421.773,405,0.15,437.847,405,0.17,457.231,405,0.185,467.813,403.653,0.2,485,404,0.217,494.5,404,0.236,500.32,404.72,0.252,505.534,405,0.268,509.805,405.951,0.284,514.342,406,0.299,516.463,406,0.335,518.42,406,0.368,515.457,407.271,0.402,512.176,409.824,0.419,509.919,412.081,0.435,502.815,416.79,0.45,494.757,421.282,0.469,488.414,430.017,0.489,475.86,437.845,0.506,463.5,444.5,0.517,444.416,460.225,0.536,430.087,471.185,0.55,412.465,484.401,0.568,396.914,498.937,0.59,378.747,510.924,0.606,364.266,526.006,0.619,349.602,538.414,0.635,337.374,552.127,0.652,324.239,565.259,0.674,314.235,578.147,0.694,306.255,590.599,0.703,294.931,602.069,0.718,283.777,614.445,0.737,276.429,625.673,0.757,268.855,633.684,0.778,260.024,643.112,0.792,252.189,652.499,0.804,245.885,660.76,0.818,237.162,671.798,0.839,231.499,679.701,0.86,224.312,687.032,0.872,219.718,693.922,0.886,216.694,696.306,0.904,216.5,699.5,0.938,215.736,700.527,0.969,217.012,702.023,1.022,219.244,704.244,1.056,221.543,704,1.087,226.66,704.887,1.118,232.977,705,1.132,242.004,705.1,1.145,253.615,706,1.16,265.841,706,1.17,283,707.5,1.188,298.714,707,1.207,316.18,706.301,1.224,334.941,706.82,1.237,352.351,706.043,1.259,372.73,707.096,1.282,388.716,707,1.294,405.315,706.692,1.305,421.196,705.557,1.321,434.5,707.5,1.341,450.052,704.329,1.355,462.763,703.203,1.371,475.106,703,1.391,487.407,700.926,1.417,494.831,702,1.436,501.533,702,1.447,507.168,701.611,1.46,510.578,701,1.473,513.5,701,1.505,514.538,699.731,1.557,510.845,698.948,1.661,0,0,0,0,0,0,0,0,0,0,0,0,0,0,0,0,0,0,0,0,0,0,0,0,0,0,0,0,0,0,0,0,0,0,0,0,0,0,0,0,0,0,0,0,0,0,0,0,0,0,0,83,1661,MJHP,
201,423,0,227.59,424,0.017,243.338,423.333,0.03,259.804,422.157,0.045,274.57,421.033,0.065,290.379,419.901,0.081,305.789,418.801,0.096,324.619,417.649,0.116,364.5,412.129,0.131,378.48,411.435,0.146,395.088,410.327,0.162,408.953,409.186,0.183,425.293,409,0.198,441.363,407.976,0.212,462.448,408,0.234,476.029,406.69,0.248,494.708,407,0.264,501.5,407,0.284,508.993,407,0.298,515.715,407.743,0.315,521.425,408,0.331,524.5,408,0.347,524.15,408,0.382,522.812,410.377,0.417,518.818,414.182,0.433,517,416,0.448,510.029,421.314,0.463,502.244,426.826,0.484,494.271,432.52,0.5,486.494,438.075,0.513,478.64,445.023,0.535,466.111,451.934,0.552,456.976,461.024,0.568,444.168,469.756,0.582,433.607,477.594,0.598,425.38,485.62,0.615,413.382,493.393,0.637,401.041,501.246,0.653,390.246,508.928,0.666,373.131,518.354,0.683,364.964,528.917,0.701,353.093,537.271,0.72,342.046,546.955,0.732,331.651,557.349,0.749,320.651,565.244,0.766,311.68,574.32,0.782,304.008,585.846,0.8,296.189,594.213,0.817,287,601.5,0.834,282,607,0.849,275.581,618.892,0.866,266.997,627.128,0.883,258.16,634.86,0.909,251.425,642.671,0.922,246.934,649.853,0.934,241.14,654.488,0.95,235.591,658.927,0.967,227.592,663.806,0.987,222.495,668.505,1.006,218.543,674.096,1.018,213.227,678.819,1.033,209.736,682.264,1.069,208.865,684.27,1.135,211.27,685.135,1.167,213.536,686.268,1.189,215.188,686,1.224,220.025,686,1.234,234.711,688,1.255,245.532,688,1.269,256.547,688,1.284,269.76,688.897,1.301,280.169,690.019,1.319,292.298,691.118,1.335,308.656,692.261,1.352,321.534,693.378,1.369,340.941,694.496,1.388,353.461,696.209,1.407,367.509,697,1.42,381.909,698.678,1.436,396.374,699,1.452,408.987,699,1.468,424.101,699,1.487,434.276,699,1.505,446.856,700.441,1.519,458.236,698.418,1.535,467.52,698,1.552,478.085,697.191,1.569,485.67,697,1.585,492.422,697,1.602,496.779,695.805,1.62,502.475,696,1.637,508.13,696,1.653,510.5,696,1.672,512,694.5,1.702,513.531,695,1.756,508.73,699.27,1.862,0,0,0,0,0,0,0,0,0,0,0,0,96,1862,MJHP,
206,396,0,243.439,397,0.019,260.575,397,0.034,275.43,398.316,0.052,295,399.5,0.069,312.5,400.5,0.086,335.454,401.708,0.102,372.327,402.847,0.124,395.738,404.867,0.137,417.779,406.094,0.152,437.806,407.211,0.174,457.183,407.289,0.184,469.901,408.445,0.203,486,408,0.217,491,409.5,0.238,496.244,409,0.264,499.765,408.078,0.278,501.5,407.5,0.337,496.694,411.306,0.361,489.5,415.5,0.37,478.222,425.025,0.391,466.076,435.12,0.411,456.799,444.201,0.426,447.873,453.127,0.441,435.263,466.986,0.46,423.617,477.614,0.491,408.602,491.89,0.504,379.482,521.25,0.52,365.793,535.207,0.542,349.213,551.787,0.57,334.637,564,0.612,296.998,598.638,0.656,286.336,609.996,0.668,263.152,633.207,0.675,253.422,646.366,0.687,245.496,655.576,0.709,237.509,663.491,0.728,229.468,670.451,0.74,223.842,679.452,0.754,220,685,0.771,217.5,688,0.788,214.434,692.349,0.806,213.098,694.805,0.822,212.5,696,0.887,215.177,697.177,0.904,219.5,697,0.924,227.539,698,0.939,240.353,698.873,0.954,252.826,700.968,0.974,269.402,703.187,0.992,285.288,706.705,1.004,304.558,707.327,1.023,322.674,707,1.039,345,705.5,1.056,365.392,703.841,1.072,384.459,700.476,1.094,400.434,700,1.111,416.013,700,1.129,431.831,700.189,1.143,448.334,701.289,1.157,463.886,701,1.175,474.5,702.5,1.196,483.292,704,1.223,488.208,704,1.24,498.142,704,1.257,507.292,704,1.272,513.648,704,1.293,516.147,704,1.309,518,702.5,1.323,520,700,1.427,0,0,0,0,0,0,0,0,0,0,0,0,0,0,0,0,0,0,0,0,0,0,0,0,0,0,0,0,0,0,0,0,0,0,0,0,0,0,0,0,0,0,0,0,0,0,0,0,0,0,0,0,0,0,0,0,0,0,0,0,0,0,0,0,0,0,0,0,0,0,0,0,0,0,0,0,0,0,0,0,0,0,0,0,0,0,0,0,0,0,70,1427,MJHP,
207,409,0,251.053,409,0.017,267.212,409,0.041,282,410.5,0.056,299.312,410,0.069,317.263,410,0.088,335.187,410,0.105,372.993,410,0.118,391.166,408.873,0.143,406.821,409,0.155,425.831,409,0.171,438,409,0.188,453.862,409,0.207,466.179,409,0.222,479.777,409,0.237,491.61,409,0.261,499.701,409,0.277,508.528,409,0.293,510.94,409,0.307,512.862,410.431,0.373,507.262,413.825,0.391,503.905,416.063,0.408,497.049,419.475,0.424,492.896,424.104,0.442,485.348,431.652,0.458,476,436.5,0.47,463.878,442.842,0.491,454.318,449.455,0.506,442.333,457.151,0.52,432.866,466.134,0.542,422.663,472.892,0.554,406.732,483.101,0.571,393.125,496.469,0.593,377,504,0.607,365.901,514.099,0.621,352.444,526.086,0.638,338.779,536.665,0.658,322.657,550.431,0.672,310.091,562.909,0.689,298.575,574.425,0.712,283.574,588.086,0.724,275.083,596.917,0.74,262.396,610.205,0.755,253.104,621.294,0.772,246.021,630.639,0.794,238.42,640.46,0.817,231.659,649.292,0.828,223.586,656.212,0.838,219.703,662.945,0.86,218.096,668.261,0.882,213.924,674.227,0.894,210.999,679.668,0.906,207.622,683.378,0.922,204.232,685.846,0.94,201.897,689.155,0.956,198.516,691.322,0.975,196.406,693.594,1.01,195.749,695.502,1.076,200.956,697,1.099,204.296,697,1.114,212.814,696,1.127,222.005,696,1.141,235.393,696,1.159,252.324,693.39,1.174,268.582,692.276,1.191,283.167,691.153,1.211,302.572,690.024,1.231,319.907,688.943,1.242,340.872,690.215,1.257,356.863,691.324,1.278,377.002,691,1.296,390.647,691.454,1.309,404.49,691.681,1.325,419.999,692,1.342,432.485,692.948,1.368,446.367,694.028,1.384,458.183,694,1.396,467.478,694.551,1.408,477.884,696.863,1.427,484.757,696,1.449,488.924,696,1.469,492.262,696,1.481,495.682,695.106,1.492,499.044,695,1.507,502.44,696.147,1.545,505.52,694.827,1.575,507.542,695,1.627,509.355,696.177,1.77,0,0,0,0,0,0,0,0,0,0,0,0,0,0,0,0,0,0,0,0,0,0,0,0,0,0,0,0,0,0,0,0,0,0,0,0,88,1770,MJHP,
195,398,0,216.632,399.03,0.021,239.884,399,0.031,258.57,399,0.049,275,399,0.071,297.847,398.358,0.081,320.132,398,0.098,342.851,397.057,0.113,384.84,394.851,0.131,402.261,395,0.153,419.874,393.695,0.164,436.114,392.592,0.182,448,393,0.202,455.5,393,0.216,460.958,391.208,0.231,464.674,390.109,0.247,467.051,388.975,0.297,469.176,390.088,0.346,469,392.36,0.382,470.279,394.557,0.403,475.278,396.111,0.413,478.577,397.192,0.434,480.732,398.366,0.448,482.98,398,0.466,489.994,398.599,0.481,495.529,399,0.5,498.645,399,0.517,500,399,0.631,496.866,401.134,0.665,492.939,403.03,0.688,490.593,405.407,0.703,488.464,408.804,0.717,483.42,413.58,0.735,477.5,421,0.751,469.535,431.103,0.768,462.545,438.455,0.783,454.81,447.074,0.8,445.033,457.963,0.817,436.066,466.934,0.837,429.451,474.807,0.852,420.009,486.738,0.868,404.619,500.403,0.884,391.1,511.685,0.899,375.655,525.607,0.916,361.657,537.619,0.933,343.341,552.719,0.949,325.358,564.026,0.966,307.547,576.374,0.983,292.28,591.383,1.002,276.624,600.099,1.023,268,611,1.062,252.982,624.316,1.079,235.565,643.435,1.087,227.521,650.41,1.106,223.275,654.725,1.124,220.091,659.212,1.14,217.765,664.058,1.167,213.84,669.7,1.178,210.682,673.318,1.188,209.217,675.565,1.201,208.5,677,1.219,208,679,1.253,206.867,681.267,1.317,204.514,686.229,1.334,203.146,689.562,1.352,203,691.968,1.367,203,693,1.401,203,694.232,1.418,204.469,696.937,1.435,202.5,699,1.468,205.535,700.535,1.501,208.803,700,1.518,213.487,700,1.535,218.269,700,1.554,228.457,701.432,1.569,241.5,701,1.586,252.5,701,1.603,264.963,701,1.618,277.799,700.1,1.636,292.189,700,1.653,308.466,698.824,1.669,322.452,700.266,1.686,338.553,700,1.703,349.5,703,1.719,363.5,705,1.735,382.384,706.742,1.754,397.34,708.745,1.77,408.627,709.963,1.786,420.458,710,1.804,429.747,710,1.819,437.591,710,1.837,450,708.5,1.854,458.5,710.5,1.87,464.358,710,1.887,472.697,709.163,1.903,480.715,709.959,1.933,486.258,711.086,1.949,489.819,712,1.972,495.89,712,1.987,498,712,2.022,106,,2.022,2243,MJHP,
218,398,0,248.842,400.814,0.018,265.996,401,0.035,283.889,402.056,0.051,300.643,402,0.067,318.657,402,0.085,335.202,402,0.103,354.5,402,0.12,392.761,401,0.135,410.608,401,0.151,427.411,401.894,0.168,446.249,400.985,0.185,463.1,401,0.202,478.562,401,0.218,492.896,401,0.236,499.995,401,0.253,502.475,401,0.268,506.217,401,0.286,508.719,401,0.302,510,401,0.319,507.95,403.1,0.356,505.687,404.157,0.371,503.072,406.928,0.387,498,409,0.403,492.479,415.817,0.419,486.065,421.935,0.437,476.512,430.545,0.453,466.388,438.476,0.469,456.307,446.317,0.486,443.658,456.735,0.511,431.263,468.307,0.52,424,474.5,0.536,411.5,483,0.553,397.078,496.13,0.57,381.397,505.255,0.588,368.681,516.29,0.604,357.504,528.646,0.62,343.732,537.179,0.64,334.565,546.054,0.669,321.417,557.061,0.677,311.592,566.038,0.689,302.981,575.772,0.704,291.41,586.718,0.721,282.03,595.97,0.739,275.34,603.771,0.755,264.966,615.26,0.771,257.506,625.207,0.792,249.662,633.815,0.807,246.017,642.37,0.823,241.119,651.762,0.838,236.644,658.196,0.855,231.222,664.734,0.872,227.772,669.304,0.888,225.598,677.408,0.905,222.052,682.58,0.923,220.155,685.268,0.94,218,687,0.956,215.637,690.044,0.972,213.394,692.606,0.989,212,694,1.006,210.959,696.062,1.105,214.532,696,1.125,217.653,696,1.141,221.985,696,1.157,229.865,696,1.177,242.737,697.249,1.19,253.601,698.36,1.207,264.983,698,1.224,281,699.5,1.24,291.517,701.419,1.258,305.906,703.678,1.275,320.526,704.964,1.29,337.413,707.188,1.31,351.823,708.217,1.331,369.921,709,1.342,384.545,709,1.358,403,710.5,1.374,416.036,710,1.409,429.485,710,1.421,442.605,709.116,1.432,455.502,709,1.442,465.516,709,1.458,477.013,707.699,1.475,486.621,708,1.492,493.742,707,1.518,501.104,706.362,1.539,508.463,706,1.551,512.667,706,1.561,515.021,706,1.613,506.141,703.785,1.724,0,0,0,0,0,0,0,0,0,0,0,0,0,0,0,0,0,0,0,0,0,0,0,0,0,0,0,0,0,0,90,1724,MJHP,
194,399,0,228.392,405.266,0.013,246.903,406.7,0.027,266.224,407.889,0.043,285.252,408,0.061,304.622,408,0.078,323.874,409.215,0.094,343.141,410.361,0.109,382.468,413.052,0.126,400.346,414.623,0.141,417.728,415.733,0.159,434.197,416,0.177,453.538,416.974,0.193,466.439,415.869,0.208,480.568,417.198,0.231,490.414,417,0.245,500.007,415.555,0.262,509.5,413,0.277,513.761,413.31,0.295,517,412.5,0.326,517.536,414.268,0.427,514.848,415.076,0.461,504.04,425.96,0.477,492.351,436.484,0.492,482.404,446.596,0.51,465.418,460.785,0.528,448.5,475.5,0.543,429,488.5,0.562,410.48,508.699,0.579,392.985,526.75,0.594,373.702,543.415,0.612,357.371,561.862,0.631,340.337,577.419,0.646,327.694,595.742,0.663,309.692,606.36,0.68,299.912,619.51,0.695,284.997,631.925,0.712,273.509,645.82,0.729,260.394,655.737,0.746,249.964,666.036,0.762,242.543,677.081,0.778,233.745,685.255,0.796,222.848,693.229,0.812,218,699,0.829,215.621,702.069,0.845,213.407,705.389,0.861,211.141,707.859,0.878,211,710.064,0.912,213.266,711.133,0.93,215.826,712.413,0.948,219.529,713,0.962,225.893,713,0.978,236.562,711.443,0.995,250.037,709.302,1.012,265.828,706.037,1.034,282.564,702.687,1.047,306.217,700.478,1.064,327.686,701,1.082,350.757,702.935,1.102,373.593,705.765,1.121,394.473,709.127,1.135,414.085,710.829,1.149,431.537,712.938,1.163,448.607,713,1.18,462.589,714.199,1.196,475.768,714,1.213,492.062,715.433,1.231,500.198,713.422,1.248,510.272,711.606,1.264,518.661,708.574,1.281,525.452,704.365,1.297,536.187,697.888,1.506,0,0,0,0,0,0,0,0,0,0,0,0,0,0,0,0,0,0,0,0,0,0,0,0,0,0,0,0,0,0,0,0,0,0,0,0,0,0,0,0,0,0,0,0,0,0,0,0,0,0,0,0,0,0,0,0,0,0,0,0,0,0,0,0,0,0,0,0,0,0,0,0,0,0,0,0,0,0,0,0,0,0,0,0,72,1506,MJHP,
202,394,0,231.771,395.698,0.019,243,396.5,0.032,258.629,397.966,0.049,271.17,398,0.064,283.612,398,0.083,297.422,399.368,0.102,309.38,399,0.12,335.4,399.582,0.132,346.198,399.311,0.152,360.523,399,0.168,372.301,398.07,0.183,383.696,396.93,0.199,399.828,395.798,0.22,411.633,394.67,0.236,424.848,392.192,0.249,433.5,393,0.266,446.724,392,0.284,457.211,392.776,0.298,466.211,392.099,0.318,481.491,392,0.334,490.074,393.134,0.349,496.578,391.737,0.368,506.326,393.416,0.388,513.637,392,0.403,518.974,392.595,0.416,523.192,393,0.437,525.686,393,0.452,527.947,393.973,0.466,529,394.5,0.505,526.878,396.245,0.521,525.517,400.449,0.537,522.842,403.736,0.552,519.907,407.093,0.567,515.642,413.037,0.586,508.54,419.537,0.602,499.496,427.441,0.616,490.306,436.694,0.641,482.593,443.063,0.655,471.256,451.912,0.669,460.932,461.068,0.684,450.856,469.778,0.707,438.352,479.236,0.723,428.736,490.08,0.735,417.581,500.377,0.75,402.806,509.35,0.768,393.267,519.733,0.79,379.362,530.479,0.806,367.375,541.139,0.819,354.697,553.026,0.834,341.45,563.995,0.856,327.963,575.198,0.876,314.124,586.895,0.886,303.775,597.225,0.901,289.837,608.636,0.924,276.314,621.295,0.938,267.184,629.334,0.953,256.528,639.472,0.968,248.655,648.793,0.989,242.755,656.094,1.008,235.388,662.668,1.021,229.513,669.584,1.036,225.141,677.503,1.052,220.602,682.747,1.071,217.563,688.395,1.086,215.845,691.732,1.102,214,694.5,1.14,213.735,695.529,1.172,214,697.112,1.238,216.267,697,1.289,219.531,697,1.313,223.245,697,1.329,229.67,698.239,1.343,238.329,698.63,1.36,247.955,698,1.373,258.754,698.614,1.387,271.845,699,1.407,283.625,699,1.43,299.465,699,1.443,313.309,697.891,1.454,331.753,699.235,1.47,346.989,696.287,1.489,364.2,695.52,1.505,378.708,694,1.525,392.482,693.293,1.547,404.133,693,1.559,415.483,693.948,1.571,425.868,692.904,1.587,434.682,693,1.608,444.494,693,1.623,456.639,693,1.647,462.312,693,1.658,470.38,693.672,1.671,479.305,693.212,1.689,486.519,693,1.706,492.224,693,1.725,496.736,693,1.739,501.079,693,1.756,505.549,694.387,1.773,508.5,694,1.791,102,,1.791,1928,MJHP,
210,406,0,248.415,403.912,0.019,265.631,404,0.032,281.154,402.632,0.054,301.507,401.5,0.069,321.016,400.411,0.083,340.728,399.293,0.104,374.354,398.141,0.116,394.141,398,0.132,409.24,398,0.156,427.525,396.78,0.166,439.85,397,0.187,452.24,397,0.207,459.448,397.575,0.218,464.684,398.671,0.234,469.285,399,0.254,475.496,399,0.268,483.324,399,0.289,488.989,396.604,0.304,490.55,398.275,0.338,493.047,398,0.355,496.559,398,0.367,503.324,398,0.386,507.73,398,0.403,510.033,400.033,0.436,512.277,401.138,0.47,510.764,403.471,0.504,508.592,408.408,0.519,505.495,413.175,0.535,499.123,417.918,0.554,493.464,425.75,0.568,487.851,434.839,0.589,478.545,441.418,0.602,467.152,449.393,0.621,457.641,460.955,0.635,444.728,469.992,0.651,432.737,479.436,0.673,420.75,491.25,0.688,406.387,500.377,0.703,394.842,510.942,0.719,379.803,522.228,0.743,366.102,534.452,0.758,352.523,546.409,0.77,339.439,558.561,0.79,326.828,569.644,0.808,315.096,581.794,0.82,303.685,593.315,0.836,291.091,604.735,0.859,281.23,614.77,0.875,272.987,624.013,0.888,262.268,633.169,0.903,251.5,641,0.923,245.479,652.521,0.943,238.819,659.181,0.955,230.03,666.974,0.97,224.405,674.833,0.989,219.982,681.527,1.015,214.63,687.055,1.032,210.618,693.303,1.045,206.642,698.948,1.057,202.858,703.856,1.071,200.287,708.425,1.087,199,711,1.108,198.956,711.088,1.138,201.322,711,1.171,203.535,711,1.188,206.377,710.311,1.203,211.051,710,1.22,217.67,710,1.238,225.49,710,1.254,235.668,708.815,1.27,248.291,710.299,1.288,259.324,708.568,1.305,274.5,709,1.336,286.621,709.365,1.346,303.308,709,1.359,321.25,708.109,1.372,339.466,708,1.389,356.171,706.855,1.408,375.56,707,1.422,390.394,705.615,1.441,407.5,704.5,1.459,423.953,701.806,1.473,439.951,700.289,1.488,453.329,699.152,1.509,462.838,698.02,1.527,470.518,696.926,1.54,482.378,697,1.559,486.621,697,1.573,492.209,697,1.59,494.785,696,1.609,498.122,696,1.632,500.621,696,1.653,502.385,696,1.664,504.055,696,1.689,506.322,696,1.712,511.828,694.543,1.729,514.021,695,1.741,516.935,695.645,1.757,523.543,698.376,1.878,100,,1.878,1878,MJHP,
211,395,0,251.546,401.032,0.014,271.059,402.768,0.029,289.518,403.907,0.044,307.912,405.057,0.061,325.7,406.169,0.082,343.759,408.595,0.098,363.033,409.414,0.115,408.5,410.5,0.129,416.73,409,0.176,452.203,409,0.181,465.229,407.979,0.195,478.45,406.879,0.213,490.561,405.767,0.234,499.109,403.223,0.252,503.916,404,0.264,508.392,404.598,0.286,512,405.5,0.333,509.875,409.125,0.352,503.944,413.845,0.363,494.487,420.885,0.38,488.325,429.121,0.397,480.5,436.5,0.412,469.125,443.812,0.432,458.62,454.2,0.445,443.85,466.332,0.462,430.438,478.515,0.482,416.814,493.368,0.497,399.76,503.826,0.515,387.087,515.094,0.531,368,532,0.551,351.525,547.82,0.563,335.267,562.966,0.584,317.797,578.428,0.599,305.85,594.21,0.616,287.534,607.035,0.63,273.652,623.906,0.647,257.819,633.701,0.666,243.5,651,0.683,233.653,661.122,0.7,222.349,674.608,0.716,211.738,685.435,0.731,201.112,693.913,0.749,195.589,700.493,0.77,191.231,707.154,0.789,192,710.026,0.814,192,711.529,0.848,200.873,713.812,0.867,211.207,714,0.893,221.368,713,0.915,251.778,711.681,0.933,265.065,710.61,0.949,285.5,709.5,0.968,303.316,710,0.983,325.431,709.218,0.997,343.675,708.088,1.015,364.313,706.984,1.031,382.343,705.854,1.048,402.746,704.736,1.065,417.259,706.376,1.085,437.5,707.5,1.107,451.5,710.821,1.121,465.032,712.73,1.132,479.128,714.712,1.152,491.801,715,1.168,505.283,713.893,1.188,518.991,712.801,1.202,530.598,711.64,1.226,537.365,711,1.237,541.778,711,1.255,542.287,707.437,1.351,0,0,0,0,0,0,0,0,0,0,0,0,0,0,0,0,0,0,0,0,0,0,0,0,0,0,0,0,0,0,0,0,0,0,0,0,0,0,0,0,0,0,0,0,0,0,0,0,0,0,0,0,0,0,0,0,0,0,0,0,0,0,0,0,0,0,0,0,0,0,0,0,0,0,0,0,0,0,0,0,0,0,0,0,0,0,0,71,1351,MJHP,
200,400,0,227.232,402.179,0.017,253.15,402,0.031,269.77,402,0.05,286.097,401.127,0.067,302.181,399.987,0.082,320.095,400,0.097,335.902,400,0.116,375.667,397.183,0.137,384.836,399.522,0.152,399.1,400.592,0.166,412.962,401,0.181,426.368,401.852,0.208,436.86,402,0.223,452.35,402,0.232,462.296,400.745,0.248,469.469,401,0.272,478.888,400,0.291,485.923,399.415,0.305,491.499,399,0.316,495.541,399,0.335,497.5,399,0.351,499.089,399,0.366,501.43,399,0.389,503.678,399,0.402,507.234,400.411,0.417,510.144,400.572,0.433,512,401.5,0.519,512.044,403.088,0.537,509.17,404.415,0.551,505.393,407.085,0.567,499.203,411.532,0.589,493.41,417.308,0.601,486.031,426.674,0.62,475.14,435.888,0.637,464.045,445.859,0.655,455.226,455.995,0.671,442.307,470.029,0.686,429.891,479.18,0.702,420.361,492.846,0.718,407.352,505.206,0.736,395.746,517.08,0.751,383.41,528.627,0.775,372.015,538.887,0.791,363.398,549.78,0.802,353.207,561.103,0.817,341.33,569.736,0.837,332.722,580.451,0.855,322.967,590.362,0.868,315.287,597.713,0.884,308.515,605.399,0.901,298.574,616.473,0.922,287.313,625.35,0.935,281.3,631.7,0.952,274.467,638.533,0.971,266.5,649.5,0.99,257.567,656.8,1.008,251.248,663.502,1.019,245.549,671.231,1.035,241.925,679.174,1.051,236.261,683.592,1.073,233.268,689.219,1.09,228.922,694.437,1.103,225.511,698.985,1.119,224.785,704.431,1.14,223.265,707.47,1.159,222.164,709.672,1.17,221.5,711,1.185,220.946,712.108,1.276,226.341,712.671,1.289,231.052,713.81,1.302,239.608,715.902,1.319,246.393,717.065,1.341,254.099,717,1.354,263.747,718.343,1.371,278.378,718,1.388,293.216,716.458,1.41,310.629,715.358,1.425,330.002,715,1.444,345.808,714.092,1.455,365.447,712.975,1.47,381.133,711.848,1.489,400.586,710.73,1.505,416.852,709.61,1.522,435,710,1.54,449.083,709,1.561,460.772,709,1.586,470.848,707.256,1.603,479.889,706.014,1.621,492.14,705,1.644,495.044,703.652,1.715,496,701.863,1.763,497.268,698.464,1.879,0,0,0,0,0,0,0,0,0,0,0,0,0,0,0,0,0,0,0,0,0,93,1879,MJHP,
204,401,0,224.819,403.082,0.023,250.141,404,0.035,269.266,404,0.049,289.739,404,0.069,312.978,403.228,0.084,339.619,402.099,0.1,364.412,400.981,0.119,410.514,401,0.137,424.272,403.534,0.157,441,404,0.172,457.078,404,0.185,471.86,403.367,0.2,484.596,403,0.219,491.41,403,0.234,497.942,403.99,0.25,507.172,404,0.267,516.015,404,0.287,518.174,405.391,0.317,519.532,405,0.352,519,407.53,0.385,516.461,408.269,0.402,514.782,410.218,0.437,510.069,414.931,0.458,504.157,419.275,0.472,498.672,424.328,0.489,491.931,431.069,0.501,487.252,435.748,0.517,480.654,440.23,0.534,469.021,447.187,0.557,460.363,455.307,0.574,449.127,465.485,0.591,435,471,0.607,425.67,479.431,0.619,411.372,489.591,0.635,398.958,499.233,0.653,384.943,508.035,0.669,371.129,518.403,0.685,360.204,531.076,0.707,344.811,540.592,0.724,335.182,553.782,0.736,322.18,565.414,0.751,311.098,577.116,0.77,301.068,588.813,0.788,289.39,597.716,0.804,280.166,607.939,0.819,273.63,620.511,0.843,265.607,627.393,0.86,256.769,636.569,0.873,251.677,646.227,0.886,247.148,654.277,0.903,243.491,660.182,0.919,238.212,667.703,0.935,232.548,674.542,0.953,229.368,680.053,0.969,227.353,682.971,0.988,225.108,684.892,1.022,224.733,687.801,1.042,222.225,690.549,1.06,222,692.777,1.073,219.936,695.064,1.087,218.83,698.51,1.103,216.406,700.594,1.123,217,702.749,1.154,217,704.538,1.189,214.466,705.267,1.224,217.534,706.267,1.248,220.444,705.778,1.268,222.676,705.338,1.28,225.859,706,1.293,231.554,706,1.305,240.424,706.714,1.321,250.534,707,1.342,262.64,707,1.363,276.698,708.054,1.374,289.264,706.794,1.387,306.852,707,1.41,322.528,705.534,1.429,341.196,704,1.441,359.576,702.638,1.454,376.337,702,1.471,393.05,701.063,1.489,405.694,701,1.505,422.638,699.824,1.527,434.264,698.703,1.546,447.287,698.61,1.558,457.633,697.481,1.571,466.21,696.349,1.588,477.507,695.227,1.606,486.184,695,1.622,491.068,695,1.644,495.539,695,1.665,498.697,694,1.677,501.725,694.363,1.689,503.995,695.497,1.705,506,695,1.742,507,697.438,1.843,0,0,0,0,0,0,0,0,0,97,1843,MJHP,
177,380,0,198.094,384.018,0.029,215.665,387.312,0.04,232.429,390.457,0.052,250.332,392.844,0.07,268,393.5,0.085,284,394.5,0.101,304.922,395,0.12,338.217,395,0.136,362.63,395,0.152,380.71,392.786,0.17,400.256,393,0.189,413.26,391.672,0.203,431.103,390.526,0.219,443.89,389.393,0.237,456.195,389.72,0.26,466.596,390.844,0.269,479.516,391,0.289,488.657,393.164,0.311,492.821,393,0.323,494.656,394.328,0.342,497,395.5,0.356,501.041,396.51,0.373,505.017,397,0.391,507.5,397,0.419,506,399.041,0.44,508.335,400.168,0.473,508,402.385,0.505,503.058,407.942,0.522,498.156,412.844,0.537,491.659,420.231,0.554,481.905,432.116,0.57,469.505,442.223,0.587,455.959,454.788,0.603,441.068,471.312,0.621,428.154,480.872,0.639,412.035,496.034,0.654,394.343,510.236,0.669,376.408,526.743,0.687,361.341,540.685,0.703,345.681,556.319,0.721,327.518,570.829,0.737,309.564,585.417,0.756,298.967,599.948,0.771,283,609,0.788,273.766,620.541,0.804,264.462,629.538,0.821,254.532,641.35,0.846,247.644,652.594,0.861,240.918,660.262,0.873,235.551,666.739,0.89,224.174,677.826,0.91,223.5,686,0.922,217.434,691.207,0.939,212.928,696.072,0.958,210.195,700.611,0.975,210,704.037,0.989,206.566,707.434,1.021,207,709.384,1.055,209.535,710.268,1.089,219.156,711.879,1.105,227.921,711.01,1.122,241.495,711,1.139,255.475,711,1.156,272.056,709.639,1.174,287.464,710,1.19,303.5,708.5,1.211,323.991,710.684,1.242,364.734,714.873,1.258,384.991,717.11,1.277,404.711,720.452,1.294,426.352,723.845,1.31,446.54,725.838,1.332,468.327,728.097,1.344,486.608,730.326,1.36,499.832,732.566,1.376,514.764,733.912,1.391,524.281,734,1.408,530.907,734,1.429,541.399,732.733,1.441,543.175,731.608,1.577,0,0,0,0,0,0,0,0,0,0,0,0,0,0,0,0,0,0,0,0,0,0,0,0,0,0,0,0,0,0,0,0,0,0,0,0,0,0,0,0,0,0,0,0,0,0,0,0,0,0,0,0,0,0,0,0,0,81,1577,MJHP,
218,397,0,239.022,402.255,0.016,265,406.5,0.031,282.058,406.691,0.05,299.216,407.814,0.065,316.782,408,0.083,332.911,408,0.099,351.063,408,0.115,385.805,409.304,0.134,398.399,409,0.15,410,409,0.17,426.765,407.349,0.185,442.904,406.221,0.199,456.736,405.105,0.216,471.318,401.927,0.237,488.001,398.6,0.25,497.337,396.481,0.268,508.779,395.622,0.29,517.034,395,0.301,520.188,395,0.318,522,395,0.349,523.964,398.929,0.366,524.5,400,0.382,524,402.352,0.4,521.285,406.072,0.415,519.055,410.891,0.434,514,418,0.45,502.191,429.809,0.466,489.859,442.141,0.483,473.76,458.24,0.499,457.993,472.935,0.516,436.388,491.042,0.533,420.412,510.199,0.55,396.287,530.842,0.569,381,545.5,0.583,362,562,0.603,345.716,582.103,0.621,330.56,596.551,0.634,315.643,607.247,0.651,305.608,619.702,0.668,293.039,626.885,0.684,280.709,634.731,0.702,271.5,642.5,0.719,262.674,649.472,0.736,256.291,653.225,0.752,251.598,657.402,0.771,247.199,660.851,0.785,241.574,666.426,0.802,237.08,674.61,0.819,225.793,681.138,0.836,221.701,684.839,0.856,218,687.5,0.871,212.864,692.848,0.89,209.491,695.673,0.927,207.5,697,0.968,211.167,696,0.988,215.5,696,1.012,223.554,695.349,1.037,236.165,695,1.052,265.383,696.027,1.069,281.1,694.85,1.088,294.275,696.273,1.105,313.172,697.386,1.12,329.355,701.471,1.137,347.242,704.464,1.154,366.553,708.259,1.17,383.23,709.874,1.187,397.846,711.976,1.205,411.063,712,1.225,427.308,710.764,1.245,441.603,708.3,1.259,456.709,706.529,1.275,468.522,704.814,1.292,480.117,704.712,1.32,497.541,701.131,1.339,510.874,698.854,1.353,518.379,697.803,1.371,532.841,698,1.496,0,0,0,0,0,0,0,0,0,0,0,0,0,0,0,0,0,0,0,0,0,0,0,0,0,0,0,0,0,0,0,0,0,0,0,0,0,0,0,0,0,0,0,0,0,0,0,0,0,0,0,0,0,0,0,0,0,0,0,0,0,0,0,0,0,0,78,1496,MJHP,
183,400,0,215.721,397.085,0.017,232.591,395.961,0.035,247.324,396,0.052,262.625,396,0.069,277.458,397.42,0.083,293,397,0.103,319.348,396.376,0.117,341.476,396,0.132,358.216,395.119,0.151,375.5,394.031,0.165,391.652,394,0.182,405.035,391.494,0.203,421.732,392,0.219,436.851,389.021,0.233,452.249,388.792,0.252,462.665,387.292,0.267,475.05,387.838,0.283,485.855,387.016,0.302,491.374,388.075,0.316,495.976,388,0.336,499.105,389.368,0.386,499.178,392.535,0.42,496.472,394.528,0.433,494.917,396.083,0.454,492.65,398.35,0.469,490.362,401.958,0.485,485.182,405.363,0.501,482.5,410,0.521,474.132,415.869,0.536,467.445,423.314,0.56,459.725,433.964,0.576,451.795,443.234,0.585,440.527,454.473,0.6,430.473,467.088,0.619,423.065,478.193,0.639,406.5,493.5,0.657,398.135,504.473,0.669,387.626,516.849,0.685,376.28,529.592,0.706,368.949,540.076,0.725,359.24,553.014,0.735,346.411,564.354,0.753,337.88,574.51,0.769,329.047,585.942,0.787,317.96,594.832,0.803,308.341,605.073,0.821,296.886,617.943,0.839,283.723,629.398,0.852,274.382,641.85,0.869,261.679,654.321,0.887,247.93,665.392,0.904,238.874,680.96,0.919,227.775,688.645,0.937,219.893,696.792,0.96,213.244,706.134,0.973,205.535,713.541,0.986,197.668,719.237,1.002,192.048,724.952,1.022,190.386,727.922,1.037,189.566,729.869,1.088,193.459,729,1.112,195.742,729,1.123,203.09,730.013,1.136,212.127,730,1.154,222.453,728.727,1.173,235.065,730.37,1.187,255,728.5,1.208,272.317,726.786,1.228,291.916,725.282,1.248,311.104,724.17,1.262,334.566,724,1.284,351.705,724.905,1.297,370.857,724.204,1.309,387.098,725,1.322,404.043,725,1.343,419.827,724.411,1.365,434.136,724,1.428,486.163,720.834,1.446,493.859,719.69,1.453,500.596,718.567,1.472,502.5,717.5,1.488,505.5,716.5,1.557,500.926,715.975,1.576,497.254,716,1.671,0,0,0,0,0,0,0,0,0,0,0,0,0,0,0,0,0,0,0,0,0,0,0,0,0,0,0,0,0,0,0,0,0,0,0,0,0,0,0,0,0,0,0,0,0,85,1671,MJHP,
203,394,0,224.358,397.051,0.016,244.899,399.612,0.032,260.638,400.376,0.05,276,401.5,0.067,290,402.5,0.085,309.15,403.759,0.101,326.509,404,0.119,361.479,404.985,0.133,378.776,406.118,0.152,401.73,407.302,0.172,416.7,407,0.185,436.146,409.958,0.2,455,409,0.22,468.5,407.5,0.234,483.163,407,0.252,490.841,407,0.269,494.29,408.097,0.288,496.454,408,0.335,494.822,410.356,0.36,492,411.5,0.38,482.257,419.922,0.405,470.753,429.384,0.454,433.987,458.916,0.471,420.183,472.26,0.489,403.366,486.179,0.523,369.818,514.182,0.539,337.538,544.429,0.562,320.051,562.399,0.579,304.345,580.381,0.602,286.901,597.099,0.612,272.849,612.177,0.659,247.286,637.952,0.692,227.159,658.876,0.719,216.375,674.249,0.728,213.022,679.978,0.74,210.06,682.94,0.753,208,685,0.794,206.466,686.534,0.821,206,690.158,0.87,208.298,692.298,0.903,212.015,694,0.921,215.377,694,0.938,220.544,694,0.955,229.282,694,0.972,245.148,695.153,0.987,259.492,693.731,1.004,278.346,695.397,1.021,294.5,693.5,1.038,314,694,1.054,338.543,693.248,1.083,362.179,692.128,1.092,382.896,692,1.106,404.571,692,1.122,424.23,690.765,1.141,443.74,689.645,1.171,462.172,688.525,1.181,478.527,688,1.193,495.058,689.437,1.306,0,0,0,0,0,0,0,0,0,0,0,0,0,0,0,0,0,0,0,0,0,0,0,0,0,0,0,0,0,0,0,0,0,0,0,0,0,0,0,0,0,0,0,0,0,0,0,0,0,0,0,0,0,0,0,0,0,0,0,0,0,0,0,0,0,0,0,0,0,0,0,0,0,0,0,0,0,0,0,0,0,0,0,0,0,0,0,0,0,0,0,0,0,0,0,0,0,0,0,0,0,0,0,0,0,0,0,0,0,0,0,0,0,0,0,0,0,0,0,0,0,0,0,59,1306,MJHP,
204,396,0,227.034,397.001,0.042,266.253,398,0.055,284.062,398,0.076,300.413,398.463,0.09,317.881,399,0.107,334.663,399,0.119,365.624,398.168,0.136,383.759,398,0.153,399.465,399.105,0.169,413.641,400.203,0.187,432.058,400,0.204,449.239,398.517,0.224,464.5,397.5,0.244,476.837,394.64,0.253,489.039,393.196,0.272,499.601,392.044,0.287,512.466,392,0.304,519.8,393.114,0.32,524.257,394.314,0.338,527.159,398.159,0.355,527.5,401.5,0.37,525.023,403.977,0.387,521.654,408.128,0.405,516.411,413.589,0.421,508.998,419.002,0.438,494.719,426.69,0.459,483.273,437.454,0.472,466.837,443.213,0.487,452.5,453,0.506,437.591,464.557,0.522,425.689,473.849,0.539,411.375,483.473,0.554,400.345,495.579,0.573,390.249,504.668,0.589,375.217,516.141,0.607,366.454,529.395,0.622,355.895,539.105,0.639,339.072,552.506,0.655,324.195,564.303,0.671,311.813,575.187,0.689,299.163,587.837,0.705,283.439,599.401,0.726,273.827,611.434,0.739,256.813,622.991,0.76,248.864,632.136,0.78,240.03,641.467,0.798,230.902,650.461,0.811,223.331,658.447,0.826,217.554,664.446,0.841,213.974,672.06,0.863,207.278,679.842,0.879,201.053,685.947,0.893,196.625,690.375,0.911,192.548,696.903,0.942,188.28,709.598,0.959,187.148,712.703,0.973,186.5,714,1.007,189.132,714.066,1.026,191.576,715.288,1.041,196.801,715,1.057,207,715,1.072,225.5,713.5,1.091,247.076,710.207,1.118,268.446,709.082,1.145,287.451,709.024,1.166,331.535,709.567,1.189,350.882,712.182,1.21,389.632,720.127,1.224,405.603,725.693,1.241,423.433,731.51,1.257,435.981,735.993,1.277,450.633,733.749,1.295,466.369,725.315,1.308,494.781,714.564,1.325,524.903,701.541,1.343,549.112,694.578,1.358,566.493,693.73,1.603,0,0,0,0,0,0,0,0,0,0,0,0,0,0,0,0,0,0,0,0,0,0,0,0,0,0,0,0,0,0,0,0,0,0,0,0,0,0,0,0,0,0,0,0,0,0,0,0,0,0,0,0,0,0,0,0,0,0,0,0,0,0,0,0,0,0,78,1603,MJHP,
185,409,0,202.865,407.949,0.019,226,406.5,0.035,246.5,407,0.052,270.66,405.186,0.068,290.399,405,0.085,313.133,405,0.101,336.348,403.833,0.118,394.283,400.088,0.135,416.962,398.157,0.151,442,396,0.167,460.893,397.34,0.184,480.06,396.219,0.202,492.122,396.902,0.219,499.124,395.979,0.235,506.988,394.859,0.252,513.573,393.738,0.334,508.276,396.862,0.351,506.032,398.968,0.37,502.687,401.209,0.386,496.874,405.901,0.403,491.27,409.038,0.42,487.125,415.343,0.436,480,420.5,0.452,469.325,430.966,0.47,462.026,437.974,0.486,455.315,445.632,0.503,445.39,454.542,0.52,436.572,464.607,0.536,428.856,472.144,0.553,418.097,481.469,0.571,404,493,0.586,395,503,0.603,381.499,512.334,0.62,370.753,524.08,0.636,360.703,533.264,0.653,346.005,544.534,0.669,335.256,558.293,0.686,322.788,566.063,0.705,309,578,0.722,297.156,590.317,0.738,282.198,602.294,0.755,266.762,615.489,0.774,254.041,625.966,0.788,243.95,634.933,0.804,231.442,646.325,0.822,219.051,656.231,0.841,212.648,663.352,0.856,205.964,671.613,0.871,198.749,680.668,0.888,194.58,687.034,0.905,191.1,692.833,0.922,188.791,697.417,0.939,187.86,701.561,0.956,185.327,707.683,0.974,184.563,713.185,0.989,183.5,714,1.005,182.5,716,1.054,185.022,715,1.088,188.43,715,1.106,195.018,713.596,1.123,203.5,714,1.14,219.5,714,1.155,232.881,712.24,1.172,248.373,712,1.189,262.952,712,1.206,278.795,712,1.221,296.803,710.762,1.238,316.255,709.632,1.257,336.768,708.513,1.274,354.532,709,1.289,373.654,709,1.305,391.589,709.849,1.323,405.636,710,1.34,420.172,710,1.356,431.109,710,1.372,443.522,710,1.39,457.401,708.55,1.407,464,709,1.424,472.212,707.31,1.441,482.31,707,1.458,489.586,706.069,1.473,495.257,706,1.49,499.689,704.828,1.506,502.884,703.705,1.556,498.464,701.643,1.65,0,0,0,0,0,0,0,0,0,0,0,0,0,0,0,0,0,0,0,0,0,0,0,0,0,0,0,0,0,0,0,0,0,0,0,0,0,0,0,0,0,0,86,1650,MJHP,
