174,410,0,208.807,413.727,0.018,231.886,414.894,0.032,256.37,416.017,0.053,279.885,416,0.069,307.302,414.737,0.086,338.314,413.618,0.1,369.867,412.505,0.121,426.125,412,0.134,449.109,411.288,0.149,467.503,410.156,0.17,481.288,410.941,0.182,490.636,411,0.209,494.903,409.774,0.225,496.631,410,0.251,489.707,413.147,0.268,485.214,416.09,0.282,479.861,419.484,0.304,473.326,424.728,0.319,467.597,430.403,0.338,462.162,437.006,0.349,455.182,445.121,0.37,439.559,464.801,0.385,416.5,483.5,0.4,385.322,505.799,0.42,360.306,526.177,0.438,338.877,544.436,0.453,316.749,562.201,0.467,301.802,578.367,0.492,282.846,597.154,0.509,269.377,609.623,0.519,254.405,623.578,0.534,243.388,634.859,0.551,230.761,647.469,0.571,221.103,656.035,0.584,214.132,663.846,0.603,207.243,670.757,0.617,203.136,676.08,0.636,199.855,680.526,0.652,199.5,682,0.668,204.442,682.61,0.687,208.835,684.418,0.706,214.133,685,0.718,222.688,684.039,0.733,237.126,685.087,0.758,258.127,687.458,0.777,278.944,688,0.789,298.846,688,0.801,321.032,688,0.817,344.917,688,0.835,368.816,687.199,0.852,392.51,686.071,0.869,414.034,686,0.886,437.908,684.814,0.902,452.053,686.29,0.921,467.869,686,0.936,477.854,688,0.953,486.598,688,0.968,492.863,688.773,0.986,497.575,689,1.003,502.124,689,1.087,499.788,690.106,1.139,496.466,687.644,1.159,499.079,684.881,1.276,0,0,0,0,0,0,0,0,0,0,0,0,0,0,0,0,0,0,0,0,0,0,0,0,0,0,0,0,0,0,0,0,0,0,0,0,0,0,0,0,0,0,0,0,0,0,0,0,0,0,0,0,0,0,0,0,0,0,0,0,0,0,0,0,0,0,0,0,0,0,0,0,0,0,0,0,0,0,0,0,0,0,0,0,0,0,0,0,0,0,0,0,0,0,0,0,0,0,0,0,0,0,0,0,0,0,0,0,64,1276,SLAP,
212,410,0,300.145,408.969,0.017,335.704,407.853,0.035,366.568,406.73,0.051,392.383,405.609,0.069,416,404.5,0.086,433.434,405,0.101,456.306,405.752,0.118,467.241,406,0.135,470.983,406.994,0.151,472.5,407.5,0.202,467.644,408.119,0.218,465,409.5,0.26,461.315,411.843,0.279,459.085,413.915,0.285,454.688,419.389,0.303,448.994,428.61,0.319,436.765,441.558,0.337,425.588,453.853,0.354,413.632,468.802,0.37,399.767,483.605,0.386,383.903,500.097,0.403,367.099,518.755,0.419,348.159,538.89,0.437,331.52,560.142,0.453,308.225,581.486,0.47,294.309,601.316,0.488,273,618,0.504,258.918,631.785,0.52,247.048,644.497,0.536,236.042,655.958,0.553,227.883,664.117,0.57,221.19,673.081,0.587,218.234,680.788,0.603,216.241,685.897,0.622,214.003,689.993,0.637,213.5,691,0.669,214,692.536,0.703,218.206,693.103,0.72,221.655,693,0.737,229.068,694.345,0.756,238.717,694,0.772,257.35,696,0.788,275.271,696.704,0.804,294.051,696.173,0.821,317.881,696,0.838,340.352,696,0.854,369.838,694.814,0.872,400.348,693.691,0.889,420.597,691.14,0.906,445,692,0.922,459.396,693.671,0.942,473.506,694,0.955,486.037,695.825,0.972,496.335,696,0.988,502.918,696,1.005,507.106,696,1.021,511.588,698.794,1.161,0,0,0,0,0,0,0,0,0,0,0,0,0,0,0,0,0,0,0,0,0,0,0,0,0,0,0,0,0,0,0,0,0,0,0,0,0,0,0,0,0,0,0,0,0,0,0,0,0,0,0,0,0,0,0,0,0,0,0,0,0,0,0,0,0,0,0,0,0,0,0,0,0,0,0,0,0,0,0,0,0,0,0,0,0,0,0,0,0,0,0,0,0,0,0,0,0,0,0,0,0,0,0,0,0,0,0,0,0,0,0,0,0,0,0,0,0,0,0,0,0,0,0,0,0,0,58,1161,SLAP,
200,414,0,228.356,412.353,0.017,245.508,411.233,0.034,263.21,410.112,0.051,281.137,408.991,0.067,302.494,407.869,0.084,322.488,406.751,0.101,344.025,405.63,0.118,399.628,404.509,0.135,410.208,399.317,0.151,435.136,401.416,0.168,456.547,400.433,0.185,474.613,399.024,0.201,491.478,400.099,0.218,499.734,400,0.235,504.699,401.34,0.253,507.381,401,0.269,509,401,0.3,510.535,402.267,0.334,508.868,405.066,0.367,505.449,408.551,0.375,499.78,409.305,0.386,495.297,410.426,0.403,492.5,411.5,0.42,489.999,413.334,0.453,481.488,424.317,0.47,472.751,436.342,0.492,461.486,442.908,0.502,450.276,457.268,0.52,432.075,472.135,0.537,423,482,0.554,405.081,499.097,0.569,390.916,511.841,0.586,377.444,527.316,0.603,366.017,540.98,0.62,352.521,558.973,0.636,336.659,570.625,0.653,322.253,592.573,0.671,300.324,603.784,0.688,287.739,621.64,0.703,272.309,635.416,0.72,257.989,650.858,0.737,246.344,663.622,0.754,236.206,675.971,0.77,224.935,685.859,0.787,219.022,690.648,0.805,215.211,697.684,0.822,209.5,701,0.838,210,703.383,0.854,210.814,705.629,0.871,211.5,707,0.888,214.08,707.027,0.905,217.522,705.826,0.921,223.488,703.405,0.938,234.776,698.322,0.956,247.5,703,0.972,261.255,701.362,0.988,279.068,703.908,1.005,294.728,700.489,1.021,320.499,705.104,1.038,341.726,702.713,1.055,373.132,701.736,1.072,402.058,700.613,1.089,422,696.5,1.106,446.622,699.625,1.122,464.964,698.504,1.139,482.916,699.74,1.155,496.882,699.01,1.172,507.016,697.887,1.189,519.513,700.457,1.205,525.129,700,1.223,528.899,697.05,1.239,530,696.5,1.305,524.915,703.254,1.426,0,0,0,0,0,0,0,0,0,0,0,0,0,0,0,0,0,0,0,0,0,0,0,0,0,0,0,0,0,0,0,0,0,0,0,0,0,0,0,0,0,0,0,0,0,0,0,0,0,0,0,0,0,0,0,0,0,0,0,0,0,0,0,0,0,0,0,0,0,0,0,0,0,0,0,0,0,0,74,1426,SLAP,
197,400,0,229.762,400.014,0.018,248.776,397.791,0.035,271.497,396.775,0.052,296.552,395.657,0.07,322.801,394.53,0.087,351.123,392.235,0.102,395.107,389.579,0.119,430.553,389,0.136,453.037,389,0.153,472.225,387.928,0.169,488.846,389.19,0.186,496.49,389,0.204,504.058,387.563,0.221,508.5,386.5,0.237,512.352,389.676,0.253,514,390.5,0.285,507.882,397.157,0.303,504.528,399.314,0.32,501.165,401.557,0.337,499.192,403.808,0.354,495.5,404.5,0.371,493.074,407.284,0.386,488.949,411.051,0.403,482.685,418.201,0.42,475.961,427.052,0.437,465.858,437.142,0.454,458.283,444.717,0.47,447.658,459.455,0.489,433.143,472.857,0.505,423.516,485.531,0.52,408.313,498.304,0.537,394.616,511.237,0.554,380.341,526.633,0.571,367.986,540.107,0.587,355.634,557.227,0.604,336.672,568.663,0.622,324.523,586.846,0.639,308.238,601.49,0.655,294.223,616.078,0.671,280.998,628.184,0.688,270.548,640.33,0.705,258.344,652.656,0.721,250.723,660.276,0.738,244.182,669.424,0.755,238.871,676.98,0.773,235,683,0.789,230.007,684.329,0.805,228.215,686.57,0.822,226.183,687.908,0.839,225,688.5,0.855,227.073,690.145,0.872,229.543,691.271,0.889,233.179,691,0.907,238,691,0.924,244.798,691,0.939,255.316,691.756,0.956,270.266,694.628,0.972,285.948,695.996,0.989,303.904,699.357,1.006,324.267,702.711,1.023,343.078,702,1.041,363.619,699.042,1.058,390.048,704,1.073,408.833,701.833,1.09,430.708,704.373,1.106,445.586,700.172,1.123,462.228,704.327,1.14,473.049,702.795,1.156,478.953,696.372,1.175,491.482,703.793,1.191,494.701,703,1.206,497.5,703,1.256,493.974,703,1.274,491.656,703,1.29,488.114,701.705,1.415,0,0,0,0,0,0,0,0,0,0,0,0,0,0,0,0,0,0,0,0,0,0,0,0,0,0,0,0,0,0,0,0,0,0,0,0,0,0,0,0,0,0,0,0,0,0,0,0,0,0,0,0,0,0,0,0,0,0,0,0,0,0,0,0,0,0,0,0,0,0,0,0,76,1415,SLAP,
185,410,0,212.277,410,0.017,238.228,410,0.034,262.833,410,0.051,284.677,410,0.068,310.5,411.5,0.084,341.981,411,0.1,373.341,411,0.117,429.528,411,0.134,453.705,411,0.15,472.718,412.16,0.167,489.168,413.278,0.184,494.768,414.395,0.202,504,418.5,0.219,505.926,417,0.248,508.522,417,0.253,510,417,0.268,506.998,419.002,0.285,503.645,420.118,0.301,499.031,421.242,0.318,494.531,421,0.336,491.548,422.484,0.353,489.787,425.213,0.368,485.358,429.642,0.385,480.611,436.084,0.402,473.212,442.818,0.419,463.207,453.881,0.435,451.915,468.71,0.452,434.056,476.637,0.47,421.572,494.332,0.487,400.708,510.005,0.503,380.515,527.097,0.519,363.623,544.189,0.536,345.106,561.024,0.553,327.145,577.801,0.569,309.18,595.82,0.586,299.084,608.499,0.604,283.561,626.276,0.621,275.712,637.968,0.637,266.735,651.898,0.653,259.332,661.445,0.67,253.499,673.802,0.687,247.917,682.117,0.703,242.303,688.836,0.72,236.7,695.56,0.739,231.086,702.297,0.754,227,706,0.786,229,707.803,0.819,236.944,703.042,0.837,243.639,698.574,0.854,249.137,694.091,0.87,256.067,690.966,0.889,267.254,690.527,0.905,284.688,690.409,0.921,299.948,690.711,0.937,317.35,690.166,0.954,333.321,690.951,0.971,352.258,689.926,0.987,373.652,690,1.005,396.265,690,1.022,415.847,690,1.039,435.432,691,1.055,453.824,692.353,1.071,469.346,693,1.088,483.022,693,1.105,494.371,690.926,1.121,502.119,689.84,1.138,507.402,688.72,1.155,514.402,689,1.171,515,687.5,1.237,510.999,690.001,1.255,508.75,691.125,1.272,505.255,688.503,1.364,0,0,0,0,0,0,0,0,0,0,0,0,0,0,0,0,0,0,0,0,0,0,0,0,0,0,0,0,0,0,0,0,0,0,0,0,0,0,0,0,0,0,0,0,0,0,0,0,0,0,0,0,0,0,0,0,0,0,0,0,0,0,0,0,0,0,0,0,0,0,0,0,0,0,0,0,0,0,0,0,0,73,1364,SLAP,
206,411,0,242.432,411,0.018,263.735,411.986,0.035,286.044,414.204,0.052,310.901,415.223,0.069,341.014,416.347,0.087,375.969,417.466,0.103,419.644,417,0.119,455.182,417,0.136,473.428,416.171,0.152,486.443,416,0.169,491.279,416,0.22,487.569,416,0.237,481.686,419.657,0.254,473.631,423.013,0.27,465.443,425.588,0.287,459.428,430.572,0.303,453.814,437.223,0.32,447.067,443.933,0.336,432.659,459.62,0.353,419.211,479.785,0.371,392.5,506,0.388,362.743,533.061,0.403,333.211,558.505,0.42,306.719,582.517,0.437,279.943,603.043,0.453,260.908,624.338,0.47,246.839,639.405,0.487,237.721,653.737,0.505,220.181,663.871,0.522,213.752,674.462,0.537,203.726,682.365,0.554,198.464,687.381,0.571,196.5,690,0.588,199.044,690.088,0.604,205.043,690,0.621,207.997,691.332,0.639,212.794,691,0.656,216.284,691,0.672,222.855,691.694,0.688,233.143,692,0.705,247.18,693.874,0.722,264.922,694,0.739,288.737,695.178,0.755,310.925,695,0.776,334.69,692.172,0.79,357.5,691.5,0.806,379.835,691.342,0.822,401.655,690.217,0.839,424.089,688.191,0.855,444.486,688,0.872,458.858,688,0.889,469.611,688,0.905,475.331,689.388,0.923,477.5,689,0.939,479,690.5,1.005,475.957,690,1.056,473.685,690,1.073,471,690,1.165,0,0,0,0,0,0,0,0,0,0,0,0,0,0,0,0,0,0,0,0,0,0,0,0,0,0,0,0,0,0,0,0,0,0,0,0,0,0,0,0,0,0,0,0,0,0,0,0,0,0,0,0,0,0,0,0,0,0,0,0,0,0,0,0,0,0,0,0,0,0,0,0,0,0,0,0,0,0,0,0,0,0,0,0,0,0,0,0,0,0,0,0,0,0,0,0,0,0,0,0,0,0,0,0,0,0,0,0,0,0,0,0,0,0,0,0,0,0,0,0,0,0,0,59,1165,SLAP,
207,414,0,249.767,411.184,0.018,273.716,410.061,0.034,300.429,408.94,0.051,326.037,407.824,0.068,354.474,406.701,0.086,382.488,405.58,0.102,405,406,0.119,451.201,403.023,0.134,467.958,402.783,0.151,480.946,401.192,0.168,488.149,401,0.185,492.582,401,0.201,495.797,402.266,0.234,497.512,403.256,0.267,491.744,407.256,0.285,489.253,408.874,0.302,488,409.5,0.319,485.831,411.113,0.351,482.466,414.534,0.37,478.563,418.437,0.387,470.604,427.995,0.402,461.955,437.766,0.419,450.769,448.392,0.436,437.462,461.538,0.452,426.179,473.903,0.469,413.823,488.573,0.486,397.462,504.538,0.505,384.67,518.774,0.521,368.654,538.041,0.537,352.023,556.663,0.553,335.709,575.71,0.571,316.284,593.859,0.588,302.408,610.74,0.603,285.418,627.582,0.62,272.486,644.392,0.638,259.038,661.202,0.655,246,671.5,0.671,238.479,684.869,0.687,226.493,694.187,0.704,220.424,703.152,0.72,216.95,709.084,0.738,213.595,712.405,0.753,212.739,714.521,0.804,217.247,715.377,0.821,220.975,712.025,0.838,227.169,707.554,0.854,237.84,702.08,0.871,250.151,702,0.887,267.449,698.31,0.904,291,700.35,0.923,313.335,700,0.942,338.574,696.41,0.982,389.986,696,1.013,433.982,693.93,1.022,449.753,692.803,1.039,466.719,694.315,1.058,477.795,692.564,1.074,488.91,694.441,1.09,497.434,693.321,1.106,504.002,692.2,1.122,509.594,692,1.14,512.078,690.961,1.188,507.459,692.135,1.28,0,0,0,0,0,0,0,0,0,0,0,0,0,0,0,0,0,0,0,0,0,0,0,0,0,0,0,0,0,0,0,0,0,0,0,0,0,0,0,0,0,0,0,0,0,0,0,0,0,0,0,0,0,0,0,0,0,0,0,0,0,0,0,0,0,0,0,0,0,0,0,0,0,0,0,0,0,0,0,0,0,0,0,0,0,0,0,0,0,0,0,0,0,0,0,0,0,0,0,0,0,0,0,0,0,0,0,0,64,1280,SLAP,
177,413,0,216.285,409.873,0.018,238.154,408.729,0.032,263.725,409,0.053,286.5,409,0.067,317.217,407.421,0.082,349.911,407,0.101,404.758,407,0.115,437.117,407.965,0.132,456.977,406.884,0.151,473.202,408.214,0.167,484.86,406.649,0.182,489.958,405.507,0.202,490,404.5,0.268,484.962,406.009,0.283,482.622,408.378,0.303,479.073,410.618,0.32,477.146,412.854,0.333,473.5,415,0.35,472,417,0.369,466.098,423.682,0.383,461.34,432.321,0.4,453.757,441.278,0.419,438.913,450.284,0.433,425.911,469.119,0.45,402.054,483.437,0.471,383,503.5,0.485,361.276,520.986,0.5,341.439,537.794,0.52,318.173,555.548,0.535,300.302,571.718,0.551,279.898,589.868,0.572,265.779,601.725,0.589,248.954,615.037,0.607,243.268,626.732,0.619,233.604,635.796,0.635,225.006,646.848,0.651,218.766,655.081,0.671,214.176,660.78,0.695,209.797,667.338,0.713,206.438,672.936,0.725,203.369,677.947,0.736,201.095,681.358,0.752,201,683.168,0.769,201,685,0.804,204.87,686,0.828,208.089,687.029,0.846,212.467,687,0.858,216.41,687,0.871,222.083,687,0.886,232.973,687.553,0.903,245.429,688.648,0.923,261.494,690.533,0.938,279.091,692.761,0.953,295.502,693,0.975,317.233,698.558,0.987,336.613,698,1.002,366.632,702.156,1.02,393,707,1.041,423.068,710.438,1.06,452.034,714.885,1.086,499.629,718.956,1.103,513.365,719,1.12,520.72,720.246,1.137,521.685,721.342,1.154,523.962,722.481,1.19,519.639,724.361,1.209,518,726,1.237,514.881,724.941,1.253,513.8,721.399,1.27,512.676,716.706,1.368,0,0,0,0,0,0,0,0,0,0,0,0,0,0,0,0,0,0,0,0,0,0,0,0,0,0,0,0,0,0,0,0,0,0,0,0,0,0,0,0,0,0,0,0,0,0,0,0,0,0,0,0,0,0,0,0,0,0,0,0,0,0,0,0,0,0,0,0,0,0,0,0,0,0,0,0,0,0,0,0,0,0,0,0,0,0,0,71,1368,SLAP,
215,426,0,260.074,419.154,0.018,288.614,416.337,0.035,318.633,413.152,0.051,352.224,410.852,0.068,385.765,408.616,0.085,419.379,407.687,0.103,445.848,405.132,0.12,495,406,0.136,490.722,406.675,0.152,495.389,407,0.169,497.5,407,0.185,498.037,408.019,0.218,494.582,410.278,0.235,490.805,411.398,0.253,489,412.5,0.27,486.718,412,0.285,483.717,413.522,0.302,479.472,417.528,0.319,472.973,424.027,0.336,464.001,437.498,0.353,452.593,449.648,0.369,433.08,467.55,0.387,412.251,485.777,0.404,387.415,504.146,0.419,367.608,523.121,0.436,346.013,543.288,0.453,328.455,563.455,0.47,308.337,582.571,0.486,295.502,600.33,0.503,275.316,619.684,0.521,265.035,632.867,0.538,252.825,647.05,0.554,242.752,659.943,0.57,232.653,669.53,0.588,226.315,680.369,0.604,221.77,686.288,0.62,218.472,691.879,0.637,216.407,696.185,0.655,214.171,699.244,0.672,213.5,701,0.687,214,703,0.72,216.808,704,0.738,219.041,700.938,0.754,225.861,698.713,0.771,240.17,696.472,0.788,259.19,699.774,0.807,278.5,699,0.823,296.01,696.374,0.838,316.179,693.761,0.855,336.651,692.13,0.872,360.738,690.024,0.888,385.437,688.889,0.906,410.037,687.771,0.921,432.097,686.645,0.94,452.907,685.531,0.957,466.121,685,0.972,475.988,685,0.989,483.019,684.164,1.005,486.866,684,1.022,489.152,682.924,1.165,0,0,0,0,0,0,0,0,0,0,0,0,0,0,0,0,0,0,0,0,0,0,0,0,0,0,0,0,0,0,0,0,0,0,0,0,0,0,0,0,0,0,0,0,0,0,0,0,0,0,0,0,0,0,0,0,0,0,0,0,0,0,0,0,0,0,0,0,0,0,0,0,0,0,0,0,0,0,0,0,0,0,0,0,0,0,0,0,0,0,0,0,0,0,0,0,0,0,0,0,0,0,0,0,0,0,0,0,0,0,0,0,0,0,0,0,0,61,1165,SLAP,
206,423,0,254.383,422,0.021,278.004,422,0.031,308.208,422,0.049,342.445,421.018,0.066,379.012,421,0.086,417.004,421,0.099,481.539,422.325,0.12,488.994,423.47,0.138,500.5,423,0.155,509.107,418.085,0.17,512.775,415.45,0.183,511.113,414.056,0.204,508.874,414,0.218,504.331,416.335,0.234,499.741,417.315,0.255,496.695,418.435,0.273,493.306,421.694,0.284,488.822,427.449,0.304,481.654,437.637,0.319,467.299,449.979,0.334,452.995,470.007,0.355,427.927,490.514,0.369,411.242,508.992,0.384,386.934,535.873,0.405,359,552.5,0.423,332.211,575.991,0.435,311.382,592.714,0.452,292.348,608.928,0.469,280.383,620.617,0.486,272.268,627.627,0.501,264.386,634.383,0.523,254.995,645.381,0.54,250.223,651.666,0.553,243.859,657.958,0.568,236.024,664.976,0.588,227.39,672.784,0.612,222.273,678.659,0.628,219.903,683.146,0.64,217.605,686.592,0.653,216.682,688.636,0.69,218.131,690.565,0.716,221.603,691.651,0.731,227.618,692,0.742,235.359,691.091,0.753,243.247,689.965,0.77,251.098,690,0.787,265.447,690,0.804,283.184,690,0.82,299.5,690,0.837,326.309,689.366,0.856,348.737,689.737,0.874,376.265,690,0.887,407.066,690,0.902,448.836,688.869,0.92,472.734,686.501,0.94,500.325,687,0.96,516.49,689.457,0.972,527.121,690.589,0.988,533.592,693.155,1.004,535.855,695.711,1.022,533.102,696.966,1.036,527.523,700.286,1.059,523.19,700,1.082,519.699,697.097,1.103,518.162,693.324,1.209,0,0,0,0,0,0,0,0,0,0,0,0,0,0,0,0,0,0,0,0,0,0,0,0,0,0,0,0,0,0,0,0,0,0,0,0,0,0,0,0,0,0,0,0,0,0,0,0,0,0,0,0,0,0,0,0,0,0,0,0,0,0,0,0,0,0,0,0,0,0,0,0,0,0,0,0,0,0,0,0,0,0,0,0,0,0,0,0,0,0,0,0,0,0,0,0,0,0,0,0,0,0,66,1209,SLAP,
206,411,0,240.801,409.188,0.018,259.795,408.071,0.035,276.773,408,0.052,294.716,406.83,0.068,312.685,408.293,0.086,330.615,408,0.103,351,408,0.12,393.109,408.345,0.135,412.439,407.223,0.152,433.029,406.104,0.169,450.281,404.981,0.185,465.952,403.861,0.202,482.862,405.257,0.219,496.876,405,0.237,505.5,406.5,0.254,507.245,407,0.269,509.49,407.745,0.286,511,408.5,0.318,507.93,410.07,0.336,504.316,411.228,0.353,500.958,412.347,0.371,493.188,413.469,0.388,490.232,415.179,0.403,487.58,417.42,0.42,484.507,420.493,0.437,482.097,423.854,0.453,476.641,429.359,0.47,469.844,437.348,0.487,461.793,445.207,0.505,452.513,458.795,0.522,438.31,470.46,0.538,426.241,482.11,0.554,412.627,494.777,0.57,400.814,504.349,0.588,390.648,517.469,0.604,377.11,530.89,0.621,364.886,541.831,0.639,352.565,558.645,0.656,331.618,571.81,0.672,313.73,586.345,0.688,297.294,600.177,0.704,280.739,614.492,0.721,266.922,626.065,0.738,251.252,637.248,0.755,242.997,651.005,0.771,229.955,660.309,0.789,217.597,667.438,0.807,215.563,675.656,0.821,210.351,681.649,0.838,206.446,685.554,0.855,203.085,686.972,0.872,201.5,687.5,0.888,204.107,689.213,0.905,209.332,689,0.923,212.372,689,0.94,215.154,689,0.956,219.489,689,0.972,229.221,689,0.989,244.15,691.818,1.006,260.926,694.123,1.022,280.059,697.54,1.039,296.586,698.306,1.057,324.724,705.114,1.074,343.5,704.5,1.09,371.959,709.66,1.106,395.722,710.214,1.123,416.314,711.813,1.14,441.667,713.029,1.156,460.504,713,1.173,477.093,715.546,1.189,491.072,715,1.208,499.5,716.5,1.225,504.529,717,1.24,509.767,717,1.257,512.744,717,1.273,514,717,1.306,514.079,714.842,1.341,509.038,712.519,1.463,0,0,0,0,0,0,0,0,0,0,0,0,0,0,0,0,0,0,0,0,0,0,0,0,0,0,0,0,0,0,0,0,0,0,0,0,0,0,0,0,0,0,0,0,0,0,0,0,0,0,0,0,0,0,0,0,0,0,0,0,0,0,0,79,1463,SLAP,
178,412,0,219.42,408.359,0.007,246.227,406.314,0.027,265.278,404.472,0.039,296.202,402.193,0.054,332.188,398.889,0.074,371.456,396.688,0.086,411.892,394.378,0.109,449.653,393.569,0.123,514.293,393.554,0.137,535.767,394.633,0.158,547.166,396.476,0.175,550.727,399.591,0.187,549.974,402.051,0.207,547.712,404.288,0.228,544.214,409.048,0.245,530.625,414.833,0.255,510.232,423.897,0.277,480.454,441.773,0.295,450.097,460.505,0.309,420.262,479.377,0.321,388.692,501.506,0.342,360.319,523.037,0.356,334.338,543.691,0.371,304.922,568.625,0.39,289.073,585.458,0.411,272.214,602.351,0.428,256.8,618.201,0.441,244.677,631.95,0.455,233.526,645.369,0.473,224.457,655.61,0.499,220.68,659.481,0.51,218.434,662.849,0.537,221.544,663.272,0.561,226.253,662.349,0.575,232.696,661.217,0.589,244.087,661,0.605,264.553,661,0.623,287.272,659.836,0.648,319.393,658.736,0.665,352.648,654.256,0.676,391.047,652.499,0.689,430.503,653.875,0.708,464.838,652.767,0.734,495.098,653.711,0.745,520.825,655.984,0.765,539.914,658.225,0.783,549.102,659.441,0.797,553.344,661.688,0.808,554.484,663.967,0.826,552.4,667.799,0.848,550.596,671.809,0.869,549.167,675.499,0.884,548.042,676.479,0.896,546.918,677.041,0.909,545.793,674.585,0.922,546,671.001,0.941,546,664.693,0.963,548.722,663.574,1.08,0,0,0,0,0,0,0,0,0,0,0,0,0,0,0,0,0,0,0,0,0,0,0,0,0,0,0,0,0,0,0,0,0,0,0,0,0,0,0,0,0,0,0,0,0,0,0,0,0,0,0,0,0,0,0,0,0,0,0,0,0,0,0,0,0,0,0,0,0,0,0,0,0,0,0,0,0,0,0,0,0,0,0,0,0,0,0,0,0,0,0,0,0,0,0,0,0,0,0,0,0,0,0,0,0,0,0,0,0,0,0,0,0,0,0,0,0,0,0,0,0,0,0,59,1080,SLAP,
207,406,0,231.681,409.085,0.017,263.671,410,0.032,289.768,410,0.048,318.565,410,0.062,351.824,410,0.08,383.746,410,0.101,414.296,410,0.116,468.195,411.222,0.129,482.283,411,0.15,496.534,412.467,0.165,498.735,414.157,0.178,501.5,416,0.23,495.938,414.969,0.262,493.705,416.147,0.314,491.644,417.178,0.348,488.254,417,0.366,486.016,417.992,0.379,483.732,420.268,0.398,480.238,422.508,0.417,474.104,430.275,0.429,470.039,438.431,0.451,461.389,443.815,0.466,452.637,454.777,0.479,438.975,468.177,0.5,427.401,480.559,0.514,412.961,497.199,0.531,395.354,507.188,0.551,380.917,524.474,0.564,365.96,537.609,0.581,349.362,556.638,0.6,333.346,572.654,0.615,316.082,588.303,0.63,302.635,602.308,0.647,288.201,618.921,0.67,275.814,629.987,0.686,265.188,644.656,0.699,250.994,658.006,0.72,242.458,669.245,0.737,231.826,680.522,0.748,221.717,689.497,0.764,216.365,697.361,0.784,210.855,704.174,0.805,205.591,710.409,0.816,202.201,713.799,0.847,201.731,715.538,0.9,206.762,717,0.919,209.939,717,0.932,213.364,717,0.953,215.524,715.738,0.97,220.404,713.313,0.983,228.379,711.035,1,246.281,714,1.015,265.821,714,1.034,286,714.833,1.049,309.311,714.033,1.068,331.851,715.093,1.083,359.174,712.569,1.099,391.381,713,1.117,419.788,713,1.134,446.772,712.574,1.153,472.29,713.695,1.166,496.178,714.818,1.183,514.58,715,1.201,526.043,715,1.221,536.726,716.192,1.238,544.235,714.681,1.252,548.936,715,1.268,550,715,1.332,547.867,717.266,1.351,543.771,717,1.367,540.271,712.027,1.495,0,0,0,0,0,0,0,0,0,0,0,0,0,0,0,0,0,0,0,0,0,0,0,0,0,0,0,0,0,0,0,0,0,0,0,0,0,0,0,0,0,0,0,0,0,0,0,0,0,0,0,0,0,0,0,0,0,0,0,0,0,0,0,0,0,0,0,0,0,0,0,0,0,0,0,0,0,0,0,0,0,0,0,0,72,1495,SLAP,
208,423,0,239.186,416.528,0.018,259.014,413.164,0.035,279.184,410.868,0.052,305.279,408.628,0.069,332.242,406.396,0.087,363.652,404.137,0.103,391,400.5,0.12,440.712,397.662,0.135,460.398,397,0.152,479.476,397.91,0.169,490.261,398,0.186,494.607,398,0.202,497.817,400.545,0.236,494.484,401.258,0.253,491.728,403.272,0.269,489.49,405.51,0.287,487.248,406.876,0.303,486.004,408.992,0.32,482.643,410.119,0.336,479.289,414.949,0.353,470.478,424.882,0.371,458.191,444.214,0.388,433.531,464.865,0.403,410.821,484.288,0.42,390.636,503.364,0.437,369.691,526.236,0.453,348.4,550.853,0.47,322.298,576.702,0.487,295.188,603.812,0.505,263.898,630.757,0.522,248.532,651.033,0.539,233.079,667.607,0.555,220.915,679.277,0.571,213.427,688.43,0.587,206.703,696.346,0.604,201.139,703.033,0.621,199.409,707.182,0.639,198.585,708.829,0.654,194.5,709.5,0.687,196.552,712.552,0.704,198,714,0.737,200.139,714.046,0.754,205.03,715.258,0.771,212.301,712.233,0.789,220.46,710.012,0.806,238.944,713,0.821,259.844,714.484,0.838,284.824,715.862,0.855,314.567,715.016,0.887,343.715,712.791,0.905,378.731,711.776,0.924,443.176,708.059,0.94,467.375,708.411,0.956,490.171,709.417,0.972,508.434,709.171,0.989,517.645,709,1.006,523.349,709,1.038,525.313,707.843,1.072,522.464,708,1.105,520.464,708,1.212,0,0,0,0,0,0,0,0,0,0,0,0,0,0,0,0,0,0,0,0,0,0,0,0,0,0,0,0,0,0,0,0,0,0,0,0,0,0,0,0,0,0,0,0,0,0,0,0,0,0,0,0,0,0,0,0,0,0,0,0,0,0,0,0,0,0,0,0,0,0,0,0,0,0,0,0,0,0,0,0,0,0,0,0,0,0,0,0,0,0,0,0,0,0,0,0,0,0,0,0,0,0,0,0,0,0,0,0,0,0,0,0,0,0,0,0,0,61,1212,SLAP,
184,413,0,214.745,414.06,0.019,252,414,0.036,280.506,412.34,0.052,307.796,412,0.068,335.607,411.096,0.085,363.674,411,0.102,390.543,409.852,0.118,447.724,408.735,0.135,462.737,407.613,0.153,480.5,408,0.17,493.276,408,0.185,502.263,408,0.202,509.241,407.126,0.219,514.971,407,0.235,517.5,407,0.285,512.762,409.238,0.303,507.61,410,0.319,502.406,410.719,0.336,498.484,411,0.353,494.162,412.919,0.369,490.76,415.16,0.386,488.599,421.002,0.403,482.393,429.25,0.421,470.976,441.471,0.438,459.352,450.777,0.454,446.775,464.91,0.47,431.732,477.853,0.487,417.879,493.901,0.503,400.276,503.362,0.52,386.954,518.216,0.537,370.929,532.78,0.555,358.038,545.962,0.571,340.5,565,0.588,323.984,578.368,0.604,307.979,593.25,0.62,290.729,606.703,0.637,277.839,622.205,0.654,263.271,634.463,0.671,249.928,649.328,0.687,239.206,659.794,0.705,228.078,670.922,0.722,219.923,680.693,0.737,214.302,686.698,0.754,210.416,690.584,0.771,208.036,693.946,0.788,206.9,696.201,0.82,209.344,698.344,0.855,214.071,698,0.872,220.255,694.873,0.888,231.114,692.343,0.905,246.318,693.903,0.922,261.976,692.93,0.939,281.233,694.19,0.955,299.022,692.686,0.973,329.898,693,0.99,352,693,1.006,383.172,692.326,1.022,406.144,691.203,1.039,428.337,691.917,1.056,447.669,690.961,1.072,467.829,691,1.089,485.498,693.562,1.107,496.413,694.401,1.124,505.5,694,1.14,511.479,695.28,1.156,515.528,696,1.173,517,696,1.222,512.814,694.938,1.24,510.263,695,1.36,0,0,0,0,0,0,0,0,0,0,0,0,0,0,0,0,0,0,0,0,0,0,0,0,0,0,0,0,0,0,0,0,0,0,0,0,0,0,0,0,0,0,0,0,0,0,0,0,0,0,0,0,0,0,0,0,0,0,0,0,0,0,0,0,0,0,0,0,0,0,0,0,0,0,0,0,0,0,0,0,0,0,0,0,0,0,0,0,0,0,70,1360,SLAP,
209,420,0,230.158,416.977,0.018,254.958,415.812,0.035,277.171,414.691,0.053,305.457,413.564,0.069,331,412.5,0.086,364.175,411.327,0.101,392.1,410.204,0.118,438.16,409.085,0.135,457.558,406.926,0.152,470.865,408.155,0.168,477.949,408,0.185,482.967,408,0.202,484,408,0.234,480.479,410.761,0.252,477.354,411.882,0.269,471.988,414.005,0.286,468.625,415.125,0.302,464.029,419.971,0.319,459.542,424.458,0.337,455.048,433.416,0.354,441.931,444.462,0.369,430.731,458.177,0.386,416.113,473.037,0.403,397.549,491.451,0.42,378.464,509.445,0.437,360.703,529.709,0.453,340.019,547.317,0.471,322.81,570.987,0.488,303.54,588.755,0.505,286.233,607.075,0.52,272.062,622.564,0.537,258.782,635.283,0.554,248.501,648.665,0.57,240.766,658.586,0.587,232.926,667.371,0.605,223.637,674.943,0.622,224,681,0.638,221.341,683.977,0.654,220.5,686.5,0.686,221,687.535,0.72,223.176,688.088,0.737,228.539,688,0.756,234.5,688,0.772,244.999,686,0.788,258.476,686.748,0.805,278.487,686.132,0.821,297.832,686,0.838,324.658,686,0.855,345.294,684.774,0.871,372.132,683.646,0.89,397.874,685.473,0.906,420.86,685,0.922,439.702,686.427,0.939,454.834,687.833,0.955,466.553,689.911,0.972,474.531,691.076,0.988,481.166,692.194,1.005,483.952,692,1.038,485.535,692,1.104,480.965,692,1.224,0,0,0,0,0,0,0,0,0,0,0,0,0,0,0,0,0,0,0,0,0,0,0,0,0,0,0,0,0,0,0,0,0,0,0,0,0,0,0,0,0,0,0,0,0,0,0,0,0,0,0,0,0,0,0,0,0,0,0,0,0,0,0,0,0,0,0,0,0,0,0,0,0,0,0,0,0,0,0,0,0,0,0,0,0,0,0,0,0,0,0,0,0,0,0,0,0,0,0,0,0,0,0,0,0,0,0,0,0,0,0,0,0,0,0,0,0,61,1224,SLAP,
184,427,0,245.605,429,0.016,272.424,425.572,0.037,303.763,423.425,0.048,334.64,419.86,0.067,366,418,0.086,394.3,418,0.099,433.014,417.292,0.115,460.617,416.132,0.134,476.452,415.039,0.148,491.476,417.227,0.165,498.66,415.763,0.188,502.508,414.623,0.2,505.4,413.533,0.25,493.748,421.701,0.269,489.123,423.938,0.282,483.487,428.411,0.305,472.872,437.892,0.322,463.243,441.225,0.336,453.121,450.017,0.353,435.279,463.433,0.368,416.649,475.677,0.382,396.646,491.759,0.402,374.058,506.365,0.418,349.529,528.338,0.433,329.754,539.983,0.454,305.419,560.327,0.471,289.123,574.473,0.488,270.5,592,0.503,257.138,603.889,0.518,244.956,618.958,0.534,232.147,629.235,0.549,220.793,642.248,0.567,210.786,653.349,0.584,200.601,658.333,0.601,193.255,662.569,0.622,191,667.576,0.64,191,670.81,0.651,191,673.5,0.685,196.02,674,0.706,200.326,675.082,0.718,204.78,675,0.734,210.83,675,0.751,216.44,676.488,0.773,227.393,679.744,0.787,241.178,683.118,0.801,257.289,685.638,0.817,276.028,686.943,0.835,292.879,688.059,0.86,315.419,686.767,0.876,338.739,686.713,0.887,368.997,685.593,0.906,397.505,686.54,0.923,424.616,687,0.935,448.39,687.81,0.951,466.71,688.919,0.973,482.751,689,0.993,492.124,690.141,1.005,501.296,691.287,1.019,506.053,691,1.039,511.5,692.5,1.059,512,692,1.089,513.534,693.267,1.119,507.622,694.126,1.135,505.484,691.484,1.157,501.864,689.243,1.262,0,0,0,0,0,0,0,0,0,0,0,0,0,0,0,0,0,0,0,0,0,0,0,0,0,0,0,0,0,0,0,0,0,0,0,0,0,0,0,0,0,0,0,0,0,0,0,0,0,0,0,0,0,0,0,0,0,0,0,0,0,0,0,0,0,0,0,0,0,0,0,0,0,0,0,0,0,0,0,0,0,0,0,0,0,0,0,0,0,0,0,0,0,0,0,0,0,0,0,0,0,0,66,1262,SLAP,
228,423,0,276.617,417.931,0.017,305.223,416.191,0.034,335.077,414.142,0.051,368.479,411.901,0.068,399.762,410.83,0.084,431.051,408.425,0.102,458.379,407.585,0.119,511,406.5,0.136,504.583,408,0.151,511.655,408,0.168,514.788,408,0.185,516,408,0.201,515,410.135,0.218,511.226,412.516,0.235,507.872,413.376,0.253,504.5,413,0.27,499.762,413.619,0.285,495.294,416.965,0.312,490.555,423.168,0.32,485.1,433.8,0.336,477.28,442.823,0.355,462.071,457.929,0.369,450.225,475.148,0.387,424.709,491.969,0.404,408.231,511.415,0.42,387.92,530.08,0.436,370.566,549.921,0.453,352.812,567.238,0.47,337.054,588.284,0.486,317.755,601.291,0.503,303.998,622.542,0.521,287.941,632.76,0.538,273.922,649.63,0.554,260.922,660.385,0.57,249.852,672.531,0.587,240.699,683.214,0.604,231.719,689.176,0.621,225.066,692.467,0.637,220.896,699.655,0.655,219.206,703.588,0.671,218.5,705,0.737,225.013,700.996,0.754,231.709,698.764,0.77,242.198,695.267,0.787,250.915,694.636,0.805,264.392,693.51,0.822,280.9,692.177,0.838,298.391,690.271,0.854,319.98,689.151,0.871,342.434,688.028,0.888,367.032,686.908,0.904,389.203,687,0.921,410.301,685.668,0.939,427.317,686,0.956,445.9,686.425,0.972,460.025,686,0.988,471.362,686.818,1.005,479.574,687,1.022,486.332,687,1.038,489.529,685.824,1.055,491.603,684.698,1.089,488.464,685,1.106,483.692,683.015,1.196,0,0,0,0,0,0,0,0,0,0,0,0,0,0,0,0,0,0,0,0,0,0,0,0,0,0,0,0,0,0,0,0,0,0,0,0,0,0,0,0,0,0,0,0,0,0,0,0,0,0,0,0,0,0,0,0,0,0,0,0,0,0,0,0,0,0,0,0,0,0,0,0,0,0,0,0,0,0,0,0,0,0,0,0,0,0,0,0,0,0,0,0,0,0,0,0,0,0,0,0,0,0,0,0,0,0,0,0,64,1196,SLAP,
207,401,0,229.908,403.083,0.016,261.442,405,0.034,281.71,405,0.05,301.816,406.045,0.063,322.231,404.82,0.086,346.394,403.696,0.1,370.975,404,0.115,425,402.5,0.137,434.47,403.232,0.148,449.109,402.526,0.164,460.066,402,0.185,470.905,402.991,0.2,478.903,399.613,0.215,490.687,398.731,0.238,496.685,398.616,0.249,504.202,397.543,0.266,507.422,399,0.286,511.144,400.429,0.298,513.5,402,0.334,513,407.194,0.351,510.549,409.451,0.369,507.088,411.608,0.388,502.668,411.466,0.404,497.692,412.577,0.416,493.924,413.692,0.431,490.57,416.43,0.451,488.204,419.693,0.467,485.904,425.239,0.482,481.253,430.934,0.504,475.342,436.658,0.519,466.919,442.201,0.533,461,446,0.554,456.45,452.826,0.568,450.451,461.065,0.582,444.548,468.343,0.602,438.14,471.93,0.616,432.38,475.372,0.633,427.914,480.086,0.654,424.771,484.639,0.669,418.5,492,0.683,413.5,495,0.699,405.299,500.22,0.72,398.832,504.445,0.738,391.237,510.797,0.755,382.274,519.726,0.767,373.276,527.508,0.788,368.123,532.877,0.805,362.705,538.213,0.818,355.23,546.77,0.838,347.759,554.947,0.855,341.106,562.709,0.87,335.336,569.597,0.886,327.337,577.663,0.905,316.99,589.233,0.918,310.912,595.088,0.941,305.724,601.732,0.956,299.706,609.392,0.969,292.298,617.703,0.985,285.222,623.981,1.006,278.271,631.684,1.025,271.891,640.145,1.035,263.792,651.726,1.052,254.597,657.802,1.073,247.209,664.392,1.092,241.979,675.035,1.111,234.557,683.808,1.138,219.859,695.141,1.163,214.965,702.053,1.181,209.472,708.66,1.19,204.953,714.309,1.201,199.053,715.779,1.218,196.5,716.5,1.288,205.821,716.045,1.311,213.529,713.849,1.329,220.733,711,1.341,231.275,711.327,1.359,243.857,712,1.373,258.417,712.571,1.386,273.695,712.307,1.402,289.407,712,1.42,306.902,711.069,1.441,324.963,712.06,1.464,341.853,709.159,1.476,363.307,710,1.491,388.364,710,1.51,406.001,706.467,1.522,425.502,707.316,1.537,442.303,707.207,1.557,457.676,707,1.579,471.004,706,1.593,483.641,703.702,1.604,494.683,705.268,1.623,504.663,703.593,1.639,512.615,699.531,1.655,521.788,700.369,1.675,529.256,698.498,1.697,536.989,697.144,1.709,548.935,698.988,1.72,556.789,697.887,1.738,104,1919,SLAP,
195,418,0,218.653,413.886,0.018,244.947,409.958,0.036,268.905,408.057,0.053,291.554,406.411,0.069,318.8,404.576,0.085,348.492,402.334,0.102,378.687,398.194,0.119,434.669,392.64,0.136,457.228,391.808,0.152,474.088,389.364,0.17,491.961,394.305,0.187,501.5,396,0.203,505.038,397.359,0.219,507.593,398.797,0.236,509,399.5,0.253,506.981,401.037,0.27,503.52,404.48,0.286,498.878,406.561,0.303,492.984,408.807,0.321,489,409.5,0.338,487.075,410.642,0.353,484.474,413.289,0.37,480.457,419.315,0.387,472.955,432.078,0.403,460.579,441.034,0.42,445.786,456.214,0.437,424.331,473.557,0.455,408.633,488.876,0.472,393.052,503.336,0.487,377.044,520.417,0.504,361.909,536.944,0.521,343.412,556.564,0.537,325.495,573.411,0.554,306.344,591.441,0.571,292.68,605.32,0.589,273.683,622.859,0.606,259.326,635.095,0.622,247.414,649.38,0.638,235.994,661.187,0.655,222.685,671.486,0.672,217.754,679.43,0.688,212.1,684.9,0.704,210.393,687.911,0.738,209.732,689.535,0.756,212.33,691,0.772,214,691,0.804,219.087,692,0.822,223.588,693.147,0.839,234.461,693,0.855,244.504,697.168,0.873,256,699,0.89,270.826,700.891,0.905,286.527,701.248,0.922,307.477,703.622,0.939,325.908,702.012,0.956,352.807,708.702,0.972,377.227,706.762,0.989,403.222,705.643,1.008,421.62,698.606,1.024,450.192,704.4,1.04,467.083,702.56,1.056,481.936,703.682,1.073,492.653,704.961,1.09,501.656,705,1.106,505.801,700.199,1.123,514.284,704.979,1.141,514.886,704,1.156,517,702.5,1.292,0,0,0,0,0,0,0,0,0,0,0,0,0,0,0,0,0,0,0,0,0,0,0,0,0,0,0,0,0,0,0,0,0,0,0,0,0,0,0,0,0,0,0,0,0,0,0,0,0,0,0,0,0,0,0,0,0,0,0,0,0,0,0,0,0,0,0,0,0,0,0,0,0,0,0,0,0,0,0,0,0,0,0,0,0,0,0,0,0,0,0,0,0,69,1292,SLAP,
190,404,0,209.771,405.041,0.018,240.118,405,0.028,262.082,405,0.045,286.044,404.18,0.066,309.588,403.11,0.078,335.071,400.903,0.1,359.189,399.801,0.117,409.448,397.407,0.13,418.158,398,0.151,438.231,399,0.165,454.482,398.368,0.179,471.849,398,0.196,487.602,398.9,0.218,499.206,400.021,0.232,506.783,400,0.245,509.736,402.491,0.269,507.583,404.834,0.284,504.563,405.958,0.298,501.216,407.595,0.313,497.084,408.729,0.332,493.51,410.66,0.347,489.04,413.97,0.362,483.455,423.98,0.385,468.338,438.662,0.405,451.83,449.693,0.416,434.728,467.833,0.431,418.556,484.624,0.452,401.859,500.789,0.469,384.982,520.223,0.484,368.999,538.859,0.497,348.412,562.853,0.514,330.728,579.067,0.536,308.828,599.847,0.555,296.218,616.195,0.571,282.732,631.848,0.582,270.662,647.339,0.597,256.053,659.037,0.614,244.815,673.733,0.637,229.233,686.603,0.65,220.885,691.697,0.664,219.409,700.069,0.681,218.582,705.09,0.703,220.5,707.5,0.722,225.087,707,0.733,232.991,707.749,0.753,242.394,708,0.773,252.823,709.965,0.783,276.59,713.37,0.798,300.322,714.253,0.823,330.29,709.77,0.843,360.867,703.677,0.855,397.593,695.656,0.866,442.442,689.075,0.882,474.483,685.44,0.899,497.348,685,0.916,515.342,685,0.935,522.501,685,0.954,524.888,687.592,1.001,520.463,689.358,1.022,517.431,689,1.036,515.137,686.205,1.05,513.949,678.64,1.193,0,0,0,0,0,0,0,0,0,0,0,0,0,0,0,0,0,0,0,0,0,0,0,0,0,0,0,0,0,0,0,0,0,0,0,0,0,0,0,0,0,0,0,0,0,0,0,0,0,0,0,0,0,0,0,0,0,0,0,0,0,0,0,0,0,0,0,0,0,0,0,0,0,0,0,0,0,0,0,0,0,0,0,0,0,0,0,0,0,0,0,0,0,0,0,0,0,0,0,0,0,0,0,0,0,0,0,0,0,0,0,63,1193,SLAP,
197,399,0,233.155,401.62,0.016,252.164,402,0.03,267.472,402,0.047,283.502,402,0.066,300.174,400.855,0.082,315.784,398.459,0.096,337.569,396.159,0.118,388.5,389.5,0.132,396.071,389.592,0.147,414.673,390,0.168,431.147,390,0.183,443.867,389.012,0.198,457.625,390.135,0.22,469.799,387.491,0.236,483.252,388,0.254,489.385,388,0.27,495.431,387.428,0.281,500.812,387.703,0.298,504.523,388,0.318,509.756,390.854,0.333,512.109,392.055,0.348,512,394.441,0.368,510.654,396.692,0.381,508.175,398.825,0.398,506,402.5,0.419,503.696,404.304,0.434,500.672,405.776,0.448,498.173,406.913,0.469,495.881,409.119,0.483,492.582,410.139,0.498,490.394,412.606,0.52,488.127,414.873,0.536,486,418.5,0.553,483.798,421.802,0.566,480.768,425.975,0.585,475.617,433.136,0.6,469.059,437.961,0.616,463.424,442.46,0.632,458.939,448.327,0.655,454.382,454.022,0.669,450.111,460.833,0.684,443.395,467.403,0.704,437.475,471.82,0.719,430.985,478.015,0.738,424.886,486.16,0.757,417.503,496.711,0.774,402.369,504.417,0.789,391.772,514.55,0.801,380.356,527.108,0.818,368.029,534.776,0.836,355.463,545.826,0.856,343.095,556.286,0.873,332.693,564.461,0.885,319.141,572.501,0.901,309.219,583.979,0.92,303.067,592.577,0.94,295.305,597.463,0.953,285.59,605.961,0.968,278.705,615.271,0.985,271.505,622.71,1.001,262.761,628.524,1.018,253.6,637.4,1.037,248.185,645.141,1.061,242.73,653.016,1.073,236.71,657.908,1.09,229.98,663.517,1.109,223.939,670.897,1.12,219.749,677.752,1.138,216.242,682.678,1.156,213.089,685.911,1.169,210.765,688.235,1.185,208.512,689.244,1.205,207.637,691.726,1.235,206.736,693.528,1.271,207,695.531,1.321,209.086,697.086,1.352,212.605,699.404,1.374,216.739,698.42,1.391,220.679,698,1.403,225.22,697.195,1.424,231.464,696.089,1.439,238.124,699.062,1.453,245.059,700.176,1.469,253.056,701.294,1.491,262.492,702.437,1.509,274.65,702.514,1.521,285.768,703,1.536,295.223,699.888,1.557,309.456,704.338,1.579,321.937,705,1.591,335.658,705,1.605,350.54,703.728,1.621,367.876,701.217,1.643,381.5,703.5,1.665,393.086,701.409,1.685,405.164,701,1.694,413.996,696.717,1.712,427.687,700.88,1.723,438.963,701,1.737,117,2141,SLAP,
181,417,0,224.722,411.122,0.018,246.173,409.938,0.035,267.465,407.635,0.052,288.745,406.698,0.068,312.897,405.576,0.086,335.5,404.5,0.102,378.016,402.666,0.119,408.005,402,0.136,429.262,401.091,0.152,447.496,401,0.169,464.24,399.851,0.186,479.85,401.275,0.202,492.673,399.611,0.22,498.5,400,0.236,502.905,402.635,0.253,505.513,403,0.269,507,403,0.318,501.761,405.12,0.336,499.275,406.362,0.354,497.04,408.96,0.37,493.193,409.602,0.387,489.829,410.724,0.403,487.309,412.69,0.42,483.138,416.862,0.437,477.558,422.442,0.453,470.746,434.09,0.47,458.711,439.974,0.488,447.497,452.503,0.504,429.5,467.5,0.521,414.614,478.616,0.537,398.595,493.405,0.554,381.041,506.284,0.571,367.335,522.832,0.587,353.885,536.115,0.604,336.555,552.148,0.621,326.796,567.886,0.638,307,580,0.655,299.094,595.589,0.671,284.081,609.919,0.688,272.017,623.78,0.705,258.7,634.225,0.721,247.568,650.005,0.738,238.87,659.396,0.755,231.292,666.708,0.772,222,677.5,0.789,220.123,681.503,0.805,216.755,685.993,0.822,215.131,688.739,0.838,213.02,690.98,0.855,213,693.212,0.872,213,695.46,0.889,213,697.704,0.906,213,699.939,0.923,215.187,701.593,0.939,217.428,701.286,0.956,222.184,699.326,0.972,230.644,696.134,0.989,241.781,693.844,1.006,261.42,695.201,1.022,286.88,701.564,1.041,303.118,695.665,1.057,335.916,706.123,1.073,363.714,708.363,1.089,392.905,710.608,1.106,416.494,712.849,1.123,444.185,714.047,1.14,465.103,712.837,1.156,482.671,714.292,1.173,497.719,714,1.191,505.5,715.5,1.208,511.892,714.351,1.223,516.313,713.229,1.24,518.78,712.11,1.257,520,711.5,1.289,515.744,710.915,1.309,504.942,705.471,1.463,0,0,0,0,0,0,0,0,0,0,0,0,0,0,0,0,0,0,0,0,0,0,0,0,0,0,0,0,0,0,0,0,0,0,0,0,0,0,0,0,0,0,0,0,0,0,0,0,0,0,0,0,0,0,0,0,0,0,0,0,0,0,0,0,0,0,0,0,0,77,1463,SLAP,
180,406,0,203.184,409.024,0.018,225.806,410.2,0.034,244.464,410,0.052,264.994,410,0.069,283.182,409.434,0.086,302.687,409,0.101,322.516,409,0.118,360.295,409,0.135,381.892,407.951,0.152,402.013,406.833,0.168,415.753,407,0.187,434.583,405.589,0.204,449,407.5,0.219,466.1,406.65,0.235,481.068,406.226,0.252,492.064,405.104,0.268,501.15,406.019,0.285,506.697,406,0.302,512.298,404.74,0.319,515.134,405,0.335,516.997,405,0.384,516,407.358,0.418,513.464,409.536,0.435,510.659,411.227,0.452,506.964,411,0.469,502.126,411,0.486,499.5,412.5,0.503,493.866,414.423,0.519,491.338,416.662,0.536,488.14,419.86,0.553,481.556,426.444,0.569,472.427,436.77,0.586,460.853,441.573,0.603,451.058,454.38,0.62,437,463.5,0.637,424.206,476.794,0.653,409.795,489.604,0.67,397.773,500.304,0.687,385.547,511.412,0.704,372.032,524.968,0.72,362.462,534.538,0.737,350.939,548.874,0.754,337,562,0.771,323.979,571.444,0.787,311.307,586.539,0.804,298.343,601.545,0.821,281.841,618.159,0.837,268.425,630.444,0.854,251.23,645.268,0.871,244.042,658.437,0.889,232.068,670.426,0.906,220.706,680.907,0.921,213.578,687.685,0.938,207.713,694.145,0.955,204.06,698.92,0.972,197.397,701.201,0.988,198,707.104,1.005,195.322,708.678,1.022,196,710.931,1.054,199.418,712,1.072,201.654,712.827,1.088,204.842,713,1.105,209.28,710.86,1.122,214.951,706.239,1.139,221.867,703.067,1.156,235.805,701.126,1.173,253.5,705,1.19,275.545,702.354,1.206,298.721,701.407,1.223,322.289,698.244,1.24,348.941,696.961,1.256,378.21,695.838,1.273,404.595,696,1.29,426.114,691.783,1.307,457,693,1.324,477.798,691.36,1.34,496.464,691,1.368,511.519,690.114,1.384,524.035,689,1.391,532.964,689,1.407,540.724,687.754,1.424,545.832,688,1.44,546.972,686.514,1.489,540.58,687.855,1.611,0,0,0,0,0,0,0,0,0,0,0,0,0,0,0,0,0,0,0,0,0,0,0,0,0,0,0,0,0,0,0,0,0,0,0,0,0,0,0,0,0,0,0,0,0,85,1611,SLAP,
204,420,0,232.192,422.014,0.017,262.742,422,0.034,290.56,420.698,0.052,320.016,418.153,0.069,349.5,414.5,0.086,380.676,413.333,0.101,407.904,412.212,0.118,449.259,412,0.135,465.323,412,0.152,475.329,414.295,0.168,482.874,416.535,0.185,485.158,418.772,0.204,484,422.5,0.22,481.741,423.63,0.235,479.499,424.75,0.252,476.391,425.87,0.269,473.023,426.992,0.286,469.661,429.226,0.302,466.301,430.233,0.319,464.286,435.427,0.337,459.096,441.38,0.354,451.817,450.975,0.369,441.813,464.344,0.387,430.629,477.208,0.403,420.347,494.383,0.42,401.641,509.039,0.436,381.393,533.208,0.453,363.857,548.822,0.471,345.847,570.047,0.488,329.529,586.036,0.504,314.081,601.233,0.52,303.564,617.871,0.537,289.952,629.341,0.554,279.573,645.711,0.571,269.491,656.677,0.586,256.766,666.646,0.605,248.699,679.539,0.622,244.5,685.5,0.638,238.4,688.95,0.654,234.683,693.09,0.67,229.529,694.894,0.687,226.971,696.015,0.704,225.869,698.261,0.72,228.513,698,0.738,232.121,696.626,0.755,235.492,694.005,0.772,242.077,691.769,0.788,247.69,688.786,0.804,255.003,686.285,0.821,264.856,685.016,0.838,278.202,682.8,0.867,291.679,681.777,0.878,308.459,679.682,0.906,337.041,673.905,0.922,356.975,674.591,0.938,373.543,674.824,0.955,392.102,675.947,0.972,409.018,682.407,0.989,422.287,684.381,1.005,439.627,686.617,1.023,449.318,688.864,1.04,458.5,691,1.056,463.359,691,1.073,468.959,691,1.089,473.658,691,1.106,479.165,691,1.122,481.307,689.847,1.139,483.554,690,1.171,485.517,688.741,1.221,483.821,691.357,1.24,480.999,692,1.256,476.517,692,1.35,0,0,0,0,0,0,0,0,0,0,0,0,0,0,0,0,0,0,0,0,0,0,0,0,0,0,0,0,0,0,0,0,0,0,0,0,0,0,0,0,0,0,0,0,0,0,0,0,0,0,0,0,0,0,0,0,0,0,0,0,0,0,0,0,0,0,0,0,0,0,0,0,0,0,0,0,0,0,0,0,0,73,1350,SLAP,
162,406,0,188.116,408.009,0.028,210.94,409.147,0.035,230.417,410.245,0.051,250.212,411.345,0.084,274.293,411,0.137,374.924,409.134,0.195,477.452,408,0.256,493.28,408.48,0.269,520.867,410,0.292,523.145,411.072,0.319,519.515,414.485,0.34,517.104,415.448,0.354,514.293,416.138,0.382,511.638,417.681,0.411,509.384,418.808,0.456,501.744,424.41,0.477,483.539,445.461,0.51,470.578,456.887,0.538,445.893,476.219,0.564,420.794,502.188,0.601,385.187,532.813,0.638,351.567,558.451,0.67,319.211,586.579,0.69,290.196,611.818,0.71,277.876,623.022,0.726,267.522,631.478,0.738,255.194,643.806,0.756,247.275,653.191,0.772,239.915,657.918,0.787,231.341,664.244,0.804,224.864,671.791,0.821,220.219,677.726,0.838,217.864,682.271,0.854,214.442,685.558,0.888,212.57,687.43,0.937,214.178,689.357,0.97,218.066,689,0.988,221.461,689,1.005,228.659,689,1.023,242.336,689,1.04,247,689,1.056,261.022,689,1.071,274.894,689,1.088,288.581,689,1.105,305.036,689,1.122,321.812,690.121,1.139,341.1,690,1.155,365.609,690,1.174,392.156,690,1.19,411.054,690.604,1.205,432.253,692.453,1.222,447.298,693.845,1.239,463.485,696.897,1.256,475.949,698.086,1.273,486.992,698,1.289,496.942,698,1.307,502.707,698,1.324,507.274,697,1.34,511,697,1.356,513.618,695,1.373,515,695,1.422,509.707,699.293,1.441,505.777,700.408,1.458,504,698.5,1.561,0,0,0,0,0,0,0,0,0,0,0,0,0,0,0,0,0,0,0,0,0,0,0,0,0,0,0,0,0,0,0,0,0,0,0,0,0,0,0,0,0,0,0,0,0,0,0,0,0,0,0,0,0,0,0,0,0,0,0,0,0,0,0,0,0,0,0,0,0,0,0,0,0,0,0,0,0,0,0,0,0,0,0,0,0,0,0,0,0,0,0,0,0,0,0,0,0,0,0,0,0,0,0,0,0,65,1561,SLAP,
183,421,0,227.879,412.023,0.018,251.365,409.775,0.035,274.893,407.534,0.052,299.791,403.938,0.07,324.49,399.093,0.087,354.503,394.615,0.102,397.383,388.682,0.119,427.622,387.839,0.136,444.461,387.039,0.152,457.96,389.16,0.169,464.202,390.2,0.186,470.929,392.643,0.204,470.447,394.894,0.221,466.309,398.691,0.237,462.948,401.368,0.253,459.588,403.608,0.269,457.147,405.853,0.286,454.905,408.095,0.303,451.49,411.51,0.32,445.56,421.305,0.338,434.271,435.972,0.354,423,449,0.371,408.24,470.459,0.387,392.946,490.467,0.403,374.798,511.096,0.42,356.765,533.294,0.437,336.527,558.023,0.454,311.323,578.903,0.47,288.006,605.756,0.489,258.619,631.391,0.505,240.1,650.518,0.521,222.89,668.85,0.537,211.248,683.336,0.554,200.18,692.856,0.571,193.384,702.923,0.587,191.549,710.577,0.604,192,713.03,0.638,194.535,712,0.655,205.358,709.587,0.671,213.786,704.867,0.688,226.414,703.049,0.705,241.946,700.865,0.736,260.088,696.228,0.745,284.535,693.444,0.773,309.414,689.132,0.789,334.646,686.336,0.796,360.221,682.972,0.805,383.885,682,0.822,407.246,680.167,0.839,429.743,677.926,0.856,447.558,678,0.872,464.13,675.449,0.891,476.825,674.598,0.907,485.645,674.521,0.924,491.565,674.359,0.939,495.283,672.478,0.956,497.5,671,0.973,496,669.998,0.99,493.754,670,1.006,491.513,667.513,1.025,489.262,670.738,1.117,0,0,0,0,0,0,0,0,0,0,0,0,0,0,0,0,0,0,0,0,0,0,0,0,0,0,0,0,0,0,0,0,0,0,0,0,0,0,0,0,0,0,0,0,0,0,0,0,0,0,0,0,0,0,0,0,0,0,0,0,0,0,0,0,0,0,0,0,0,0,0,0,0,0,0,0,0,0,0,0,0,0,0,0,0,0,0,0,0,0,0,0,0,0,0,0,0,0,0,0,0,0,0,0,0,0,0,0,0,0,0,0,0,0,62,1117,SLAP,
192,415,0,235.529,412.975,0.018,273.767,410.577,0.035,308.114,409.674,0.053,341.685,410,0.07,374.043,410,0.086,404.744,410,0.102,432.503,409.187,0.119,472.526,409,0.136,486.564,409,0.152,493.06,409,0.169,494.588,410.294,0.202,491.464,411.268,0.22,488.021,412.66,0.236,484.666,413.778,0.253,481.299,414,0.27,476.917,416.042,0.286,470.139,419.43,0.303,462.169,427.831,0.32,458.472,437.056,0.338,449.5,446,0.355,433.511,463.609,0.37,416.313,481.194,0.387,398.117,499.751,0.404,380.191,519.786,0.42,360.047,536.627,0.437,338.642,555.899,0.454,325.485,570.863,0.472,305.049,590.951,0.489,299.283,607.024,0.505,286.023,621.839,0.521,274.521,634.141,0.537,264.402,648.419,0.554,254.336,656.517,0.571,247.835,665.554,0.587,242.437,674.501,0.606,235.367,684.95,0.622,230.207,688.235,0.639,225.286,693.393,0.655,222.404,697.394,0.671,222.921,700.762,0.688,223.5,702.5,0.705,225.16,701,0.721,230.133,698.434,0.74,237.432,696.189,0.756,244,694,0.773,255.083,694.356,0.788,268.941,695.529,0.805,286.177,694.228,0.822,306.154,695.009,0.839,329.708,692.742,0.855,355.746,694.25,0.872,384.385,695.375,0.89,412.304,699.477,0.907,431.478,697.838,0.922,450.964,701.193,0.939,465.259,702,0.956,473.831,702,0.973,483.847,706.376,0.989,487.86,708.43,1.006,489.675,708,1.072,481.712,706.178,1.163,0,0,0,0,0,0,0,0,0,0,0,0,0,0,0,0,0,0,0,0,0,0,0,0,0,0,0,0,0,0,0,0,0,0,0,0,0,0,0,0,0,0,0,0,0,0,0,0,0,0,0,0,0,0,0,0,0,0,0,0,0,0,0,0,0,0,0,0,0,0,0,0,0,0,0,0,0,0,0,0,0,0,0,0,0,0,0,0,0,0,0,0,0,0,0,0,0,0,0,0,0,0,0,0,0,0,0,0,0,0,0,0,0,0,62,1163,SLAP,
233,400,0,223.315,402.152,0.02,218.133,403.467,0.033,217,404.5,0.064,216.73,406.54,0.101,225.157,406,0.12,243.683,407.168,0.136,257.873,407,0.153,283.767,408.417,0.166,302,409.5,0.186,334.639,410,0.203,363.001,410,0.219,391.871,410.875,0.232,414.324,411,0.256,439.29,412.15,0.27,453.335,412,0.285,467.823,412,0.304,482.185,412.515,0.319,492.72,413.59,0.333,499.614,414.723,0.353,502.704,415.852,0.371,503,418.927,0.386,501.899,421.202,0.4,499.513,422.244,0.421,495.911,424.726,0.437,494.085,426.915,0.451,490.233,427.589,0.471,486.987,428.671,0.486,483.601,430.599,0.5,479.223,434.777,0.521,470.348,439.326,0.536,463.725,445.062,0.55,455.689,457.302,0.569,436.396,474.164,0.589,413,495,0.605,377.411,518.983,0.618,346.669,542.011,0.639,320.66,561.718,0.654,307.974,576.031,0.669,297.417,593.638,0.691,279.158,600.259,0.708,268.438,617.45,0.719,251.707,630.834,0.74,244.141,643.896,0.757,235.182,654.091,0.769,225.009,660.439,0.785,220.968,672.117,0.805,216.466,681.069,0.823,212.183,688.43,0.836,207.458,689.771,0.856,204.551,694.932,0.873,204,697.733,0.886,204.7,701.8,0.908,205.864,704.728,0.924,207.882,706.882,0.936,210.172,708.086,0.957,213.535,708,0.977,216.598,708.103,0.989,220.616,703.82,1.004,227.992,697.578,1.02,239.239,695,1.04,254.897,694.207,1.061,273.477,694.91,1.072,291.806,693.95,1.086,314.641,695.182,1.103,342.402,693.692,1.129,371.867,692.605,1.148,399.303,692.513,1.16,430.405,694.294,1.171,457.965,695.771,1.186,483.746,696.902,1.207,501.158,695.989,1.224,513.24,698.226,1.239,517.093,698,1.255,518.703,699.352,1.288,513.771,701,1.308,511.56,701.72,1.33,509.32,701.16,1.346,508,700.5,1.356,506.903,699.951,1.391,504.652,697.652,1.521,0,0,0,0,0,0,0,0,0,0,0,0,0,0,0,0,0,0,0,0,0,0,0,0,0,0,0,0,0,0,0,0,0,0,0,0,0,0,0,0,0,0,0,0,0,0,0,0,0,0,0,0,0,0,0,0,0,81,1521,SLAP,
206,400,0,228.254,405.299,0.017,261.88,408.661,0.03,287.099,409.787,0.048,316.996,410,0.069,347.015,410,0.082,378.844,410,0.1,411.93,410,0.115,478.832,408.542,0.136,482,409,0.15,492.875,409.653,0.165,501.466,410.781,0.184,505.764,411,0.198,510.026,412.006,0.233,507.69,414.31,0.252,501.046,416.782,0.266,495.5,419,0.287,493.5,421,0.3,491.546,423.454,0.315,488.409,426.591,0.335,484.188,431.765,0.348,478.482,440.828,0.365,463.097,449.786,0.386,445.218,471.553,0.399,420.003,482.712,0.419,400,505.5,0.437,374.841,523.451,0.454,352.53,543,0.466,334.496,562.437,0.483,316.466,576.15,0.5,304.561,593.326,0.519,293.581,600.735,0.535,276.566,619.893,0.551,266.5,631,0.567,250.147,643.594,0.588,239.241,654.983,0.604,226.1,663.358,0.617,216.581,674.524,0.633,206.297,683.514,0.651,198.807,687.253,0.677,193.752,689.832,0.695,191.489,692.021,0.707,191,694.287,0.721,191,696,0.75,200.012,698.002,0.773,207.162,698,0.791,213.377,695.541,0.802,217.403,694.649,0.817,226.5,693.5,0.834,238,694,0.854,251.982,693.274,0.872,270.085,693.838,0.885,289.864,692.016,0.901,314.532,689.77,0.925,341.528,688.77,0.942,369.627,689.332,0.954,396.1,690.483,0.968,425.351,691,0.992,453.544,691,1.013,481.959,689.388,1.026,505.017,689,1.036,522.048,689,1.051,532.95,691.39,1.074,540.207,693.631,1.086,540.87,695.87,1.102,536.795,698.102,1.12,532.316,700.342,1.136,528.61,700.203,1.151,525.244,697.244,1.169,523.965,693.895,1.187,524,689.497,1.289,0,0,0,0,0,0,0,0,0,0,0,0,0,0,0,0,0,0,0,0,0,0,0,0,0,0,0,0,0,0,0,0,0,0,0,0,0,0,0,0,0,0,0,0,0,0,0,0,0,0,0,0,0,0,0,0,0,0,0,0,0,0,0,0,0,0,0,0,0,0,0,0,0,0,0,0,0,0,0,0,0,0,0,0,0,0,0,71,1289,SLAP,
