189,401,0,;216.69,397.308,0.017,;230.751,396.187,0.034,;242.31,395.069,0.051,;255.642,395,0.068,;269.061,395,0.085,;283.799,395,0.102,;301.245,393.584,0.119,;341.5,392.5,0.135,;350.822,389.686,0.151,;367.113,387.444,0.168,;383.444,387,0.185,;397.126,385.99,0.201,;406.106,386,0.218,;420.12,387.26,0.235,;429.426,388.381,0.253,;436.5,388,0.27,;449.192,389,0.285,;457.465,389.744,0.302,;466.757,390.862,0.319,;475.856,392.964,0.335,;483.718,394.103,0.352,;489.114,396.446,0.369,;492.04,397.347,0.388,;493.931,397,0.402,;496,398.5,0.435,;496.268,400.535,0.468,;493.953,402.047,0.486,;491.624,404.376,0.503,;488.066,409.245,0.521,;484.705,413.727,0.537,;477,418,0.554,;465.275,430.725,0.57,;457.235,440.354,0.587,;446.874,447.475,0.603,;434.637,457.297,0.62,;425.751,468.561,0.636,;415.517,474.655,0.654,;398.401,481.4,0.672,;390.5,494,0.688,;375.395,504.07,0.704,;364.177,514.581,0.72,;351.465,526.657,0.737,;338.996,536.003,0.754,;328.911,544.968,0.77,;315.105,557.653,0.787,;304.349,567.286,0.805,;297.633,572.886,0.822,;282.369,585.631,0.839,;270.752,595.074,0.854,;257.016,604.604,0.871,;247.29,616.601,0.889,;239.379,626.798,0.904,;231.557,633.237,0.921,;223.707,643.948,0.939,;218.749,651.152,0.956,;216.293,657.276,0.972,;212.248,661.752,0.988,;207.766,667.851,1.005,;202.346,675.516,1.022,;196.743,682.309,1.039,;193.492,687.847,1.055,;191.413,689.587,1.072,;189.173,691.827,1.104,;188.732,693.536,1.224,;191.123,691.938,1.24,;194.237,691,1.256,;198.696,690.261,1.272,;202.5,689.5,1.321,;215.845,690,1.347,;232.497,690,1.374,;245.039,690,1.393,;272.463,690,1.406,;287.548,690,1.423,;304.208,690,1.441,;337.036,691.068,1.457,;351.634,691,1.473,;371.301,692.312,1.492,;383.137,692,1.509,;402,692,1.524,;413.376,692,1.54,;427.482,692,1.557,;443.714,692,1.574,;456.363,692,1.591,;469.869,693.156,1.607,;485.834,694.274,1.624,;495.951,694,1.642,;508.5,695.5,1.659,;512.54,696,1.674,;516,696,1.707,;516.536,694.732,1.725,;513.883,692.883,1.817,;0,0,0,;0,0,0,;0,0,0,;0,0,0,;0,0,0,;0,0,0,;0,0,0,;0,0,0,;92,,,;1817,,,;PAPR,,,
184,404,0,;204.456,400.77,0.019,;227.735,396.835,0.035,;244.567,394.591,0.052,;261.368,393.176,0.068,;279.124,392.055,0.085,;298.082,392,0.102,;318.355,392,0.118,;367.179,393.304,0.136,;384.983,393,0.154,;409.403,392.452,0.17,;428.716,392,0.185,;445.822,392,0.202,;458.104,392,0.219,;469.29,393.029,0.236,;480.517,394.152,0.253,;485.349,395.27,0.27,;489.583,396.396,0.301,;490.536,397.268,0.352,;485.003,402.997,0.37,;480.525,406.356,0.386,;476.052,412.185,0.403,;468.838,419.162,0.421,;462.115,428.847,0.438,;456.998,439.803,0.453,;447.798,449.482,0.47,;436.571,462.958,0.487,;426.328,474.636,0.504,;411.936,490.146,0.52,;394.957,504.637,0.537,;380.83,519.17,0.555,;363.338,536.662,0.572,;347.384,553.182,0.599,;329.709,570.605,0.61,;312.958,589.451,0.625,;298.881,605.972,0.646,;281.43,625.665,0.655,;267.93,641.415,0.671,;251.974,658.313,0.69,;241.915,670.902,0.706,;230.159,683.248,0.722,;219.778,690.916,0.739,;212.369,698.403,0.766,;206.53,704.47,0.789,;199.975,710.025,0.805,;197,713,0.821,;198,714.376,0.887,;200.268,714,0.921,;202.536,712.732,0.939,;206.438,713,0.955,;208.684,711.658,0.973,;210.925,709.075,0.99,;225.608,703.074,1.007,;238.749,699.591,1.022,;251.898,697.35,1.039,;268.206,695.106,1.056,;282.88,693.932,1.073,;300.977,691.628,1.089,;318.914,690.693,1.108,;339.685,686.719,1.125,;357.5,686.5,1.141,;380.738,686,1.156,;398.859,686.791,1.173,;415.656,687,1.19,;432.466,688.031,1.206,;450.422,689.151,1.223,;463.3,689,1.242,;480.957,691.794,1.258,;491.5,692.5,1.275,;495.52,694.26,1.29,;498.503,695.751,1.307,;500,696.5,1.339,;501.536,697.268,1.391,;497.639,695.88,1.409,;490.783,692.193,1.5,;0,0,0,;0,0,0,;0,0,0,;0,0,0,;0,0,0,;0,0,0,;0,0,0,;0,0,0,;0,0,0,;0,0,0,;0,0,0,;0,0,0,;0,0,0,;0,0,0,;0,0,0,;0,0,0,;0,0,0,;0,0,0,;0,0,0,;0,0,0,;0,0,0,;0,0,0,;0,0,0,;0,0,0,;0,0,0,;75,,,;1500,,,;PAPR,,,
198,397,0,;212.082,393.75,0.019,;226.998,391.091,0.036,;237.183,392.576,0.052,;249.331,393.694,0.068,;263.612,394.816,0.085,;278.155,395,0.11,;294.832,395,0.124,;333.993,393.824,0.135,;347.444,392.704,0.153,;374.186,391.582,0.17,;393.134,391.542,0.186,;410.564,392,0.202,;427.747,392.783,0.219,;445.438,393.902,0.236,;458.252,397.069,0.255,;468.268,400.423,0.269,;480.884,403.786,0.287,;483.539,404.385,0.303,;485,405.5,0.335,;485.267,407.535,0.368,;482.464,408.268,0.386,;480.891,409.054,0.403,;477.319,411.454,0.419,;473.95,413.7,0.438,;467.661,418.871,0.454,;462.029,424.565,0.47,;456.437,431.988,0.487,;449.145,438.182,0.503,;439.418,443.768,0.52,;430.392,451.532,0.536,;421.446,464.136,0.553,;405.839,473.881,0.572,;389.881,485.371,0.588,;371.621,501.703,0.604,;352.094,516.51,0.62,;333.194,531.405,0.637,;312.473,545.07,0.654,;296.395,561.648,0.671,;276.134,573.751,0.687,;259.722,593.849,0.705,;241.515,608.674,0.722,;227,630,0.739,;216.502,643.997,0.754,;207.882,656.647,0.771,;202.478,664.283,0.788,;196.967,670.033,0.804,;195.875,674.499,0.821,;193.503,678.993,0.854,;194,680.489,0.904,;194,682.357,0.971,;192.932,684.135,1.004,;190.464,686.536,1.038,;188.464,688.536,1.071,;187.732,690.536,1.105,;190.2,691.1,1.155,;193.327,691.336,1.173,;195.568,691,1.189,;201.425,691,1.206,;213.274,694.075,1.223,;224.432,695.143,1.239,;239.461,697.532,1.259,;251.256,699.774,1.274,;268,699,1.291,;291.122,702.375,1.306,;318.496,701.25,1.323,;343.228,701,1.34,;370.754,701.99,1.357,;396.6,705.339,1.373,;416.194,711.165,1.39,;437.677,711.351,1.408,;458.925,713.939,1.425,;482.073,712.406,1.441,;505.964,711.287,1.457,;523.686,710.165,1.474,;540.302,709.047,1.491,;551.782,707.922,1.507,;560.571,705.607,1.524,;568.235,704.681,1.542,;570.311,703.563,1.636,;0,0,0,;0,0,0,;0,0,0,;0,0,0,;0,0,0,;0,0,0,;0,0,0,;0,0,0,;0,0,0,;0,0,0,;0,0,0,;0,0,0,;0,0,0,;0,0,0,;0,0,0,;0,0,0,;0,0,0,;0,0,0,;0,0,0,;0,0,0,;80,,,;1636,,,;PAPR,,,
194,404,0,;225.375,407.955,0.018,;238.858,409.072,0.034,;253.594,410.2,0.051,;266.768,411.314,0.068,;280.197,411,0.086,;293.676,410.444,0.102,;316.627,408.644,0.119,;336.182,406.403,0.135,;355.534,406,0.152,;370.509,406,0.168,;388.521,408.315,0.186,;402.646,409.28,0.202,;415.78,410.398,0.219,;427.5,410,0.236,;437.764,411,0.252,;446.342,411,0.269,;453.292,411,0.286,;458.01,411,0.302,;461.369,411,0.319,;465.965,411,0.337,;473.169,412.362,0.353,;478.43,412,0.37,;484.415,412,0.386,;487.452,412,0.403,;489,412,0.485,;485.851,414.149,0.504,;483,414,0.521,;479.931,418.069,0.536,;473.338,423.853,0.553,;465.485,432.446,0.57,;457.64,441.411,0.587,;447.451,449.205,0.604,;432.201,460.922,0.62,;421.894,473.516,0.638,;403.5,484,0.654,;386.231,501.164,0.67,;370.166,515.834,0.687,;355.378,532.41,0.704,;338.78,547.191,0.72,;324.24,565.166,0.737,;305.913,579.321,0.754,;294.888,596.607,0.772,;273.597,607.437,0.789,;261.391,623.149,0.804,;248.63,634.37,0.822,;238.282,647.29,0.839,;227.201,655.859,0.855,;218.214,664.786,0.872,;211.703,674.946,0.888,;204.973,685.04,0.914,;199.698,689.302,0.923,;197.845,691.155,0.939,;196.304,693.391,0.956,;195.5,695,1.055,;199.229,694,1.073,;202.997,694,1.098,;205.572,694,1.107,;209.61,694,1.124,;216.149,694,1.14,;227.455,694,1.157,;241.127,692.739,1.173,;251.856,693,1.19,;266,693,1.207,;278.882,692.374,1.223,;292.017,692.751,1.24,;307.18,693.87,1.256,;322.862,694,1.273,;337.44,696.222,1.291,;355.696,694.769,1.307,;372.24,696.349,1.324,;393.51,694.527,1.341,;412.053,697,1.358,;430.449,697.716,1.375,;447.501,698.833,1.39,;462.395,699.953,1.407,;479.11,700,1.424,;492.306,698.808,1.441,;505.783,696.369,1.458,;514.898,697,1.475,;518.217,697,1.491,;522,697,1.556,;522.064,695.968,1.624,;519.732,696,1.742,;0,0,0,;0,0,0,;0,0,0,;0,0,0,;0,0,0,;0,0,0,;0,0,0,;0,0,0,;0,0,0,;0,0,0,;0,0,0,;0,0,0,;0,0,0,;0,0,0,;0,0,0,;0,0,0,;84,,,;1742,,,;PAPR,,,
205,405,0,;234.452,409.121,0.018,;246.63,410.239,0.035,;260.315,410,0.053,;272.291,410,0.069,;287.434,409.398,0.085,;303.112,409,0.102,;330.61,409,0.118,;350.417,409.964,0.135,;367.26,411.084,0.152,;384.036,412.202,0.169,;402.251,412,0.187,;415.866,412,0.203,;433.502,409.866,0.22,;451.01,408.312,0.236,;467.291,406.387,0.252,;483.932,406,0.269,;496.52,407.047,0.286,;507.701,410.51,0.302,;512.454,411.291,0.336,;512.267,413.534,0.354,;503.778,418.917,0.369,;494.058,425.628,0.386,;483.954,434.152,0.403,;467.748,442.117,0.42,;453.248,452.213,0.436,;429.881,468.583,0.453,;411.563,480.165,0.471,;382.088,498.445,0.507,;359.05,518.1,0.518,;335.501,536.071,0.523,;311.09,556.331,0.537,;288.441,573.669,0.554,;270.392,593.809,0.571,;252.42,606.685,0.587,;242.568,625.491,0.605,;232.979,634.468,0.622,;221.903,646.438,0.638,;213.353,656.647,0.654,;201.923,666.427,0.671,;192.423,676.524,0.688,;186.672,684.46,0.705,;183.442,688.744,0.722,;181.386,689.307,0.77,;183.179,691.357,0.82,;185.357,691,0.854,;187.184,691,0.872,;189.781,691,0.89,;193.5,691,0.906,;200.186,692.637,0.921,;207.288,693.755,0.939,;216.007,694.876,0.955,;226.963,695.996,0.972,;241.547,697.119,0.988,;252.371,697,1.005,;270.403,698.36,1.024,;282.735,698,1.04,;299.434,699.205,1.055,;315.856,700,1.072,;331.785,701.684,1.089,;347.489,702,1.106,;367.433,700.92,1.123,;388.769,699.802,1.139,;406.229,700,1.157,;425.584,698.554,1.174,;440.948,700,1.19,;453.875,700.688,1.206,;465.085,701,1.223,;479.049,700.073,1.24,;490.516,700,1.257,;500.507,698.833,1.273,;511.934,697.707,1.29,;520.284,696.589,1.308,;524.5,694,1.325,;528.305,695,1.34,;529,697.325,1.432,;0,0,0,;0,0,0,;0,0,0,;0,0,0,;0,0,0,;0,0,0,;0,0,0,;0,0,0,;0,0,0,;0,0,0,;0,0,0,;0,0,0,;0,0,0,;0,0,0,;0,0,0,;0,0,0,;0,0,0,;0,0,0,;0,0,0,;0,0,0,;0,0,0,;0,0,0,;0,0,0,;0,0,0,;76,,,;1432,,,;PAPR,,,
195,398,0,;213.332,394.945,0.018,;230.968,392.433,0.036,;241.024,391.598,0.053,;250.5,390.5,0.069,;263.439,391,0.085,;274.683,391,0.102,;288.572,391,0.119,;318.239,393.017,0.135,;338.326,394.129,0.152,;359.737,395.249,0.169,;381.039,396.37,0.187,;403.864,397.493,0.204,;417.756,399.61,0.219,;432.807,400.734,0.236,;447.095,401,0.253,;456.807,401,0.269,;466.848,398.812,0.286,;474.434,397.795,0.303,;481.048,398,0.319,;483.372,398,0.352,;482,400.536,0.385,;476.114,403.886,0.403,;471.754,408.246,0.42,;464.894,412.737,0.437,;459.488,421.117,0.455,;452.463,436.073,0.472,;443,447.5,0.488,;428.686,463.629,0.504,;415.03,478.403,0.52,;399.312,494.595,0.537,;384.649,508.324,0.554,;367.755,525.245,0.57,;350.907,540.821,0.588,;332.758,556.462,0.605,;310.5,572,0.622,;293.656,587.453,0.637,;276.481,601.265,0.654,;259.9,616.226,0.671,;247.085,626.93,0.688,;235.894,636.995,0.705,;224.614,650.863,0.721,;214.801,657.488,0.739,;209.145,665.331,0.756,;201.22,672.183,0.771,;195.844,679.312,0.788,;192.494,683.506,0.805,;190.081,686.878,0.822,;187.844,688.078,0.854,;188,690.321,0.937,;190.214,691.107,0.955,;192.043,691,0.988,;194.289,691,1.022,;199.059,691,1.041,;201.307,692,1.056,;205.075,692.769,1.075,;210.45,693.89,1.09,;217.063,695.011,1.115,;224.015,695,1.123,;232.979,695,1.14,;243.341,695,1.158,;251.946,695,1.175,;267.974,693.387,1.19,;280.36,693,1.207,;294.977,693,1.224,;308.71,693,1.241,;323.254,693,1.257,;337.849,694.219,1.274,;352.418,694,1.292,;369.894,694,1.309,;385.284,694.42,1.325,;401.853,694,1.341,;418.342,694.823,1.357,;435.148,695,1.374,;450.862,695,1.391,;464.213,695,1.408,;482.881,696.305,1.426,;496.524,696,1.443,;511.463,696,1.459,;520.674,695.332,1.475,;526.939,695.788,1.491,;530.731,696,1.508,;532.5,696,1.557,;524.411,698.196,1.678,;0,0,0,;0,0,0,;0,0,0,;0,0,0,;0,0,0,;0,0,0,;0,0,0,;0,0,0,;0,0,0,;0,0,0,;0,0,0,;0,0,0,;0,0,0,;0,0,0,;0,0,0,;0,0,0,;84,,,;1678,,,;PAPR,,,
174,387,0,;200.571,385.978,0.018,;224.522,386,0.036,;238.719,386,0.052,;248.028,385.397,0.068,;258.505,385,0.084,;267.746,384.157,0.102,;275.745,384,0.118,;292.293,382.914,0.135,;300.616,381.798,0.152,;309.604,380.674,0.17,;318.569,381,0.188,;330.697,381,0.203,;341.156,381.684,0.219,;353.728,382.811,0.235,;365.29,383.929,0.252,;375.463,384,0.269,;387.867,385.17,0.286,;397.635,386.293,0.304,;406.308,387.413,0.32,;421,388.5,0.337,;429.893,391.31,0.353,;439.983,393.552,0.369,;450.961,394.896,0.386,;459.131,397.038,0.403,;468.097,399.274,0.42,;480.861,404.04,0.436,;490.426,407.142,0.454,;497.5,410.5,0.471,;508.95,413.237,0.486,;515.711,415.484,0.503,;520.446,416.862,0.52,;522.968,417.984,0.537,;524,418.5,0.569,;524.116,420.232,0.588,;521.065,422.935,0.605,;513.883,431.881,0.621,;501.797,441.663,0.637,;488.882,453.947,0.654,;471.811,469.291,0.671,;454.886,482.891,0.687,;432.204,499.847,0.704,;416.301,511.446,0.722,;390.95,529.464,0.739,;373.619,542.725,0.755,;353.871,558.433,0.771,;336.038,571.772,0.788,;315.618,587.723,0.805,;300.516,599.372,0.821,;280.202,615.176,0.838,;265.101,628.342,0.856,;246.568,640.422,0.873,;238,655.5,0.889,;226.241,659.199,0.905,;218.434,664.805,0.922,;210.828,670.409,0.939,;201.981,677.015,0.955,;194.123,682.627,0.972,;188.774,686.981,0.991,;185.901,688.733,1.008,;185.526,690.948,1.071,;189.947,691,1.089,;194.369,691,1.106,;207.312,689.79,1.122,;219.648,688.668,1.141,;231.966,687.549,1.157,;244.165,688,1.173,;254.255,687.305,1.191,;265.983,687,1.206,;277.369,686.063,1.223,;290.664,684.945,1.24,;304.111,685,1.256,;317.594,685,1.273,;332.455,686.42,1.291,;342,686,1.308,;358.583,687,1.324,;371.597,687,1.34,;386.605,687.9,1.357,;400.299,688,1.374,;414.831,689.141,1.401,;430.735,690.267,1.419,;445.238,691.385,1.441,;457.055,693.011,1.456,;468.859,694.624,1.465,;480.463,696.493,1.475,;489.072,697.867,1.491,;496.917,698,1.508,;502.544,696.891,1.525,;506.916,697,1.637,;0,0,0,;0,0,0,;0,0,0,;0,0,0,;0,0,0,;0,0,0,;0,0,0,;0,0,0,;0,0,0,;0,0,0,;0,0,0,;89,,,;1637,,,;PAPR,,,
188,400,0,;204.111,398.993,0.018,;215.735,397.827,0.035,;228.243,396.705,0.053,;239.176,397,0.07,;247.834,395.463,0.087,;258.548,395,0.102,;268.174,395,0.118,;283.466,395,0.136,;296.184,395,0.152,;305.134,397.283,0.169,;312.835,398.262,0.185,;326.202,402.146,0.203,;335.5,399.5,0.22,;344.587,401.242,0.235,;356.164,402.742,0.252,;365.909,403,0.269,;373.874,403,0.286,;386.151,404.105,0.303,;393.577,402.775,0.319,;401.436,403,0.346,;407.812,403,0.363,;418.103,403,0.371,;425.945,403,0.388,;432.969,403.828,0.403,;441.626,404.953,0.421,;449.472,403.933,0.437,;456.143,404,0.454,;461.529,404,0.472,;464.307,402.564,0.488,;467.105,403,0.504,;469,403,0.619,;466.935,405.129,0.686,;469.001,405,0.72,;471.243,405,0.737,;475.091,405,0.771,;477.212,405,0.788,;479,405,0.82,;481.935,405,0.838,;483,405,0.888,;484.225,406.112,0.954,;481.732,407.134,0.972,;478.92,409.053,0.989,;475.486,412.514,1.006,;468.243,418.464,1.024,;461.507,425.493,1.04,;456.5,436.5,1.057,;447.089,445.598,1.072,;435.465,455.759,1.089,;425.83,467.859,1.106,;414.833,477.134,1.123,;399.081,490.645,1.139,;387.162,504.096,1.156,;370.63,518.987,1.174,;356.536,537.956,1.191,;340.566,552.912,1.206,;326.378,567.882,1.223,;310.913,582.224,1.252,;300.126,595.832,1.274,;284.872,609.436,1.288,;272.554,624.001,1.297,;259.204,635.111,1.309,;243.482,648.587,1.325,;235.128,658.698,1.341,;225.325,667.675,1.357,;219.676,675.817,1.374,;217.101,681.747,1.391,;214.861,685.209,1.408,;212.624,686.188,1.425,;211.689,688.622,1.443,;209.142,690.858,1.459,;207.893,693.66,1.475,;206,696.5,1.507,;204.464,698.803,1.54,;202.896,699.052,1.558,;200.448,701.552,1.741,;203.089,699.955,1.774,;205.535,698.732,1.808,;207.536,697.732,1.909,;237.394,695.186,1.926,;253.062,695,1.943,;266.615,693.949,1.96,;281.27,692.825,1.976,;295.79,693,1.994,;311.869,691.581,2.011,;327,692,2.028,;361.142,692,2.043,;382.549,692,2.06,;402.237,692,2.077,;421.319,693.019,2.094,;440.371,691.861,2.11,;454.347,693.258,2.127,;463.452,694.384,2.145,;474.943,694,2.162,;480.094,695.619,2.177,;484.963,696.741,2.194,;489.452,697.863,2.211,;492,698.5,2.227,;493.154,698,2.31,;490.786,698,2.419,;100,,,;2419,,,;PAPR,,,
200,399,0,;239.251,400.017,0.018,;252.621,400,0.035,;263.58,398.742,0.052,;272.029,397.621,0.07,;278,396.5,0.086,;285.95,397,0.101,;300.11,397,0.118,;309.157,397,0.135,;316.874,398.964,0.153,;328.004,400.1,0.169,;335.58,401.226,0.186,;343.383,402.34,0.204,;352.717,403.465,0.22,;363.088,404.584,0.237,;370.931,405.704,0.254,;379.623,406.828,0.269,;387.618,406.055,0.286,;394.382,407.064,0.303,;399.932,407,0.319,;406.843,407,0.337,;415.029,408.433,0.354,;420.747,407,0.371,;426.356,407,0.387,;431.161,406.21,0.403,;436.562,406,0.42,;442.165,407.033,0.437,;447.767,407,0.453,;452.098,407,0.47,;456.577,407,0.488,;461,407,0.505,;463.904,407.635,0.521,;467.263,408,0.537,;471.517,408,0.554,;475.993,408,0.571,;479.357,408,0.587,;482.71,408,0.604,;486.083,408,0.643,;487.536,408,0.703,;485.984,410.033,0.737,;483.677,410,0.77,;481.464,412.536,0.804,;475.769,417.423,0.821,;470.346,423.585,0.838,;465.811,430.283,0.855,;460.149,437.021,0.872,;455.837,442.454,0.89,;449.933,448.067,0.907,;441.5,458,0.923,;433.431,467.222,0.939,;427.133,473.867,0.956,;420.634,481.26,0.972,;410.905,491.095,0.989,;401.915,500.085,1.006,;395.48,506.52,1.022,;387.324,514.676,1.041,;376.543,525.457,1.057,;367.697,533.688,1.073,;359.096,541.166,1.09,;348.425,551.575,1.106,;340.14,560.84,1.123,;333.41,566.492,1.14,;324.23,573.327,1.156,;312.554,582.757,1.174,;307.218,591.709,1.192,;298.918,598.499,1.207,;288.956,605.931,1.223,;280.229,614.596,1.24,;273.317,622.63,1.257,;266.606,628.328,1.273,;259.869,633.942,1.291,;253.145,640.855,1.308,;249.307,646.116,1.325,;248,651.5,1.341,;244.987,654.342,1.357,;242.416,657.375,1.374,;240.175,660.738,1.391,;235.876,664.093,1.407,;232.539,667.461,1.424,;226.615,672.108,1.441,;223.811,676.585,1.459,;222,681,1.476,;218.734,683.266,1.491,;216.492,685.508,1.508,;213.362,687.759,1.525,;211.007,688.996,1.541,;208.767,691.233,1.558,;206.525,693.475,1.575,;204.274,695.726,1.607,;202.465,696.268,1.657,;200.643,698.357,1.758,;198.847,698,1.808,;196.643,699.179,1.858,;194.792,700.104,1.908,;193.822,702.357,2.059,;196.107,700.946,2.093,;203.314,699.791,2.11,;209.114,700,2.127,;216.076,701.346,2.145,;222.8,703.933,2.162,;134,,,;2877,,,;PAPR,,,
194,410,0,;220.214,403.951,0.018,;241.35,400.442,0.035,;260.175,398.391,0.053,;274.989,394.717,0.07,;290,391.5,0.086,;307.036,388.993,0.102,;323.034,386.424,0.119,;356.952,383.269,0.135,;379.589,381.969,0.153,;399.725,382,0.169,;418.63,380.728,0.186,;437.667,379.608,0.204,;455,378.5,0.22,;469.495,381.266,0.236,;484.035,383.506,0.253,;493.142,385.755,0.269,;498.981,386.996,0.286,;501.233,388.117,0.318,;499.821,390.358,0.336,;497.038,391.481,0.368,;491.833,395.889,0.386,;487.642,402.876,0.403,;482.192,408.808,0.42,;476.6,415.48,0.437,;466.175,427.028,0.453,;457.477,440.785,0.472,;444.095,451.459,0.488,;424.093,471.342,0.505,;404.279,490.035,0.52,;382.715,507.262,0.537,;364.142,526.715,0.554,;344.148,541.615,0.57,;329.82,557.348,0.587,;311.38,569.176,0.605,;301.886,582.937,0.622,;289.5,600.5,0.639,;276.149,615.401,0.654,;264.503,630.269,0.671,;252.163,647.308,0.688,;240.853,662.191,0.704,;225.11,677.89,0.721,;218.226,691.041,0.738,;208.965,699.035,0.756,;206.039,709.412,0.773,;197.919,715.465,0.788,;193.796,719.938,0.805,;192.141,722.718,0.822,;192,724.96,0.838,;192,726,0.887,;194.231,726.116,0.907,;201.82,726,0.923,;213.742,725.296,0.939,;228.519,723.354,0.956,;245.148,722.057,0.972,;260.923,719.868,0.989,;276.571,718.816,1.005,;289.725,717.69,1.024,;308.817,715.148,1.041,;330.5,713,1.057,;351.05,706.324,1.073,;371.425,703.421,1.09,;391.39,702.089,1.106,;405.398,702,1.123,;421.115,702,1.139,;432.995,703.272,1.156,;448.173,698.806,1.174,;459.5,701.5,1.191,;474.873,699.366,1.206,;489.054,698.246,1.223,;503.386,698,1.24,;514.983,698,1.257,;525.048,699.116,1.273,;533.921,696.52,1.29,;540.157,697,1.307,;540.956,697,1.436,;0,0,0,;0,0,0,;0,0,0,;0,0,0,;0,0,0,;0,0,0,;0,0,0,;0,0,0,;0,0,0,;0,0,0,;0,0,0,;0,0,0,;0,0,0,;0,0,0,;0,0,0,;0,0,0,;0,0,0,;0,0,0,;0,0,0,;0,0,0,;0,0,0,;0,0,0,;0,0,0,;0,0,0,;76,,,;1436,,,;PAPR,,,
204,397,0,;237.357,395.896,0.018,;249.474,396,0.035,;261.775,394.657,0.053,;272.697,392.061,0.07,;285.033,390.414,0.086,;297.787,389.292,0.102,;320.846,390.654,0.119,;334.493,391,0.136,;344.629,391,0.152,;359.472,391,0.169,;370.085,389.691,0.187,;384.218,392.87,0.204,;395.981,392.553,0.22,;406.064,393,0.236,;416.144,393,0.253,;425.317,393,0.27,;433.276,393,0.286,;442.239,393,0.303,;451.232,393,0.321,;457.407,393,0.338,;464,394.5,0.354,;472.478,394,0.37,;480.317,394,0.387,;486.391,394.878,0.404,;491.002,395,0.42,;494.369,395,0.437,;497.724,395,0.454,;501.087,395,0.519,;496.459,398.694,0.537,;493.097,400.935,0.554,;489.735,405.353,0.571,;483.958,411.042,0.588,;474.363,416.648,0.606,;462.506,425.146,0.622,;453.271,437.729,0.639,;439.975,447.554,0.655,;427.874,461.377,0.671,;414.804,473.33,0.689,;400.196,484.619,0.716,;389.265,499.256,0.728,;375.741,508.963,0.741,;363.417,520.167,0.76,;349.478,533.835,0.773,;335.745,546.574,0.789,;319.528,561.133,0.806,;306.055,573.041,0.822,;290.739,587.242,0.839,;276.13,598.438,0.856,;265.384,608.354,0.874,;251.382,621.233,0.89,;243.462,629.033,0.907,;234.369,638.256,0.923,;225.755,648.744,0.939,;219.659,656.209,0.956,;216.036,659.964,0.973,;212.674,663.326,0.99,;210.541,667.918,1.007,;205.6,672.4,1.025,;201.121,675.409,1.041,;196.63,679.37,1.057,;192.856,683.144,1.073,;190.334,685.666,1.09,;189,687,1.107,;188.964,688.072,1.172,;186.732,689.134,1.256,;189.055,690.027,1.274,;191.559,690,1.29,;195.218,688.594,1.309,;200,687.5,1.325,;207.22,688,1.341,;213.588,688,1.358,;222.089,688.886,1.375,;234.094,689,1.391,;245.289,689,1.407,;257.72,690.247,1.424,;275.557,691.37,1.443,;284.882,691,1.459,;300.716,692.611,1.474,;313.765,693.73,1.492,;328.944,694.853,1.508,;341.712,695,1.525,;358.414,696.094,1.542,;371.581,696,1.558,;389.067,697.338,1.576,;402.921,697,1.593,;415.038,697.574,1.609,;429.372,698.698,1.625,;442.825,699.819,1.642,;454.39,700.939,1.659,;464.518,701,1.676,;475.779,702.178,1.692,;487.016,703.302,1.711,;496.787,703,1.727,;506.5,703,1.744,;514.969,703.338,1.759,;520.126,702.218,1.776,;523.713,701.096,1.793,;525.5,700.5,1.825,;520.732,698.821,1.844,;101,,,;1936,,,;PAPR,,,
186,404,0,;221.448,396.925,0.017,;240.002,394.375,0.034,;258.827,393.069,0.051,;276.857,390.893,0.068,;295.92,391,0.084,;316.26,392.292,0.103,;336.494,393.416,0.119,;387.5,399,0.136,;398.476,399.31,0.152,;418.023,400.779,0.168,;434.551,401,0.185,;452.3,401,0.202,;465.673,401,0.218,;480.441,402.265,0.235,;489.413,403.379,0.254,;492,404.5,0.27,;494.236,405,0.285,;496,405,0.334,;495,407.358,0.352,;490.55,408.112,0.369,;488.304,410.696,0.387,;483.137,415.863,0.404,;470.54,431.047,0.42,;459.616,442.384,0.436,;443.865,456.493,0.453,;428.692,471.308,0.469,;409.812,484.839,0.486,;391.951,501.858,0.516,;370.1,514.726,0.524,;352.363,535.046,0.538,;330.485,552.961,0.557,;310.533,571.793,0.57,;289.871,591.333,0.587,;271.365,607.805,0.604,;254.442,625.595,0.621,;243.445,637.71,0.637,;232.215,655.177,0.655,;218.21,662.193,0.672,;214.391,672.175,0.689,;209.435,679.847,0.704,;206.477,684.285,0.721,;205,686.5,0.738,;206,687.004,0.786,;204.878,689.244,0.806,;202.022,693.467,0.822,;197.179,697.428,0.838,;193.819,701.908,0.856,;192.149,706.403,0.871,;191.028,708.944,0.888,;190.5,710,0.937,;194.339,710.113,0.956,;199.875,710,0.972,;208.943,709.306,0.988,;220.961,708.185,1.005,;238.926,707.063,1.022,;253.748,705.943,1.039,;274.209,706,1.055,;287.878,706,1.073,;309.553,704.58,1.09,;327.5,705,1.106,;352.17,701.681,1.122,;376.412,699.437,1.139,;398.141,700.804,1.156,;419.473,703.05,1.173,;440.677,707.564,1.189,;458.269,710.8,1.206,;474.802,712.774,1.224,;491.5,713.5,1.241,;500.635,714.252,1.256,;508.493,714.251,1.273,;513.478,714,1.29,;515.98,714,1.306,;517,714,1.373,;512.679,716.214,1.39,;502.155,714.287,1.481,;0,0,0,;0,0,0,;0,0,0,;0,0,0,;0,0,0,;0,0,0,;0,0,0,;0,0,0,;0,0,0,;0,0,0,;0,0,0,;0,0,0,;0,0,0,;0,0,0,;0,0,0,;0,0,0,;0,0,0,;0,0,0,;0,0,0,;0,0,0,;0,0,0,;0,0,0,;0,0,0,;0,0,0,;76,,,;1481,,,;PAPR,,,
199,409,0,;216.428,404.643,0.019,;238.498,399.584,0.034,;254.465,398.169,0.05,;269.367,397.049,0.068,;284.975,394.861,0.084,;299.477,395,0.101,;315.32,393.691,0.119,;349.661,392.568,0.135,;366.5,393,0.152,;386.463,393,0.168,;404.114,393,0.184,;422.549,393.915,0.201,;438.492,394,0.218,;454.176,394,0.235,;466.04,396.553,0.252,;476.963,398.793,0.269,;485,401,0.285,;488.5,401.5,0.334,;487.179,403.357,0.351,;483.816,406.184,0.368,;480.269,409.731,0.385,;472.801,415.832,0.403,;464.612,427.356,0.42,;456.757,441.061,0.447,;446.746,455.881,0.458,;433.836,471.858,0.487,;423.291,487.547,0.504,;394.523,517.683,0.523,;378.395,536.262,0.538,;362.737,551.263,0.555,;347.423,574.292,0.57,;331.972,593.111,0.587,;314.933,612.701,0.603,;301.693,628.181,0.62,;284.147,644.8,0.637,;269.709,658.115,0.653,;251.292,668.942,0.672,;238.989,685.846,0.688,;223.08,692.844,0.705,;212.724,702.936,0.72,;205.323,710.677,0.737,;202.196,713.804,0.754,;199.959,715.021,0.903,;202.022,715,0.953,;204.314,713.843,0.972,;207.777,712.816,0.988,;213.984,709.152,1.005,;223.497,705.501,1.022,;236.463,702.134,1.038,;245.589,700.926,1.054,;255.752,699.805,1.072,;271.125,697.365,1.09,;284.221,698,1.106,;301.952,695,1.122,;319.21,693.639,1.139,;334.41,693,1.155,;350.81,692.079,1.172,;365.535,692,1.189,;381.267,692,1.205,;396.948,693.282,1.222,;409.839,693,1.24,;427.5,694.5,1.257,;446.659,694.356,1.272,;462.684,694.763,1.289,;480.174,695,1.306,;493.072,695,1.323,;503.162,695,1.339,;509.484,697.495,1.356,;510.735,698.368,1.406,;506.53,698,1.423,;499.168,698,1.44,;480.436,698,1.531,;0,0,0,;0,0,0,;0,0,0,;0,0,0,;0,0,0,;0,0,0,;0,0,0,;0,0,0,;0,0,0,;0,0,0,;0,0,0,;0,0,0,;0,0,0,;0,0,0,;0,0,0,;0,0,0,;0,0,0,;0,0,0,;0,0,0,;0,0,0,;0,0,0,;0,0,0,;0,0,0,;0,0,0,;0,0,0,;0,0,0,;0,0,0,;73,,,;1531,,,;PAPR,,,
172,392,0,;191.071,390.941,0.017,;213.728,389.252,0.034,;229.123,389,0.058,;245.821,388.012,0.076,;263.668,388,0.084,;284.01,389.223,0.104,;308.265,389,0.119,;366.865,393.391,0.136,;388.703,392.412,0.152,;412.45,392,0.168,;432.12,392.831,0.268,;471.803,398.536,0.335,;468.732,399.134,0.352,;466.838,401.162,0.369,;464.44,402.28,0.401,;463.739,404.521,0.451,;466.357,404,0.469,;470.009,401.996,0.486,;472.246,402,0.503,;474.486,402,0.519,;478.093,403.364,0.536,;479.974,404.487,0.568,;482.461,404,0.586,;484,404,0.652,;481.934,406.132,0.671,;479.091,407.454,0.688,;471.989,411.865,0.704,;464.155,419.538,0.72,;455.486,432.586,0.737,;440.005,445.263,0.754,;426.333,462.889,0.77,;407.044,477.26,0.787,;390.547,498.343,0.805,;368.011,514.307,0.822,;355,536.5,0.839,;331.165,555.15,0.854,;311.748,574.472,0.871,;292.697,595.103,0.888,;275.626,618.524,0.905,;261.138,635.149,0.921,;245.381,655.653,0.942,;236.573,666.188,0.958,;223.506,679.994,0.973,;215.272,688.728,0.988,;208.523,694.731,1.005,;201.796,701.204,1.022,;196.049,707.941,1.038,;193.783,712.434,1.055,;192.771,715.687,1.087,;190.527,717.473,1.171,;195.161,717,1.189,;198.579,715.807,1.205,;203.272,714.682,1.224,;214.934,713.563,1.24,;228.247,712,1.257,;242.144,711.321,1.273,;258.005,711.8,1.289,;275.732,708.317,1.306,;291.608,709.043,1.323,;309.58,704.355,1.347,;326.977,703.432,1.361,;344.244,701.598,1.375,;363.348,700.478,1.391,;382.528,699.36,1.407,;400.448,698.237,1.424,;418.141,697.116,1.44,;436.103,697,1.457,;452.77,697,1.474,;468.455,697,1.492,;485.539,697,1.51,;496.403,697,1.525,;508.484,697.609,1.541,;517.134,698,1.558,;523.258,698,1.574,;525.944,698,1.591,;527,698,1.608,;522.681,699.106,1.701,;0,0,0,;0,0,0,;0,0,0,;0,0,0,;0,0,0,;0,0,0,;0,0,0,;0,0,0,;0,0,0,;0,0,0,;0,0,0,;0,0,0,;0,0,0,;0,0,0,;0,0,0,;0,0,0,;0,0,0,;0,0,0,;0,0,0,;0,0,0,;0,0,0,;0,0,0,;78,,,;1701,,,;PAPR,,,
180,396,0,;193.873,394.933,0.019,;206.747,394,0.035,;214.978,394,0.051,;224.494,394,0.068,;233.627,394,0.085,;242.573,395.072,0.101,;253.95,396.195,0.118,;280.863,398.624,0.137,;288.398,399.44,0.153,;305.248,400,0.169,;321.159,400,0.185,;336.352,399.204,0.202,;353.697,400.837,0.219,;369.519,399.963,0.235,;387.558,402.32,0.252,;401.579,403.275,0.27,;413.423,404.402,0.287,;430,405.5,0.304,;444.326,405.64,0.319,;456.611,406.761,0.336,;467.838,407,0.352,;481.053,407,0.369,;489.999,407,0.386,;497.72,407,0.403,;504.211,405.632,0.42,;509.446,406,0.468,;503.298,406.851,0.486,;499.129,407.968,0.503,;493.526,410.19,0.52,;487.961,413.623,0.536,;480.994,419.672,0.555,;468.457,431.089,0.572,;457.836,441.591,0.587,;445.056,451.88,0.605,;431.222,465.593,0.62,;419.649,476.415,0.638,;401.02,491.807,0.654,;386.714,505.11,0.67,;368.217,517.288,0.689,;355.965,535.294,0.705,;335.5,542.5,0.722,;321.458,560.565,0.737,;307.421,574.359,0.754,;293.322,590.475,0.772,;277.708,603.229,0.787,;265.444,621.263,0.804,;248.106,631.596,0.821,;239.504,645.662,0.839,;223.5,659,0.856,;216.007,668.241,0.884,;207.787,680.192,0.902,;201.672,687.328,0.91,;198.036,691.952,0.922,;194.681,695.319,0.939,;193.778,697.445,0.987,;192.821,699.358,1.054,;191.985,701.03,1.104,;190.855,703.29,1.154,;191,705.357,1.238,;193.134,705,1.273,;197.284,702.358,1.289,;200.296,700.47,1.306,;206.304,700,1.323,;214.06,700,1.34,;224.142,700,1.356,;239.222,700,1.378,;252.485,699.634,1.391,;269.261,698.516,1.408,;286.744,698.782,1.423,;306.849,698.729,1.44,;328.137,698.151,1.471,;346.515,698,1.49,;366.583,699.088,1.499,;384.954,698.422,1.518,;400.672,699.333,1.529,;416.788,698.453,1.542,;434.186,698.426,1.559,;450.72,698.694,1.575,;466.405,700.629,1.591,;483.024,701.935,1.608,;498.747,705.16,1.625,;510.916,707.348,1.642,;519.396,709.599,1.66,;524.069,710.414,1.675,;525,711.5,1.83,;0,0,0,;0,0,0,;0,0,0,;0,0,0,;0,0,0,;0,0,0,;0,0,0,;0,0,0,;0,0,0,;0,0,0,;0,0,0,;0,0,0,;0,0,0,;0,0,0,;86,,,;1830,,,;PAPR,,,
179,406,0,;196.223,402.771,0.017,;214.173,399.283,0.033,;227.021,397.33,0.05,;239.532,396.043,0.067,;253.986,394.924,0.084,;268.583,395,0.101,;283.152,393.681,0.119,;320.675,394,0.135,;334.393,392,0.151,;353.88,391.322,0.168,;371.199,390.2,0.185,;390.504,390,0.201,;404.471,392.078,0.245,;422.628,394.329,0.255,;452.986,402.196,0.27,;464.218,404.522,0.286,;476.733,405.644,0.302,;487.154,406.769,0.318,;495.217,407,0.335,;505.095,408.011,0.352,;509.516,408,0.368,;511.494,408,0.403,;508.506,408,0.42,;502.344,409.609,0.435,;494.887,412.922,0.452,;487.042,418.255,0.469,;475.288,428.738,0.486,;461.894,439.922,0.502,;450.849,449.936,0.519,;433.004,466.663,0.537,;420.524,479.476,0.554,;401.357,497.643,0.57,;383.837,515.861,0.586,;367.561,534.89,0.602,;348.063,556.819,0.62,;330.047,576.012,0.636,;307.449,598.551,0.653,;291.516,619.68,0.683,;270.359,639.641,0.703,;257.424,660.117,0.711,;245.076,678.19,0.728,;233.408,691.811,0.738,;221.958,704.851,0.754,;215.875,714.199,0.77,;210.284,718.573,0.787,;208.473,720.527,0.804,;207.612,722.775,0.903,;212.23,719.885,0.921,;214.46,718.77,0.937,;216.704,717.648,0.955,;218.95,716.525,0.972,;232.131,713.217,0.988,;244.877,709.852,1.004,;258.856,708.165,1.021,;274.404,704.17,1.038,;287.937,700.766,1.054,;307.329,699.804,1.071,;327.809,696.032,1.089,;347.888,694.124,1.106,;372.653,693.439,1.122,;393.958,693.682,1.138,;413.606,694.8,1.155,;431.763,695.923,1.172,;449.693,697.043,1.188,;464.127,697,1.205,;482.554,698.285,1.222,;496.257,699.404,1.24,;507.5,697.5,1.257,;512.946,699.649,1.272,;515.535,699.232,1.289,;517,698.5,1.321,;514.957,701.086,1.339,;512.506,701,1.356,;508.895,701,1.447,;0,0,0,;0,0,0,;0,0,0,;0,0,0,;0,0,0,;0,0,0,;0,0,0,;0,0,0,;0,0,0,;0,0,0,;0,0,0,;0,0,0,;0,0,0,;0,0,0,;0,0,0,;0,0,0,;0,0,0,;0,0,0,;0,0,0,;0,0,0,;0,0,0,;0,0,0,;0,0,0,;0,0,0,;0,0,0,;75,,,;1447,,,;PAPR,,,
175,419,0,;199.364,411.491,0.018,;208.628,409.093,0.034,;216.517,407.926,0.051,;225.557,408,0.067,;235.832,406.685,0.085,;244.487,405.564,0.101,;254.5,406,0.117,;276.083,403.648,0.134,;286.181,402.202,0.151,;299,401.083,0.167,;310.392,399.961,0.184,;325.078,402.32,0.201,;338.328,402,0.217,;351.825,403.402,0.235,;369.5,404.5,0.253,;380.319,403,0.268,;392.611,403,0.285,;402.92,403.88,0.301,;414.044,405.004,0.318,;424.105,405,0.334,;432.946,405,0.351,;441.893,405,0.37,;452.392,405,0.386,;459.826,402.794,0.401,;468.08,401.274,0.418,;476.762,400.155,0.435,;481.863,400,0.452,;484.168,400,0.468,;486.414,400,0.518,;483.643,401.179,0.552,;477.759,407.241,0.569,;472.355,411.716,0.586,;464.655,417.247,0.602,;457.979,426.361,0.619,;451.259,436.611,0.637,;443.12,442.468,0.654,;434,449,0.671,;425.795,461.157,0.686,;413.739,470.402,0.703,;401.208,480.902,0.72,;389.853,494.177,0.736,;376.404,504.197,0.753,;366.719,513.028,0.772,;356.603,527.529,0.788,;342.044,536.467,0.805,;332.866,546.747,0.82,;319.432,559.096,0.837,;307.445,569.699,0.854,;296.201,580.799,0.87,;280.592,593.106,0.887,;268.626,602.942,0.903,;252.309,618.356,0.921,;240.891,631.573,0.938,;229.5,642.5,0.954,;217.369,655.631,0.971,;207.595,664.582,0.987,;194.658,674.506,1.004,;186.555,684.572,1.021,;177.528,692.288,1.037,;168.559,697.525,1.056,;162.433,703.139,1.071,;162,704,1.103,;163,705.536,1.137,;169.133,712.133,1.154,;172.447,713.149,1.171,;178.323,714.265,1.188,;185.338,715.39,1.206,;195,716.5,1.223,;207.264,717.374,1.238,;217.749,717,1.255,;228.715,716.128,1.272,;239.922,714.016,1.289,;248.884,714,1.306,;257.848,711.538,1.322,;269.548,712,1.34,;280.739,707.578,1.356,;293.29,706.223,1.372,;306.155,703.569,1.389,;320.715,700.49,1.406,;334.467,699.044,1.423,;348.96,696.852,1.439,;365.95,694.607,1.456,;380.125,693.683,1.473,;399.041,691.12,1.49,;410,692,1.507,;426.831,692,1.523,;441.399,692.8,1.54,;454.129,693.921,1.556,;466.454,696.083,1.573,;478.777,696,1.59,;487.219,698.555,1.606,;492.02,698,1.624,;497.5,699.5,1.641,;501.573,699.357,1.657,;506.059,700.529,1.674,;508.772,701,1.691,;510,701,1.707,;511.125,701,1.74,;507.447,699.816,1.758,;101,,,;1878,,,;PAPR,,,
187,401,0,;213.989,404.114,0.018,;238.001,405.615,0.034,;251.832,406,0.05,;265.269,406,0.068,;276.778,405.022,0.084,;289.082,403.902,0.101,;301.383,404,0.117,;327.195,408.028,0.135,;334.595,407,0.152,;343.23,407.419,0.168,;354.72,406.298,0.184,;366.228,404.354,0.201,;377.431,403.057,0.218,;391.827,403,0.235,;402.868,401.813,0.251,;414.038,403.304,0.269,;423.831,401.574,0.286,;429.722,399.456,0.302,;435.994,397.669,0.319,;443.5,396.214,0.335,;449.542,396,0.352,;455.134,394.973,0.368,;459.599,396.15,0.385,;464.071,396,0.403,;467.164,396,0.42,;470.5,397.5,0.436,;472.259,397,0.452,;474,397,0.485,;475.536,399.536,0.502,;476.057,401.115,0.535,;478.358,401,0.568,;480.536,403.536,0.601,;482.536,404.268,0.635,;484.055,406.055,0.685,;485.147,408.294,0.719,;483.315,411.37,0.736,;481.39,413.61,0.753,;478.226,417.699,0.77,;471.729,424.271,0.787,;466.17,432.162,0.804,;459.284,440.002,0.822,;452.539,445.051,0.838,;444.5,453.5,0.855,;433.464,461.832,0.87,;425.619,470.381,0.887,;416.021,478.206,0.904,;402.822,488.133,0.921,;393.938,497.062,0.938,;381.206,506.032,0.954,;367.481,515.013,0.972,;358.552,525.448,0.989,;343.23,535.924,1.005,;331.655,544.876,1.021,;319.571,555.572,1.038,;310.177,563.845,1.055,;303.424,571.672,1.071,;295.48,579.52,1.088,;286.26,591.425,1.106,;278.783,598.217,1.123,;273.093,606.652,1.139,;266.786,617.024,1.155,;260.053,624.947,1.172,;252.384,631.671,1.189,;246.672,640.525,1.205,;241.08,648.288,1.222,;235.464,654.843,1.24,;229.861,658.711,1.257,;227.5,661.5,1.273,;225.665,664.003,1.289,;224.21,666.579,1.306,;223.09,670.642,1.322,;220.934,675.132,1.339,;218.697,680.757,1.355,;216.471,686.323,1.373,;212.816,689.184,1.39,;211,692.5,1.406,;210.5,694,1.438,;209.732,695.536,1.472,;208.732,697.537,1.539,;212.321,698.107,1.557,;219.325,698.721,1.573,;228.586,699,1.59,;239.616,699.962,1.607,;248.674,700,1.623,;258.821,700,1.64,;271.581,698.674,1.657,;279.546,699,1.674,;288,697.5,1.691,;299.187,696.687,1.708,;309.277,695.383,1.724,;320.288,694.071,1.741,;330.444,694,1.758,;339.341,692.832,1.774,;349.593,693,1.791,;359.71,693,1.808,;368,693,1.825,;376.862,692,1.841,;387.734,692,1.858,;398.03,692,1.874,;118,,,;2322,,,;PAPR,,,
185,397,0,;201.021,397,0.018,;214.554,397,0.035,;229.209,397,0.052,;242.421,397,0.07,;258.876,397,0.087,;275.14,396.391,0.102,;291.979,395.268,0.119,;322.338,393.301,0.136,;338.637,392.03,0.153,;356.481,392,0.169,;371.942,390.79,0.186,;388.975,389.668,0.204,;404.402,388.543,0.221,;421.214,388,0.237,;439.837,388,0.253,;456.428,388,0.27,;471.182,389.874,0.287,;484.718,391.06,0.303,;494.513,393.336,0.32,;503.411,394.301,0.338,;508.108,395.422,0.353,;510.5,396.5,0.386,;505.647,399.569,0.403,;498.681,404.514,0.42,;489.8,412.175,0.437,;478.548,421.162,0.454,;459.741,438.993,0.471,;443.197,450.255,0.489,;420.5,468.5,0.506,;402.128,486.247,0.53,;380.782,504.225,0.542,;364.742,523.587,0.555,;345.178,539.862,0.572,;329.478,559.957,0.588,;305.192,575.205,0.605,;288.399,597.652,0.623,;267.436,613.136,0.64,;250.854,631.741,0.655,;238.117,648.467,0.672,;225.796,659.694,0.688,;218.255,668.66,0.705,;213.697,676.531,0.722,;206.808,684.391,0.739,;200.084,688.278,0.757,;197.674,691.326,0.773,;194.5,696,0.806,;194.732,696.536,0.871,;193.943,698.115,0.906,;191.473,699.264,0.923,;192,702,1.005,;195.125,702.042,1.023,;197.745,700.627,1.041,;202.973,698.014,1.058,;210.265,699,1.073,;218.843,698.27,1.09,;230.403,696.29,1.106,;242.734,696.976,1.123,;253.92,697,1.14,;268.763,697,1.156,;280.701,698.336,1.175,;294.537,696.539,1.192,;311.656,698,1.207,;327.776,698,1.224,;341.8,698.817,1.24,;358.114,699,1.257,;369.596,700.06,1.273,;384.402,698.815,1.291,;398.897,701.599,1.309,;413.47,701,1.325,;432,701,1.342,;451.282,699.663,1.358,;468.556,698.43,1.374,;485.57,699.809,1.391,;498.274,700,1.408,;511.799,702.3,1.424,;520.142,703.268,1.441,;524.955,703,1.459,;527.5,704.5,1.474,;529,704,1.507,;520.751,704,1.6,;0,0,0,;0,0,0,;0,0,0,;0,0,0,;0,0,0,;0,0,0,;0,0,0,;0,0,0,;0,0,0,;0,0,0,;0,0,0,;0,0,0,;0,0,0,;0,0,0,;0,0,0,;0,0,0,;0,0,0,;0,0,0,;0,0,0,;81,,,;1600,,,;PAPR,,,
202,394,0,;217,392.929,0.019,;232.853,391.596,0.036,;243,390.5,0.052,;257.424,388.352,0.068,;271.25,388,0.087,;285.619,388,0.101,;300.191,388,0.118,;332.926,388,0.136,;344.034,388,0.152,;362.993,388,0.17,;376.465,386.503,0.186,;393.98,386.386,0.202,;410.086,386,0.219,;426.009,386.858,0.235,;442.668,388.956,0.252,;457.281,390.099,0.269,;471.811,392.432,0.286,;486.463,393.343,0.304,;493.669,394.459,0.32,;500.48,396.16,0.337,;505.101,398.401,0.353,;506,400.641,0.369,;506,402,0.386,;502.907,404.092,0.403,;497.078,408.738,0.42,;490.17,411.915,0.438,;484.846,416.723,0.454,;475,425.5,0.47,;463.309,436.691,0.486,;453.695,443.941,0.503,;441.122,452.252,0.52,;429.71,463.29,0.537,;420.803,472.197,0.553,;406.763,479.889,0.57,;394.668,490.544,0.588,;385.5,502,0.605,;372.315,509.422,0.62,;362.224,519.529,0.644,;352.154,530.718,0.655,;341.037,539.97,0.671,;332.083,553.376,0.688,;321.929,566.761,0.705,;307.709,574.861,0.722,;301.648,591.225,0.739,;290.791,600.205,0.755,;280.229,611.656,0.771,;270.448,623.391,0.788,;257.486,632.676,0.805,;247.299,644.857,0.821,;237.171,658.439,0.838,;221.795,666.588,0.857,;213.037,679.843,0.873,;203.907,687.83,0.89,;195.88,693.434,0.905,;190.782,699.022,0.922,;187.22,704.634,0.939,;181.784,710.216,0.955,;177.327,717.01,0.972,;168.997,719.858,0.99,;162.544,724.638,1.008,;159.94,725.53,1.022,;158,726.5,1.055,;161.536,726,1.072,;164.019,724.994,1.089,;175.33,722.734,1.105,;185.309,720.487,1.122,;193.99,716.879,1.141,;211.877,713.526,1.157,;223.36,706.933,1.172,;239.04,702.792,1.189,;253.266,699.434,1.206,;272.638,698.02,1.223,;287.249,695.808,1.239,;309.164,696,1.256,;331.906,696,1.274,;349.73,697.455,1.291,;377.804,697.582,1.307,;401.076,699.408,1.323,;425.925,701.646,1.34,;451.694,704.83,1.357,;478.53,706.064,1.374,;503.048,708.368,1.39,;527.771,706.692,1.408,;546.684,705.573,1.425,;564.649,702.361,1.441,;576.352,699.662,1.457,;582.146,698.214,1.474,;582.092,696.183,1.491,;575.838,692.919,1.583,;0,0,0,;0,0,0,;0,0,0,;0,0,0,;0,0,0,;0,0,0,;0,0,0,;0,0,0,;0,0,0,;0,0,0,;90,,,;1583,,,;PAPR,,,
199,395,0,;219.596,395,0.019,;240,395,0.035,;254.185,394,0.051,;268.354,394,0.068,;283.577,393.102,0.085,;299.292,393,0.101,;316.087,393,0.118,;350.602,391.738,0.135,;367.839,392,0.153,;385,392,0.169,;403.669,393,0.185,;423.14,395.977,0.202,;442.682,399.591,0.219,;459.791,402.958,0.235,;476.566,404.104,0.252,;490.929,406.451,0.271,;501.507,407.351,0.287,;511.21,409.935,0.303,;512.179,410,0.319,;514,410,0.368,;504.64,414.144,0.386,;496.669,418.761,0.403,;488.807,427.193,0.421,;479.529,437.905,0.437,;463.9,446.436,0.454,;447.568,458.742,0.469,;430.068,471.75,0.487,;410.536,486.805,0.503,;391.368,503.558,0.52,;370.09,519.144,0.536,;353.736,537.549,0.555,;332.793,552.606,0.571,;314.5,571,0.588,;299.052,585.587,0.603,;282.56,600.152,0.62,;269.298,617.111,0.637,;253.938,630.049,0.654,;245.036,643.446,0.67,;234.783,656.956,0.687,;222,664.909,0.705,;217.096,675.356,0.722,;211.961,681.646,0.737,;207.824,686.902,0.754,;204.459,690.541,0.772,;202.061,692.939,0.787,;199.82,695.18,0.804,;196.374,698.626,0.837,;195.775,701.675,0.887,;193.643,704.536,0.92,;194,706.038,0.954,;196.296,704.852,0.988,;201.07,705,1.007,;206.298,703.34,1.022,;214.24,703,1.039,;224.101,702.1,1.055,;239.262,700.981,1.073,;251.534,702.139,1.088,;267.706,702,1.105,;277.82,703.382,1.124,;292,703,1.14,;309.373,702,1.156,;326.924,702,1.173,;341.385,702.865,1.189,;356.833,704.976,1.206,;369.196,707.217,1.222,;383.976,710.687,1.239,;397.2,708.65,1.257,;409.2,707.527,1.274,;429.462,706.409,1.29,;447.378,705.289,1.306,;464.459,705,1.323,;481.329,705.955,1.34,;493.812,707.074,1.357,;504.942,707,1.373,;512.207,707,1.391,;515.732,708.433,1.407,;517,708,1.53,;0,0,0,;0,0,0,;0,0,0,;0,0,0,;0,0,0,;0,0,0,;0,0,0,;0,0,0,;0,0,0,;0,0,0,;0,0,0,;0,0,0,;0,0,0,;0,0,0,;0,0,0,;0,0,0,;0,0,0,;0,0,0,;0,0,0,;0,0,0,;0,0,0,;0,0,0,;78,,,;1530,,,;PAPR,,,
196,398,0,;224.597,398.294,0.018,;238.923,397.173,0.035,;255.179,396.055,0.051,;270.949,394.932,0.068,;289.016,393.812,0.085,;306.937,394,0.103,;324.877,394,0.119,;367.5,397,0.136,;382.395,394.661,0.152,;402.46,393.208,0.168,;425.122,392.089,0.185,;450.762,390.967,0.202,;471.876,393.303,0.219,;497.093,396.831,0.235,;516.097,400.183,0.253,;525.5,403.5,0.269,;526,403.5,0.301,;517.356,407.763,0.319,;510.012,411.993,0.336,;495.483,418.7,0.352,;483.392,434.082,0.369,;461.652,447.232,0.387,;442.791,465.243,0.404,;417.977,482.018,0.431,;396.317,499.523,0.447,;373.335,516.618,0.457,;348.89,534.353,0.478,;325.275,553.315,0.487,;301.698,571.278,0.503,;276.838,593.185,0.522,;260.861,610.139,0.538,;244.765,628.235,0.554,;230.375,642.625,0.57,;219.532,654.277,0.587,;210.554,662.515,0.604,;199.529,672.424,0.621,;191.824,680.176,0.637,;185.255,686.745,0.655,;181.354,690.646,0.672,;177.934,695.066,0.688,;176,697,0.736,;179.008,697.004,0.754,;181.27,695.865,0.771,;183.516,694.742,0.787,;187.136,693.621,0.806,;188.997,692.502,0.822,;203.575,691.38,0.838,;213.666,691,0.855,;223.752,691.861,0.871,;235.714,692,0.888,;247.034,693.103,0.905,;261.962,691.772,0.921,;277.795,692,0.94,;293.532,692,0.957,;310.791,692.586,0.973,;326.883,693,0.989,;341.771,693,1.005,;360.105,693,1.022,;378.085,693,1.039,;399.575,693,1.055,;418.301,691.688,1.074,;440.149,690.571,1.09,;457.5,691,1.107,;470.769,690,1.123,;482.93,690.793,1.139,;491.387,691.912,1.156,;498.223,693.037,1.173,;503.777,693,1.189,;506.828,693,1.239,;501.433,693,1.331,;0,0,0,;0,0,0,;0,0,0,;0,0,0,;0,0,0,;0,0,0,;0,0,0,;0,0,0,;0,0,0,;0,0,0,;0,0,0,;0,0,0,;0,0,0,;0,0,0,;0,0,0,;0,0,0,;0,0,0,;0,0,0,;0,0,0,;0,0,0,;0,0,0,;0,0,0,;0,0,0,;0,0,0,;0,0,0,;0,0,0,;0,0,0,;0,0,0,;0,0,0,;71,,,;1331,,,;PAPR,,,
186,399,0,;218.563,402.57,0.018,;233.737,403.903,0.034,;248.324,405.025,0.051,;262.858,405,0.068,;276.17,405,0.084,;290.956,405,0.102,;305.5,403.5,0.119,;335.123,404,0.135,;353.406,404,0.151,;369.277,403.133,0.168,;386.777,402.014,0.185,;399.196,398.674,0.202,;413.982,395.312,0.218,;431.199,391.96,0.236,;445.093,391.531,0.253,;460,392,0.269,;473.222,393,0.285,;484.479,393.831,0.302,;490.756,394,0.319,;495.252,395.063,0.336,;497.388,396.194,0.368,;494.566,397.217,0.386,;492,398.5,0.403,;486.304,405.369,0.42,;480.235,411.765,0.437,;470.768,422.147,0.453,;461.719,434.386,0.47,;453.912,445.555,0.486,;441.016,459.255,0.503,;428.654,474.136,0.521,;421,484,0.544,;404.718,501.645,0.553,;392.445,515.065,0.585,;376.835,531.165,0.615,;349.711,562.289,0.643,;324.101,594.671,0.674,;301.088,620.686,0.688,;287.691,635.309,0.704,;277.276,651.608,0.721,;267.364,663.595,0.737,;255.072,679.181,0.754,;247.668,688.712,0.771,;241.059,696.264,0.789,;234.347,705.537,0.806,;226.624,712.814,0.822,;221.95,716.367,0.839,;219.388,717.806,0.855,;218,718.5,0.872,;217.978,720.043,0.988,;219.077,717.847,1.055,;217.926,715.852,1.089,;212.929,713.464,1.105,;208.823,711.548,1.124,;207.147,709.295,1.141,;206.5,708,1.159,;208.046,706.908,1.173,;211.632,704.579,1.19,;215.018,702.322,1.207,;219.81,701.547,1.224,;230.771,698.846,1.24,;240.593,698,1.257,;250.387,697.179,1.273,;263.27,697,1.29,;274.595,698.06,1.307,;284.602,698,1.324,;295.983,696.702,1.34,;309.966,698.414,1.358,;323,696.5,1.375,;340.903,696.34,1.39,;360.888,696,1.407,;381.277,695.096,1.424,;401.41,695,1.441,;421.584,696.144,1.457,;439.136,698.517,1.474,;457.183,699.386,1.492,;470.5,700.5,1.509,;485.241,701,1.524,;495.735,700.252,1.542,;504.941,700,1.558,;509.936,700.984,1.575,;512,701.5,1.624,;505.532,701,1.727,;0,0,0,;0,0,0,;0,0,0,;0,0,0,;0,0,0,;0,0,0,;0,0,0,;0,0,0,;0,0,0,;0,0,0,;0,0,0,;0,0,0,;0,0,0,;0,0,0,;0,0,0,;0,0,0,;0,0,0,;83,,,;1727,,,;PAPR,,,
189,408,0,;219.472,405.823,0.019,;247.113,405.562,0.036,;265.967,406.685,0.052,;284.647,407.803,0.069,;304.679,408,0.085,;323.734,408,0.102,;343.989,408,0.119,;392.468,409.287,0.137,;410.595,411.819,0.153,;436.5,415.5,0.17,;456.71,419.942,0.185,;475.051,422.535,0.202,;488.767,423,0.219,;498.085,423,0.236,;505.903,423,0.253,;508.756,423,0.286,;504.261,424.246,0.304,;497.927,427.229,0.319,;490.858,432.407,0.345,;483.026,439.12,0.356,;467.392,445.843,0.37,;453.867,458.039,0.387,;433.137,471.576,0.404,;418.337,482.331,0.422,;392.353,500.891,0.438,;375.576,514.107,0.454,;353.262,530.527,0.47,;334.688,545.67,0.487,;312.195,563.09,0.504,;296.138,577.8,0.521,;276.906,595.912,0.537,;263.06,607.333,0.555,;247.039,623.961,0.572,;238.002,633.998,0.589,;226.997,645.67,0.604,;218.497,654.503,0.621,;211.55,661.45,0.638,;204.839,667.134,0.654,;198.116,672.737,0.671,;195.195,677.073,0.689,;194.614,680.158,0.706,;192.492,682.015,0.723,;191.37,684.26,0.738,;190.5,686,0.771,;189.732,687.536,0.855,;192.179,687,0.872,;196.161,686.28,0.888,;200.357,685.161,0.905,;205.798,684.04,0.922,;213.561,684,0.939,;223.803,682.8,0.955,;240.5,683,0.974,;254.736,683,0.991,;273.315,683.437,1.007,;287.91,683.685,1.022,;304.845,683.197,1.039,;322.826,683,1.056,;341.806,680.905,1.073,;365.522,679.832,1.089,;385.197,680,1.107,;405.406,681.411,1.124,;423.5,682.5,1.141,;442.677,684.649,1.156,;459.785,686.541,1.173,;479.06,687.892,1.19,;493.127,689.011,1.207,;506.628,690.136,1.223,;515.027,691.253,1.24,;517.13,691,1.256,;518.982,692.491,1.306,;515.643,692,1.415,;0,0,0,;0,0,0,;0,0,0,;0,0,0,;0,0,0,;0,0,0,;0,0,0,;0,0,0,;0,0,0,;0,0,0,;0,0,0,;0,0,0,;0,0,0,;0,0,0,;0,0,0,;0,0,0,;0,0,0,;0,0,0,;0,0,0,;0,0,0,;0,0,0,;0,0,0,;0,0,0,;0,0,0,;0,0,0,;0,0,0,;0,0,0,;0,0,0,;72,,,;1415,,,;PAPR,,,
190,398,0,;221.409,388.252,0.017,;252.809,383.135,0.033,;272.625,381.257,0.05,;291.647,380.138,0.067,;311.676,379.018,0.084,;330.744,377.897,0.1,;351.01,378,0.117,;394.134,379.347,0.135,;406.916,379,0.152,;421.205,380.586,0.168,;436.911,382.416,0.184,;450.923,383.827,0.201,;462.473,385.895,0.218,;474.723,387.066,0.237,;484.656,389.368,0.253,;490.843,391.614,0.269,;496.124,392.425,0.286,;497.097,395.097,0.301,;499,397,0.35,;495.643,398.357,0.368,;492.766,401.234,0.385,;490.448,406.103,0.403,;486.817,410.577,0.42,;482,416.5,0.436,;473.308,428.957,0.452,;463.196,439.804,0.468,;453.979,450.777,0.486,;439.024,464.978,0.502,;425.572,477.309,0.521,;410.891,493.349,0.536,;393.597,507.683,0.553,;381.24,522.24,0.57,;363.781,540.219,0.586,;347.435,556.565,0.602,;333.747,571.094,0.619,;316.551,587.483,0.636,;304.076,598.84,0.652,;289.342,613.658,0.669,;274.769,628.231,0.687,;264.547,638.453,0.704,;252.489,652.075,0.72,;245.563,660.812,0.736,;239.968,667.839,0.753,;232.525,675.475,0.77,;226.752,682.298,0.786,;222.331,687.837,0.803,;219.126,692.166,0.82,;215.76,696.654,0.838,;214,702.5,0.854,;213,705.958,0.87,;213,708.5,0.936,;216.153,707,0.953,;218.753,705.623,0.972,;220.993,704.504,0.989,;232.011,701.535,1.004,;245.096,698.528,1.021,;259.167,696.282,1.037,;273.714,696,1.054,;284.985,696,1.071,;299.876,694.779,1.087,;311.701,693.664,1.106,;327.025,691.073,1.122,;343.735,689.835,1.138,;361.248,688.297,1.155,;378.388,688,1.171,;394.235,687.055,1.188,;408.855,688.066,1.205,;422.204,686.816,1.221,;436.966,685.695,1.24,;448.705,686,1.256,;457.5,686,1.273,;462.345,685,1.288,;467.154,685,1.305,;470.731,685.91,1.322,;474.099,687.033,1.339,;477.446,685.851,1.355,;479.541,687.27,1.372,;481.786,687,1.39,;484,687,1.407,;487.262,687.631,1.422,;489.503,688,1.439,;491.747,688,1.456,;493,688,1.473,;495.169,689.056,1.505,;498.534,689,1.663,;0,0,0,;0,0,0,;0,0,0,;0,0,0,;0,0,0,;0,0,0,;0,0,0,;0,0,0,;0,0,0,;0,0,0,;0,0,0,;0,0,0,;0,0,0,;0,0,0,;86,,,;1663,,,;PAPR,,,
177,401,0,;209.405,398.185,0.018,;223.196,397.067,0.035,;235.612,397,0.051,;245.586,397,0.068,;256.963,397,0.086,;269.624,397,0.103,;278.5,397,0.119,;302.225,397,0.135,;315.354,397,0.152,;328.78,397,0.169,;341.252,397,0.186,;359.259,397,0.202,;372.139,397,0.22,;386.976,397,0.237,;400,400,0.253,;411.48,401.247,0.269,;424.198,402.745,0.286,;435.636,404.727,0.302,;448.856,405.988,0.319,;458.938,407.104,0.336,;467.819,407,0.352,;479.508,408.351,0.371,;487.758,408,0.387,;489.77,409,0.403,;492.5,409,0.485,;487.844,410.052,0.504,;485.151,411.424,0.521,;482.334,412.666,0.538,;476.283,417.369,0.554,;468.44,424.56,0.57,;460.584,434.249,0.587,;452.725,442.275,0.604,;441.449,452.396,0.62,;430.215,465.063,0.637,;421.784,476.02,0.655,;410,485.5,0.672,;396.609,498.391,0.687,;384.645,510.355,0.704,;371.422,525.341,0.721,;359.976,537.024,0.737,;344.31,552.69,0.754,;333.563,567.168,0.771,;316.899,580.372,0.789,;304.155,598.306,0.806,;294.127,609.479,0.821,;281.021,622.979,0.838,;270.396,633.604,0.855,;257.364,646.636,0.872,;249.368,656.813,0.888,;245.168,663.248,0.905,;240.671,671.326,0.923,;237.672,677.655,0.94,;233.717,682.712,0.955,;229.921,686.079,0.972,;227.375,688.625,0.989,;225.13,691.805,1.005,;223.947,694.107,1.022,;221.648,696.352,1.041,;219.406,699.891,1.057,;217.167,704.667,1.074,;216.5,706,1.089,;215.5,709.5,1.121,;212.198,711.802,1.139,;211.991,713.019,1.272,;215.98,711.01,1.291,;218.208,709.896,1.307,;220.455,708.773,1.328,;225.381,709,1.345,;234.26,710.466,1.363,;242.094,705.83,1.374,;249.961,704.291,1.39,;261.156,702.335,1.407,;272.534,702,1.424,;282.646,700.928,1.44,;295.114,698.616,1.457,;306.133,699,1.475,;317.33,697.567,1.492,;329.534,696.553,1.509,;340.077,696.325,1.524,;351.773,695.203,1.541,;363.169,695.917,1.558,;373.315,696,1.574,;385.736,694.842,1.591,;396.785,696.279,1.608,;408.012,696,1.626,;417.5,696,1.643,;428.13,697,1.658,;438.611,697,1.675,;448.056,698.764,1.692,;456.031,699,1.708,;466.103,700.123,1.725,;478.681,701.244,1.742,;486.892,702.362,1.76,;494.395,704.97,1.777,;503.627,705.604,1.792,;509.624,706,1.809,;513.535,706.845,1.826,;515.5,707.5,1.842,;516.084,705.958,1.859,;102,,,;1985,,,;PAPR,,,
206,410,0,;232.141,402.376,0.016,;257.977,396.862,0.033,;271.145,395.169,0.05,;285.366,394.049,0.066,;299.905,392.93,0.083,;315.736,393,0.1,;330.056,391.688,0.117,;367.583,390.566,0.134,;373,389.5,0.151,;386.777,388.325,0.167,;398.963,388,0.183,;411.999,387.083,0.2,;427.519,388.037,0.217,;440.894,388,0.234,;456.89,389.278,0.25,;469.721,390.393,0.268,;484.5,391.5,0.285,;492.474,391.639,0.301,;499.567,393.522,0.317,;504.527,394.882,0.334,;507,395.5,0.351,;505,397.119,0.368,;502.517,399.483,0.385,;496.174,405.825,0.402,;487.605,412.91,0.419,;477.36,420.433,0.435,;465.033,431.243,0.451,;452.702,440.762,0.468,;436.516,450.69,0.485,;425.117,467.325,0.501,;406.697,476.858,0.518,;392.715,492.285,0.536,;378.147,505.403,0.553,;362.593,518.977,0.57,;345.278,532.585,0.585,;327.866,548.943,0.602,;311.04,564.099,0.619,;297.384,578.667,0.635,;280.418,594.41,0.653,;270.052,603.653,0.671,;256.048,617.952,0.687,;246,628,0.704,;239.426,635.227,0.719,;230.021,645.754,0.736,;221.753,654.247,0.753,;216.941,661.088,0.769,;212.459,667.812,0.786,;210.484,673.29,0.803,;208.237,680.289,0.821,;207.503,683.989,0.838,;206.381,685.856,0.853,;204.519,688.481,0.87,;204.86,690.719,0.887,;204.018,692.964,0.903,;203.5,694,0.92,;202.891,695.219,0.937,;201.655,697.691,0.955,;200.536,699.927,0.969,;198,702,1.036,;200.134,703.268,1.054,;204.376,701.906,1.071,;206.618,702,1.089,;208.846,702,1.105,;214,702,1.122,;226.382,701.658,1.138,;238.714,702.584,1.155,;249.212,704.825,1.172,;264.463,707.066,1.188,;276.665,707,1.205,;288.989,709.544,1.222,;305.502,709,1.24,;315,707.5,1.257,;327.679,709.369,1.287,;337.79,709,1.294,;350.486,710.748,1.313,;361.922,710.008,1.331,;373.357,709.113,1.351,;386.857,710.238,1.367,;397.549,709,1.377,;409.747,709.479,1.39,;421.385,710,1.406,;432.217,710,1.423,;444.234,710.839,1.44,;453.692,711,1.457,;462.657,711,1.473,;474.024,712.202,1.49,;482.587,709.353,1.507,;487.216,710,1.524,;492.259,710,1.541,;496.75,710,1.557,;501.232,711.616,1.575,;504.787,711.071,1.591,;507.09,709.955,1.607,;509.331,710,1.689,;504.677,706.677,1.785,;0,0,0,;0,0,0,;0,0,0,;0,0,0,;96,,0,;1785,,,;PAPR,,,
182,416,0,;205.068,412.854,0.019,;229.5,410,0.036,;242.507,409.374,0.052,;255.226,408.252,0.068,;266.697,408,0.085,;277.901,407.01,0.102,;290.216,405.889,0.119,;314.861,403.537,0.135,;327.496,404,0.153,;340.696,402.525,0.17,;358.054,403.591,0.186,;376.393,405.424,0.203,;394.328,406.833,0.219,;410.347,408.907,0.236,;426.033,411.148,0.263,;440.562,412.197,0.278,;453.744,410.688,0.288,;462.923,411,0.305,;476.123,410,0.321,;487.095,409.323,0.336,;495.574,409.796,0.353,;502.534,410,0.37,;507.156,408.961,0.436,;503.609,410.13,0.454,;497.435,411.283,0.471,;492.197,415.042,0.487,;486.581,422.187,0.504,;475.976,434.026,0.52,;462.499,444.126,0.537,;450.324,456.676,0.554,;427.038,474.497,0.572,;413.182,488.331,0.589,;388.047,507.519,0.604,;368.643,525.357,0.621,;347.868,542.735,0.638,;330.544,562.347,0.654,;311.458,577.179,0.671,;299.706,596.545,0.688,;284.724,607.618,0.706,;273.014,625.799,0.723,;264.854,633.718,0.739,;256.159,645.607,0.755,;249.937,654.688,0.771,;245.261,662.544,0.788,;239.723,670.388,0.806,;231.816,680.522,0.821,;225.195,688.105,0.84,;219.916,693.084,0.856,;219,698.5,0.873,;217.342,700.315,0.889,;216.5,702,0.971,;219.127,701,0.99,;222,701,1.008,;224.243,699.378,1.022,;230.937,697.516,1.039,;241.636,697,1.056,;252.84,696.016,1.073,;268.462,694.896,1.089,;281.673,695,1.106,;295.185,693.651,1.124,;308.624,695.469,1.143,;323.233,695,1.156,;336.803,695,1.173,;351.658,694.167,1.19,;365.416,694,1.207,;377.766,695.07,1.224,;392.477,695,1.24,;401.819,695,1.259,;414.773,695,1.275,;426.09,695,1.292,;438.427,694.325,1.307,;449.152,694,1.324,;458.316,694,1.341,;467.298,694,1.357,;478.578,694,1.374,;484.683,694,1.39,;490.006,695.401,1.409,;495.5,695,1.426,;503.847,694.641,1.44,;509.808,695,1.458,;515.409,695,1.475,;520.01,695,1.491,;522.241,695,1.507,;525.733,695,1.524,;527.733,695,1.573,;529.357,696.179,1.624,;526.955,696,1.728,;0,0,0,;0,0,0,;0,0,0,;0,0,0,;0,0,0,;0,0,0,;0,0,0,;0,0,0,;0,0,0,;0,0,0,;0,0,0,;0,0,0,;88,,,;1728,,,;PAPR,,,
178,381,0,;194.311,383.039,0.018,;208.821,385.47,0.035,;222.332,386.361,0.053,;235.699,388.95,0.07,;250.394,389.6,0.085,;265.343,390.719,0.102,;281.612,391.841,0.119,;312.787,393.919,0.135,;332.359,397.24,0.152,;351.413,401.803,0.169,;377.117,403.647,0.194,;401.771,404.444,0.212,;417.616,406.566,0.22,;434.576,407.684,0.237,;450.285,409.612,0.253,;461.324,410.925,0.271,;472.454,411,0.286,;479.008,411,0.303,;480.577,411,0.352,;477.643,412.179,0.419,;474.919,412,0.437,;472.498,413.251,0.454,;467.491,415.755,0.472,;461.529,420.977,0.488,;452.853,433.761,0.504,;438.717,444.61,0.521,;426.48,458.928,0.537,;408.344,472.757,0.554,;392.563,487.334,0.57,;373.247,504.311,0.587,;360.873,518.471,0.605,;341.615,538.846,0.622,;323.881,554.534,0.638,;306.118,573.294,0.654,;287.116,592.883,0.671,;271.712,613.015,0.688,;252.846,631.086,0.705,;242.139,648.977,0.721,;226.981,663.019,0.739,;216.702,674.728,0.758,;208.052,685.848,0.772,;197.954,693.031,0.788,;191.039,700.546,0.805,;187.263,708.387,0.822,;183.901,714.165,0.838,;181.697,716.303,0.855,;180.726,718.549,0.887,;179.742,720.516,0.937,;177.643,720,0.971,;180.081,720,0.989,;182.478,720,1.021,;190.682,718.76,1.04,;207.635,719,1.056,;220.667,718.278,1.073,;237.492,718,1.09,;252.527,717.036,1.106,;272.552,717,1.123,;289.03,715.798,1.14,;311.237,714.672,1.157,;333.905,713.555,1.174,;350.5,711,1.193,;372.333,710.311,1.206,;389.969,710,1.223,;404.17,710,1.24,;420.77,710,1.257,;437.546,707.66,1.274,;456.978,706.707,1.29,;476.029,705.587,1.308,;494.5,704.5,1.325,;502.227,706,1.341,;506.548,706.774,1.358,;508,707.5,1.39,;502.817,705.954,1.407,;496.712,704.742,1.424,;478.659,692.567,1.516,;0,0,0,;0,0,0,;0,0,0,;0,0,0,;0,0,0,;0,0,0,;0,0,0,;0,0,0,;0,0,0,;0,0,0,;0,0,0,;0,0,0,;0,0,0,;0,0,0,;0,0,0,;0,0,0,;0,0,0,;0,0,0,;0,0,0,;0,0,0,;0,0,0,;0,0,0,;0,0,0,;0,0,0,;76,,,;1516,,,;PAPR,,,
193,412,0,;234.905,404.489,0.018,;254.278,402.085,0.035,;271.138,400.924,0.051,;289.18,399.801,0.067,;305.75,400,0.086,;323.994,401.437,0.103,;339.5,402.5,0.119,;371.839,402.32,0.135,;387.975,402,0.151,;401.127,402,0.168,;416.578,403.041,0.185,;428.777,405.323,0.202,;441.108,406.283,0.218,;454.805,407.4,0.236,;463.5,407,0.253,;474.432,407,0.269,;482.582,407,0.285,;488.419,407,0.302,;492.013,407,0.351,;489.754,407,0.385,;484.928,408.268,0.415,;478.621,413.19,0.421,;470.205,418.247,0.438,;463.205,425.761,0.453,;456.442,434.744,0.47,;448.529,442.471,0.487,;436.738,450.284,0.504,;425.468,462.532,0.521,;416.5,474.5,0.539,;397.377,487.008,0.555,;383.458,500.731,0.571,;369.76,512.367,0.589,;358.445,527.777,0.613,;343.254,539.269,0.624,;332.025,553.867,0.639,;313.75,571.25,0.655,;303.156,587.611,0.672,;290.426,603.574,0.688,;279.777,618.891,0.705,;270.784,629.216,0.721,;261.851,638.149,0.738,;252.849,648.294,0.755,;246.461,655.795,0.773,;241.068,660.932,0.789,;234,668,0.806,;227.876,676.749,0.822,;223.761,682.731,0.839,;220.397,686.603,0.855,;218.028,688.972,0.873,;215.791,692.313,0.901,;213.329,694.671,0.923,;208.063,701.406,0.939,;204.5,704.5,0.971,;200.929,708.071,1.005,;196.851,711.149,1.105,;203.19,710,1.123,;205.834,709.083,1.14,;209.112,706.926,1.156,;215.931,704.69,1.173,;222.659,703.724,1.19,;235.02,698.392,1.208,;246,701.5,1.224,;256.045,699.719,1.24,;268.355,699,1.257,;278.054,699,1.273,;287.003,698,1.291,;298.23,696.877,1.307,;306.95,697,1.324,;317.273,697,1.341,;327.365,695.515,1.358,;336.211,697,1.374,;344.79,696.276,1.391,;356.298,696,1.408,;365.725,696,1.424,;375.775,696,1.441,;388.249,696,1.457,;397.973,697.33,1.475,;408.026,699.895,1.492,;423.5,700.5,1.509,;436.673,706.455,1.524,;449.898,708.809,1.541,;462.239,710.862,1.558,;476.641,714.148,1.574,;487.697,717.509,1.598,;495.757,718.293,1.608,;502.481,719.413,1.624,;503,720.5,1.691,;496.95,717.983,1.824,;0,0,0,;0,0,0,;0,0,0,;0,0,0,;0,0,0,;0,0,0,;0,0,0,;0,0,0,;0,0,0,;0,0,0,;0,0,0,;89,,,;1824,,,;PAPR,,,
