203,409,0,;222.738,409,0.022,;243.115,409,0.041,;271.037,409.836,0.072,;285.395,410.953,0.078,;301.095,411,0.093,;315.584,411,0.11,;348.605,413.637,0.169,;377.5,413,0.212,;436.339,409.966,0.232,;445.322,410,0.254,;454.031,410,0.278,;469.175,409.529,0.294,;476.574,409.347,0.31,;484.425,409,0.332,;492.274,409,0.343,;498.073,409,0.36,;503.687,410.137,0.377,;509.29,408.742,0.406,;514.135,409,0.433,;517.498,409,0.439,;520.237,409,0.475,;522.857,409.929,0.488,;523.537,410.268,0.526,;520.825,411.087,0.576,;518.643,413.357,0.609,;514.14,415.953,0.627,;509.705,418.148,0.646,;502.862,422.759,0.66,;493.472,428.58,0.686,;487.419,438.441,0.704,;478.573,442.767,0.727,;468.935,448.369,0.745,;452.583,464.334,0.761,;442.646,471.236,0.778,;433.743,476.786,0.799,;427.345,483.655,0.833,;408,501,0.846,;398.211,508.503,0.862,;387.353,518.647,0.888,;376.139,528.975,0.906,;366.969,536.027,0.934,;348.827,551.932,0.953,;340.03,559.599,0.982,;333.584,565.928,1.008,;315.145,582.587,1.031,;298.241,599.79,1.062,;274.121,624.714,1.079,;264.002,633.998,1.108,;252.267,644.465,1.137,;238.84,661.466,1.163,;226.324,670.87,1.183,;224.936,676.32,1.214,;222.639,679.361,1.24,;219.16,683.84,1.264,;217,686,1.285,;215.466,687.534,1.333,;211,693,1.364,;209.464,695.803,1.389,;207.49,697.51,1.431,;205.642,700.536,1.463,;204.733,702.534,1.497,;207.236,702,1.547,;210.536,700.821,1.58,;212.536,699.732,1.597,;214.082,697.918,1.615,;216.406,698,1.631,;221.302,699.326,1.65,;231.546,701.887,1.667,;241.112,702,1.683,;250.516,702,1.707,;261.916,702.811,1.718,;273.289,703,1.74,;285.567,704.052,1.756,;297.701,704,1.771,;309.489,704,1.785,;322.962,704,1.808,;332.256,704,1.825,;343.202,704,1.844,;354.738,704,1.86,;365.979,704,1.881,;377.187,701.963,1.898,;392.377,701.862,1.914,;403.855,700.481,1.929,;416.568,699.381,1.95,;429.004,699.5,1.968,;450.206,697.256,1.994,;458.047,696.136,2.014,;465.874,696,2.032,;472.639,695.213,2.051,;478.901,697,2.068,;483.042,697.347,2.086,;488.772,698,2.106,;491.418,698,2.117,;493,698,2.15,;496.148,700.074,2.183,;498.315,700,2.218,;500.536,701.268,2.234,;503,702.5,2.283,;499.643,699.643,2.318,;102,,,;2538,,,;JOFL,,,;;;;;;;;;;;;;;;;;;;;;;;;;;;;;;;;;;;;;;;;;;;;;;;;;;;;;;;;;;;;;;;;;;;;;;;;;;;;;;;;;;;;;;;;;;;;;;;;;;;;;;;;
;;;;;;;;;;;;;;;;;;;;;;;;;;;;;;;;;;;;;;;;;;;;;;;;;;;;;;;;;;;;;;;;;;;;;;;;;;;;;;;;;;;;;;;;;;;;;;;;;;;;;;;;;;;;;;;;;;;;;;;;;;;;;;;;;;;;;;;;;;;;;;;;;;;;;;;;;;;;;;;;;;;;;;;;;;;;;;;;;;;;;;;;;;;;;;;;;;;;;;;;;;;;;;
202,401,0,;233.638,401,0.024,;269.996,401,0.082,;286.653,400.156,0.119,;328.912,398,0.166,;367.406,402.568,0.223,;389.399,404,0.271,;417.525,405.495,0.302,;423.199,405.64,0.318,;428.86,405.228,0.341,;440.084,406,0.375,;445.709,407.142,0.397,;459.238,406,0.413,;466.014,405.498,0.453,;478.71,404.516,0.485,;489.928,403.982,0.51,;495.354,404,0.652,;496.031,406.063,0.803,;496,408.119,0.821,;493.474,409.263,0.853,;492.234,412.533,0.894,;490.224,413.888,0.905,;488.935,416.129,0.921,;487.753,418.495,0.938,;485.253,419.373,0.962,;483.056,423.416,0.975,;477.972,429.028,1.017,;466.918,439.235,1.024,;462.113,442.915,1.04,;457.613,448.483,1.072,;443.672,461.328,1.121,;428.124,473.876,1.155,;412.61,487.748,1.207,;375.328,523.672,1.257,;367.738,530.262,1.281,;357.013,539.658,1.301,;342.538,549.552,1.331,;333.111,561.593,1.348,;326.631,566.095,1.383,;319.84,570.58,1.399,;305.838,583.06,1.432,;285.666,599.231,1.454,;276.013,608.985,1.476,;264.572,621.952,1.509,;245.041,639.612,1.54,;225.403,658.877,1.557,;221.464,663.381,1.586,;218.109,666.891,1.689,;205.666,687.001,1.747,;196.839,696.161,1.791,;187,713,1.83,;185.224,714.776,1.884,;184.464,715.536,1.965,;190.454,714,2.002,;192,714,2.067,;214.362,714,2.109,;240.064,713,2.159,;275.595,709.934,2.205,;307.426,706.428,2.25,;324.723,706.675,2.271,;336.585,708.917,2.281,;342.196,709,2.293,;347.788,710.158,2.311,;354.575,708.738,2.334,;362.788,709,2.426,;410.741,701.894,2.46,;423.003,700.499,2.494,;442.367,698,2.519,;458.347,696.276,2.552,;472.653,694.05,2.563,;479.536,694,2.584,;485.082,692.784,2.596,;488.005,693,2.613,;491.378,693,2.63,;495.151,693,2.647,;498.089,693,2.663,;501.477,692.174,2.679,;503.884,692,2.696,;506.16,693.08,2.766,;508.268,694.134,2.967,;509.041,696.082,3.014,;510.089,698.178,3.097,;512.214,699.107,3.247,;514.188,699,3.452,;0,0,0,;0,0,0,;0,0,0,;0,0,0,;0,0,0,;0,0,0,;0,0,0,;0,0,0,;0,0,0,;0,0,0,;0,0,0,;0,0,0,;0,0,0,;0,0,0,;0,0,0,;0,0,0,;84,,,;3452,,,;JOFL,,,;;;;;;;;;;;;;;;;;;;;;;;;;;;;;;;;;;;;;;;;;;;;;;;;;;;;;;;;;;;;;;;;;;;;;;;;;;;;;;;;;;;;;;;;;;;;;;;;;;;;;;;;
;;;;;;;;;;;;;;;;;;;;;;;;;;;;;;;;;;;;;;;;;;;;;;;;;;;;;;;;;;;;;;;;;;;;;;;;;;;;;;;;;;;;;;;;;;;;;;;;;;;;;;;;;;;;;;;;;;;;;;;;;;;;;;;;;;;;;;;;;;;;;;;;;;;;;;;;;;;;;;;;;;;;;;;;;;;;;;;;;;;;;;;;;;;;;;;;;;;;;;;;;;;;;;
190,407,0,;231.037,410.96,0.017,;254.407,412.6,0.033,;274.973,413,0.049,;295.976,412.159,0.065,;316.238,411.042,0.082,;337.609,409.915,0.099,;357.636,408.798,0.117,;401.645,409,0.134,;410.365,410,0.151,;425.516,410,0.166,;439.585,410,0.183,;450.291,409.19,0.199,;459.448,409,0.217,;468.395,409,0.233,;476.191,409,0.251,;482.741,407.71,0.269,;487.646,408,0.285,;491.606,408,0.301,;494.308,408,0.316,;496.554,408,0.333,;499.694,408,0.357,;502.042,409.021,0.377,;504.273,409,0.402,;506.379,409,0.498,;506,411.032,0.548,;503.684,413.316,0.566,;502.5,416,0.582,;492.981,424.736,0.599,;483.466,437.045,0.615,;467.608,449.554,0.632,;450.798,468.362,0.649,;430.394,482.604,0.666,;415.576,501.056,0.682,;391.14,513.316,0.7,;376,533.5,0.716,;356.044,553.011,0.733,;338.933,570.262,0.749,;321.205,588.72,0.766,;307.431,601.522,0.783,;297.509,611.491,0.8,;284.824,622.887,0.816,;275.316,628.456,0.834,;270,636.5,0.851,;259.144,645.856,0.866,;250.586,655.187,0.883,;243.647,663.245,0.9,;235.897,673.132,0.917,;225.782,684.353,0.934,;219.483,690.517,0.95,;215.479,697.281,0.968,;211.019,700.981,0.985,;209.383,704.85,1,;206.775,708.967,1.017,;203.415,712.585,1.034,;200.048,714.968,1.051,;197.804,717.196,1.079,;196.779,719.443,1.096,;194.311,720.345,1.135,;197.357,721.179,1.151,;200.654,719.173,1.17,;203.848,718.051,1.185,;210.419,716.93,1.201,;217.155,714.615,1.227,;231.056,713.376,1.248,;245.193,711.135,1.269,;260.873,707.782,1.285,;290.171,700.808,1.302,;305.808,700.915,1.319,;322.622,697.876,1.335,;337.044,699.157,1.352,;351.647,697.719,1.369,;367.617,699.401,1.386,;380,697.5,1.403,;393.412,698,1.419,;404.663,698,1.435,;416.747,698,1.452,;427.077,698,1.469,;437.142,698,1.486,;447.225,696.753,1.502,;455.97,699.743,1.52,;464.921,697.51,1.537,;470.671,697.388,1.553,;476.67,698.468,1.569,;480.566,699,1.586,;482.952,699.976,1.603,;485.193,701.096,1.62,;487.433,701,1.636,;489.676,701,1.671,;491.536,702.268,1.688,;494,700.5,1.719,;496.802,701,1.737,;499.092,701,1.754,;503.747,701,1.786,;509.068,703.427,1.82,;512.674,704.668,1.838,;520.308,706.577,1.855,;532.947,708.825,1.954,;0,0,0,;0,0,0,;98,,,;1954,,,;JOFL,,,;,,,;202,401,0,;233.638,401,0.024,;269.996,401,0.082,;286.653,400.156,0.119,;328.912,398,0.166,;367.406,402.568,0.223,;389.399,404,0.271,;417.525,405.495,0.302,;423.199,405.64,0.318,;428.86,405.228,0.341,;440.084,406,0.375,;445.709,407.142,0.397,;459.238,406,0.413,;466.014,405.498,0.453,;478.71,404.516,0.485,;489.928,403.982,0.51,;495.354,404,0.652,;496.031,406.063,0.803,;496,408.119,0.821,;493.474,409.263,0.853,;492.234,412.533,0.894,;490.224,413.888,0.905,;488.935,416.129,0.921,;487.753,418.495,0.938,;485.253,419.373,0.962,;483.056,423.416,0.975,;477.972,429.028,1.017,;466.918,439.235,1.024,;462.113,442.915,1.04,;457.613,448.483,1.072,;443.672,461.328,1.121,;428.124,473.876,1.155,;412.61,487.748,1.207,;375.328,523.672,1.257,;367.738,530.262,1.281,;357.013,539.658,1.301,;342.538,549.552,1.331,;333.111,561.593,1.348,;326.631,566.095,1.383,;319.84,570.58,1.399,;305.838,583.06,1.432,;285.666,599.231,1.454,;276.013,608.985,1.476,;264.572,621.952,1.509,;245.041,639.612,1.54,;225.403,658.877,1.557,;221.464,663.381,1.586,;218.109,666.891,1.689,;205.666,687.001,1.747,;196.839,696.161,1.791,;187,713,1.83,;185.224,714.776,1.884,;184.464,715.536,1.965,;190.454,714,2.002,;192,714,2.067,;214.362,714,2.109,;240.064,713,2.159,;275.595,709.934,2.205,;307.426,706.428,2.25,;324.723,706.675,2.271,;336.585,708.917,2.281,;342.196,709,2.293,;347.788,710.158,2.311,;354.575,708.738,2.334,;362.788,709,2.426,;410.741,701.894,2.46,;423.003,700.499,2.494,;442.367,698,2.519,;458.347,696.276,2.552,;472.653,694.05,2.563,;479.536,694,2.584,;485.082,692.784,2.596,;488.005,693,2.613,;491.378,693,2.63,;495.151,693,2.647,;498.089,693,2.663,;501.477,692.174,2.679,;503.884,692,2.696,;506.16,693.08,2.766,;508.268,694.134,2.967,;509.041,696.082,3.014,;510.089,698.178,3.097,;512.214,699.107,3.247,;514.188,699,3.452,;0,0,0,;0,0,0,;0,0,0,;0,0,0,;0,0,0,;0,0,0,;0,0,0,;0,0,0,;0,0,0,;0,0,0,;0,0,0,;0,0,0,;0,0,0,;0,0,0,;0,0,0,;0,0,0,;84,,,;3452,,,;JOFL,,,
;;;;;;;;;;;;;;;;;;;;;;;;;;;;;;;;;;;;;;;;;;;;;;;;;;;;;;;;;;;;;;;;;;;;;;;;;;;;;;;;;;;;;;;;;;;;;;;;;;;;;;;;;;;;;;;;;;;;;;;;;;;;;;;;;;;;;;;;;;;;;;;;;;;;;;;;;;;;;;;;;;;;;;;;;;;;;;;;;;;;;;;;;;;;;;;;;;;;;;;;;;;;;;
187,409,0,;228.927,405.948,0.017,;247.885,404.83,0.036,;265.6,405,0.052,;283.55,405,0.069,;302.079,405,0.086,;321.108,404.347,0.101,;354.916,401.674,0.118,;379.162,400.102,0.135,;399.3,400,0.151,;417.198,398.863,0.17,;436.422,399,0.186,;455.424,400.378,0.203,;465.029,400,0.22,;477.837,400.622,0.235,;487.184,401,0.252,;493.326,401,0.269,;497.936,400.016,0.285,;503.545,400,0.302,;509.122,400,0.321,;510.696,398.652,0.338,;512.939,399,0.351,;515,399,0.384,;516.535,397.733,0.421,;516,400.051,0.452,;513.683,403.475,0.485,;511.463,408.073,0.502,;498.514,417.445,0.518,;487.782,430.426,0.535,;474.03,442.208,0.551,;459.437,455.52,0.568,;443.738,468.939,0.585,;428.015,478.562,0.603,;419.352,488.648,0.62,;403.5,501.5,0.636,;391.88,510.473,0.652,;377.999,524.77,0.668,;364.343,537.769,0.685,;348.822,551.152,0.702,;338.821,564.572,0.719,;327.461,573.032,0.736,;312.13,581.997,0.754,;306.519,592.476,0.77,;295.853,599.303,0.786,;283.865,609.396,0.803,;274.996,619.72,0.819,;265.163,627.874,0.836,;255.137,635.671,0.853,;247.445,644.777,0.869,;240.953,655.07,0.887,;231.323,662.217,0.904,;222.903,672.267,0.92,;216.478,682.34,0.936,;210.876,689.949,0.953,;205.265,695.735,0.97,;199.672,701.328,0.986,;196.433,702.189,1.003,;194.372,705.942,1.02,;196.428,707.856,1.069,;198.357,708.179,1.103,;201.802,706.732,1.12,;205.307,704.846,1.137,;212.69,706.282,1.154,;220.808,706,1.172,;237.5,706,1.189,;252.335,703.718,1.204,;269.21,703,1.221,;283.584,702.118,1.238,;300.066,702,1.254,;313.501,700.875,1.271,;329.469,701,1.287,;341.053,701,1.306,;356.306,701,1.323,;370.694,702,1.338,;385.198,702.728,1.355,;396.66,703,1.372,;405.806,703,1.389,;420.167,703,1.405,;429.944,703,1.421,;437.364,704.338,1.451,;448.108,704.456,1.472,;463.167,705,1.489,;471.577,705,1.506,;480.545,705,1.523,;485.246,705,1.539,;489.739,706.185,1.556,;492.913,706,1.574,;496.277,706,1.591,;499.198,706,1.606,;503,706,1.639,;511.373,704.09,1.656,;516.124,701.938,1.673,;522.91,699.697,1.799,;0,0,0,;0,0,0,;0,0,0,;0,0,0,;0,0,0,;0,0,0,;0,0,0,;93,,,;1799,,,;JOFL,,,;;;;;;;;;;;;;;;;;;;;;;;;;;;;;;;;;;;;;;;;;;;;;;;;;;;;;;;;;;;;;;;;;;;;;;;;;;;;;;;;;;;;;;;;;;;;;;;;;;;;;;;;
;;;;;;;;;;;;;;;;;;;;;;;;;;;;;;;;;;;;;;;;;;;;;;;;;;;;;;;;;;;;;;;;;;;;;;;;;;;;;;;;;;;;;;;;;;;;;;;;;;;;;;;;;;;;;;;;;;;;;;;;;;;;;;;;;;;;;;;;;;;;;;;;;;;;;;;;;;;;;;;;;;;;;;;;;;;;;;;;;;;;;;;;;;;;;;;;;;;;;;;;;;;;;;
196,406,0,;235.253,406,0.019,;252.973,406,0.035,;271.393,406,0.048,;287.104,406,0.074,;304.576,406,0.102,;347.742,406.605,0.116,;375.5,407.5,0.132,;390.948,406.128,0.149,;406.977,406,0.174,;421.081,406,0.201,;436.017,406,0.228,;453.811,407,0.264,;460.008,407,0.285,;470.349,407,0.318,;479.149,407,0.342,;483.65,407,0.357,;485.861,408.431,0.384,;488.809,408,0.424,;490.524,409.262,0.436,;492.048,409,0.466,;494.286,409,0.566,;491.821,411.179,0.585,;490.932,414.203,0.605,;488.431,416.569,0.618,;484.856,422.907,0.637,;474.276,437.12,0.652,;461.545,446.455,0.669,;452.216,457.23,0.686,;438.84,468.584,0.701,;428.391,478.609,0.72,;419.48,489.65,0.739,;403,503.572,0.753,;389.337,516.381,0.769,;372.145,536.835,0.785,;361,547,0.802,;347.816,561.771,0.818,;335.7,573.3,0.835,;322.535,586.465,0.853,;311.538,596.416,0.876,;302.503,605.497,0.894,;291.617,618.461,0.908,;280.349,627.651,0.928,;272.12,635.88,0.951,;262.904,645.773,0.978,;247.526,662.387,0.996,;240.853,669.147,1.01,;234.043,678.275,1.03,;226.625,683.375,1.057,;221.038,688.57,1.083,;212.129,696.871,1.105,;208.12,702.76,1.129,;206.492,705.011,1.145,;204.813,707.25,1.169,;202.644,708.178,1.212,;203,710.539,1.266,;205.536,708.732,1.31,;207.356,707.822,1.34,;212.159,707,1.369,;216.537,708.415,1.404,;235.441,710,1.429,;258.049,710,1.475,;299.225,705,1.511,;325.243,704,1.545,;335.301,703.087,1.576,;359.064,704,1.609,;382.5,705,1.634,;393.815,705,1.665,;410.026,704.122,1.69,;428.835,702.881,1.714,;437.966,703,1.741,;451.909,702,1.788,;474.229,701,1.809,;502.757,698.03,1.834,;510.501,698,1.905,;527,696,2.005,;528.535,697.268,2.461,;0,0,0,;0,0,0,;0,0,0,;0,0,0,;0,0,0,;0,0,0,;0,0,0,;0,0,0,;0,0,0,;0,0,0,;0,0,0,;0,0,0,;0,0,0,;0,0,0,;0,0,0,;0,0,0,;0,0,0,;0,0,0,;0,0,0,;0,0,0,;0,0,0,;0,0,0,;0,0,0,;77,,,;2461,,,;JOFL,,,;;;;;;;;;;;;;;;;;;;;;;;;;;;;;;;;;;;;;;;;;;;;;;;;;;;;;;;;;;;;;;;;;;;;;;;;;;;;;;;;;;;;;;;;;;;;;;;;;;;;;;;;
;;;;;;;;;;;;;;;;;;;;;;;;;;;;;;;;;;;;;;;;;;;;;;;;;;;;;;;;;;;;;;;;;;;;;;;;;;;;;;;;;;;;;;;;;;;;;;;;;;;;;;;;;;;;;;;;;;;;;;;;;;;;;;;;;;;;;;;;;;;;;;;;;;;;;;;;;;;;;;;;;;;;;;;;;;;;;;;;;;;;;;;;;;;;;;;;;;;;;;;;;;;;;;
194,428,0, ;233.121,414.847,0.018,;249.319,410.195,0.034,;262.863,406.784,0.051,;275.087,404.62,0.07,;287.453,403.686,0.087,;301.652,401.13,0.103,;323.471,398.33,0.119,;345.869,396.321,0.135,;364.572,396,0.151,;386.375,396.919,0.168,;402.549,397,0.185,;421.632,398.155,0.203,;438.225,399.282,0.22,;457.855,400.403,0.237,;472.43,400.524,0.253,;488.061,401,0.269,;501.176,401,0.286,;513.767,401.888,0.302,;522.045,402,0.319,;529.904,404.258,0.336,;535.249,406.5,0.353,;536.73,407.365,0.435,;534.286,409.857,0.461,;523.354,416.369,0.492,;514.458,423.907,0.499,;500.3,434.022,0.506,;485.053,444.117,0.52,;468.191,455.347,0.535,;452.586,466.311,0.552,;436.713,475.553,0.568,;424.57,486.43,0.585,;409.138,499.739,0.602,;394.603,510.844,0.619,;377.464,532.444,0.637,;362.04,546.96,0.654,;344.885,565.02,0.67,;330.302,578.698,0.686,;313.416,591.651,0.702,;300.898,602.192,0.719,;285.595,614.318,0.737,;274.483,627.82,0.753,;262.004,639.996,0.771,;249.654,655.136,0.787,;240.899,661.588,0.804,;230.67,669.431,0.82,;222.473,678.036,0.836,;215.734,685.266,0.853,;211.023,689.977,0.87,;207.649,694.468,0.887,;206.762,697.713,0.919,;204.519,700.721,0.952,;207.536,701.268,0.986,;211.935,700.968,1.004,;216.335,701,1.02,;225.675,703.419,1.036,;241.214,704.324,1.055,;251.453,706.891,1.072,;265.964,706.431,1.088,;278.93,706,1.104,;294.975,706,1.121,;308.261,706.933,1.137,;322.724,705.944,1.154,;337.256,707.174,1.17,;350.57,707,1.189,;372.5,705.583,1.206,;384.5,704.5,1.222,;403.906,703.341,1.238,;421.225,703,1.254,;435.802,703,1.271,;450.297,701.977,1.288,;458.003,702,1.304,;465.849,702,1.321,;473.708,703.387,1.339,;484.5,701.5,1.356,;487.114,703,1.371,;491.985,703,1.388,;496.471,703.868,1.405,;502.941,703.01,1.422,;510.758,703,1.438,;514.928,703,1.455,;519.398,703,1.473,;522.418,701.527,1.49,;532.154,706.374,1.588,;0,0,0,;0,0,0,;0,0,0,;0,0,0,;0,0,0,;0,0,0,;0,0,0,;0,0,0,;0,0,0,;0,0,0,;0,0,0,;0,0,0,;0,0,0,;0,0,0,;0,0,0,;0,0,0,;84,,,;1588,,,;JOFL,,,;;;;;;;;;;;;;;;;;;;;;;;;;;;;;;;;;;;;;;;;;;;;;;;;;;;;;;;;;;;;;;;;;;;;;;;;;;;;;;;;;;;;;;;;;;;;;;;;;;;;;;;;
;;;;;;;;;;;;;;;;;;;;;;;;;;;;;;;;;;;;;;;;;;;;;;;;;;;;;;;;;;;;;;;;;;;;;;;;;;;;;;;;;;;;;;;;;;;;;;;;;;;;;;;;;;;;;;;;;;;;;;;;;;;;;;;;;;;;;;;;;;;;;;;;;;;;;;;;;;;;;;;;;;;;;;;;;;;;;;;;;;;;;;;;;;;;;;;;;;;;;;;;;;;;;;
197,414,0, ;219.136,412.994,0.016,;238.77,411.837,0.035,;257.873,410.713,0.051,;275.563,409.59,0.068,;293,408.5,0.084,;313.073,409,0.099,;332.174,409,0.119,;366.343,408.108,0.131,;387.214,408,0.15,;402.899,409.136,0.165,;416.096,410.258,0.189,;425.357,408.627,0.2,;435.476,410.497,0.217,;439.473,410.618,0.232,;443.225,411,0.249,;445.723,411,0.277,;447.968,411.984,0.316,;453.429,412,0.334,;456.697,413.232,0.351,;460.175,413.587,0.377,;463.115,414,0.388,;467.32,414,0.409,;470.86,414,0.441,;477.942,414.188,0.453,;483.563,415.313,0.484,;490.647,415,0.503,;493.5,415,0.516,;495,415,0.599,;491.866,416.067,0.651,;489.643,418.357,0.682,;486.003,421.997,0.701,;482.622,425.378,0.717,;475.498,432.502,0.735,;466.036,437.852,0.753,;460.059,443.451,0.769,;454.943,450.057,0.785,;448.618,456.382,0.803,;440.177,464.823,0.82,;434.131,470.869,0.834,;427.433,477.567,0.852,;420.697,485.52,0.868,;409.985,496.015,0.886,;396.957,506.126,0.903,;387,517,0.917,;370.319,532.681,0.934,;357.131,545.047,0.952,;342.764,559.236,0.968,;329.26,569.555,0.985,;313.447,579.641,1.001,;304.23,595.001,1.024,;295.624,603.798,1.039,;279.5,613.5,1.051,;270.979,627.021,1.07,;259.331,636.305,1.086,;251.55,647.992,1.105,;243.783,656.217,1.119,;235.938,664.062,1.135,;226.867,669.333,1.156,;222.041,679.134,1.17,;216.5,685,1.187,;212.473,690.159,1.202,;208.737,695.018,1.22,;205.373,699.502,1.235,;201.015,703.985,1.252,;198.766,707.351,1.269,;197.763,709.474,1.304,;196.761,711.478,1.368,;195.866,713.268,1.419,;196,715.164,1.486,;194.866,717.268,1.519,;197.537,717,1.537,;200.254,715.915,1.554,;201.293,713.413,1.572,;203.825,712.587,1.589,;213.5,714.5,1.604,;223.21,714,1.621,;237.128,713.221,1.638,;250.758,713,1.654,;267.281,711.981,1.672,;280.673,710.861,1.687,;295.475,711,1.706,;308.507,706.873,1.723,;322,708,1.738,;335.5,706.5,1.754,;348.701,707.492,1.776,;362.409,706.265,1.788,;373.881,706,1.805,;391.74,704.891,1.822,;401.083,703.769,1.84,;413.812,702.653,1.857,;426.178,703,1.873,;435.747,701.407,1.889,;446.161,701,1.905,;454.01,701,1.922,;461.688,701,1.939,;467.369,699.926,1.956,;474.166,698.806,1.972,;479.59,701.636,1.991,;485.176,701,2.008,;107,,,;2416,,,;JOFL,,,;;;;;;;;;;;;;;;;;;;;;;;;;;;;;;;;;;;;;;;;;;;;;;;;;;;;;;;;;;;;;;;;;;;;;;;;;;;;;;;;;;;;;;;;;;;;;;;;;;;;;;;;
;;;;;;;;;;;;;;;;;;;;;;;;;;;;;;;;;;;;;;;;;;;;;;;;;;;;;;;;;;;;;;;;;;;;;;;;;;;;;;;;;;;;;;;;;;;;;;;;;;;;;;;;;;;;;;;;;;;;;;;;;;;;;;;;;;;;;;;;;;;;;;;;;;;;;;;;;;;;;;;;;;;;;;;;;;;;;;;;;;;;;;;;;;;;;;;;;;;;;;;;;;;;;;
197,407,0, ;226.785,404.158,0.034,;255.582,403,0.052,;270.083,401.84,0.087,;284.346,401.721,0.098,;297.731,400.606,0.12,;318.389,399.485,0.134,;336.795,398.356,0.154,;363.658,397,0.169,;373.068,397,0.186,;388.681,398.12,0.205,;395.301,398,0.228,;403.361,398,0.237,;413.414,398.492,0.253,;422.571,399,0.298,;435.251,399,0.306,;442.665,399,0.327,;451.393,401.098,0.335,;455.867,402.217,0.399,;474.364,405,0.412,;480.461,405,0.439,;486.856,405.809,0.449,;493.349,406,0.458,;499.337,407.067,0.469,;505.949,407,0.486,;511.3,407,0.503,;515.775,407,0.553,;516.931,408.465,0.566,;518.539,408,0.619,;516.939,410.121,0.685,;514.734,412.266,0.719,;509.08,414.973,0.737,;501.181,419.468,0.752,;492.466,424.958,0.769,;484.498,433.502,0.789,;474.021,442.537,0.804,;460,448,0.822,;454,454,0.84,;436.607,467.794,0.855,;426.565,475.561,0.87,;414.412,484.428,0.889,;398.042,498.536,0.904,;384.849,509.46,0.925,;369.21,520.135,0.938,;358.5,535.5,0.954,;346,541,0.974,;331.258,555.742,0.988,;317.116,565.314,1.004,;305.65,575.315,1.027,;295.444,590.248,1.037,;278.855,599.664,1.055,;268.853,611.147,1.07,;256.67,624.815,1.088,;245.851,637.724,1.104,;236.03,651.293,1.132,;225.731,661.35,1.147,;218.905,668.133,1.165,;213.487,676.027,1.177,;209.051,683.949,1.19,;204.409,688.591,1.206,;200,694.5,1.229,;195.133,698.489,1.243,;191.764,702.981,1.261,;190.136,708.321,1.282,;189.066,710.869,1.293,;187.882,713.235,1.321,;188,715.352,1.388,;190.268,713.866,1.421,;193.081,710.838,1.438,;195.397,711,1.455,;198.932,708.379,1.473,;205.184,709,1.488,;210.5,709,1.505,;217,710.5,1.521,;228.199,709.2,1.538,;239.226,709.923,1.555,;249.446,710,1.573,;261.77,708.839,1.595,;275.173,709,1.61,;287.49,710.408,1.623,;301,710,1.642,;311.95,711,1.656,;324.271,710.248,1.689,;334.094,709.113,1.714,;358.046,709,1.739,;367.39,709,1.75,;378.811,708.654,1.763,;389.937,707.508,1.791,;409.215,706.31,1.809,;420.965,705.185,1.825,;431.755,704.027,1.846,;444.111,700.697,1.863,;453.741,701.782,1.874,;462.741,700.657,1.902,;471.078,700,1.921,;480.452,700,1.931,;486.512,699.298,1.943,;491.156,699.789,1.965,;494,700.5,1.98,;499.198,698.934,1.992,;107,,,;2266,,,;JOFL,,,;;;;;;;;;;;;;;;;;;;;;;;;;;;;;;;;;;;;;;;;;;;;;;;;;;;;;;;;;;;;;;;;;;;;;;;;;;;;;;;;;;;;;;;;;;;;;;;;;;;;;;;;
;;;;;;;;;;;;;;;;;;;;;;;;;;;;;;;;;;;;;;;;;;;;;;;;;;;;;;;;;;;;;;;;;;;;;;;;;;;;;;;;;;;;;;;;;;;;;;;;;;;;;;;;;;;;;;;;;;;;;;;;;;;;;;;;;;;;;;;;;;;;;;;;;;;;;;;;;;;;;;;;;;;;;;;;;;;;;;;;;;;;;;;;;;;;;;;;;;;;;;;;;;;;;;
208,408,0, ;263.962,409.839,0.018,;286.156,410,0.035,;306.365,410,0.052,;324.069,410,0.07,;342.131,408.679,0.088,;361.9,407.561,0.111,;391.094,405.877,0.136,;416.924,403.635,0.153,;450.798,401.075,0.178,;462.452,399.955,0.19,;474.826,398.834,0.201,;484.598,399,0.219,;487.603,399,0.234,;490.5,400.5,0.268,;491.537,401.268,0.308,;491,403.535,0.336,;491,405.171,0.435,;493.178,403.911,0.501,;491.906,406.188,0.535,;490.287,409.426,0.552,;487.506,414.157,0.569,;481.268,422.643,0.587,;470.262,435.886,0.602,;457.81,446.991,0.62,;445.546,458.14,0.638,;430.333,472.231,0.654,;421,480.5,0.67,;407.832,494.168,0.686,;395.976,505.222,0.703,;381.083,516.227,0.72,;369.589,531.576,0.736,;357.219,543.781,0.753,;341.045,558.673,0.771,;329.542,569.052,0.789,;311.5,580,0.804,;302.54,592.168,0.82,;289.775,600.381,0.837,;278.082,611.809,0.854,;265.884,624.116,0.87,;253.582,634.16,0.887,;243.687,644.313,0.903,;235.01,654.364,0.922,;226.062,661.446,0.939,;218.32,668.68,0.954,;213.05,675.425,0.971,;208.57,682.145,0.987,;205.066,686.911,1.004,;202.803,690.295,1.02,;199.335,692.443,1.037,;197.318,694.682,1.07,;199.268,697.803,1.103,;201.536,697,1.137,;207.144,696,1.159,;212.904,697.181,1.171,;218.562,698.312,1.19,;228.432,699.429,1.206,;243,702,1.223,;254.062,700.328,1.239,;268.362,700,1.255,;281.063,699.085,1.272,;294.446,699,1.289,;306.736,699,1.305,;320.366,699,1.322,;335.179,699,1.341,;346.5,697.5,1.357,;361.718,697.643,1.372,;374.4,697.236,1.389,;386.702,697.882,1.406,;397.04,698,1.423,;407.126,698,1.439,;415.986,698,1.456,;426.31,699.368,1.474,;434.888,697.514,1.491,;442.268,697.39,1.507,;450.127,698.465,1.523,;457.96,699,1.54,;464.842,698.026,1.557,;472.66,696.906,1.573,;479.305,697,1.59,;486.006,698.334,1.609,;492.721,696.547,1.625,;495.737,697,1.641,;498.399,697,1.657,;500.641,696.179,1.674,;502,695.5,1.69,;504.099,697.033,1.707,;507.552,695.816,1.807,;0,0,0,;0,0,0,;0,0,0,;0,0,0,;0,0,0,;0,0,0,;0,0,0,;0,0,0,;0,0,0,;0,0,0,;0,0,0,;0,0,0,;88,,,;1807,,,;JOFL,,,;;;;;;;;;;;;;;;;;;;;;;;;;;;;;;;;;;;;;;;;;;;;;;;;;;;;;;;;;;;;;;;;;;;;;;;;;;;;;;;;;;;;;;;;;;;;;;;;;;;;;;;;
;;;;;;;;;;;;;;;;;;;;;;;;;;;;;;;;;;;;;;;;;;;;;;;;;;;;;;;;;;;;;;;;;;;;;;;;;;;;;;;;;;;;;;;;;;;;;;;;;;;;;;;;;;;;;;;;;;;;;;;;;;;;;;;;;;;;;;;;;;;;;;;;;;;;;;;;;;;;;;;;;;;;;;;;;;;;;;;;;;;;;;;;;;;;;;;;;;;;;;;;;;;;;;
206,400,0, ;237.285,404.921,0.016,;256.293,406.581,0.038,;274.252,407,0.058,;293.075,406.172,0.098,;332.198,403.94,0.118,;405.628,400.399,0.14,;417.252,398.573,0.164,;435.226,397.452,0.18,;450.724,397,0.192,;462.126,397,0.222,;473.145,396.086,0.24,;488.444,395,0.283,;493.505,395,0.33,;493,397.357,0.401,;495.146,398.073,0.435,;497.536,398,0.5,;499.268,399.134,0.52,;500.104,402.313,0.549,;497.553,404.447,0.565,;496.5,407,0.582,;492.538,411.462,0.599,;486.236,418.558,0.623,;475.767,432.003,0.643,;463.404,441.697,0.654,;450.094,452.56,0.668,;434.211,466.248,0.689,;425.293,473.883,0.7,;415.5,481.5,0.716,;402.351,492.905,0.738,;391.797,504.203,0.754,;378.701,515.56,0.767,;367.792,529.277,0.788,;357.969,537.917,0.801,;344.634,545.38,0.817,;335.752,555.248,0.834,;327,565.5,0.854,;314.949,572.446,0.867,;305.755,582.744,0.887,;294.804,592.524,0.903,;282.159,600.899,0.941,;261.753,621.471,0.957,;249.028,630.302,0.974,;237.376,643.093,0.996,;224.432,655.374,1.01,;214.255,664.745,1.023,;206.126,672.874,1.04,;198.311,680.689,1.054,;194.772,685.304,1.068,;191.532,688.468,1.101,;189.572,691.642,1.122,;188.5,694,1.151,;187.731,695.539,1.184,;188,697.014,1.235,;186.858,700.424,1.267,;185.732,702.536,1.289,;184.5,705,1.318,;182.985,711.029,1.351,;181.873,714.38,1.385,;180.754,716.492,1.451,;183.268,716,1.475,;185.094,714.953,1.507,;188.514,713.829,1.523,;196.693,715,1.535,;206.281,715.587,1.557,;215.657,716,1.569,;226.32,716.832,1.587,;239.394,717,1.611,;250.675,717,1.705,;311.5,717,1.77,;382.563,714,1.791,;395.78,711.203,1.84,;424.256,708.249,1.864,;432.201,707.114,1.889,;445.904,705.871,1.904,;453.749,707.25,1.928,;457.468,705.633,1.94,;461.957,706,1.97,;466.447,706,1.996,;479.907,706,2.024,;487.279,705,2.039,;489.428,705,2.065,;491.676,705,2.079,;493.915,705,2.109,;496.794,706.265,2.205,;498.12,707.06,2.289,;495.991,705.995,2.324,;497.009,703.856,2.508,;0,0,0,;0,0,0,;0,0,0,;0,0,0,;0,0,0,;0,0,0,;0,0,0,;0,0,0,;0,0,0,;0,0,0,;0,0,0,;0,0,0,;88,,,;2508,,,;JOFL,,,;;;;;;;;;;;;;;;;;;;;;;;;;;;;;;;;;;;;;;;;;;;;;;;;;;;;;;;;;;;;;;;;;;;;;;;;;;;;;;;;;;;;;;;;;;;;;;;;;;;;;;;;
;;;;;;;;;;;;;;;;;;;;;;;;;;;;;;;;;;;;;;;;;;;;;;;;;;;;;;;;;;;;;;;;;;;;;;;;;;;;;;;;;;;;;;;;;;;;;;;;;;;;;;;;;;;;;;;;;;;;;;;;;;;;;;;;;;;;;;;;;;;;;;;;;;;;;;;;;;;;;;;;;;;;;;;;;;;;;;;;;;;;;;;;;;;;;;;;;;;;;;;;;;;;;;
190,412,0, ;219.253,410.917,0.018,;247.174,409.379,0.034,;265.14,408.257,0.05,;281.924,407.138,0.067,;299.744,405.032,0.084,;316.57,403.895,0.101,;332.183,401.545,0.117,;374.738,397.964,0.135,;380.624,396.063,0.151,;396.275,395.414,0.168,;405.675,395.709,0.184,;417.967,396.831,0.201,;425.708,398.903,0.219,;432.432,400.072,0.235,;442.752,401.195,0.251,;451.501,401,0.269,;456.18,402.436,0.285,;460,402,0.302,;463.032,402,0.319,;467.185,403.592,0.335,;470.761,404.92,0.352,;474.117,406.039,0.369,;476.324,406,0.385,;479.84,406,0.417,;482.782,407.261,0.451,;484.536,407,0.485,;486.536,408.268,0.502,;488.125,409.063,0.551,;490.326,410.163,0.711,;485.271,417.306,0.72,;480.512,423.883,0.737,;470.803,434.197,0.754,;460.529,443.529,0.771,;450.483,454.574,0.787,;435.656,469.344,0.804,;425.017,478.685,0.823,;412.362,490.216,0.839,;395.95,505.965,0.855,;380.005,521.661,0.871,;364.802,537.198,0.887,;348.406,551.782,0.905,;337.777,565.298,0.921,;325.377,575.328,0.939,;310.546,584.126,0.956,;305.662,593.117,0.973,;298.433,599.057,0.99,;289.321,605.786,1.005,;280.744,613.256,1.022,;273.771,621.101,1.038,;266.04,626.971,1.056,;257.118,634.772,1.072,;250.584,642.652,1.09,;245.233,651.827,1.105,;238.139,657.861,1.122,;229.812,662.992,1.138,;224.113,667.887,1.155,;219.642,673.197,1.172,;216.11,677.854,1.189,;212.754,682.328,1.205,;209.4,685.6,1.223,;207.352,687.648,1.24,;205.113,688.443,1.256,;202.433,690.134,1.272,;201.5,692,1.321,;198.464,694.536,1.355,;201.195,695.098,1.389,;203.534,695,1.406,;206,695,1.438,;211.592,694,1.457,;216.067,694,1.473,;222.811,694,1.49,;232.065,695.258,1.506,;243.759,696.376,1.524,;250.474,696,1.541,;261.175,697.617,1.556,;271.689,698.743,1.573,;281.772,699.864,1.59,;291.874,700.986,1.606,;303.045,704.313,1.623,;311.779,706.445,1.639,;323.439,708.688,1.657,;333.227,709.47,1.674,;341,709,1.691,;352.094,710,1.707,;362.476,709.169,1.724,;370.673,708.047,1.741,;381.718,709.072,1.757,;394.114,707.808,1.774,;402.527,706.684,1.791,;410.025,707,1.812,;422.445,706,1.834,;430.707,705.328,1.848,;440.151,704.205,1.868,;450.233,704,1.877,;458.246,704,1.892,;466.138,702.837,1.909,;475.239,703,1.927,;485.585,701.602,1.942,;489.5,702,1.96,;109,,,;2462,,,;JOFL,,,;;;;;;;;;;;;;;;;;;;;;;;;;;;;;;;;;;;;;;;;;;;;;;;;;;;;;;;;;;;;;;;;;;;;;;;;;;;;;;;;;;;;;;;;;;;;;;;;;;;;;;;;
;;;;;;;;;;;;;;;;;;;;;;;;;;;;;;;;;;;;;;;;;;;;;;;;;;;;;;;;;;;;;;;;;;;;;;;;;;;;;;;;;;;;;;;;;;;;;;;;;;;;;;;;;;;;;;;;;;;;;;;;;;;;;;;;;;;;;;;;;;;;;;;;;;;;;;;;;;;;;;;;;;;;;;;;;;;;;;;;;;;;;;;;;;;;;;;;;;;;;;;;;;;;;;
206,419,0, ;229.068,415.854,0.02,;257.682,412.981,0.048,;278.964,410.741,0.065,;300.228,408.502,0.083,;341.851,404.016,0.108,;361.986,402.89,0.122,;400.431,399.542,0.14,;418.068,398,0.157,;435.704,398,0.174,;450.204,398.6,0.192,;460.761,399.72,0.215,;471.446,400,0.232,;480.662,400.958,0.248,;485.338,402.085,0.266,;487.32,402,0.301,;490.806,404.537,0.318,;493,404,0.349,;495.804,404,0.367,;497.054,404,0.383,;499.339,404,0.447,;497.866,406.268,0.481,;495.196,410.804,0.499,;491.938,417.125,0.516,;485.139,429.579,0.532,;473.384,443.139,0.549,;459.382,453.848,0.566,;450.5,466.5,0.583,;435.517,476.612,0.599,;424.275,488.967,0.616,;408.954,501.567,0.632,;393.138,516.862,0.65,;375.231,534.769,0.666,;360.991,550.24,0.683,;343.688,565.958,0.7,;331.339,577.189,0.717,;313.687,592.125,0.733,;299.407,604.161,0.75,;284.281,617.045,0.767,;271.49,627.599,0.783,;258.063,636.625,0.8,;248.211,645.59,0.817,;242.088,655.868,0.834,;232.48,661.64,0.851,;221,669.5,0.868,;215.583,679.467,0.884,;210.776,686.031,0.9,;206.301,691.624,0.918,;202.864,696.181,0.934,;199.51,700.653,0.95,;194.84,701.29,0.967,;193.183,705.226,0.985,;194,711.5,1.001,;192.5,712,1.033,;193,713.536,1.083,;196.194,715.129,1.118,;202.247,715,1.135,;212.345,717.621,1.152,;223.147,718.741,1.168,;238.95,719,1.185,;255.76,718.016,1.202,;275.879,716.896,1.218,;292.418,714.544,1.235,;311.904,713.653,1.253,;329.499,712.531,1.269,;341.5,710,1.286,;357.931,710.291,1.302,;371.141,710.831,1.319,;385.367,711,1.336,;396.739,711,1.352,;407.922,711,1.369,;421.784,708.369,1.387,;433.796,706.128,1.403,;444,704,1.42,;458.114,702.321,1.436,;469.782,699.605,1.453,;481.206,699,1.47,;492.391,697.961,1.486,;503.595,695.681,1.503,;514.832,697.283,1.519,;524.621,695.598,1.537,;531.5,694.5,1.554,;538.226,694,1.57,;543.061,694,1.587,;546.664,694,1.604,;550.013,694,1.62,;553.381,694,1.636,;559.252,692.75,1.653,;566.252,697.126,1.765,;0,0,0,;0,0,0,;0,0,0,;0,0,0,;0,0,0,;0,0,0,;0,0,0,;0,0,0,;0,0,0,;0,0,0,;0,0,0,;89,,,;1765,,,;JOFL,,,;;;;;;;;;;;;;;;;;;;;;;;;;;;;;;;;;;;;;;;;;;;;;;;;;;;;;;;;;;;;;;;;;;;;;;;;;;;;;;;;;;;;;;;;;;;;;;;;;;;;;;;;
;;;;;;;;;;;;;;;;;;;;;;;;;;;;;;;;;;;;;;;;;;;;;;;;;;;;;;;;;;;;;;;;;;;;;;;;;;;;;;;;;;;;;;;;;;;;;;;;;;;;;;;;;;;;;;;;;;;;;;;;;;;;;;;;;;;;;;;;;;;;;;;;;;;;;;;;;;;;;;;;;;;;;;;;;;;;;;;;;;;;;;;;;;;;;;;;;;;;;;;;;;;;;;
207,390,0, ;246.421,400.914,0.018,;269.565,405.51,0.049,;311.297,408,0.065,;332.452,408,0.079,;353.658,407.018,0.097,;375.074,404.782,0.116,;414.924,403.767,0.131,;427.994,402.688,0.147,;443.133,404,0.164,;455.934,403.407,0.179,;468.569,404.428,0.195,;480.368,403.326,0.212,;486.787,402.043,0.23,;492.389,402,0.246,;495.589,402,0.263,;500.267,403.317,0.294,;502.805,405.537,0.345,;499.643,406.179,0.361,;497.955,408.045,0.378,;496.834,410.332,0.395,;493.148,415.136,0.413,;485.556,422.444,0.431,;475.71,435.761,0.446,;464.48,445.868,0.461,;454.8,457.525,0.478,;441.372,468.945,0.495,;429.874,479.113,0.521,;419.782,489.218,0.536,;404.965,501.529,0.549,;391.437,512.803,0.567,;378.045,529.948,0.58,;362.575,543.043,0.596,;347.617,558.383,0.612,;333.636,569.773,0.629,;318.224,579.856,0.646,;306.956,593.253,0.662,;296.995,601.782,0.679,;280.195,613.432,0.697,;268.889,629.04,0.713,;255.903,638.097,0.729,;245.304,650.12,0.746,;235.503,657.998,0.763,;225.438,665.66,0.78,;217.482,674.592,0.796,;210.847,684.73,0.813,;202.793,692.207,0.831,;194.949,698.616,0.847,;192,703.5,0.864,;190,707.723,0.88,;189.199,710.602,0.897,;188.5,712,0.913,;190.02,713.039,0.946,;192.285,713,0.963,;194.809,711.596,0.981,;197,712,0.998,;207.146,714.286,1.014,;216.134,715.767,1.034,;227.747,716.886,1.052,;243.062,717,1.071,;256.501,718.125,1.082,;273.756,716.75,1.098,;286.445,717,1.115,;302.919,715.506,1.132,;316.99,716,1.148,;330.113,716,1.165,;342.455,716,1.181,;354.779,716.98,1.198,;367.079,717,1.214,;379.384,717,1.231,;391.768,715.657,1.25,;401.135,716,1.267,;411.248,716,1.282,;421.334,714.592,1.299,;432.249,713.175,1.315,;441.561,713,1.332,;450.508,710.873,1.349,;457.136,708.622,1.366,;465.178,709,1.384,;474.432,706.142,1.401,;481.21,706.448,1.417,;485.693,706,1.433,;488.585,705.207,1.449,;490.825,705,1.466,;493.066,705,1.499,;495.276,705,1.565,;500.057,703.236,1.583,;503.647,702.118,1.6,;510.039,702,1.699,;0,0,0,;0,0,0,;0,0,0,;0,0,0,;0,0,0,;0,0,0,;0,0,0,;0,0,0,;0,0,0,;0,0,0,;0,0,0,;89,,,;1699,,,;JOFL,,,;;;;;;;;;;;;;;;;;;;;;;;;;;;;;;;;;;;;;;;;;;;;;;;;;;;;;;;;;;;;;;;;;;;;;;;;;;;;;;;;;;;;;;;;;;;;;;;;;;;;;;;;
;;;;;;;;;;;;;;;;;;;;;;;;;;;;;;;;;;;;;;;;;;;;;;;;;;;;;;;;;;;;;;;;;;;;;;;;;;;;;;;;;;;;;;;;;;;;;;;;;;;;;;;;;;;;;;;;;;;;;;;;;;;;;;;;;;;;;;;;;;;;;;;;;;;;;;;;;;;;;;;;;;;;;;;;;;;;;;;;;;;;;;;;;;;;;;;;;;;;;;;;;;;;;;
176,412,0, ;209.201,413,0.011,;227.373,413,0.03,;245.234,413,0.046,;264.376,413,0.061,;282.078,413,0.08,;301.107,411.641,0.099,;319,410.5,0.116,;352.243,410,0.126,;368.368,410,0.144,;384.165,410.869,0.161,;398.819,411,0.179,;412.012,411,0.195,;422.995,409.8,0.22,;435.126,411,0.237,;444.295,411,0.255,;452.145,411,0.279,;467.814,411,0.319,;479.339,411,0.337,;484.78,410.805,0.348,;489.28,409.68,0.366,;493.768,410,0.381,;497.118,410,0.395,;499,410,0.414,;501,410,0.509,;500,412.135,0.531,;497.464,414.536,0.563,;494.223,417.777,0.588,;493,419,0.649,;474.356,434.37,0.667,;455.879,449.935,0.688,;443.811,459.751,0.706,;434.376,467.796,0.717,;425.165,475.856,0.732,;415.112,483.691,0.748,;406.156,492.844,0.768,;386.682,509.653,0.783,;378.83,515.243,0.799,;367.981,527.741,0.818,;358.704,536.897,0.831,;346.927,545.599,0.848,;337.439,557.396,0.864,;326.451,566.439,0.881,;312.769,576.673,0.897,;301.982,590.622,0.918,;289.243,601.324,0.932,;277.589,613.493,0.949,;266.954,625.046,0.968,;256.895,634.315,0.985,;249.712,645.694,0.999,;241.776,655.256,1.02,;235.104,664.195,1.032,;224.549,670.634,1.048,;221.428,681.537,1.068,;215.941,686.059,1.118,;208.744,695.009,1.158,;195.887,705.453,1.167,;194.756,709.975,1.185,;193.636,711.727,1.199,;192.515,713.97,1.232,;191.733,715.533,1.282,;194.039,716.019,1.32,;196.329,714.836,1.342,;198.893,713.554,1.351,;201,712.5,1.387,;209.043,713.617,1.401,;214.655,714,1.417,;221.321,715.054,1.439,;230.762,716,1.452,;241.99,716,1.469,;251.724,716,1.485,;264.87,716,1.502,;277.541,716,1.533,;303.88,716.093,1.558,;317.322,716,1.576,;330.643,714,1.649,;381.751,711.386,1.657,;392.011,710.249,1.67,;401.846,710,1.684,;409.945,710,1.702,;421.149,708.885,1.718,;429.884,707.764,1.739,;439.498,709.357,1.753,;447.359,710.48,1.769,;456.629,706.395,1.785,;463.316,706,1.802,;470.874,705.161,1.818,;479.691,705,1.835,;483.246,703.918,1.852,;486.601,704,1.868,;489.97,704,1.902,;492.804,705.268,1.935,;493.268,707.536,1.968,;497.103,708.052,2.068,;495.223,704.446,2.086,;498.601,702.199,2.291,;0,0,0,;0,0,0,;0,0,0,;0,0,0,;96,,,;2291,,,;JOFL,,,;;;;;;;;;;;;;;;;;;;;;;;;;;;;;;;;;;;;;;;;;;;;;;;;;;;;;;;;;;;;;;;;;;;;;;;;;;;;;;;;;;;;;;;;;;;;;;;;;;;;;;;;
;;;;;;;;;;;;;;;;;;;;;;;;;;;;;;;;;;;;;;;;;;;;;;;;;;;;;;;;;;;;;;;;;;;;;;;;;;;;;;;;;;;;;;;;;;;;;;;;;;;;;;;;;;;;;;;;;;;;;;;;;;;;;;;;;;;;;;;;;;;;;;;;;;;;;;;;;;;;;;;;;;;;;;;;;;;;;;;;;;;;;;;;;;;;;;;;;;;;;;;;;;;;;;
203,414,0, ;248.277,416.064,0.018,;268.269,416,0.036,;288.407,416,0.053,;309.994,416,0.07,;329.346,414.456,0.086,;350.686,414,0.102,;386.871,414.786,0.118,;409.563,414.09,0.135,;427.463,414,0.152,;444.24,412.851,0.17,;457.244,411.73,0.187,;469.291,410.61,0.204,;479.623,411,0.22,;487.803,410.366,0.236,;493.772,410,0.253,;498.511,410.878,0.269,;501.995,410.002,0.286,;503.5,409.5,0.303,;504.237,410,0.419,;505.011,412.023,0.451,;503.835,414.329,0.469,;502.554,416.893,0.487,;496.585,421.415,0.502,;489.154,431.614,0.518,;478.084,442.295,0.535,;463.872,454.262,0.552,;451.411,466.589,0.569,;435.567,474.217,0.585,;425.025,484.678,0.604,;411,497.583,0.62,;392,508,0.637,;374.788,526.553,0.652,;357.308,542.913,0.669,;339.595,560.405,0.686,;319.626,572.208,0.702,;305.164,587.977,0.719,;289.294,599.912,0.737,;274.971,612.255,0.754,;262.021,628.976,0.771,;248.37,639.507,0.787,;237.507,652.243,0.803,;225.43,662.83,0.82,;216.079,673.901,0.836,;207.097,685.128,0.853,;199.383,690.155,0.869,;194.229,694.417,0.888,;191.585,698.887,0.905,;190.405,701.191,0.92,;189.284,703.432,0.937,;189.837,705.674,0.954,;190.5,707,0.97,;190,708.078,1.003,;192.324,708,1.022,;194.888,706.556,1.039,;198.243,707,1.055,;204.784,708.367,1.071,;213.446,710.611,1.088,;225.196,711.927,1.104,;240.633,713.045,1.121,;254.016,713,1.137,;272.619,711.711,1.156,;287.72,710.591,1.172,;304.5,711,1.189,;321.79,710,1.205,;337.805,709.228,1.221,;354.411,709,1.238,;369.191,709,1.255,;387.161,710.135,1.271,;400.102,708.741,1.288,;412.157,711.756,1.306,;425.955,711,1.323,;438.806,711,1.338,;451.881,708.78,1.355,;463.616,707.138,1.372,;478.776,706.016,1.389,;488.94,704.896,1.405,;497.802,702.549,1.422,;513.488,700.31,1.44,;520.733,701,1.457,;527.529,698.412,1.473,;533.54,698,1.489,;539.984,698.831,1.506,;546.719,699,1.624,;0,0,0,;0,0,0,;0,0,0,;0,0,0,;0,0,0,;0,0,0,;0,0,0,;0,0,0,;0,0,0,;0,0,0,;0,0,0,;0,0,0,;0,0,0,;0,0,0,;0,0,0,;0,0,0,;84,,,;1624,,,;JOFL,,,;;;;;;;;;;;;;;;;;;;;;;;;;;;;;;;;;;;;;;;;;;;;;;;;;;;;;;;;;;;;;;;;;;;;;;;;;;;;;;;;;;;;;;;;;;;;;;;;;;;;;;;;
;;;;;;;;;;;;;;;;;;;;;;;;;;;;;;;;;;;;;;;;;;;;;;;;;;;;;;;;;;;;;;;;;;;;;;;;;;;;;;;;;;;;;;;;;;;;;;;;;;;;;;;;;;;;;;;;;;;;;;;;;;;;;;;;;;;;;;;;;;;;;;;;;;;;;;;;;;;;;;;;;;;;;;;;;;;;;;;;;;;;;;;;;;;;;;;;;;;;;;;;;;;;;;
193,407,0, ;213.787,409.079,0.012,;238.289,410.405,0.029,;259.5,410,0.051,;277,408.5,0.063,;301.85,406.515,0.078,;324.575,404.242,0.097,;348.176,401.983,0.112,;397.096,398.653,0.128,;411.17,397.722,0.145,;433.553,398,0.169,;450,398,0.18,;459.951,399.595,0.195,;471.969,400,0.21,;483.688,401.738,0.233,;490.022,402,0.251,;495.412,404.165,0.262,;498.734,404,0.285,;502.036,405.345,0.302,;503.857,405,0.335,;505.543,406.271,0.382,;503.824,408.352,0.397,;501.832,410.168,0.433,;497.156,416.054,0.446,;489,427,0.465,;475.873,441.095,0.479,;462.298,452.893,0.499,;448.911,466.089,0.516,;432.904,478.07,0.53,;420.159,492.009,0.552,;402.424,504.356,0.568,;390.606,513.296,0.581,;381.5,528,0.598,;363.974,541.026,0.616,;349.745,555.255,0.631,;336.489,566.782,0.648,;323.813,577.153,0.668,;310.743,589.152,0.687,;300.974,596.801,0.699,;290.786,605.857,0.715,;277.5,616.5,0.731,;271,625.5,0.748,;258.701,633.109,0.77,;250.101,641.742,0.781,;241.18,651.797,0.798,;232.081,659.804,0.814,;223.19,668.81,0.836,;215.565,677.783,0.855,;209.786,686.656,0.867,;203.555,692.297,0.881,;197.495,696.804,0.901,;194.339,700.492,0.928,;192.157,703.764,0.941,;192,707.143,0.984,;194.306,708.153,1.006,;197.053,706.473,1.025,;199.908,704.728,1.037,;205.68,704.78,1.048,;214.328,705,1.065,;227.489,705,1.092,;243.866,703.733,1.104,;260.398,702,1.117,;279.841,702,1.133,;294.576,700,1.151,;312.208,698.724,1.166,;329.634,697.224,1.183,;347.366,696.102,1.2,;366.388,693.954,1.219,;383.118,692.859,1.243,;397.739,692.543,1.255,;410.946,690.641,1.268,;423.5,689.5,1.283,;435.144,688.386,1.299,;444.181,688,1.317,;452.094,687.129,1.334,;457.931,687.986,1.351,;463.567,688,1.366,;471.585,688,1.39,;476.72,689.344,1.406,;481.767,689.442,1.418,;486,690.5,1.433,;489.083,690.694,1.455,;491.581,691,1.471,;493,691,1.484,;494.063,691,1.537,;497.395,687.605,1.651,;0,0,0,;0,0,0,;0,0,0,;0,0,0,;0,0,0,;0,0,0,;0,0,0,;0,0,0,;0,0,0,;0,0,0,;0,0,0,;0,0,0,;0,0,0,;0,0,0,;86,,,;1651,,,;JOFL,,,;;;;;;;;;;;;;;;;;;;;;;;;;;;;;;;;;;;;;;;;;;;;;;;;;;;;;;;;;;;;;;;;;;;;;;;;;;;;;;;;;;;;;;;;;;;;;;;;;;;;;;;;
;;;;;;;;;;;;;;;;;;;;;;;;;;;;;;;;;;;;;;;;;;;;;;;;;;;;;;;;;;;;;;;;;;;;;;;;;;;;;;;;;;;;;;;;;;;;;;;;;;;;;;;;;;;;;;;;;;;;;;;;;;;;;;;;;;;;;;;;;;;;;;;;;;;;;;;;;;;;;;;;;;;;;;;;;;;;;;;;;;;;;;;;;;;;;;;;;;;;;;;;;;;;;;
203,402,0, ;240.387,403.91,0.017,;260.521,405.029,0.034,;279.498,406.147,0.049,;300.998,406,0.069,;320.963,406,0.087,;340.645,406.509,0.102,;369.839,408.894,0.118,;393.271,410.751,0.135,;409.23,411,0.152,;424.891,411,0.168,;441.758,411,0.185,;453.586,409.765,0.203,;468.621,408.645,0.22,;481.245,408.523,0.236,;492.407,407.399,0.252,;501.766,407,0.269,;509.057,405.314,0.285,;513.846,405,0.302,;516.164,405,0.335,;518.323,406.162,0.419,;518,408.214,0.483,;515.834,410.166,0.518,;510.709,413.974,0.534,;503.566,418.882,0.551,;493.917,423.592,0.568,;486.875,431.146,0.585,;477.87,438.988,0.602,;468.903,444.311,0.619,;459.921,449.924,0.637,;455.5,455.5,0.653,;449.251,462.749,0.668,;441.787,468.724,0.685,;433.94,473.463,0.702,;429.056,478.93,0.719,;423.456,484.544,0.736,;416.608,492.624,0.753,;404.458,500.479,0.77,;396.249,508.282,0.787,;383.286,520.121,0.803,;370.161,532.126,0.82,;356.983,545.017,0.836,;342.58,558.465,0.853,;329.09,569.759,0.869,;312.05,579.77,0.886,;303.125,593.833,0.905,;291.599,601.521,0.921,;278.414,614.704,0.937,;267.186,626.132,0.953,;255.98,637.822,0.97,;247.527,651.097,0.987,;239.712,659.288,1.003,;231.853,668.311,1.02,;220.127,678.585,1.038,;217.385,687.229,1.055,;213,691.5,1.071,;209.058,696.589,1.087,;206.459,701.082,1.104,;201.548,706.452,1.121,;198.979,711.042,1.137,;197.867,713.267,1.17,;196.812,715.377,1.27,;200.268,715,1.288,;202.219,713.89,1.321,;205.694,712.769,1.339,;210.93,712.586,1.355,;217.227,712.296,1.372,;226.439,712,1.388,;237.453,711.055,1.405,;248.679,709.932,1.422,;259.861,710,1.438,;273.743,707.376,1.457,;284.318,706.568,1.473,;297.719,705.449,1.49,;310.071,705,1.505,;323.352,705,1.522,;334.232,705,1.539,;343.298,705,1.556,;354.551,705,1.572,;367.098,706.282,1.59,;373.783,706,1.607,;383,706,1.624,;396.488,706,1.639,;404.328,706,1.656,;413.954,706,1.673,;424.058,706,1.69,;431.872,707.125,1.706,;438.474,707,1.738,;446.579,707,1.752,;455.435,708.487,1.772,;461.043,709.609,1.789,;467.37,710.728,1.806,;479.849,712.03,1.824,;483.277,712,1.84,;486.639,712,1.857,;488.672,710.664,1.89,;491.802,712.267,1.923,;494.805,713.268,1.956,;496.041,713,2.023,;498.268,713,2.073,;108,,,;2627,,,;JOFL,,,;;;;;;;;;;;;;;;;;;;;;;;;;;;;;;;;;;;;;;;;;;;;;;;;;;;;;;;;;;;;;;;;;;;;;;;;;;;;;;;;;;;;;;;;;;;;;;;;;;;;;;;;
;;;;;;;;;;;;;;;;;;;;;;;;;;;;;;;;;;;;;;;;;;;;;;;;;;;;;;;;;;;;;;;;;;;;;;;;;;;;;;;;;;;;;;;;;;;;;;;;;;;;;;;;;;;;;;;;;;;;;;;;;;;;;;;;;;;;;;;;;;;;;;;;;;;;;;;;;;;;;;;;;;;;;;;;;;;;;;;;;;;;;;;;;;;;;;;;;;;;;;;;;;;;;;
198,403,0, ;240.848,404,0.019,;255.03,404,0.044,;268.682,403.026,0.059,;281.543,402.881,0.074,;296.108,401.761,0.091,;314.139,402,0.113,;334.493,402,0.132,;346.493,402.59,0.143,;359.729,403,0.157,;373.15,403,0.175,;386.687,402.026,0.186,;396.32,399.929,0.199,;405.613,398.798,0.22,;415.531,396.438,0.234,;428.751,395.568,0.252,;436.997,393.334,0.27,;445.833,392.69,0.294,;452.701,393,0.301,;458.664,393.933,0.316,;463.231,394,0.334,;467.545,395.136,0.354,;475.963,396.28,0.368,;483.834,397.405,0.385,;485.471,397,0.401,;490.63,398,0.419,;495.12,398.78,0.434,;500.493,400.797,0.452,;504.025,402.008,0.467,;507.377,402,0.517,;509.338,403.169,0.55,;507.732,405.535,0.6,;508,407.041,0.684,;506.892,409.216,0.72,;503.165,411.835,0.735,;500.891,413.055,0.753,;497.413,414.196,0.768,;494.06,417.94,0.785,;489.416,421.188,0.803,;485,427.5,0.818,;478,437,0.837,;466.636,443.773,0.852,;458.699,451.301,0.872,;448.717,461.283,0.885,;437.343,471.491,0.902,;427.532,478.919,0.919,;418.714,488.286,0.937,;407,500,0.954,;394,507,0.969,;381.693,519.756,0.989,;371.169,529.831,1.004,;361.947,538.046,1.021,;350.731,547.015,1.045,;340.77,557.23,1.088,;307.581,591.623,1.108,;295.549,604.451,1.119,;280.967,619.882,1.162,;256.348,644.897,1.195,;240.706,665.294,1.206,;232.722,673.278,1.22,;226.153,682.417,1.237,;221.238,687.071,1.255,;218.377,691.246,1.297,;217.057,694.828,1.322,;213.848,698.304,1.422,;211.822,698,1.521,;214.153,699.077,1.571,;216.357,699,1.59,;218.242,696.758,1.623,;220.482,697,1.64,;223.206,697.603,1.655,;227.614,699.446,1.672,;232.332,700.833,1.698,;237.825,701.965,1.71,;243.442,702,1.722,;249.043,703.208,1.739,;259.936,705.652,1.756,;269.981,705,1.773,;279.5,706.5,1.79,;291.756,707,1.807,;303.079,706.192,1.823,;314.309,706,1.841,;325.515,706,1.857,;335.525,704.831,1.875,;344.347,703.707,1.891,;357.475,705.407,1.907,;368,703.5,1.924,;380.556,702.342,1.94,;392.779,701.222,1.956,;404.882,700.102,1.977,;419.19,698.985,1.996,;431.563,696.716,2.027,;454.761,693.624,2.04,;464.5,691,2.058,;471.886,691,2.088,;479.421,691,2.103,;483.606,691.869,2.112,;485.948,692,2.131,;487,692,2.141,;488.233,694.233,2.224,;103,,,;2842,,,;JOFL,,,;;;;;;;;;;;;;;;;;;;;;;;;;;;;;;;;;;;;;;;;;;;;;;;;;;;;;;;;;;;;;;;;;;;;;;;;;;;;;;;;;;;;;;;;;;;;;;;;;;;;;;;;
;;;;;;;;;;;;;;;;;;;;;;;;;;;;;;;;;;;;;;;;;;;;;;;;;;;;;;;;;;;;;;;;;;;;;;;;;;;;;;;;;;;;;;;;;;;;;;;;;;;;;;;;;;;;;;;;;;;;;;;;;;;;;;;;;;;;;;;;;;;;;;;;;;;;;;;;;;;;;;;;;;;;;;;;;;;;;;;;;;;;;;;;;;;;;;;;;;;;;;;;;;;;;;
189,420,0, ;217.697,415.749,0.018,;247.261,411.749,0.033,;266.696,410.253,0.05,;284.851,410,0.067,;302.81,410,0.084,;319.597,410,0.1,;337.711,410,0.118,;375.745,410,0.135,;387.091,410.527,0.152,;403.308,410,0.168,;417.569,409.286,0.184,;432.691,409,0.201,;444.554,409,0.218,;455.758,407.924,0.234,;465.748,408,0.252,;474.56,409.32,0.271,;481.2,408,0.286,;487.376,408.563,0.302,;492.728,409,0.318,;495.608,409,0.335,;497.846,409,0.352,;499,409,0.435,;495.821,411.179,0.466,;494,414.795,0.483,;491.971,417.029,0.5,;488.594,420.406,0.517,;482.71,428.806,0.534,;471.592,439.408,0.552,;457.02,447.987,0.569,;443.719,461.425,0.584,;430.609,472.652,0.601,;418.529,483.61,0.617,;403.252,495.802,0.634,;390.871,507.026,0.651,;374.81,520.734,0.668,;363.233,535.452,0.686,;349.364,547.166,0.702,;335.119,560.469,0.718,;321.089,571.371,0.734,;308.711,582.289,0.751,;296.557,594.443,0.768,;282.091,606.769,0.785,;272.245,617.95,0.801,;260.874,627.814,0.82,;251.095,635.037,0.836,;245.661,642.896,0.853,;238.937,650.741,0.869,;231.412,656.992,0.885,;224.5,663.5,0.902,;217.752,671.289,0.919,;212.202,679.117,0.935,;206.587,685.696,0.954,;200.984,689.613,0.97,;200,691,0.985,;199.5,693,1.018,;198.732,694.535,1.036,;200.003,696.006,1.085,;200,698.247,1.118,;202.534,698,1.152,;204.537,698,1.185,;207.804,699.268,1.203,;210.329,701.219,1.22,;212.674,702.337,1.238,;217.842,704.921,1.255,;223.06,707.74,1.27,;230.908,710.402,1.299,;239.583,711.823,1.321,;255.445,714,1.337,;266.852,715.185,1.354,;276.764,715,1.372,;288.248,713.575,1.389,;300.505,713.45,1.405,;313.053,712.329,1.421,;326.506,710.416,1.438,;337.212,708.175,1.455,;347.297,706.967,1.471,;361.999,705.846,1.488,;370.212,704.724,1.507,;379.154,703.606,1.523,;392.624,704,1.547,;400.464,704,1.57,;409.85,701.717,1.589,;428.976,703,1.606,;437.966,700.758,1.622,;445.724,699.754,1.64,;456.272,701.364,1.657,;460.435,701,1.674,;467.032,700.393,1.689,;472.649,700,1.706,;478.238,700.848,1.722,;481.909,701.97,1.739,;484.176,702,1.772,;486.332,703.166,1.821,;488.357,704.179,1.922,;494.361,701.88,2.022,;0,0,0,;0,0,0,;0,0,0,;0,0,0,;96,,,;2022,,,;JOFL,,,;;;;;;;;;;;;;;;;;;;;;;;;;;;;;;;;;;;;;;;;;;;;;;;;;;;;;;;;;;;;;;;;;;;;;;;;;;;;;;;;;;;;;;;;;;;;;;;;;;;;;;;;
;;;;;;;;;;;;;;;;;;;;;;;;;;;;;;;;;;;;;;;;;;;;;;;;;;;;;;;;;;;;;;;;;;;;;;;;;;;;;;;;;;;;;;;;;;;;;;;;;;;;;;;;;;;;;;;;;;;;;;;;;;;;;;;;;;;;;;;;;;;;;;;;;;;;;;;;;;;;;;;;;;;;;;;;;;;;;;;;;;;;;;;;;;;;;;;;;;;;;;;;;;;;;;
196,409,0, ;218.242,401.586,0.015,;240.924,395.025,0.041,;254.406,392.266,0.059,;266.981,391.002,0.081,;277.209,390,0.097,;289.226,390.223,0.112,;303.432,391.677,0.127,;322.115,393.941,0.143,;334.4,396.2,0.161,;345.258,399.177,0.177,;358.966,401.687,0.195,;371.346,402.941,0.213,;384.986,404.082,0.23,;397.642,405,0.247,;406.954,405,0.261,;417.062,405,0.279,;427.117,405.569,0.298,;435.137,406.69,0.316,;449.61,408,0.335,;455.267,409.053,0.355,;460.775,409,0.372,;468.004,409.286,0.389,;475.808,410,0.41,;483.159,410,0.426,;489.252,410,0.444,;495.795,410,0.461,;501.502,410,0.481,;506.103,409.979,0.495,;511.264,409,0.514,;513.519,409,0.633,;510.95,411.05,0.67,;507.293,412.236,0.691,;503.652,413.587,0.725,;491.246,419.377,0.759,;475.426,433.503,0.779,;465.42,438.988,0.795,;456.209,445.171,0.817,;445.023,452.488,0.844,;424.645,470.016,0.873,;410.887,479.144,0.886,;378.535,508.372,0.909,;366.185,521.98,0.936,;339.241,542.173,0.961,;328.26,553.74,0.974,;315.297,564.777,0.993,;302.611,577.914,1.018,;287.031,593.969,1.044,;257.256,625.868,1.064,;247.269,636.978,1.086,;231.645,657.793,1.113,;223.347,662.653,1.139,;210.937,682.438,1.159,;204.182,690.788,1.241,;189,712.556,1.271,;189,713.536,1.323,;191.072,713,1.373,;193.357,711.822,1.397,;197.5,709,1.437,;206.511,708,1.498,;239.367,708.374,1.539,;260.229,709,1.606,;316.178,710.218,1.675,;365.336,704.296,1.731,;400.576,698.928,1.777,;429.468,697,1.813,;445.426,697.678,1.854,;456.683,699,1.896,;467.486,700.162,1.957,;482.283,705.283,1.993,;488.008,707.003,2.057,;490.531,709.531,2.13,;490,711.179,2.458,;492.035,711,2.785,;508.145,704.618,2.832,;516,704,3.128,;0,0,0,;0,0,0,;0,0,0,;0,0,0,;0,0,0,;0,0,0,;0,0,0,;0,0,0,;0,0,0,;0,0,0,;0,0,0,;0,0,0,;0,0,0,;0,0,0,;0,0,0,;0,0,0,;0,0,0,;0,0,0,;0,0,0,;0,0,0,;0,0,0,;0,0,0,;0,0,0,;0,0,0,;76,,,;3128,,,;JOFL,,,;;;;;;;;;;;;;;;;;;;;;;;;;;;;;;;;;;;;;;;;;;;;;;;;;;;;;;;;;;;;;;;;;;;;;;;;;;;;;;;;;;;;;;;;;;;;;;;;;;;;;;;;
;;;;;;;;;;;;;;;;;;;;;;;;;;;;;;;;;;;;;;;;;;;;;;;;;;;;;;;;;;;;;;;;;;;;;;;;;;;;;;;;;;;;;;;;;;;;;;;;;;;;;;;;;;;;;;;;;;;;;;;;;;;;;;;;;;;;;;;;;;;;;;;;;;;;;;;;;;;;;;;;;;;;;;;;;;;;;;;;;;;;;;;;;;;;;;;;;;;;;;;;;;;;;;
193,410,0, ;230.145,410,0.017,;249.157,410,0.036,;269.497,408.75,0.052,;289.569,407.635,0.07,;310.823,406.51,0.086,;331.586,405.39,0.101,;365.296,405,0.118,;389.474,405,0.135,;406.517,405.968,0.151,;422.328,404.905,0.168,;437.942,405,0.186,;449.671,406.334,0.204,;460.566,405,0.22,;471.204,405.578,0.236,;480.586,405.302,0.251,;487.912,404.181,0.269,;493.695,404.939,0.285,;496.123,405,0.304,;498.355,405,0.37,;500.268,406.134,0.5,;500,408.119,0.534,;497.464,409.268,0.569,;493.766,414.234,0.585,;487.827,420.173,0.601,;480.863,428.493,0.624,;468.241,439.283,0.646,;458.2,447.8,0.659,;447.104,458.896,0.669,;435.612,468.711,0.685,;427.284,474.797,0.702,;420.507,482.575,0.719,;408.972,491.622,0.739,;397.772,503.228,0.762,;384.769,516.676,0.785,;369.62,532.948,0.792,;353.001,549.312,0.814,;339.931,563.682,0.828,;326.879,576.194,0.844,;312.357,589.593,0.86,;303.469,598.531,0.881,;292.479,608.641,0.904,;274.31,627.69,0.921,;267.084,634.916,0.937,;257.214,643.229,0.953,;251.414,651.275,0.971,;243.869,659.131,0.993,;237.191,668.078,1.01,;227.22,676.081,1.039,;217.018,688.982,1.054,;213,693,1.07,;208.773,698.969,1.089,;205.41,702.59,1.113,;200.07,707.93,1.131,;197.791,711.209,1.157,;195,714,1.171,;194.767,715.467,1.22,;197.357,716.179,1.253,;202.144,713.928,1.271,;204.389,712.805,1.291,;207.938,711.687,1.31,;212.736,710.566,1.339,;227.704,710.328,1.359,;237.979,709.202,1.372,;248.267,708.081,1.388,;258.352,709.039,1.405,;271.862,707.845,1.422,;282.837,706.716,1.44,;294.004,708.4,1.457,;305.715,706.476,1.474,;315.162,706,1.49,;327.968,706,1.505,;338.089,705.114,1.522,;348.077,703.992,1.539,;363.777,702.873,1.556,;373.249,701.75,1.574,;386.045,697.897,1.591,;397.901,699.51,1.608,;408.502,698.389,1.622,;419.319,698,1.639,;431.384,697.147,1.656,;442.758,696.024,1.673,;451.754,697.094,1.69,;461.932,697,1.708,;470.686,697,1.725,;479.691,695.539,1.741,;487.475,698,1.757,;494.211,698,1.773,;500.104,698,1.79,;505.706,698,1.807,;512.357,699.06,1.824,;516.721,700.18,1.84,;521.212,700,1.86,;524.262,700,1.875,;527.093,700,1.891,;529.337,700,1.907,;532.366,699.211,1.924,;534.5,698.5,1.941,;537.054,701.027,2.073,;539.134,701,2.135,;101,,,;2250,,,;JOFL,,,;;;;;;;;;;;;;;;;;;;;;;;;;;;;;;;;;;;;;;;;;;;;;;;;;;;;;;;;;;;;;;;;;;;;;;;;;;;;;;;;;;;;;;;;;;;;;;;;;;;;;;;;
;;;;;;;;;;;;;;;;;;;;;;;;;;;;;;;;;;;;;;;;;;;;;;;;;;;;;;;;;;;;;;;;;;;;;;;;;;;;;;;;;;;;;;;;;;;;;;;;;;;;;;;;;;;;;;;;;;;;;;;;;;;;;;;;;;;;;;;;;;;;;;;;;;;;;;;;;;;;;;;;;;;;;;;;;;;;;;;;;;;;;;;;;;;;;;;;;;;;;;;;;;;;;;
201,409,0, ;216.409,410.027,0.021,;234.077,411.34,0.034,;247.281,412.44,0.05,;265.859,413,0.065,;283.43,413,0.082,;303.124,413,0.098,;324.345,412.034,0.116,;366.934,412,0.131,;388.223,410.789,0.148,;406.512,411,0.169,;421.275,409.552,0.183,;436,410,0.198,;447.255,409.305,0.215,;457.332,409.815,0.232,;467.433,410,0.262,;476.12,409.966,0.28,;483.805,407.839,0.292,;489.087,406.728,0.308,;493.672,405.582,0.333,;494.538,406,0.4,;491.947,408.053,0.457,;490.807,410.386,0.471,;489.733,412.533,0.501,;484.499,418.626,0.518,;480.079,424.882,0.534,;472.343,432.657,0.557,;465.622,439.378,0.573,;458.369,445.958,0.587,;452.788,452.654,0.601,;444.5,457.5,0.617,;434.679,467.321,0.634,;427.15,474.014,0.651,;418.325,481.716,0.667,;407.221,492.779,0.684,;397.237,502.763,0.701,;387.264,514.04,0.719,;371.298,529.702,0.736,;361.413,540.587,0.752,;349.474,553.21,0.769,;337.956,563.436,0.784,;327.677,573.323,0.802,;313.411,583.408,0.819,;305.89,595.744,0.835,;296.776,605.502,0.853,;284.902,612.869,0.869,;278.5,626.5,0.885,;269.826,633.82,0.902,;259.301,645.469,0.921,;250.768,655.123,0.935,;243.912,664.118,0.953,;236.071,671.929,0.974,;225.737,683.514,0.988,;219.736,690.642,1.005,;213.053,696.947,1.02,;208.548,702.678,1.038,;202.516,710.231,1.054,;197.562,715.438,1.07,;193.128,718.904,1.087,;190.81,721.19,1.104,;188.56,723.44,1.12,;189,725.6,1.213,;191.214,723.893,1.237,;193.522,722.739,1.256,;198.743,721.851,1.272,;211.012,722,1.292,;217.5,722,1.305,;233.367,721.331,1.321,;246.389,720.237,1.341,;260.894,719.085,1.355,;275.51,717.961,1.375,;288.963,716.836,1.392,;302.335,715.722,1.405,;315.805,716,1.43,;328.8,717.483,1.459,;352.547,716,1.496,;363.854,715.115,1.529,;392.984,713.752,1.555,;410.419,714,1.573,;419.897,713.388,1.59,;430.334,713,1.61,;439.841,713,1.622,;448.807,711.048,1.641,;457.79,708.802,1.675,;473.757,706.655,1.704,;481.843,706.539,1.721,;486.321,705.42,1.739,;490.81,705,1.76,;495.886,705,1.773,;499.197,705,1.794,;503.746,705,1.806,;510.827,705,1.839,;512.804,703.732,2.126,;0,0,0,;0,0,0,;0,0,0,;0,0,0,;0,0,0,;0,0,0,;0,0,0,;93,,,;2126,,,;JOFL,,,;;;;;;;;;;;;;;;;;;;;;;;;;;;;;;;;;;;;;;;;;;;;;;;;;;;;;;;;;;;;;;;;;;;;;;;;;;;;;;;;;;;;;;;;;;;;;;;;;;;;;;;;
;;;;;;;;;;;;;;;;;;;;;;;;;;;;;;;;;;;;;;;;;;;;;;;;;;;;;;;;;;;;;;;;;;;;;;;;;;;;;;;;;;;;;;;;;;;;;;;;;;;;;;;;;;;;;;;;;;;;;;;;;;;;;;;;;;;;;;;;;;;;;;;;;;;;;;;;;;;;;;;;;;;;;;;;;;;;;;;;;;;;;;;;;;;;;;;;;;;;;;;;;;;;;;
167,415,0, ;193.857,412.851,0.016,;222.255,410.43,0.033,;241.033,410,0.049,;258.969,409.189,0.066,;275.934,409,0.083,;293.791,407.951,0.099,;311.754,406.828,0.117,;351.644,403.123,0.133,;367.443,402.587,0.15,;387.169,400.93,0.168,;405.883,399.341,0.183,;422.724,399,0.2,;439.533,399,0.216,;453.224,399,0.233,;464.392,400.139,0.251,;475.601,400,0.267,;486.828,402.766,0.284,;491.524,403.007,0.301,;499.374,404.625,0.317,;506.478,404.254,0.333,;511.471,404,0.349,;513.976,404,0.366,;515,404,0.399,;514,407.35,0.433,;512.406,410.188,0.449,;508.427,413.859,0.469,;498.632,421.694,0.483,;488.401,435.421,0.5,;475.063,445.703,0.516,;459.218,456.987,0.533,;447.494,470.824,0.551,;428.006,479.934,0.567,;416.559,492.753,0.584,;400.433,504.834,0.6,;382.296,518.479,0.617,;367.001,534.845,0.634,;347.183,551.681,0.65,;332.842,567.323,0.667,;311.85,580.433,0.685,;301.519,596.703,0.702,;286.083,605.853,0.717,;273.513,617.487,0.734,;261.521,627.938,0.751,;250.08,638.028,0.767,;239.886,649.127,0.784,;230.917,656.948,0.801,;220.743,664.756,0.819,;213.358,675.397,0.836,;207.016,683.978,0.852,;201.91,687.472,0.868,;197.784,691.954,0.899,;195.284,695.573,0.907,;193.032,697.968,0.918,;193,700.204,0.984,;195.268,701.134,1.002,;200.126,701,1.018,;205.984,701.831,1.035,;213.645,703.899,1.052,;223.608,706.135,1.068,;237.262,706,1.085,;252.151,707.319,1.102,;268.009,708.429,1.12,;284.5,708,1.136,;300.159,708,1.152,;316.177,708.798,1.169,;331.859,709,1.186,;346.536,710.041,1.202,;363.357,710,1.218,;377.681,710,1.235,;392.204,710,1.253,;403.5,707,1.27,;416.703,708.358,1.286,;427.897,707.234,1.304,;436.215,707,1.327,;449.078,705.994,1.365,;463.473,704.754,1.39,;479.945,703.514,1.407,;485.053,703,1.42,;489.936,702.266,1.437,;495.276,701.145,1.454,;499.895,701,1.47,;504.395,698.803,1.487,;510.071,701.428,1.504,;513.013,701,1.522,;514.917,701,1.538,;518.165,702,1.554,;520,702,1.603,;521.357,702,1.62,;530.828,703.092,1.719,;0,0,0,;0,0,0,;0,0,0,;0,0,0,;0,0,0,;0,0,0,;0,0,0,;0,0,0,;0,0,0,;0,0,0,;90,,,;1719,,,;JOFL,,,;;;;;;;;;;;;;;;;;;;;;;;;;;;;;;;;;;;;;;;;;;;;;;;;;;;;;;;;;;;;;;;;;;;;;;;;;;;;;;;;;;;;;;;;;;;;;;;;;;;;;;;;
;;;;;;;;;;;;;;;;;;;;;;;;;;;;;;;;;;;;;;;;;;;;;;;;;;;;;;;;;;;;;;;;;;;;;;;;;;;;;;;;;;;;;;;;;;;;;;;;;;;;;;;;;;;;;;;;;;;;;;;;;;;;;;;;;;;;;;;;;;;;;;;;;;;;;;;;;;;;;;;;;;;;;;;;;;;;;;;;;;;;;;;;;;;;;;;;;;;;;;;;;;;;;;
203,410,0, ;222.112,408.994,0.016,;237.039,409,0.037,;249.945,409,0.059,;266.268,409,0.087,;281.873,409,0.099,;316.451,409,0.115,;349.63,409.898,0.132,;369.169,408.989,0.15,;386.489,410.093,0.166,;403.294,410,0.188,;418.007,410,0.205,;430.762,408.52,0.226,;444.73,407.388,0.268,;476.12,407.015,0.287,;483.703,404.799,0.298,;487.777,405,0.316,;491.015,405,0.333,;492.913,406.456,0.416,;489.786,408.214,0.484,;488.893,410.214,0.549,;487.866,412.268,0.569,;486.934,414.132,0.602,;484.611,417.583,0.62,;481.475,421.542,0.635,;476.273,427.727,0.654,;469.464,434.536,0.671,;462.763,439.491,0.684,;457.039,443.969,0.701,;450.283,449.597,0.717,;441.124,457.642,0.737,;432.112,466.888,0.751,;424.675,474.325,0.769,;415.589,481.208,0.785,;405.495,489.06,0.8,;397.098,497.746,0.82,;386.384,507.655,0.835,;372.963,518.864,0.858,;363.182,532.424,0.877,;351.061,541.282,0.889,;338.956,553.392,0.906,;327.324,563.894,0.955,;303.735,584.88,1.028,;255.912,628.808,1.08,;216.437,669.563,1.158,;198.528,688.472,1.236,;191.462,696.538,1.274,;188.772,701.457,1.302,;187.648,704.056,1.319,;186.552,706.896,1.33,;185.442,709.675,1.345,;184.5,712.5,1.395,;185,713.356,1.443,;187.215,711.892,1.471,;189.527,712,1.504,;192.878,709,1.522,;197.953,709.991,1.538,;204.859,710,1.561,;211.719,712.573,1.577,;219.07,712.384,1.594,;229.045,712.495,1.613,;240.382,712.638,1.642,;264.59,712,1.66,;276.872,712,1.672,;287.973,710.903,1.689,;302.017,711,1.706,;311.106,711,1.723,;322.529,711,1.74,;332.738,711,1.755,;342.534,711,1.772,;354.148,711,1.789,;362.798,710.029,1.806,;371.72,710,1.823,;380.649,710,1.839,;391.926,708.707,1.859,;399.223,706.079,1.874,;408.165,706.405,1.89,;417.298,705.3,1.907,;425.755,704.178,1.924,;435.286,703.079,1.941,;444.5,700.875,1.956,;452.299,702.186,1.974,;460.14,702,1.991,;466.549,700.575,2.008,;471.5,701,2.043,;478.315,701.326,2.059,;485.725,702.908,2.074,;488.058,703,2.09,;492.616,701.846,2.107,;497.046,702,2.124,;500.037,702,2.14,;502,702,2.157,;504,700.5,2.273,;506.18,701,2.41,;0,0,0,;0,0,0,;0,0,0,;0,0,0,;0,0,0,;0,0,0,;94,,,;2410,,,;JOFL,,,;;;;;;;;;;;;;;;;;;;;;;;;;;;;;;;;;;;;;;;;;;;;;;;;;;;;;;;;;;;;;;;;;;;;;;;;;;;;;;;;;;;;;;;;;;;;;;;;;;;;;;;;
;;;;;;;;;;;;;;;;;;;;;;;;;;;;;;;;;;;;;;;;;;;;;;;;;;;;;;;;;;;;;;;;;;;;;;;;;;;;;;;;;;;;;;;;;;;;;;;;;;;;;;;;;;;;;;;;;;;;;;;;;;;;;;;;;;;;;;;;;;;;;;;;;;;;;;;;;;;;;;;;;;;;;;;;;;;;;;;;;;;;;;;;;;;;;;;;;;;;;;;;;;;;;;
203,412,0, ;228.038,411,0.028,;243.395,411.671,0.042,;259.87,412,0.05,;276.887,412,0.063,;295.023,412,0.08,;313.029,413.189,0.102,;331.1,414.319,0.114,;371.933,415.392,0.131,;384.965,413.446,0.147,;402.764,412.349,0.165,;418.435,411.255,0.186,;433.724,411,0.213,;445.225,411,0.228,;456.017,411,0.239,;465.163,411.24,0.255,;474.652,412,0.27,;483.503,411.5,0.293,;492.999,411,0.307,;501.249,411,0.333,;509.076,410.132,0.339,;514.921,409.016,0.353,;517.234,409,0.374,;519.484,409,0.433,;519,411.267,0.462,;516.468,413.532,0.482,;513.88,416.12,0.497,;507.979,420.816,0.513,;495.587,428.048,0.534,;485.987,437.567,0.552,;472.912,445.362,0.564,;459.61,455.047,0.583,;445.149,466.347,0.599,;432.111,475.259,0.613,;420.516,485.435,0.634,;405.496,498.119,0.649,;392.852,507.361,0.665,;380.242,522.19,0.682,;365.441,537.013,0.703,;351.286,550.714,0.721,;338.549,562.706,0.732,;326.187,573.029,0.752,;312.799,585.184,0.77,;302.951,595.049,0.781,;292.61,604.124,0.802,;276.843,614.57,0.817,;266.623,626.911,0.832,;254.88,636.508,0.847,;245.849,647.359,0.868,;236.64,656.543,0.886,;226.34,664.736,0.899,;218.268,672.732,0.915,;214.041,683.157,0.936,;208.134,687.866,0.957,;206.106,690.788,0.97,;204.422,694.157,0.982,;203.5,696,1.034,;206.049,696.025,1.068,;208.312,696,1.101,;210.538,694.731,1.132,;212.534,695,1.168,;217.067,697.022,1.19,;221.597,698.149,1.21,;228.35,699.261,1.223,;238.555,700,1.234,;249.226,699.477,1.249,;264.298,699,1.27,;280.001,697.461,1.299,;296.059,695.259,1.314,;312.852,693.02,1.325,;332.017,691.731,1.334,;348.756,689.499,1.35,;370.08,688.607,1.367,;385.5,689,1.384,;398.729,688,1.4,;410.26,688,1.422,;420.592,688,1.434,;430.816,688,1.452,;440.069,688,1.467,;445.15,688,1.491,;451.665,688,1.51,;457.208,688.442,1.523,;462.296,689,1.534,;466.842,689,1.55,;471.272,689,1.568,;474.805,689.935,1.584,;479.315,690,1.609,;484.955,691.191,1.628,;487.87,691.29,1.64,;490.845,692,1.652,;493.107,692,1.667,;495,692,1.704,;497.797,693.266,1.722,;499.017,693,1.788,;501.251,693,1.822,;503.541,693,1.852,;505.007,694.004,1.904,;508.353,695.118,2.004,;510.178,695,2.037,;516.678,696.113,2.157,;100,,,;2157,,,;JOFL,,,;;;;;;;;;;;;;;;;;;;;;;;;;;;;;;;;;;;;;;;;;;;;;;;;;;;;;;;;;;;;;;;;;;;;;;;;;;;;;;;;;;;;;;;;;;;;;;;;;;;;;;;;
;;;;;;;;;;;;;;;;;;;;;;;;;;;;;;;;;;;;;;;;;;;;;;;;;;;;;;;;;;;;;;;;;;;;;;;;;;;;;;;;;;;;;;;;;;;;;;;;;;;;;;;;;;;;;;;;;;;;;;;;;;;;;;;;;;;;;;;;;;;;;;;;;;;;;;;;;;;;;;;;;;;;;;;;;;;;;;;;;;;;;;;;;;;;;;;;;;;;;;;;;;;;;;
204,407,0, ;230.436,406,0.054,;269.029,402.816,0.103,;312.73,398.934,0.135,;338.824,399.758,0.165,;359.94,401.995,0.2,;379.26,400.749,0.23,;398.66,399,0.259,;415.799,399.755,0.301,;431.016,401,0.329,;445.755,403.501,0.363,;457.483,403,0.387,;462.476,403,0.417,;471.431,404,0.439,;480.308,405,0.462,;484.682,407,0.49,;488.395,407.349,0.52,;496.771,408.59,0.541,;501,409,0.573,;502.533,410.267,0.674,;499.847,412.153,0.707,;495.885,414,0.741,;492.579,416.281,0.758,;490.198,417.401,0.783,;486.921,421.079,0.806,;481.174,426.826,0.829,;464.087,440.275,0.857,;456.956,447.038,0.893,;438.845,461.915,0.93,;408.804,488.196,1.01,;355.647,540.353,1.038,;342.337,546.998,1.063,;325.857,566,1.091,;315.031,573.878,1.115,;296.585,594.415,1.142,;282.464,603.715,1.167,;258.976,628.722,1.196,;241.769,648.384,1.22,;233.718,656.301,1.244,;220.393,666.607,1.272,;216.919,673.188,1.33,;205.506,689.996,1.375,;199.754,696.246,1.419,;191.679,707.428,1.462,;187.5,714,1.56,;190.05,711.975,1.595,;193.653,709.565,1.628,;199.71,708,1.668,;211.604,708.921,1.711,;226.298,709.162,1.755,;253.185,710,1.791,;273.344,709.763,1.843,;301.009,706.874,1.88,;327.901,704.512,1.919,;335.665,704,1.957,;361.765,701.052,1.991,;378.142,700,2.032,;401.411,697.431,2.078,;415.724,697,2.114,;432.87,697,2.15,;440.263,697,2.226,;456.702,699,2.276,;462.244,699.622,2.314,;465.535,701.268,2.35,;467.537,703.537,2.399,;468.179,705.357,2.433,;470.313,705,2.481,;472.357,706.179,2.52,;474.536,707.268,2.564,;477.319,707.659,2.599,;478.537,708.268,2.642,;480.357,708,2.682,;482.117,709.059,2.733,;484.357,709,2.783,;486.357,710.179,2.816,;488.536,710,2.85,;490.331,710,2.899,;492.357,710,3,;494.153,710,3.033,;507.959,710,3.25,;0,0,0,;0,0,0,;0,0,0,;0,0,0,;0,0,0,;0,0,0,;0,0,0,;0,0,0,;0,0,0,;0,0,0,;0,0,0,;0,0,0,;0,0,0,;0,0,0,;0,0,0,;0,0,0,;0,0,0,;0,0,0,;0,0,0,;0,0,0,;80,,,;3250,,,;JOFL,,,;;;;;;;;;;;;;;;;;;;;;;;;;;;;;;;;;;;;;;;;;;;;;;;;;;;;;;;;;;;;;;;;;;;;;;;;;;;;;;;;;;;;;;;;;;;;;;;;;;;;;;;;
;;;;;;;;;;;;;;;;;;;;;;;;;;;;;;;;;;;;;;;;;;;;;;;;;;;;;;;;;;;;;;;;;;;;;;;;;;;;;;;;;;;;;;;;;;;;;;;;;;;;;;;;;;;;;;;;;;;;;;;;;;;;;;;;;;;;;;;;;;;;;;;;;;;;;;;;;;;;;;;;;;;;;;;;;;;;;;;;;;;;;;;;;;;;;;;;;;;;;;;;;;;;;;
188,419,0, ;217.959,413.65,0.013,;249.012,411.449,0.029,;270.201,411,0.044,;290.494,411,0.061,;310.923,411,0.079,;332.132,411,0.101,;355.636,409.827,0.116,;406.153,408.741,0.13,;421.591,409,0.149,;443.841,408.447,0.162,;461.758,408.633,0.179,;478.913,408.22,0.199,;492.693,408,0.215,;501.905,408,0.23,;507.757,408,0.248,;511.991,406.752,0.298,;512.179,409.358,0.353,;509.649,411.351,0.371,;507.927,414.109,0.392,;503.817,416.788,0.405,;497.109,421.891,0.42,;490.305,430.492,0.436,;481.615,440.188,0.452,;468.763,450.106,0.464,;456.745,464.557,0.479,;440.793,475.524,0.496,;427.186,488.814,0.516,;413.615,503.584,0.529,;390.831,522.195,0.552,;370.653,546.104,0.566,;350.679,568.321,0.579,;330.942,588.058,0.596,;312.767,603.786,0.617,;298.657,619.234,0.638,;282.786,630.143,0.65,;270.201,642.799,0.663,;254.146,657.579,0.681,;243.819,668.181,0.704,;235.765,676.765,0.72,;227.679,683.469,0.732,;221.996,688.004,0.746,;217.481,691.639,0.766,;214.921,694.079,0.78,;213.875,696.251,0.9,;216.152,697.076,0.921,;218.068,695.966,0.932,;220.387,696,0.95,;226.842,697.368,0.973,;238.464,699,0.985,;249.638,699,0.998,;264.511,699.701,1.013,;278.894,700,1.03,;293.14,699.066,1.048,;310.996,700.062,1.073,;326.581,698.816,1.092,;339.669,700,1.106,;355.243,700.416,1.117,;370.022,701,1.131,;382.94,701.662,1.147,;394.026,702,1.164,;405.005,701.099,1.182,;414.183,699.977,1.198,;425.65,701.165,1.214,;436.872,699.713,1.234,;446.659,697.187,1.25,;456.681,698.474,1.266,;463.5,697.5,1.283,;471.401,697.266,1.299,;478.205,697.868,1.319,;482.921,698,1.332,;487.474,699.119,1.348,;493.188,699,1.365,;494.745,699,1.389,;499.297,700.378,1.405,;505.485,704.323,1.516,;0,0,0,;0,0,0,;0,0,0,;0,0,0,;0,0,0,;0,0,0,;0,0,0,;0,0,0,;0,0,0,;0,0,0,;0,0,0,;0,0,0,;0,0,0,;0,0,0,;0,0,0,;0,0,0,;0,0,0,;0,0,0,;0,0,0,;0,0,0,;0,0,0,;0,0,0,;0,0,0,;0,0,0,;76,,,;1516,,,;JOFL,,,;;;;;;;;;;;;;;;;;;;;;;;;;;;;;;;;;;;;;;;;;;;;;;;;;;;;;;;;;;;;;;;;;;;;;;;;;;;;;;;;;;;;;;;;;;;;;;;;;;;;;;;;
;;;;;;;;;;;;;;;;;;;;;;;;;;;;;;;;;;;;;;;;;;;;;;;;;;;;;;;;;;;;;;;;;;;;;;;;;;;;;;;;;;;;;;;;;;;;;;;;;;;;;;;;;;;;;;;;;;;;;;;;;;;;;;;;;;;;;;;;;;;;;;;;;;;;;;;;;;;;;;;;;;;;;;;;;;;;;;;;;;;;;;;;;;;;;;;;;;;;;;;;;;;;;;
199,402,0, ;228.877,403.792,0.017,;244.722,404,0.034,;262.464,404,0.05,;280.426,404,0.069,;300.856,402.73,0.085,;322.412,400.22,0.102,;351.52,397.459,0.119,;383.363,395.364,0.134,;400.821,395,0.151,;418.921,395.878,0.168,;432.98,396,0.184,;446.425,396,0.201,;458.608,394.763,0.219,;466.882,395,0.236,;476.864,394,0.253,;484.022,394,0.269,;488.891,394,0.285,;493.38,394,0.302,;495.931,394,0.318,;499.258,395.086,0.335,;502.621,396.207,0.384,;504.357,397.179,0.435,;507.536,399.357,0.466,;508.059,401.119,0.549,;510.214,402.107,0.601,;508.963,404.075,0.634,;507.808,406.383,0.668,;502.484,409.258,0.685,;495.758,414.493,0.702,;487.899,422.101,0.718,;478.07,432.922,0.735,;466.874,440.788,0.752,;456.899,448.634,0.769,;448.151,455.137,0.787,;437.735,466.265,0.803,;429.818,470.987,0.819,;421.255,478.027,0.835,;409.751,486.727,0.852,;400.323,497.596,0.869,;390.28,505.56,0.886,;376.591,515.807,0.905,;367.089,529.882,0.92,;355.559,538.997,0.937,;342.341,550.225,0.954,;331.153,561.847,0.969,;316.715,572.255,0.986,;305.625,584.236,1.003,;294.508,594.443,1.02,;280.988,604.509,1.036,;270.066,617.228,1.054,;257.484,628.105,1.071,;247,637.5,1.087,;236.798,651.857,1.103,;225.257,664.517,1.12,;215.848,676.834,1.137,;207.898,687.132,1.153,;202.312,692.688,1.17,;194.212,698.277,1.188,;191.864,702.515,1.205,;190.007,708.481,1.222,;190.381,710.856,1.237,;189.26,713.48,1.254,;188.5,715,1.286,;187.732,716.536,1.303,;186.889,718.223,1.387,;189.214,718,1.42,;191.536,716.732,1.438,;194.289,714.808,1.455,;196.633,715,1.473,;204.568,715,1.495,;212.327,716.555,1.524,;220.402,717,1.538,;242.184,716,1.557,;253.391,716,1.572,;265.707,714.845,1.589,;276.785,715,1.61,;286.644,715,1.633,;298.739,715.478,1.644,;310.418,715.642,1.656,;320.901,716,1.673,;331.86,716,1.697,;341.052,716,1.712,;351.145,714.873,1.723,;361.23,715,1.745,;368.574,716.368,1.758,;377.921,716.49,1.773,;386,717.5,1.79,;394.843,715.27,1.81,;403.797,715,1.824,;411.816,715,1.84,;420.772,712.807,1.857,;430.932,713,1.876,;439.681,711.665,1.892,;448.675,712,1.908,;457.062,708.42,1.925,;463.516,707.297,1.942,;470.762,706.177,1.957,;479.53,706,1.974,;484.238,706,2,;105,,,;2296,,,;JOFL,,,;;;;;;;;;;;;;;;;;;;;;;;;;;;;;;;;;;;;;;;;;;;;;;;;;;;;;;;;;;;;;;;;;;;;;;;;;;;;;;;;;;;;;;;;;;;;;;;;;;;;;;;;
;;;;;;;;;;;;;;;;;;;;;;;;;;;;;;;;;;;;;;;;;;;;;;;;;;;;;;;;;;;;;;;;;;;;;;;;;;;;;;;;;;;;;;;;;;;;;;;;;;;;;;;;;;;;;;;;;;;;;;;;;;;;;;;;;;;;;;;;;;;;;;;;;;;;;;;;;;;;;;;;;;;;;;;;;;;;;;;;;;;;;;;;;;;;;;;;;;;;;;;;;;;;;;
190,400,0, ;224.053,403.507,0.032,;240.555,404.897,0.041,;256.005,406,0.051,;269.676,406,0.087,;295.385,406,0.153,;350.297,409,0.182,;377.833,409,0.22,;400.532,406.83,0.255,;433.501,404,0.268,;442.593,404,0.284,;450.67,403.19,0.301,;458.637,402.052,0.319,;466.354,402,0.339,;474.169,404.334,0.354,;479.218,403,0.371,;483.7,403,0.385,;488.627,403.542,0.406,;492.059,404.686,0.418,;495.375,405.792,0.442,;498.737,406,0.456,;501.07,407.035,0.469,;503.316,407,0.55,;504.134,409.268,0.684,;479.624,430.835,0.713,;470.34,437.255,0.744,;456.38,449.531,0.903,;364.047,534.953,0.921,;355.83,540.264,0.936,;347,548.5,0.954,;338.587,557.044,0.969,;329.743,565.474,0.987,;317.124,574.25,1.016,;307.752,587.371,1.05,;283.332,608.735,1.07,;272.122,622.878,1.092,;259.402,633.568,1.105,;248.598,646.805,1.135,;230.173,665.958,1.162,;215.446,682.776,1.215,;205.235,692.412,1.232,;195.013,700.195,1.273,;190.5,710.5,1.293,;191,711.08,1.336,;189.857,713.287,1.42,;192.018,714.009,1.455,;194.261,711.739,1.489,;197.808,710.731,1.546,;215.296,715.883,1.559,;219,716.5,1.572,;235.306,719.119,1.595,;245.361,720.262,1.609,;256.538,721.354,1.623,;272.5,722.5,1.641,;282.5,720.5,1.656,;297.279,720.286,1.675,;310.293,720,1.789,;380.307,715,1.802,;390.349,714.295,1.855,;430.681,706.44,1.922,;471.375,697.656,2.005,;494.41,696,2.016,;497.853,696,2.041,;500.777,696,2.073,;503.795,696,2.107,;506.794,697.265,2.141,;508.153,698.076,2.308,;505.917,698,2.458,;0,0,0,;0,0,0,;0,0,0,;0,0,0,;0,0,0,;0,0,0,;0,0,0,;0,0,0,;0,0,0,;0,0,0,;0,0,0,;0,0,0,;0,0,0,;0,0,0,;0,0,0,;0,0,0,;0,0,0,;0,0,0,;0,0,0,;0,0,0,;0,0,0,;0,0,0,;0,0,0,;0,0,0,;0,0,0,;0,0,0,;0,0,0,;0,0,0,;0,0,0,;0,0,0,;0,0,0,;0,0,0,;68,,,;2458,,,;JOFL,,,;;;;;;;;;;;;;;;;;;;;;;;;;;;;;;;;;;;;;;;;;;;;;;;;;;;;;;;;;;;;;;;;;;;;;;;;;;;;;;;;;;;;;;;;;;;;;;;;;;;;;;;;
;;;;;;;;;;;;;;;;;;;;;;;;;;;;;;;;;;;;;;;;;;;;;;;;;;;;;;;;;;;;;;;;;;;;;;;;;;;;;;;;;;;;;;;;;;;;;;;;;;;;;;;;;;;;;;;;;;;;;;;;;;;;;;;;;;;;;;;;;;;;;;;;;;;;;;;;;;;;;;;;;;;;;;;;;;;;;;;;;;;;;;;;;;;;;;;;;;;;;;;;;;;;;;
180,405,0, ;212.403,402.329,0.02,;229.616,400.451,0.037,;244.984,399.078,0.054,;261.775,397.948,0.068,;276.364,395.636,0.085,;291.986,395,0.116,;313.316,395,0.132,;344,395,0.156,;359.257,395,0.171,;369.382,395.923,0.179,;378.13,397.016,0.196,;393.19,398.168,0.22,;399.629,398,0.232,;407.183,397.602,0.249,;416.531,397.503,0.27,;424.147,398,0.299,;436.429,398,0.313,;444.088,399.013,0.331,;452.592,399,0.346,;457.064,400.266,0.365,;464.198,400,0.378,;469.5,400,0.402,;477.274,399.611,0.429,;482.206,400,0.44,;485.525,400.842,0.449,;487.915,401,0.462,;490.147,402.074,0.479,;493.659,403.22,0.496,;495.665,404.332,0.513,;497.915,404,0.546,;501.401,406,0.568,;503.655,406.828,0.788,;490.958,420.383,0.814,;483.361,430.198,0.845,;464.724,446.522,0.879,;457.722,453.278,0.897,;431.059,474.213,0.917,;423.45,482.55,0.936,;412.687,492.83,0.951,;400.931,502.855,0.972,;389.731,513.269,0.997,;375.963,527.037,1.015,;365.309,536.726,1.048,;343.378,556.622,1.083,;323.06,572.695,1.151,;280.955,610.284,1.201,;249.983,638.881,1.234,;234.346,657.132,1.277,;220.13,668.87,1.32,;205.226,689.774,1.344,;201.906,693.094,1.386,;195.751,699.249,1.435,;190.903,709.195,1.466,;189.827,711.347,1.5,;190,713.536,1.532,;192.537,711.732,1.575,;197.132,706.868,1.59,;201.156,705.807,1.609,;207.896,705,1.633,;215.066,705.438,1.644,;223.486,706,1.653,;233.095,706,1.668,;243.167,706.796,1.686,;255.125,707,1.701,;268.123,708.01,1.717,;279.5,709.15,1.736,;290.861,710.286,1.751,;304.839,710,1.768,;316.5,710,1.784,;326,711.5,1.801,;338.693,710.769,1.818,;349.026,711,1.834,;361.139,711,1.851,;372.286,711,1.868,;383.494,711,1.885,;396.106,709.627,1.902,;405.402,710,1.919,;417.336,708.777,1.943,;429.34,706.532,1.963,;442.304,705.141,1.994,;464.796,703.912,2.005,;476.175,702.782,2.022,;487.364,702.662,2.036,;495.209,701.542,2.054,;502.5,699,2.074,;508.457,699.691,2.088,;511.608,700,2.104,;513.868,700.934,2.12,;515,701.5,2.397,;0,0,0,;0,0,0,;0,0,0,;0,0,0,;0,0,0,;0,0,0,;0,0,0,;0,0,0,;0,0,0,;0,0,0,;90,,,;2397,,,;JOFL,,,;;;;;;;;;;;;;;;;;;;;;;;;;;;;;;;;;;;;;;;;;;;;;;;;;;;;;;;;;;;;;;;;;;;;;;;;;;;;;;;;;;;;;;;;;;;;;;;;;;;;;;;;
