200,407,0, 223.865,408.038,0.02,250,409.5,0.036,266.831,409,0.052,283.685,408.221,0.069,301.435,407.098,0.085,320.424,405.975,0.102,340.699,404.85,0.119,382.46,402.459,0.137,399.32,400.229,0.154,416,398,0.17,433.841,398,0.186,448.059,398,0.203,462.407,398.877,0.219,477.004,400,0.236,491.573,401.121,0.253,503.681,401,0.269,516.039,402.367,0.288,525.402,402,0.304,529.436,403.609,0.319,533.942,405.471,0.336,536.711,406,0.353,538,406,0.37,535.951,408.099,0.402,532.484,409.172,0.421,530.067,410.467,0.437,528,411.5,0.469,523.497,412.834,0.487,521.085,413.957,0.504,516.688,416.156,0.521,509.78,419.61,0.545,499.113,424.283,0.564,490.4,431.7,0.572,475.081,438.263,0.589,461.414,444.138,0.605,445.836,452.488,0.621,432.74,462.395,0.638,421.423,469.346,0.655,407.89,473.703,0.671,398.31,479.495,0.689,389.62,487.958,0.707,378.62,495.285,0.723,370.986,500.676,0.739,364.259,504.37,0.757,356.588,509.58,0.772,347.703,516.223,0.789,342.211,522.947,0.806,335.333,529.667,0.824,328.605,533.597,0.84,320.285,538.619,0.857,313.422,545.512,0.872,308.156,553.381,0.889,301.661,561.229,0.906,292.899,566.05,0.922,282.779,573.949,0.939,276.482,585.529,0.957,265.578,595.422,0.974,254.997,602.004,0.991,246.007,613.241,1.007,236.297,622.958,1.023,226.161,629.355,1.04,219.071,638.893,1.056,213.446,646.775,1.084,206.832,653.701,1.097,201.215,657.071,1.109,195.601,660.44,1.125,193.794,664.808,1.141,191.554,668.891,1.157,189.307,673.387,1.174,187.069,676.897,1.191,185.907,680.278,1.208,182.376,683.624,1.224,180.326,685.674,1.242,178.087,687.913,1.257,176,688.5,1.29,174.172,692.656,1.307,173.055,694.891,1.324,172.5,696,1.373,175.218,696.109,1.392,178.119,695.44,1.408,181.038,695,1.424,184.406,695,1.441,188.698,695,1.458,194.226,693.955,1.474,201.025,692.829,1.491,207.744,694.291,1.51,214.498,694,1.527,222.5,694,1.543,234.239,693.658,1.558,246.574,693.221,1.575,258.945,693,1.592,274.349,694.025,1.609,285.429,694,1.625,301.808,695.272,1.644,316.035,695,1.66,333.5,696.5,1.677,349.141,695.366,1.692,367.096,695,1.709,386.834,694.12,1.726,403.034,691.995,1.743,113,2155,ENPR,
201,408,0, 230.768,408,0.018,245.617,407.183,0.035,261.119,406.063,0.051,275.805,404.938,0.068,292.766,403.816,0.085,308.271,402.695,0.103,323.989,401.572,0.119,351.142,401,0.136,365.087,401,0.153,377.755,400.204,0.169,391.023,400.919,0.185,401.372,399.959,0.202,410.292,400,0.219,420.543,400,0.236,429.242,398.595,0.254,436.5,399,0.27,444.526,398.353,0.285,452.396,398,0.302,458.479,398,0.319,463.059,398,0.336,467.559,398,0.353,472.051,398,0.369,476.509,398,0.387,481,398,0.404,485.493,399,0.419,489.25,399.75,0.436,491.743,400.872,0.453,495.977,401,0.47,501.574,401,0.486,509.663,402.238,0.503,516.166,403.361,0.52,518.449,403,0.558,519.537,405.537,0.586,516.464,407.536,0.604,514.908,409.092,0.62,512.57,410.215,0.653,509.305,411.232,0.686,504.177,411.706,0.704,500.52,412,0.721,498.102,413.898,0.738,494.791,415.07,0.754,492.61,417.39,0.771,490.375,420.938,0.789,488.12,425.759,0.806,483.196,432.364,0.822,477.593,437.725,0.838,469.554,441.417,0.865,462.462,447.538,0.872,456.763,456.38,0.888,447.656,465.344,0.905,436.066,473.054,0.923,426.279,479.481,0.94,417.068,490.854,0.956,406.724,499.617,0.972,397.735,506.699,0.989,387.845,516.155,1.006,375.681,528.319,1.022,364.527,537.178,1.039,352.027,549.973,1.057,338.275,563.725,1.074,325.265,571.641,1.092,312.888,584.307,1.106,303.895,594.342,1.123,290.487,602.199,1.149,280.965,615.053,1.162,273.124,624.001,1.173,264.013,630.49,1.19,252.295,637.223,1.208,248.544,649.911,1.225,244.536,655.08,1.24,240.048,659.952,1.257,236.416,665.307,1.273,232.08,670.9,1.29,227.58,676.524,1.307,224.324,680.901,1.324,220.948,685.403,1.342,219.059,686.941,1.359,217.405,689.189,1.374,216.5,691,1.406,215.732,692.536,1.456,218.164,693.082,1.506,220.358,693,1.54,222.536,694.268,1.558,225.089,692.97,1.574,228.541,693,1.591,235.822,693,1.608,238.277,691.574,1.626,243,692,1.642,246.682,690.33,1.658,251.174,690,1.675,256.573,689.085,1.699,262.207,689,1.715,270.1,689,1.726,277.949,687.721,1.758,284.412,687.598,1.774,300,688.5,1.792,307.625,687.229,1.809,316.138,687,1.826,327.126,688.013,1.843,124,2423,ENPR,
184,395,0, 202.938,395,0.017,208.91,395,0.034,214.557,395,0.051,218.916,395,0.068,222.065,395,0.086,225.434,395,0.103,231.157,395,0.118,236.159,395.72,0.135,238.682,396,0.152,241.891,396,0.168,244.168,397.084,0.185,247.621,397,0.202,250.983,397,0.22,252.912,398.456,0.237,256.15,398,0.252,258,398,0.284,262.89,398,0.302,265.127,398,0.334,268.464,398,0.353,270.858,398,0.37,273.107,399,0.387,275.323,399,0.403,278,399,0.435,283.069,399,0.453,285.286,399,0.485,288.581,399,0.504,292.5,399,0.521,295.254,399,0.536,298.256,399,0.552,301,399,0.57,304.056,399,0.587,307.425,397.858,0.603,309.528,398,0.62,313.163,398,0.638,315,398,0.655,318.878,397.374,0.67,322.246,397,0.687,324.75,397,0.704,326.997,397,0.721,329.238,397,0.737,332.725,397,0.754,337.449,397,0.772,340.473,397,0.789,343.433,396,0.804,346.465,396,0.821,349.559,396,0.838,353.895,396,0.855,357.297,396,0.871,360.656,396,0.888,364.028,396,0.906,368.862,396,0.923,372.349,396,0.938,376.13,396,0.955,380.329,396,0.972,383.86,395.047,0.988,388.304,395,1.005,391.583,395,1.022,396.28,393.68,1.04,400.772,394,1.057,403.698,395,1.073,407.062,395,1.089,411.247,395,1.106,414.793,395,1.122,418.167,395,1.139,421.536,395,1.156,424.903,393.699,1.174,428.247,395.416,1.191,431.5,395,1.207,434.329,396.664,1.223,438.151,397,1.24,441.731,397.91,1.256,445.106,399.035,1.273,449.623,399,1.289,452.836,400.279,1.307,457.597,401.399,1.325,460.5,401,1.341,464.279,402,1.356,467.294,402.765,1.373,470.664,402.112,1.39,474.032,403.011,1.407,477.4,403,1.446,480.572,404.191,1.473,483.804,405.268,1.506,486.804,405,1.539,489.804,406.268,1.557,491.234,407.117,1.591,493.479,407,1.607,496,407,1.64,497.536,407,1.69,495.947,409.107,1.724,493.544,410.228,1.757,491.464,411.268,1.791,489.463,413.537,1.808,487.934,414.033,1.841,485.686,415.157,1.875,484.732,417.536,1.893,481.64,420.36,1.909,478.6,423.4,1.926,475.232,425.845,1.942,216,4153,ENPR,
191,411,0, 213.919,406.833,0.02,236.681,402.818,0.033,248.5,401,0.046,265.87,398.328,0.066,279.562,396.073,0.082,295.306,394.907,0.097,310.012,393.768,0.119,343.232,391.316,0.132,349.744,392,0.148,365.392,393.581,0.169,376.877,394.688,0.181,389.155,395.832,0.197,398.549,396.944,0.216,407.592,399.148,0.231,415.205,400.172,0.248,424.692,402.673,0.269,430.633,403.439,0.282,435.827,403,0.299,442.051,402.325,0.318,449.359,402,0.343,454.684,401.079,0.356,460.248,399.95,0.365,463.489,400,0.382,466.914,398.695,0.404,471.768,399,0.42,475.708,399,0.433,478.935,399.645,0.449,482.306,400.769,0.468,484.788,401.894,0.485,487.013,403.006,0.516,490.404,404.135,0.537,492.825,405.413,0.549,495,405,0.584,497.807,406.269,0.617,499.535,407.268,0.636,501.131,407,0.685,501,409.319,0.719,496.614,411,0.737,494.249,411.876,0.75,492.008,412.996,0.775,489.773,415.227,0.791,487.593,417.407,0.803,485.291,419.709,0.819,483.067,421.933,0.838,481.184,424.816,0.854,478.621,427.379,0.868,476.342,430.486,0.888,472.072,434.928,0.903,468.851,438.149,0.918,464.121,441.659,0.939,459.622,445.034,0.956,456.763,451.062,0.973,448.678,460.862,0.985,438.302,469.688,1.002,429.432,476.773,1.019,419.588,487.347,1.036,407.27,496.531,1.051,398.486,504.325,1.073,390.765,510.916,1.093,381.393,521.607,1.111,372.333,530.667,1.122,365.023,537.977,1.136,356.003,546.997,1.152,345.818,557.182,1.172,338.806,564.194,1.187,329.971,569.643,1.203,320.654,579.346,1.22,310.256,589.744,1.242,303.295,595.117,1.259,293.803,601.338,1.27,283.918,610.082,1.286,276.583,618.32,1.306,269.973,624.022,1.327,261.118,627.552,1.338,252.005,633.247,1.355,248.446,641.719,1.373,242.5,646.5,1.398,236.986,653.014,1.409,230.611,656.463,1.421,223.823,660.451,1.437,218.982,665.018,1.453,216.792,670.519,1.477,212.091,676.137,1.496,206.651,680.349,1.507,202.125,684.406,1.522,197.597,687.202,1.538,193.144,689.428,1.554,190.309,691.691,1.581,188.1,694.849,1.601,186.872,699.192,1.613,184.806,702.582,1.623,183.664,706.007,1.656,182.732,707.535,1.706,186.846,707,1.725,188,707,1.744,190.497,706,1.757,193.942,706,1.772,197.32,706,1.794,203.938,705.412,1.814,150,2800,ENPR,
188,405,0, 206.697,403.961,0.016,226.274,401.477,0.032,238.982,399.731,0.047,251.402,397.472,0.061,264.9,395.183,0.081,277.114,392.979,0.094,290.602,390.733,0.111,318.43,388.441,0.133,330.312,389,0.149,338.272,389,0.164,349.2,391.24,0.178,361.428,392,0.196,371.869,392.874,0.212,383.129,394.013,0.234,392.953,395.106,0.245,403.11,395,0.263,412.083,396.385,0.283,420.995,397.499,0.297,429.764,398,0.313,437.436,398.739,0.329,444.204,399.867,0.354,448.977,400.994,0.366,454.419,403.168,0.379,460.21,404.242,0.403,463.069,406.712,0.415,467.398,407.466,0.43,470.791,408.597,0.45,474.126,409,0.466,476.643,409.821,0.48,478.938,410,0.496,481.189,410,0.518,484.629,410,0.533,487.931,410,0.547,491.407,410,0.581,493.803,411.268,0.631,494.176,413.352,0.681,496.211,414.105,0.731,494.823,416.354,0.763,490.894,420.106,0.786,488.651,421.174,0.797,486.463,423.537,0.813,484.169,424.415,0.835,480.5,427,0.852,477.103,429.265,0.867,473.727,431.515,0.885,470.35,433.767,0.9,466.974,437.026,0.915,463.563,439.291,0.937,458.904,441.548,0.954,455.154,444.108,0.967,448.973,448.018,0.982,441.564,453.169,0.999,435.951,457.287,1.018,431.54,462.325,1.035,426.08,466.936,1.055,420.465,471.428,1.065,410.955,473.511,1.083,403.412,479.849,1.1,398.529,485.471,1.12,391.201,492.6,1.133,381.566,498.575,1.15,373.01,504.278,1.169,365.25,510.785,1.182,353.911,519.872,1.203,343.999,527.557,1.22,335.469,533.898,1.235,324.094,540.18,1.264,314.041,549.325,1.271,306.241,558.759,1.286,297.229,565.232,1.305,285.334,571.818,1.315,279.57,580.687,1.332,271.485,589.731,1.349,265.002,595.998,1.366,255.325,598.378,1.383,251.5,606,1.415,243.694,618.959,1.434,239.187,623.813,1.45,234.73,627.202,1.467,230.247,629.376,1.483,224.427,634.258,1.502,224.564,638.744,1.521,221.324,643.793,1.542,218.632,648.737,1.555,215.587,653.218,1.567,213.15,655.85,1.584,209.864,658.091,1.6,207.659,661.511,1.617,205.418,664.872,1.635,203.171,666.829,1.652,200.847,670.615,1.668,198.342,673.972,1.684,196.438,676.562,1.701,195.096,679.712,1.718,194.5,681.5,1.734,192.855,683.218,1.768,190.609,685.391,1.784,189.5,688,1.816,188.732,689.537,1.85,142,2840,ENPR,
205,406,0, 219.855,405,0.018,223.289,405,0.034,226.644,403.785,0.051,228.681,404,0.07,232.382,404,0.086,235.166,403.417,0.102,238.824,403,0.119,242.486,403,0.135,244.898,402.051,0.152,247.144,402,0.169,249.394,402,0.185,251.635,400.683,0.202,253.88,401,0.235,257.374,400,0.252,260.419,400,0.269,262.858,400,0.286,265.099,400,0.303,268.516,400,0.319,270.586,398.707,0.338,272.837,399,0.353,276.5,399,0.385,279.573,399,0.403,281,399,0.42,284.062,399,0.452,287.412,399,0.487,290.773,400.258,0.504,293.278,400,0.52,295.522,400.761,0.537,297.764,401,0.554,300.013,402.007,0.57,302.254,402,0.588,304.5,402,0.604,306.747,402,0.622,310.477,402,0.637,312,402,0.67,315.727,403,0.687,317.968,403,0.705,320.214,403,0.721,322.459,403,0.738,326.05,403,0.756,327.946,403,0.773,330.786,404,0.789,333.436,404,0.805,335.671,404,0.824,338.89,404,0.847,341.164,404,0.86,344.629,404,0.871,346.654,404,0.89,350.345,402.552,0.907,354.725,403.425,0.922,358.783,403,0.939,363.28,403,0.956,367.772,403,0.972,371.178,403,0.988,373.37,403,1.005,376.921,403,1.023,380.301,404.434,1.041,383.211,404.553,1.056,387.695,404.326,1.072,391.392,404,1.091,394.767,404,1.106,397.086,404,1.123,400.492,402.836,1.14,402.563,403,1.158,404.824,403,1.174,408.06,403,1.191,410.956,403,1.206,414.331,403,1.223,417.689,403,1.24,421.063,403,1.257,424.424,404.141,1.273,426.528,404,1.29,431.551,404,1.308,433,404,1.325,435.26,404,1.34,437.509,404,1.357,439.751,403.124,1.374,444.001,403,1.391,448.493,401.877,1.408,451.723,402,1.424,456.469,403.367,1.442,460.948,401.513,1.459,463.215,402,1.475,466.923,402,1.503,470.56,402,1.516,475.869,402,1.526,482.592,403.099,1.542,486.877,403,1.558,491.367,401.658,1.576,494.397,403.466,1.593,497.181,403.591,1.608,499,404.5,1.641,501.803,405.268,1.69,499.919,407.163,1.725,498.732,409.537,1.742,496,410.5,1.774,494.464,411.268,1.792,492.944,412.028,1.825,490.696,413.152,1.858,303,5935,ENPR,
180,395,0, 204.149,397.65,0.017,214.96,398,0.034,224.123,398,0.051,234.151,398,0.068,243.099,398,0.085,252.101,398,0.101,263.8,398,0.119,287,398,0.136,292.617,398,0.151,302.716,398,0.168,311.985,398,0.185,320.938,398.992,0.202,331.034,399,0.218,338.649,400.236,0.235,347.888,401.361,0.253,356.872,401,0.271,365.22,402.603,0.29,373.818,403.727,0.304,383.644,404,0.319,394.717,404.972,0.336,403.773,406.097,0.353,413.977,406,0.369,425.149,407.315,0.387,433.777,407,0.404,441.691,407,0.42,449.966,407,0.436,456.163,407,0.453,461.767,407,0.47,467.38,407,0.486,471.796,407,0.503,481.534,407,0.521,486.215,407,0.538,491.819,406.436,0.554,496.756,406,0.57,500.426,406,0.587,505.664,406,0.604,509.161,406,0.636,511.297,407.148,0.686,513.358,408.179,0.753,514.031,410.062,0.803,511.652,411.174,0.821,508.711,411.645,0.838,506.47,412.765,0.854,502.448,414.776,0.871,498.968,416.011,0.888,494.467,418.267,0.905,491.238,420.508,0.921,487.876,422.749,0.939,481.514,427.989,0.955,473.669,432.475,0.972,466.538,436.975,0.989,459.808,440.596,1.005,452.083,443.964,1.022,443.148,449.532,1.038,434.145,455.159,1.055,427.888,460.76,1.073,419.676,467.849,1.09,411.21,470.796,1.106,403.667,474.167,1.122,398.622,478.378,1.139,393.162,482.87,1.156,386.47,488.441,1.172,379.749,492.834,1.189,374.366,498.634,1.207,371.631,501.369,1.224,368.277,504.149,1.24,364.901,507.799,1.257,360.718,511.461,1.273,356.212,515.788,1.29,351.737,520.263,1.306,347.246,525.942,1.323,344.064,528.936,1.341,340.704,533.728,1.358,337.336,537.219,1.374,333.968,542.386,1.39,329.794,547.206,1.407,323.464,554.458,1.424,317.773,561.272,1.44,312.17,565.664,1.457,307.835,571.457,1.475,304.766,578.468,1.492,300,585,1.509,295.063,594.281,1.524,288.323,601.456,1.541,283.392,609.314,1.557,279.932,619.205,1.574,275.435,625.847,1.591,269.64,633.904,1.607,265.436,640.346,1.626,259.5,648.5,1.642,256.107,653.524,1.658,251.976,658.78,1.675,248.362,665.277,1.691,243.999,671.002,1.708,240.637,676.605,1.724,236.015,682.231,1.741,228.785,686.477,1.76,223.585,689.449,1.776,218.558,695.442,1.791,153,3008,ENPR,
187,396,0,211.108,398.711,0.016,219.928,399.847,0.032,225.961,400.992,0.048,230.531,401,0.068,234.95,402.238,0.087,239.343,402,0.103,243.96,403.49,0.12,251.334,404,0.134,256.532,404,0.148,263.857,404,0.168,271.453,404.922,0.185,277.476,405,0.199,283.061,405,0.216,290.123,406.354,0.236,301.365,406,0.252,308.105,405.414,0.266,315.769,405,0.285,325.114,405,0.302,333.596,405,0.318,341.304,403.957,0.333,347.101,404,0.353,354.043,404,0.369,363.414,404,0.384,367.847,403,0.4,372.756,402.311,0.419,378.802,402,0.433,385.424,401.096,0.45,392.393,401,0.472,397.873,401,0.487,403.614,401,0.502,409.204,399.559,0.518,417.5,400,0.539,425.484,401,0.554,431.801,401,0.569,437.401,401,0.584,444.138,401,0.603,451.019,401,0.619,456.182,402.236,0.634,460.689,402,0.656,465.218,402,0.671,469.471,402,0.684,474.734,402,0.704,479.508,402.877,0.72,483.875,403,0.734,486.26,404.13,0.751,489.743,404,0.773,491.76,404,0.788,493.927,404,0.803,496.197,404.599,0.821,498,405.5,0.851,499.536,406.268,0.92,500.091,408.182,0.97,496.464,410.357,1.001,494.458,411.271,1.038,492.803,413.197,1.073,491.728,415.544,1.088,489.326,418.348,1.103,487.407,421.39,1.12,485.13,424.804,1.14,480.78,429.22,1.153,476.365,432.476,1.171,470.45,438.55,1.192,463.446,441.277,1.207,457.863,447.137,1.228,449.478,455.522,1.241,438.366,465.107,1.254,428.579,472.565,1.27,419.638,479.272,1.293,408.442,488.247,1.308,401.177,494.563,1.321,394.518,501.482,1.342,388.763,505.158,1.359,381.065,510.084,1.371,374.89,517.442,1.388,370.462,524.307,1.407,365.867,531.2,1.421,361.4,534.45,1.438,355.635,539.092,1.459,351.431,544.961,1.475,344.04,552.94,1.489,339.545,559.069,1.507,335.1,563.9,1.522,329.68,568.456,1.54,323.082,573.932,1.555,315.115,581.885,1.571,309.83,588.404,1.592,305.522,595.216,1.61,301.237,597.322,1.623,295.5,602,1.638,287.634,609.366,1.657,282.581,616.129,1.681,278.198,621.753,1.695,273.713,626.287,1.707,269.159,629.631,1.722,264.657,634.343,1.74,257.176,641.824,1.758,252.5,648,1.773,248.255,653.745,1.791,243.866,657.35,1.806,186,3664,ENPR,
197,402,0, 223.282,404.637,0.017,237.071,405,0.034,250.529,405.877,0.051,264.004,406,0.068,276.382,404.874,0.085,289.912,405,0.101,303.439,405,0.119,327.332,406.491,0.136,334.47,407,0.151,343.879,407,0.168,353.715,407.857,0.185,364.779,408.978,0.202,373.806,409,0.218,381.545,410.221,0.234,394.791,410,0.253,402.757,410,0.269,409.5,410,0.285,422.114,411,0.301,432.494,410.167,0.318,441.658,410.957,0.335,451.702,411,0.351,459.337,409.809,0.368,468.593,410,0.387,476.136,410,0.403,485,410,0.418,489.756,410,0.435,495.069,410,0.454,500.656,410,0.469,505.197,411.049,0.486,509.719,411,0.502,512.903,411,0.535,514.537,412.268,0.585,511.642,413.179,0.602,508.944,414.019,0.62,506.694,415.153,0.637,504.452,416.274,0.655,500.815,417.395,0.671,499,417,0.688,496.718,418.641,0.703,494.467,420.533,0.72,493,422,0.737,491.989,424.016,0.753,489.733,425.134,0.77,488.749,427.503,0.787,486.245,431.132,0.805,482.508,434.492,0.822,480.138,438.242,0.837,476.025,440.487,0.854,470.663,442.735,0.871,467.036,446.952,0.888,462.557,453.665,0.905,459.306,459.157,0.921,453.215,467.499,0.95,446.139,473.861,0.961,433.809,479.79,0.986,425.239,489.482,1,413.69,498.771,1.007,404.353,504.78,1.022,394.197,512.625,1.039,384.12,524.089,1.056,372.656,531.341,1.074,365.819,537.726,1.091,355.197,546.223,1.106,345.385,554.913,1.123,337.24,561.937,1.139,327.495,566.78,1.156,315.302,573.381,1.173,310.066,583.682,1.189,303.141,591.168,1.208,294.957,597.608,1.224,285.11,601.334,1.241,279.283,609.435,1.257,273.22,616.78,1.274,266.489,623.511,1.291,258.681,626.091,1.307,253.17,629.498,1.324,248.853,636.72,1.342,245.772,642.047,1.358,240.867,646.666,1.375,237.026,651.633,1.39,232.103,654.559,1.407,228.288,656.808,1.424,224.932,659.046,1.44,221.563,662.437,1.457,219.478,665.783,1.475,218.609,670.562,1.492,215.474,674.526,1.509,212.105,679.158,1.524,208.741,683.259,1.541,205.368,686.632,1.558,202.005,687.998,1.574,198.637,690.242,1.591,196.517,692.483,1.608,194.27,694.73,1.626,192.026,699.948,1.643,192.39,703.219,1.658,191.271,705.459,1.675,190.5,707,1.74,193.137,706,1.774,145,2675,ENPR,
185,401,0, 219.696,402,0.018,234.03,403.233,0.035,247.317,403,0.053,260.735,401.522,0.07,273.622,402,0.085,285.973,402.725,0.102,306.781,404.693,0.119,319.677,404.032,0.135,331.923,406.168,0.152,339.5,407.214,0.169,347.355,407,0.187,359.614,408.461,0.204,367.068,408.581,0.22,375.626,409,0.236,385.424,409.825,0.253,393.63,410,0.269,400.42,410,0.286,407.143,410,0.303,415.193,410,0.321,424.494,410,0.338,429.359,409.44,0.354,436.088,409,0.37,442.824,408.196,0.387,449.56,408,0.417,455.247,408,0.424,460.838,408,0.437,465.163,406.709,0.456,471.072,407,0.472,476.223,406.537,0.489,480.977,407,0.504,484.349,407,0.521,487.713,406.096,0.537,490.054,407.027,0.57,492.27,407,0.653,489.785,408.107,0.703,488.937,410.125,0.954,457.99,433.758,0.972,445.747,442.639,0.989,437.38,451.62,1.007,428.39,462.061,1.024,417.288,470.57,1.04,405.348,480.957,1.056,380.767,499.517,1.073,365.651,511.467,1.089,352.311,522.574,1.106,339.989,531.462,1.123,331.576,539.121,1.141,322.548,547.021,1.158,314.16,555.389,1.174,307.634,562.366,1.19,302.031,567.175,1.207,294.571,572.592,1.223,285.686,580.274,1.24,279.043,586.957,1.256,272.285,592.429,1.275,266.949,596.641,1.292,261.5,601,1.308,256.054,605.595,1.324,252.679,610.868,1.341,248.415,617.378,1.359,244.95,622.067,1.374,240.442,626.558,1.391,237.22,629.78,1.407,232.477,635.904,1.426,226.5,641.5,1.442,224.752,647.119,1.458,221.755,651.993,1.474,219.253,656.493,1.491,217.007,661.981,1.508,213.656,666.459,1.524,211.52,672.201,1.541,209.279,677.801,1.56,207.028,684.916,1.576,204.183,687.423,1.591,200.087,692.642,1.608,196.453,697.396,1.625,194.053,703.842,1.642,191.811,708.378,1.658,189.566,712.868,1.675,188.659,716.022,1.708,187.732,717.536,1.774,190.268,717,1.792,194.393,715.902,1.809,197.952,716,1.827,205.64,714.56,1.844,214.502,714.437,1.86,224.163,712.63,1.876,237.484,712,1.893,249.286,710.143,1.91,262.618,707.897,1.926,276.09,708,1.943,286.948,706.705,1.96,299.602,707,1.978,310,708.5,1.994,321.596,708,2.01,332.847,708.785,2.027,344.063,709,2.044,358.404,707.969,2.06,370.643,709.149,2.077,122,2607,ENPR,
186,404,0, 203.015,405.063,0.019,218.677,405,0.035,229.903,405,0.051,241.089,404.191,0.067,253.26,402.135,0.084,266.642,399.893,0.101,278.939,397.648,0.118,309.422,394.109,0.136,321.914,395,0.152,336.05,393.458,0.169,351.329,393.666,0.185,367.027,394,0.202,381.883,394.914,0.218,397.462,395,0.235,409.714,396.156,0.252,422.041,397.276,0.27,434.422,398.402,0.286,443.5,399.5,0.303,452.782,400.642,0.318,461.364,401,0.335,468.34,402.78,0.352,476.074,403,0.369,481.667,404.133,0.386,486.016,405.254,0.404,489.132,406.377,0.419,490.993,407.496,0.451,492.536,408.268,0.485,494.537,409.269,0.503,496.111,410.055,0.519,498.467,410,0.552,500.479,411.24,0.585,503.805,411,0.619,507.939,412,0.636,509,412,0.653,510.211,412,0.686,510,414.457,0.752,510,416.268,0.77,507.934,417.033,0.803,505.688,420.467,0.837,503.464,422.536,0.855,500.646,425.354,0.871,498.4,426.8,0.888,495.232,429.768,0.904,492.909,432.091,0.921,489.502,435.498,0.938,484.845,438.866,0.956,477.509,442.245,0.973,469.5,445.5,0.989,457.762,454.583,1.007,445.671,462.442,1.022,434.9,469.4,1.039,425.801,475.125,1.055,415.69,481.873,1.072,404.317,491.146,1.089,397.258,498.742,1.106,389.5,503.5,1.123,380.952,509.155,1.14,374.228,516.281,1.155,369.483,524.155,1.172,361.983,530.012,1.189,354.139,534.492,1.206,345.034,538.983,1.223,338.784,546.216,1.24,332.084,552.916,1.257,320.523,560.043,1.273,311.881,564.925,1.29,305.724,570.276,1.306,298.169,576.855,1.324,289.194,584.705,1.339,282.673,591.327,1.356,277.28,596.719,1.375,271.662,602.338,1.392,263.875,610.125,1.407,256.74,617.26,1.423,250.837,623.996,1.441,244.268,628.821,1.457,237.531,636.547,1.474,230.807,643.193,1.491,224.055,649.945,1.509,218.779,655.221,1.525,214.733,658.701,1.541,210.244,662.756,1.557,206.563,666.437,1.574,203.201,670.732,1.591,198.778,675.222,1.607,196.648,678.529,1.624,195.698,680.603,1.656,193.463,683.805,1.69,194,685.536,1.74,194,687.079,1.79,196.348,687,1.824,200.3,688,1.842,202.776,688,1.859,206.032,688,1.875,209.393,688,1.892,212.771,686.743,1.908,217.515,687,1.927,221.985,685.504,1.944,229.104,685,1.959,126,2529,ENPR,
223,429,0, 205.514,420.22,0.018,200.811,417.905,0.035,198.669,418,0.067,196.586,418,0.15,202.05,417,0.168,206.59,417,0.185,211.071,415.732,0.202,215.567,414.608,0.22,221.5,413.5,0.237,231.685,412.368,0.252,241.044,411.245,0.269,250.038,411,0.286,259.003,410,0.302,272.504,410,0.319,280.966,408.754,0.336,289.948,409,0.354,303.38,409,0.371,312.502,407.389,0.386,322.615,407,0.403,334.433,406.142,0.42,343.823,405.022,0.436,355.028,406.103,0.453,367.429,403.558,0.47,375.796,404,0.488,386.191,404,0.505,397.114,403,0.52,404.972,403,0.537,413.692,403.836,0.553,422.644,404,0.57,431.642,402.92,0.587,436.992,404.198,0.604,445.254,405.322,0.622,453.13,403.553,0.638,457.834,404,0.654,462.068,404.689,0.671,466.241,405,0.687,469.804,405,0.704,474.222,407.111,0.722,477.549,407,0.738,482.18,405.705,0.756,485.276,406,0.772,487,407.5,0.789,489.334,407,0.804,491,407,0.837,493.804,407,0.854,495.156,408.078,0.887,497.404,408,0.92,499.536,408,0.971,500.002,410.004,1.004,497.744,412.256,1.022,495.252,412,1.04,493,415,1.057,491.764,417.236,1.072,489.513,419.487,1.089,487.266,422.602,1.106,483.048,425.964,1.123,479.674,429.326,1.139,475.084,433.916,1.156,470.578,437.067,1.174,467.605,438.93,1.191,463.21,442.79,1.206,459.119,446.881,1.223,453.796,452.204,1.24,446.241,460.724,1.256,437.292,468.62,1.273,428.351,474.03,1.29,422.002,480.998,1.308,412.389,490.611,1.338,404.553,497.447,1.347,397.827,502.782,1.362,391.903,507.277,1.379,386.285,513.658,1.394,379.618,520.382,1.407,374.078,525.922,1.424,369.772,531.536,1.442,365.277,534.292,1.459,359.782,538.664,1.475,354.624,542.701,1.491,349.019,547.981,1.508,344.326,553.592,1.525,340.876,557.124,1.541,336.343,561.657,1.558,333.156,564.844,1.576,328.364,566.818,1.593,321.801,570.066,1.609,317.036,574.929,1.625,312.89,580.11,1.642,309.3,585.5,1.659,304.934,590.066,1.675,301.581,594.559,1.692,295.677,597.794,1.71,285.899,601.163,1.727,281.966,608.56,1.744,277.477,615.785,1.759,272.225,621.775,1.776,265.746,626.502,1.792,258.026,630.985,1.809,252.405,639.952,1.826,246.864,647.59,1.843,154,3079,ENPR,
202,423,0, 237.604,414.679,0.018,251.956,412.545,0.035,267.862,411.653,0.054,282.131,410.528,0.071,298.858,409.409,0.086,315.711,409,0.102,344.207,408.165,0.119,366.268,408,0.136,381.041,408,0.152,398.042,408,0.169,408.262,408,0.187,419.512,408,0.204,431.138,408,0.22,440.549,408,0.236,449.514,407.186,0.253,458.496,407,0.269,467.478,407,0.286,476.478,407,0.303,486.722,407,0.321,492.572,407,0.338,497.198,407.55,0.354,502.366,408.673,0.37,509.557,409,0.388,514.666,409,0.404,518.111,409,0.421,520.32,409,0.437,522.561,410.281,0.503,522,412.268,0.553,519.932,414.068,0.587,518.808,416.384,0.62,516.464,418.536,0.653,512.385,423.615,0.672,509.023,425.984,0.688,505.655,429.345,0.706,502.28,432.72,0.724,496.212,436.073,0.74,492.076,439.443,0.756,484.167,445.02,0.773,474.445,452.099,0.789,464.359,460.792,0.806,455.226,468.802,0.823,444.053,474.473,0.839,430.424,483.717,0.858,423.631,494.046,0.875,411.395,505.605,0.891,400.938,509.642,0.906,392.386,520.018,0.923,383.39,528.783,0.939,376.305,533.797,0.956,369.567,541.505,0.973,364.039,549.345,0.99,355.788,558.528,1.008,345.076,564.616,1.025,338.641,570.918,1.041,331.24,578.08,1.057,320.963,587.233,1.076,313.474,593.605,1.091,307.762,599.238,1.107,300.977,607.193,1.123,291.7,616.3,1.14,284.094,623.906,1.157,278,628.5,1.174,271.047,636.612,1.19,263.507,644.493,1.207,256.573,652.331,1.223,250.855,657.116,1.24,246.401,662.748,1.257,241.94,669.59,1.273,237.41,674.987,1.291,234.5,683.5,1.308,228.085,685.554,1.323,223.958,689.282,1.34,221.232,692.651,1.357,218.991,696.013,1.373,217.875,699.375,1.39,216.752,702.745,1.407,215.629,704.741,1.44,214.732,706.537,1.473,215,708.537,1.507,213.732,710.536,1.607,216.153,711.077,1.641,218.058,711,1.674,220.328,709.836,1.694,222.901,710,1.716,225.14,710,1.729,227.379,710,1.742,230.439,710,1.759,233.817,710,1.776,237.179,710,1.793,240.547,708.818,1.863,260.403,705.319,1.88,266.773,704.205,1.897,273.488,704,1.914,280.223,702.963,1.929,286.959,701.84,1.944,294.945,700.722,1.962,304.233,699.596,1.979,310.681,699.526,1.996,317.908,699.349,2.011,130,2773,ENPR,
193,400,0, 234.728,396.892,0.015,247.618,397,0.033,261.526,395.623,0.047,273.335,396,0.068,282.956,395.404,0.082,294.06,395,0.096,311.367,395,0.116,322.817,395.98,0.131,333.047,396,0.147,341.965,397.246,0.164,349.436,397,0.185,358.843,398.48,0.201,366.543,399.59,0.213,373.127,400.688,0.233,379.788,401,0.249,387.668,401.953,0.266,394.283,403.047,0.284,400.123,403,0.301,405.548,403,0.319,410.108,404,0.331,415.5,404,0.351,422.733,405,0.374,427.167,405,0.397,435.182,405,0.415,439.755,405,0.431,442.892,406.297,0.453,448.759,405,0.467,452.577,405,0.482,455.301,405,0.501,457.512,405,0.518,459.813,405,0.539,462.025,405,0.548,464.328,405,0.568,466.601,405,0.585,468.8,405,0.602,471.52,406,0.624,475.369,406,0.637,478.465,406,0.653,480.756,406,0.667,482,406,0.681,484.214,407.071,0.699,486.461,407,0.735,488.507,407,0.767,490.528,408.264,0.801,492.532,408,0.867,494.181,408,1.002,492.952,410.096,1.169,495.097,410,1.219,497.009,408.995,1.772,468.535,441.55,1.79,459.711,451.45,1.805,448.116,460.308,1.821,436.395,468.224,1.84,429.997,474.431,1.854,423.5,480,1.87,406.115,492.664,1.888,398.409,499.591,1.906,391.938,503.031,1.925,385.128,507.581,1.943,375.927,512.878,1.955,371.387,520.823,1.971,366.801,525.749,1.989,362.364,530.636,2.009,357.175,533.53,2.027,349.851,536.635,2.038,343.883,541.094,2.054,340.533,546.779,2.071,335.865,552.419,2.093,330.037,557.963,2.109,324.599,562.458,2.122,317.302,565.233,2.138,312.003,569.747,2.157,308.379,575.368,2.176,305.094,580.843,2.188,299.279,586.721,2.209,296.209,592.318,2.224,290.15,595.11,2.239,284.508,596.997,2.258,281,600.5,2.278,278.555,605.612,2.29,275.443,610.409,2.305,272.124,614.835,2.322,267.57,619.43,2.344,263.237,623.763,2.358,260.038,626.962,2.374,254.591,629.409,2.39,251.5,632.5,2.41,249.649,638.377,2.423,246.552,643.263,2.439,242.234,648.707,2.457,238.802,654.33,2.478,234.316,657.513,2.498,229.234,660.177,2.51,224.567,665.597,2.528,223.5,672,2.542,218.972,676.381,2.557,216.382,681.236,2.576,213.18,685.76,2.59,209.801,688.133,2.607,158,3810,ENPR,
189,403,0, 201.495,404.041,0.019,211.502,405,0.036,216.283,405,0.052,219.841,405,0.069,222.135,405,0.086,224.372,405,0.104,226.618,405,0.121,229.865,406,0.138,233.226,406,0.154,237.036,406,0.169,239.593,405.203,0.186,241.845,405,0.203,245.13,403.957,0.22,248.498,404,0.238,251.852,402.716,0.255,253.826,401.587,0.271,258.596,401.468,0.288,262.624,401,0.303,266.328,401,0.32,270.6,401,0.344,274.062,399.979,0.353,278.574,398.856,0.368,280.533,399,0.386,285.556,397.611,0.403,287,398,0.42,290.899,397,0.435,295.018,396.246,0.452,298.638,396,0.469,302.001,395,0.486,305.369,395,0.502,307.487,395,0.519,311.108,395,0.537,312.984,393.508,0.554,315.223,394,0.569,317.47,394,0.586,319.715,394,0.603,321.96,394,0.62,324.201,394,0.636,326.447,395.223,0.653,328.688,395,0.687,331.804,396.268,0.704,334.426,396,0.72,336,396,0.752,338.805,397.268,0.77,341.301,397,0.803,344.67,399.447,0.82,347,399,0.853,350.625,400,0.871,354.755,400,0.888,357.115,400,0.904,360.548,401.183,0.921,362.601,401,0.939,366.28,401,0.956,368.636,401,0.972,371.335,401,0.988,374.371,401,1.005,377.743,401,1.021,381.105,401,1.038,385.623,401,1.055,391.405,401,1.072,395.605,401,1.09,403,401,1.106,407.23,401,1.122,412.842,401,1.139,420.204,401,1.155,426.074,402.015,1.172,432.812,400.865,1.189,438.29,401,1.205,443.893,401,1.224,449.5,401,1.24,454.488,402,1.256,458.985,402,1.272,461.738,402,1.289,464.977,402,1.306,467.226,402,1.323,469.476,402,1.339,471.716,402,1.357,473.968,402,1.373,476,402,1.405,479.697,402,1.423,481,402,1.44,483.135,402,1.472,485.339,402,1.506,487.536,403.268,1.539,490.652,403,1.557,492,403,1.589,493.128,403,1.656,495.268,404.134,1.723,493.966,406.069,1.757,492.793,408.413,1.823,490.732,410.268,1.857,488.9,411.05,1.891,486.602,412.199,1.941,483.464,413.179,1.974,479.987,416.007,1.992,478.873,418.254,2.009,476.504,419.248,2.026,472.88,421.747,2.044,469.529,423.98,2.061,244,4805,ENPR,
188,396,0, 226.703,392.22,0.017,237.19,391.101,0.033,243.094,391,0.051,247.556,391,0.067,250.788,391,0.086,254.163,391,0.102,256,391,0.119,263.892,392.369,0.134,266.509,392,0.151,269.628,392,0.168,271.993,392,0.185,274.243,390.879,0.201,276.478,391,0.218,278.736,391,0.236,280.974,391,0.253,283.829,391,0.268,286.461,391,0.285,288.706,391.853,0.302,293.889,392.978,0.319,297.295,394.098,0.335,299.433,395.217,0.352,303.036,396.345,0.37,304.929,398.929,0.387,307.177,400.177,0.402,309.417,401.709,0.419,311.665,402,0.436,313.907,402.953,0.452,316.148,404.074,0.469,318.398,404,0.486,321.948,404,0.504,325.332,405.444,0.521,329.688,404.563,0.537,332.371,405,0.553,335.418,405,0.569,337.861,404.069,0.586,341.154,405.051,0.603,343.348,405,0.62,345.595,405,0.638,349.259,405,0.655,351.608,405,0.671,354.978,405,0.686,358.349,405,0.703,361.724,405.908,0.72,364.058,406,0.737,366.303,406,0.754,371.1,406,0.771,372.794,406,0.788,376.5,406,0.805,380.554,405,0.82,385.051,405.763,0.837,389.543,405.114,0.854,393.019,405,0.871,396.388,405,0.888,399.75,405,0.904,403.12,405,0.922,404.991,405,0.939,408.839,405,0.954,412.958,405.74,0.971,415.726,406,0.988,419.928,406,1.005,423.315,406,1.022,426.675,406,1.038,430.046,406,1.056,431.948,406,1.073,434.191,406,1.089,436.436,406,1.105,439.516,406,1.122,441.927,406,1.139,445.253,406,1.155,448.606,404.798,1.172,450.652,406.326,1.19,452.902,406,1.207,456.142,406,1.223,458.387,406,1.239,460.632,406,1.256,462.878,406,1.273,465.119,406,1.289,467.361,406,1.322,470.636,407.212,1.341,473.101,407.551,1.357,475.344,408,1.373,477.588,408.794,1.39,479.825,409,1.406,482.079,409,1.439,484.283,410.141,1.456,486.806,410,1.49,489.294,410,1.507,491,410,1.539,492.536,411.268,1.623,489.821,413.179,1.656,487.464,415.536,1.69,486.732,417.536,1.708,484.767,419.233,1.74,482.518,422.723,1.773,478.545,427.182,1.791,475.462,428.846,1.808,471.138,431.897,1.825,467.722,435.278,1.841,464.368,438.632,1.858,253,4874,ENPR,
179,401,0, 192.94,403.145,0.019,207,404.5,0.036,214.755,404,0.052,222.603,404,0.069,230.471,404,0.086,237.272,404,0.102,242.842,405.168,0.119,254.907,406.291,0.137,259.043,406,0.154,266,406,0.17,271.633,407,0.186,276.905,407.781,0.203,282.521,408,0.219,289.149,408,0.236,297.05,408,0.253,303.575,408,0.27,308.977,408,0.288,314.5,408,0.304,321.798,407,0.32,328.536,407,0.336,334.399,406.12,0.353,341.002,406,0.37,346.627,404.875,0.387,352.242,403.752,0.403,360.594,404,0.421,365.441,404,0.438,370.067,402.387,0.453,376.404,402,0.47,383.143,401.143,0.487,390.859,401,0.504,396.513,401,0.52,402.116,401,0.537,407.757,399.649,0.555,413.324,400,0.572,418.338,399.415,0.588,423.556,399.711,0.604,428.347,400,0.621,433.787,400,0.638,438.321,400,0.654,444.002,400,0.671,449.621,401.324,0.689,455.245,401,0.706,460.85,402,0.724,467.153,402,0.74,474.687,402.812,0.756,481.628,403.938,0.772,488.358,405.06,0.788,493.924,405,0.805,499.512,406.302,0.823,505.128,406,0.84,507.5,407.5,0.855,510.5,408.5,0.904,510.009,410.019,0.954,507.729,411.135,0.989,504.707,411,1.008,503,411,1.039,497.943,414.019,1.072,494.614,416.258,1.089,493.619,418.763,1.108,491,419.5,1.123,490.5,422,1.155,484.508,426.619,1.173,481.017,429.983,1.19,475.426,433.345,1.207,469.812,436.713,1.232,464.213,439.715,1.245,458.606,442.436,1.259,452.982,445.811,1.274,447.353,449.917,1.291,441.762,454.391,1.307,437.121,457.909,1.324,433.716,462.379,1.341,429.141,465.644,1.358,425.993,469.007,1.376,422.622,470.919,1.393,419.257,473.162,1.408,415.187,476.11,1.425,409.041,478.653,1.441,404.211,481.842,1.458,399.72,485.21,1.475,394.047,490.953,1.492,389.747,493.94,1.51,385.253,497.31,1.527,380.753,499.686,1.543,376.954,502.364,1.559,373.588,505.412,1.575,370.22,507.853,1.592,367.905,511.142,1.609,364.481,514.518,1.626,362.421,517.869,1.644,358.757,522.657,1.66,356.921,525.618,1.677,354.021,528.319,1.702,350.651,531.349,1.724,348.191,533.808,1.743,345.95,536.05,1.759,343.852,539.295,1.768,342.729,541.542,1.776,341.606,543.788,1.794,193,3681,ENPR,
194,404,0, 211.135,401.984,0.018,225.845,400.763,0.035,236.603,399.64,0.052,246.301,400,0.069,252.627,400,0.085,259.364,400,0.102,265.256,400,0.118,274.745,401.943,0.135,280.483,402,0.152,284.858,402,0.168,288.013,400.662,0.186,291.393,401,0.203,296.333,401,0.219,300.821,401,0.236,305.314,401,0.252,309.805,401,0.269,313.222,401,0.286,317.779,401,0.302,320.952,401,0.326,327.205,401,0.336,331,402.5,0.373,336.421,402.684,0.389,345.682,403.92,0.432,350.247,404.049,0.454,364.241,406.414,0.471,369,406,0.488,372.989,406,0.504,377.143,406,0.52,380.725,406.908,0.537,386.145,407,0.554,389.455,407,0.571,394.079,407,0.587,397.188,407,0.605,400.5,407,0.622,404.923,407,0.638,408.294,407,0.655,411.658,407,0.671,418.039,407,0.688,421.381,407,0.704,425.989,407,0.721,430.485,407,0.739,434.985,405.504,0.756,436.854,406,0.771,440.227,406,0.788,444.453,406.863,0.805,448.936,406.016,0.822,452.321,406,0.838,454.459,406,0.855,456.7,404.65,0.873,458.94,405,0.89,461.193,405,0.905,463,405,0.938,465.804,405,0.955,468.126,403.958,0.972,470.414,404,1.004,472.455,404,1.022,478,404,1.054,479.803,402.732,1.088,484.132,403,1.121,486.309,403,1.156,489.804,403,1.173,492,403,1.222,493.358,403,1.272,491.898,405.204,1.306,490.732,407.537,1.339,488.464,409.536,1.38,486.906,411.094,1.407,484.618,412.191,1.44,482.463,413.268,1.457,480,416,1.49,474.999,419.001,1.507,472.763,420.119,1.524,470.522,421.239,1.541,468.279,423.721,1.574,466.463,426.806,1.591,464.268,428.465,1.608,462.294,431.559,1.625,461.024,433.952,1.642,458.803,436.197,1.659,456.562,438.438,1.675,454.311,439.345,1.693,453.541,441.917,1.709,451,442.5,1.725,448.581,444.419,1.742,445.502,446.665,1.759,443.093,448.907,1.776,438.696,452.228,1.792,436.611,454.389,1.809,434.36,457.96,1.826,430.68,459.88,1.843,429,463.5,1.86,425.628,467.372,1.876,422.569,469.62,1.893,419.207,470.931,1.909,415.84,473.107,1.926,412.485,474.172,1.943,407.799,475.3,1.96,404.741,479.259,1.977,404.5,482.5,1.994,258,5106,ENPR,
191,406,0, 204.509,404.961,0.019,217.273,403.525,0.036,221.981,402.404,0.051,227.583,401.283,0.068,233.21,400.158,0.085,238.818,399.036,0.101,244.421,397.916,0.119,256.069,398,0.135,259.321,396.67,0.153,265.261,397,0.17,270.292,396.573,0.186,274.774,397,0.202,279.265,397,0.218,283.755,397,0.235,287.185,398.062,0.252,291.729,398,0.269,296.242,398,0.288,302.134,398,0.304,306,398,0.321,310.022,397,0.336,313.384,397,0.353,317.65,397,0.37,321.112,398.037,0.386,326.813,398,0.403,331.139,399.285,0.421,335.61,399,0.438,340.116,399.529,0.461,343.934,400,0.471,348.08,400.77,0.487,353.433,401.887,0.504,360.076,403.013,0.52,364.553,403,0.537,369.04,404.26,0.555,374.918,402.616,0.572,379.018,404,0.588,384.761,404,0.604,390.759,404,0.62,395.494,404,0.639,399.977,404,0.662,403.358,404,0.675,407.948,404,0.687,411.089,404,0.705,414.449,404,0.722,420.431,405,0.738,424.926,405,0.761,429.414,405,0.818,442.127,405,0.826,447.729,405.346,0.839,453.298,406.46,0.856,456.346,405,0.872,460.837,405,0.888,464.498,405,0.905,467.86,405,0.922,470.148,405,0.938,473.597,405,0.955,479.58,405,0.973,480.882,403.559,0.989,484.128,404,1.006,486.375,404,1.022,488.616,404,1.039,490.862,403.069,1.056,493.103,403,1.089,496.446,403,1.106,498.839,403,1.138,501.33,403.335,1.156,503,402.5,1.188,505.803,403,1.206,507.154,404.077,1.255,505.827,406.345,1.289,503.464,408.536,1.322,497.968,411,1.34,495.738,412.131,1.357,493.496,413.252,1.373,492.625,415.749,1.391,490.003,416.498,1.408,489.383,419.233,1.424,487.521,420.74,1.44,485.273,422.727,1.457,482.042,425.958,1.474,478.68,428.213,1.491,474.082,430.459,1.507,469.6,434.05,1.525,465.109,437.418,1.542,460.027,440.784,1.558,454.402,444.159,1.574,447.955,448.363,1.591,440.255,454.781,1.608,434.579,460.421,1.624,428.953,466.047,1.641,423.352,470.318,1.659,417.723,473.366,1.676,412.5,476.5,1.692,403.907,483.186,1.708,398.908,489.092,1.725,392.354,494.705,1.742,387.744,500.32,1.758,379.695,502.373,1.775,374.465,505.921,1.792,368.836,512.164,1.809,192,3657,ENPR,
176,417,0, 193.178,412.958,0.018,207.522,410.58,0.034,217.004,409.666,0.053,230.03,408.543,0.069,242.373,406.421,0.085,256.825,404.596,0.102,271.697,403.177,0.118,299.516,401.11,0.135,315.95,399.932,0.152,331.639,400,0.168,347.357,398.689,0.187,364.521,399,0.203,378.209,399,0.22,392.804,399,0.236,404.181,399.798,0.252,416.147,400,0.269,428.476,401.043,0.286,438.516,401,0.302,451.175,401,0.32,460.702,402.411,0.337,467.5,402,0.354,477.244,402,0.37,485.45,402,0.386,491.502,402,0.403,498.125,402,0.42,503.717,402,0.436,508.067,402,0.453,512.556,402,0.485,514.804,403.268,0.519,514,405.537,0.536,513,407,0.553,510.758,408.121,0.586,507.45,410.367,0.605,505.022,411.489,0.622,500.168,411.611,0.637,496.798,414.202,0.654,493.429,416.714,0.671,490.066,419.934,0.687,485.606,425.493,0.704,478.673,431.106,0.721,467.923,438.051,0.739,460.727,441.87,0.757,452.302,449.111,0.771,441.871,457.703,0.788,434.002,465.831,0.804,427.256,471.787,0.821,419.453,478.469,0.838,409.193,487.606,0.855,400.428,496.572,0.873,392.892,504.108,0.89,382.338,508.963,0.906,373.871,518.881,0.923,367.139,528.482,0.938,359.456,534.674,0.955,350.538,540.289,0.972,343.959,551.735,0.988,337.187,560.418,1.007,330.47,566.53,1.023,321,573,1.04,313.01,583.32,1.056,307.062,591.514,1.072,300.561,596.626,1.089,293.801,604.232,1.106,284.789,613.211,1.123,279.602,620.957,1.139,275.404,627.395,1.157,268,631,1.174,261.512,641.771,1.19,254.412,650.353,1.206,249.449,656.438,1.223,243.937,662.063,1.24,238.368,668.758,1.256,232.738,676.767,1.273,225.731,681.891,1.291,223.502,687.496,1.308,219.141,689.859,1.323,215.774,693.969,1.34,212.41,698.453,1.357,210.024,701.964,1.374,207.787,705.319,1.39,205.54,707.46,1.407,204.648,709.704,1.441,202.464,711.536,1.457,203,714,1.49,201.732,715.535,1.507,200.957,717.086,1.607,204.648,716.176,1.625,206.883,716,1.642,209.128,714.936,1.658,212.553,715,1.675,214.62,713.69,1.693,216.854,712.573,1.71,221.773,710.891,1.726,226.69,708.655,1.742,232.782,707.203,1.76,239.523,705.159,1.775,248.33,703.959,1.792,258.454,702.838,1.808,272.454,699.136,1.826,132,2539,ENPR,
211,413,0, 198.876,410.979,0.017,191.173,409.696,0.035,188.725,410,0.051,187,410,0.151,192.163,408.959,0.169,196.222,409,0.186,204.156,408,0.203,210.908,407.349,0.218,216.877,406.225,0.235,225.168,405.104,0.252,234.117,402.971,0.268,241.964,401.862,0.286,248.545,400.742,0.302,253.893,401,0.32,262.5,399.5,0.336,268.134,399,0.352,273.752,399,0.369,278.493,398.127,0.385,283.981,398,0.402,289.585,396.883,0.419,293.958,397,0.435,298.452,397,0.454,302.94,397,0.47,306.428,397,0.486,310.191,397,0.503,313.553,397,0.519,317.895,397,0.536,321.283,397,0.553,325.868,397,0.569,330.362,397,0.587,333.382,397,0.604,336.173,397.586,0.62,338.407,398,0.636,340.659,398.83,0.653,343.854,399,0.67,347.215,399,0.687,351.78,400.195,0.703,354.936,400,0.721,359.771,401.443,0.738,363.256,401.564,0.754,367.056,402,0.77,370.424,402.808,0.787,374.708,403,0.804,380.258,404.052,0.82,385.849,404,0.837,392.773,405.295,0.855,396.674,406.418,0.872,400.627,406.542,0.888,405.308,407,0.904,411.721,407,0.921,417.551,407,0.938,422.132,407,0.955,426.615,408.154,0.971,429.822,408,0.988,434.591,408,1.006,437.5,408,1.022,443.562,407,1.038,448.806,407,1.055,452.657,407,1.072,456.019,407,1.089,458.263,407,1.105,461.748,407,1.122,466.479,407,1.14,470.977,407,1.156,474.864,406,1.172,478.965,406.741,1.189,481.727,407,1.205,483.972,407,1.222,486.218,407,1.255,488.352,407,1.288,490.535,407,1.556,488.97,409.06,1.606,486.642,410.179,1.807,468.5,423.361,1.826,451,435,1.843,442.607,440.138,1.858,436.241,445.008,1.875,430.632,450.368,1.892,426.023,455.971,1.908,421.513,461.609,1.925,409.563,470.95,1.942,405.178,474.458,1.96,399.565,477.461,1.976,391.737,485.654,1.992,383.873,493.127,2.009,376.016,500.129,2.026,370.111,504.911,2.042,364.508,510.492,2.059,358.906,518.531,2.076,353.287,525.055,2.094,344.727,531.806,2.11,340.658,536.928,2.126,336.154,543.269,2.143,330.837,549.996,2.159,325.223,557.688,2.176,318.531,563.391,2.193,313.009,567.793,2.21,307.389,574.933,2.227,301.779,581.665,2.244,180,3948,ENPR,
200,414,0, 216.263,406.316,0.018,222.043,404.991,0.033,226.605,403.849,0.049,232.399,402.72,0.071,238.094,401.581,0.083,244.015,400.497,0.099,253.909,398.744,0.119,264.529,396.549,0.136,274.916,395.12,0.15,282.845,394.022,0.166,291.921,392.885,0.188,302.516,391.72,0.204,309.395,392,0.217,315.82,392,0.237,323.5,393.5,0.251,331.952,392.707,0.266,338.225,393,0.286,343.78,393,0.306,349.619,394.124,0.321,356.244,394,0.335,363.002,394,0.354,369.412,395.482,0.369,374.907,396.581,0.384,381.174,397,0.403,388.586,398.596,0.417,395.637,399.939,0.433,401.42,402.168,0.455,406.992,403.198,0.468,413.932,404.322,0.488,423.761,405.47,0.506,428.391,406,0.519,434.339,406.668,0.534,439.264,407,0.551,446.56,407.937,0.571,451.28,408,0.586,454.482,408,0.602,457.974,408,0.619,462.76,408,0.64,465.662,408,0.655,469.575,408,0.668,475.65,408.775,0.688,480.668,408.083,0.704,485.248,408,0.718,487.347,408,0.74,490.911,408,0.753,492.757,408,0.769,495,408,0.79,497.222,408,0.804,499,408,0.842,501.821,408,0.855,503.113,409.056,0.87,505.523,409,0.921,507.355,410.178,0.937,504,410,0.987,502.638,411.181,1.003,499.689,411,1.019,497.27,412.365,1.036,495.04,413.48,1.068,492.554,417.446,1.086,490.32,420.519,1.105,488.142,422.858,1.122,485.848,426.227,1.139,482.342,428.438,1.152,479.074,433.235,1.169,477.07,436.395,1.192,471.06,439.764,1.203,465.539,443.769,1.222,459.913,449.087,1.239,453.435,457.42,1.253,441.102,467.735,1.274,430.067,474.16,1.297,422.409,481.303,1.314,412.301,490.288,1.332,403.313,498.161,1.349,396.751,503.599,1.358,389.427,510.573,1.37,379.602,520.398,1.387,371.625,529.428,1.41,363.812,536.018,1.427,354.256,544.744,1.44,342.603,556.396,1.459,335,564,1.474,320.751,572.711,1.489,308.949,584.617,1.507,296.499,594.001,1.522,281.722,603.171,1.538,272.751,615.717,1.557,259.879,625.553,1.579,251.8,630.933,1.598,245.053,639.438,1.61,237.628,647.997,1.622,230.299,654.918,1.64,223.746,658.627,1.66,219.079,662.921,1.673,216.749,669.754,1.689,213.218,675.303,1.712,208.537,679.463,1.73,205.597,683.403,1.741,202.5,686.5,1.772,151,2988,ENPR,
194,432,0, 213.122,425.962,0.018,231.396,422.321,0.034,244.21,418.948,0.053,260.589,417.059,0.069,274.13,414.812,0.085,288.317,413.283,0.102,302.905,412.161,0.118,329.947,410.081,0.135,341.821,410,0.152,355.464,410,0.168,370.258,408.672,0.187,379.06,409,0.203,392.709,409.429,0.219,402.549,409,0.235,412.362,409,0.252,424.308,408.063,0.269,434.558,408,0.286,444.66,408,0.302,456.024,406.698,0.32,461.554,405.574,0.337,468,406,0.354,475.698,406,0.369,481.959,406,0.386,485.749,406,0.403,489.111,407.037,0.42,491.32,407,0.436,493.566,407,0.485,495.358,408.179,0.535,493.821,410.358,0.602,491.798,411.101,0.636,488.496,414.504,0.654,487.128,417.615,0.67,484.023,420.977,0.687,479.54,425.46,0.704,476.295,429.94,0.721,470.205,435.795,0.739,466.064,439.936,0.756,460.986,445.014,0.771,455.368,452.084,0.788,445.53,462.47,0.805,434.303,470.788,0.821,426.352,478.648,0.838,418.477,487.741,0.855,406.65,499.35,0.873,399.791,504.751,0.89,393.932,512.068,0.905,385.358,521.348,0.922,378.041,529.786,0.939,371.304,536.696,0.968,365.651,545.559,0.977,358.859,554.521,0.993,348.175,563.511,1.009,340.936,569.502,1.024,333.083,579.036,1.04,321.807,588.462,1.056,311.581,595.814,1.073,303.528,604.396,1.089,293.593,614.407,1.106,283.506,623.328,1.123,277.252,627.165,1.141,270.549,634.451,1.158,262.702,641.761,1.174,255.712,649.603,1.19,250.876,655.124,1.207,245.48,659.616,1.223,240.901,665.124,1.24,236.418,669.582,1.257,231.927,675.341,1.275,227.433,679.567,1.292,224.975,683.538,1.308,222.728,685.636,1.324,219.721,687.519,1.34,217.5,689,1.357,216.998,691.004,1.374,214.754,693.246,1.407,211.447,696.553,1.425,210.506,698.989,1.442,209.389,701.223,1.457,208.268,703.464,1.474,206.286,704.857,1.491,205.018,706.964,1.507,204.5,708,1.56,207.937,707,1.582,210,707,1.608,213.672,706,1.625,215,706,1.641,217.117,706,1.658,220.596,704.801,1.674,225.307,705,1.693,231.216,705,1.71,236.84,704,1.726,242.455,704,1.742,248.876,704,1.759,255.597,704,1.775,262.359,704,1.792,269.053,704,1.808,277.13,704,1.827,284.966,704,1.844,292.5,702.5,1.86,125,2455,ENPR,
197,402,0, 225.498,402,0.019,238.968,402,0.033,249.413,402,0.051,259.583,402,0.07,269.714,402,0.091,278.136,403.392,0.106,291.575,404.009,0.118,304.417,405.631,0.138,312.987,405.252,0.154,323.103,405.9,0.168,332.985,406,0.187,342.098,404.863,0.208,352.363,405,0.221,364.94,403.642,0.235,376,402.5,0.257,385.988,401,0.273,396.391,400.29,0.287,405.217,400,0.302,413.775,399.028,0.321,423.005,399,0.336,432.88,399,0.353,440.633,399,0.373,447.437,399,0.386,452.987,399,0.402,459.253,399.709,0.422,465.819,400,0.436,471.728,400,0.452,478.42,401.07,0.469,482.878,401,0.492,487.403,402.351,0.506,493.139,402,0.52,497.314,402,0.54,501.612,402,0.554,505.368,402.789,0.569,508.791,403,0.59,511.028,404.014,0.621,513.281,406.281,0.671,511.819,408.361,0.705,508.126,409.937,0.722,505.926,410,0.736,503.639,411.181,0.77,501.38,412.31,0.779,498.217,413.392,0.788,496,414.5,0.807,493.049,416.301,0.821,490.4,418.6,0.838,487.323,420.785,0.857,483.047,423.965,0.871,477.338,428.529,0.889,472.911,433.089,0.908,467.121,437.503,0.927,463.064,441.452,0.942,458.602,445.398,0.954,452.586,449.943,0.974,445.839,456.161,0.991,439.095,461.921,1.005,433.435,467.565,1.022,428.998,470.751,1.045,424.641,474.019,1.063,419.154,478.846,1.076,413.438,483.969,1.09,408.077,488.923,1.106,403.593,494.258,1.125,399.105,499.869,1.14,394.631,503.277,1.155,390.12,509.101,1.172,384.273,513.381,1.191,377.359,520.641,1.206,372.5,527,1.223,368.125,531.594,1.239,362.854,535.488,1.256,357.253,540.747,1.273,350.582,544.209,1.289,345.13,553.393,1.305,340.707,558.617,1.324,336.191,564.262,1.341,331.204,567.237,1.358,326.272,571.728,1.374,319.337,576.236,1.389,315.236,583.45,1.414,310.81,589.238,1.43,306.421,594.723,1.442,301.813,599.187,1.457,295.972,603.623,1.474,292,609.5,1.491,285.381,615.274,1.509,281.64,620.933,1.528,278.355,624.645,1.544,274.993,628.007,1.558,270.347,632.653,1.574,267.149,635.851,1.593,262.381,640.619,1.608,256.5,645,1.624,253,650.5,1.644,248.74,654.26,1.663,244.575,657.569,1.676,239.998,662.002,1.691,236.587,665.413,1.707,229.522,668.739,1.728,165,3183,ENPR,
189,422,0, 215.94,413.711,0.02,243.424,405.783,0.036,261.139,401.972,0.052,276.4,399.4,0.069,291.889,398.079,0.086,305.519,398,0.102,318.967,398,0.119,344.019,399.287,0.136,350.692,400.41,0.154,362,401.5,0.17,370.573,402.653,0.186,378.442,403.777,0.203,388.981,404,0.219,396.125,404,0.236,404.007,404,0.253,411.863,404,0.269,423.869,404,0.288,432,402.5,0.304,440.046,402.369,0.32,449.04,401.245,0.337,457.129,401,0.353,462.991,401,0.37,469.726,402.121,0.387,476.465,402,0.403,484.545,403.364,0.422,487.94,404.485,0.438,492.442,404.611,0.454,496.928,405,0.47,499.71,405.855,0.487,503.911,406.978,0.504,506,407.5,0.521,507.328,407,0.553,509.468,407,0.636,507.893,409.215,0.654,504.705,410.098,0.671,502.361,410,0.689,498.662,411.446,0.706,495.87,413.13,0.722,493.625,414.688,0.739,491.384,416.616,0.755,490.067,418.865,0.773,487.889,422.167,0.788,485.648,424.352,0.805,483.406,427.891,0.823,479.732,432.69,0.84,475,437,0.856,469.335,439.999,0.872,464.07,444.144,0.889,459.367,450.45,0.906,451.797,458.203,0.922,439.306,467.232,0.939,430.784,472.385,0.956,424.588,478.01,0.974,415,486.5,0.99,406.153,494.488,1.006,399.415,500.821,1.023,391.785,505.552,1.04,384.949,511.043,1.056,377.081,518.919,1.073,370.473,525.527,1.09,366.505,530.869,1.108,360.508,534.993,1.124,351.655,539.483,1.152,345.289,546.195,1.162,340.554,552.308,1.179,336.056,557.93,1.201,330.358,562.321,1.209,323.609,565.696,1.224,316.887,569.056,1.242,311.656,573.875,1.259,310.208,580.987,1.274,306.835,586.608,1.291,302.628,591.372,1.308,298.137,594.897,1.324,294.748,597.168,1.341,287.744,600.628,1.358,285.011,605.318,1.376,283.095,612.714,1.393,280.275,615.875,1.409,277.602,620.097,1.425,273.718,623.461,1.441,270.171,626.829,1.458,266.815,630.185,1.475,262.253,633.56,1.492,256.451,636.929,1.51,255.136,644.591,1.527,251.336,648.218,1.543,248.647,652.03,1.559,245.61,655.39,1.575,243.156,657.844,1.592,238.827,661.13,1.609,236.677,665.646,1.626,231.872,668.846,1.644,228.773,673.636,1.661,225.407,677.124,1.677,222.689,680.966,1.693,219.666,683.556,1.709,217.204,685.796,1.726,214.967,688.033,1.743,153,2915,ENPR,
192,404,0, 214.18,396.943,0.014,233.66,390.856,0.035,246.315,387.921,0.051,259.513,386.081,0.065,269.332,385.408,0.084,279.862,385,0.099,291.112,385,0.114,310.038,386.893,0.134,325.201,388.092,0.154,334.916,388,0.169,343.927,389.366,0.186,356.863,390.442,0.203,365.5,391.5,0.218,374.967,391.663,0.243,386.093,392.809,0.251,394.545,393.935,0.265,402.458,395.065,0.288,409.272,396.212,0.305,418.162,397.27,0.316,425.877,399.822,0.335,432.911,400.559,0.353,440.442,401.635,0.366,447.553,403.518,0.383,453.484,405.794,0.403,458.057,407.014,0.422,463.692,408.138,0.438,470.904,409.317,0.451,477.324,410.387,0.47,481.598,411,0.485,484.849,411,0.5,487.562,411,0.517,489.773,411.886,0.537,491,412.5,0.553,492.113,412,0.586,494.391,412,0.635,496.356,412,0.666,499.807,410.731,0.686,503.198,411,0.716,505.354,411,0.736,508,411,0.785,509.352,411,0.819,511.541,411,0.952,508.881,412.06,0.97,505.749,414.168,0.985,502.143,415.286,1.001,500.08,416.46,1.038,495.941,418.53,1.057,493.66,422.34,1.07,489.334,425.75,1.087,483.817,432.219,1.103,477.072,437.773,1.123,466.973,441.901,1.139,457.897,448.327,1.154,449,455,1.171,435.554,464.512,1.187,427.361,471.639,1.203,418.817,476.591,1.221,408.831,484.131,1.238,401.105,491.895,1.252,394.395,499.872,1.269,386.286,504.938,1.287,377,509,1.304,370.5,514.5,1.322,364.635,523.365,1.338,358.756,530.092,1.354,350.968,535.018,1.374,343.334,540.476,1.391,337.978,548.431,1.404,333.466,555.301,1.425,325.547,562.467,1.441,317.904,567.925,1.454,311.454,574.964,1.47,306.651,582.86,1.491,302.007,590.988,1.51,295.63,596.309,1.521,288.702,600.865,1.537,283.342,607.99,1.559,278.202,616.146,1.579,273.769,622.789,1.59,267.839,628.467,1.604,261.055,634.945,1.622,255.193,641.768,1.645,249.841,649.223,1.664,245.333,655.667,1.677,240.824,660.176,1.694,234.904,666.934,1.712,229.875,673.656,1.724,225.321,680.019,1.738,221.595,685.206,1.756,218.249,689.668,1.783,215.959,693.041,1.801,213.865,695.269,1.812,212.731,697.538,1.838,211.729,699.541,1.874,210.735,701.529,2.024,213.107,701,2.056,218.235,703.235,2.077,223.074,703,2.095,228.404,704,2.108,137,3110,ENPR,
187,399,0, 208.189,399,0.018,226.87,399,0.035,238.165,399,0.053,247.5,397.5,0.069,255.955,398,0.085,264.962,398,0.101,273.937,398,0.118,286.882,399.98,0.135,294.776,401.111,0.152,302.652,403.472,0.169,309.121,404.353,0.186,314.415,404,0.203,319.406,405.602,0.219,326.06,406.723,0.235,331.378,407,0.252,336.848,407,0.269,341.361,407,0.286,347.065,407,0.302,352.669,407,0.32,362.675,407,0.337,369.054,406,0.353,376.199,406,0.369,384.593,406,0.386,393.562,405.055,0.403,400.408,405,0.419,407.131,403.811,0.436,412.569,404,0.454,422.471,404,0.471,427.231,404,0.487,432.39,404,0.503,436.405,404,0.52,440.698,404,0.537,446.226,404,0.553,449.491,404,0.57,452.868,404,0.588,456.237,404,0.605,458,404,0.622,461.968,403,0.637,464.562,403,0.654,467.707,402.098,0.671,471.068,402,0.687,473.292,402,0.704,478.073,402,0.72,481.133,402,0.739,483,402,0.756,486.895,402.632,0.771,490.27,403,0.788,492.755,403,0.805,495.001,404,0.837,498.369,404,0.87,501.738,406.492,0.904,503.535,407.268,0.937,506.807,408.269,0.971,503.853,410.147,1.004,500.303,412.465,1.023,498.411,413.179,1.039,496.58,414.71,1.056,494.331,416.669,1.072,491.134,418.911,1.089,488.839,421.161,1.106,485.405,423.397,1.122,482.028,425.648,1.141,478.668,427.888,1.157,473.733,430.701,1.173,469.927,433.382,1.189,465.736,436.448,1.206,462.195,437.935,1.223,457.769,441.173,1.24,452.109,442.178,1.256,446.492,445.905,1.274,439.44,447.853,1.291,434.5,454.5,1.307,430.332,459.668,1.323,425.849,464.151,1.34,421.351,467.737,1.357,415.835,471.099,1.373,409.108,472.149,1.39,404.877,474.562,1.407,401.788,478.212,1.425,398.5,481.5,1.441,396.07,484.93,1.457,392.696,487.536,1.474,389.33,491.561,1.491,385.968,494.021,1.507,381.457,496.271,1.524,378.232,498.512,1.541,376.243,499.379,1.559,374,502,1.575,371.376,503.248,1.591,369.51,504.745,1.618,367.269,506.731,1.633,365.024,508.976,1.649,363.673,511.218,1.663,360.298,513.468,1.678,358.292,517.062,1.693,354.569,520.431,1.71,352.196,523.804,1.725,348.825,527.174,1.742,345.46,529.693,1.759,188,3463,ENPR,
194,396,0, 234.197,395,0.018,252.181,395,0.035,268.95,396.197,0.052,284.443,397.317,0.07,301.645,399.886,0.086,316.891,401.564,0.103,341.545,404.747,0.119,362.956,407.62,0.135,378.103,408.931,0.152,395.858,410.054,0.169,410.291,410,0.186,427.453,411.297,0.204,442.914,411,0.22,456.5,411,0.237,467.322,411.666,0.252,481.219,412,0.269,491.281,412,0.286,502.31,412,0.303,513.537,412,0.319,519.646,412,0.336,523.6,412,0.354,526.5,412,0.369,529.5,413.5,0.402,530.536,413,0.436,526.871,411.957,0.469,524.627,410.814,0.487,522.01,411,0.519,519.514,409,0.537,518,409,0.569,513.773,410,0.587,511.534,411.233,0.604,507.946,412.351,0.622,503.076,413.481,0.639,496.803,417.398,0.654,489.675,422.604,0.671,481.273,429.045,0.688,472.26,436.773,0.705,462.245,441.336,0.721,453.344,447.035,0.738,440.337,456.664,0.756,429.486,465.611,0.773,423.55,471.3,0.789,414.708,477.195,0.805,407.088,487.187,0.822,400.33,496.559,0.838,392.555,503.382,0.855,384.709,510.106,0.872,374.212,522.098,0.89,365.561,531.869,0.907,353.37,540.525,0.924,341.255,552.42,0.938,328.406,563.196,0.956,313.112,572.365,0.972,303.654,584.476,0.989,288.868,594.476,1.005,278.107,602.025,1.022,271.135,612.684,1.041,260.5,622.5,1.057,253.736,627.264,1.073,248.898,634.428,1.089,243.52,642.273,1.106,238.908,651.184,1.123,233.306,656.694,1.139,225.129,659.802,1.156,221.453,667.321,1.174,218.5,675.5,1.191,213.492,681.761,1.206,208.241,687.008,1.223,203.491,690.631,1.24,198.009,693.995,1.257,193.533,698.467,1.273,194,705.441,1.29,191.275,709.449,1.309,189.028,713.944,1.325,187.392,715.823,1.34,186.5,718.5,1.373,185.732,719.536,1.44,189.279,716.814,1.473,192.422,714.578,1.491,195.494,713.169,1.508,198.848,710.152,1.525,202.222,706.778,1.541,206.779,704.611,1.558,212.613,703.677,1.576,215.317,704,1.593,218.692,704,1.609,222.056,703.315,1.625,226.233,703,1.642,231.663,703,1.659,238.334,701.944,1.675,245.029,700.829,1.692,251.789,701,1.709,258.518,701,1.727,269.5,699.5,1.743,277.64,700.663,1.759,285.485,701,1.776,295.174,701,1.792,305.28,702.031,1.809,316.514,702,1.825,124,2421,ENPR,
176,420,0, 203.274,412.925,0.018,210.841,410.76,0.034,216,410,0.051,224.186,410,0.07,232.431,410,0.087,239.646,410,0.102,250.765,410,0.119,259.129,410.855,0.135,267.791,411.974,0.152,275,412,0.169,280,412,0.185,286,412,0.203,295,413,0.22,304.651,413.609,0.236,311.401,414,0.253,318.998,414,0.27,326.831,414,0.286,334.598,414,0.302,341.344,414,0.319,348.051,414,0.337,354.806,414,0.354,364.125,414,0.37,370.557,414,0.386,377.008,414,0.403,386.635,414,0.42,394.561,414,0.437,401.19,412.802,0.453,409.25,411.679,0.471,417.136,412,0.489,426.968,411.433,0.504,434.125,410.312,0.52,440.871,410,0.537,448.53,410,0.554,455.333,408.944,0.571,459.705,407.824,0.587,465.508,408,0.605,471.123,406.575,0.622,476.5,407,0.638,482.665,407,0.654,487.165,406.209,0.671,490.732,406,0.688,494.106,406,0.704,498.623,406,0.721,501.836,407.279,0.738,505.206,407,0.756,510,405.5,0.771,512.5,407.5,0.803,513.536,407,0.837,513,409.09,0.871,510.621,411.379,0.905,506.753,412.623,0.922,503.019,414.491,0.939,499.414,416.724,0.955,496.036,419.964,0.972,492.668,423.332,0.989,489.313,426.687,1.006,485.935,431.419,1.024,479.611,435.911,1.041,470.586,440.805,1.056,461.222,445.611,1.073,450.533,452.927,1.09,437.412,461.725,1.106,428.294,468.53,1.123,421.717,472.856,1.139,413.688,475.991,1.157,405.813,479.366,1.182,402.684,486.316,1.239,384.719,504.141,1.256,376.675,507.568,1.273,372.755,514.867,1.292,368.264,520.169,1.309,363.221,526.334,1.325,357.61,531.712,1.34,350.415,534.596,1.357,343.454,539.622,1.374,339.87,546.259,1.391,334.182,552.982,1.407,328.55,561.029,1.426,322.929,564.657,1.442,314.5,567.5,1.46,310.376,573.937,1.474,305.884,582.232,1.491,300.489,590.315,1.508,293.863,596.114,1.525,284.835,600.582,1.541,278.387,608.881,1.558,274.436,618.128,1.576,267,625.5,1.593,257.605,630.139,1.608,250.482,639.53,1.625,243.712,649.05,1.642,233.978,656.015,1.658,225.018,661.614,1.675,218.538,668.462,1.692,214.531,677.937,1.71,208.554,683.935,1.727,201.349,686.826,1.742,196.066,690.2,1.759,191.586,695.267,1.776,161,3014,ENPR,
182,408,0, 205.114,404.985,0.018,225.066,403.82,0.035,240.243,404,0.053,253.083,404,0.07,267.5,404,0.086,281.707,404,0.102,296.32,404,0.119,321.862,404.914,0.136,336.446,405,0.152,348.762,406.16,0.169,366.2,406,0.186,377.413,406,0.203,391,406,0.22,402.824,407,0.236,414.484,407.771,0.253,425.028,408,0.269,434.117,406.985,0.286,441.963,407,0.303,453.575,407,0.32,459.272,407,0.337,466,405.5,0.354,471.12,405.376,0.37,478.97,405,0.387,484.471,404.132,0.403,488.96,403.01,0.42,491.23,403,0.437,493.471,403,0.469,495.481,404.241,0.503,497.536,405.268,0.536,499.537,406.268,0.554,501.09,407.045,0.62,502.134,409.268,0.653,496.523,412.652,0.671,494.106,414.894,0.688,490.79,418.21,0.705,489.809,422.762,0.721,487.384,425.924,0.739,483.693,429.307,0.756,479.782,435.773,0.772,473.928,440.036,0.788,465.584,445.01,0.805,459.387,453.381,0.822,448.567,464.433,0.838,433.811,472.179,0.855,423.113,481.31,0.872,407.615,493.143,0.889,395,502.5,0.905,383.102,507.949,0.922,373.565,516.987,0.939,367.51,525.287,0.955,360.888,532.112,0.972,352.993,537.719,0.989,342.622,544.585,1.006,339.452,552.708,1.024,335,560.5,1.04,328.211,564.526,1.056,319.964,569.018,1.072,314.498,576.129,1.089,309.008,583.988,1.106,303.405,591.833,1.123,296.535,597.221,1.139,288.488,602.794,1.157,282.084,611.402,1.174,276.969,619.243,1.189,271.34,624.928,1.206,265.734,630.266,1.223,256.218,635.879,1.24,252.717,644.754,1.256,248.111,650.111,1.273,243.633,657.051,1.291,239.142,659.394,1.308,230.745,665.336,1.324,225.583,672.668,1.34,220.866,679.134,1.357,216.188,684.766,1.374,211.713,689.287,1.39,206.015,692.591,1.407,200.4,697.28,1.425,193.33,698.89,1.442,196,705.5,1.458,194,706.374,1.474,194,708,1.574,197.23,707,1.607,203.36,705.213,1.625,206.725,705,1.642,211.124,702.938,1.658,215.607,700.697,1.675,221.385,699.723,1.691,226.985,698.603,1.71,232.5,697.5,1.726,241.483,696.36,1.742,249.353,694.471,1.759,258.087,692.228,1.783,270.117,690.989,1.809,279.031,689.871,1.826,292.622,688.625,1.844,304.882,689,1.861,311.934,689,1.876,322.417,689,1.893,127,2504,ENPR,
