188,400,0, ;209.072,402.107,0.017,;234.383,403,0.033,;251.995,403,0.05,;269.024,403,0.067,;287.945,403,0.083,;308.209,403,0.1,;328.381,403,0.126,;372.704,399.734,0.137,;395.744,395.293,0.152,;415.921,390.351,0.168,;434.582,386.641,0.184,;448.925,385.09,0.201,;458.231,385,0.218,;464.924,386.154,0.238,;467.815,387.272,0.253,;468.395,389.79,0.269,;470.031,392.031,0.286,;471.636,394.273,0.301,;473.518,397.277,0.318,;475.759,399.759,0.335,;478.005,402.005,0.352,;479.123,404.246,0.384,;481.366,406.366,0.401,;482.489,408.978,0.434,;484.536,411.803,0.467,;482.732,413.537,0.485,;480.901,414.049,0.502,;478.558,415.221,0.518,;477.661,419.017,0.537,;475.063,420.937,0.553,;471.068,426.932,0.569,;464.74,435.39,0.586,;455.524,446.306,0.602,;438.778,464.173,0.619,;422.993,481.079,0.636,;402.54,501.46,0.652,;386.261,517.739,0.671,;365.064,537.495,0.687,;349.347,556.531,0.703,;328.761,576.919,0.719,;310.142,595.055,0.736,;294.026,611.901,0.753,;279.384,625.569,0.77,;268.367,635.47,0.786,;255.818,646.893,0.804,;246.264,658.151,0.822,;239.5,667.5,0.838,;229.417,676.238,0.853,;222.326,682.895,0.87,;218.305,686.695,0.887,;215.958,689.042,0.904,;214.861,691.278,0.92,;213.733,693.535,0.953,;211.493,696.761,0.986,;210.732,698.536,1.036,;213.358,699.179,1.054,;215.237,695.644,1.07,;219.083,693.278,1.089,;225.415,691.034,1.106,;237.028,692.397,1.122,;247.484,691.28,1.138,;260.995,691,1.155,;275.632,691,1.171,;291.231,691,1.188,;308.165,689.789,1.205,;327.638,690,1.223,;342.373,691.455,1.24,;363.233,691.577,1.256,;382.559,692.698,1.272,;399.486,694.641,1.289,;415.204,695.943,1.305,;429.829,697.064,1.322,;445.548,698.182,1.338,;457.415,698,1.357,;469.695,696.573,1.374,;481.516,695.448,1.39,;490.039,695,1.406,;495.971,695,1.422,;499.743,695,1.439,;501.5,695,1.456,;502.153,696.077,1.572,;497.971,696,1.59,;495.729,696,1.606,;493.484,698.516,1.7,;0,0,0,;0,0,0,;0,0,0,;0,0,0,;0,0,0,;0,0,0,;0,0,0,;0,0,0,;0,0,0,;0,0,0,;0,0,0,;0,0,0,;0,0,0,;0,0,0,;0,0,0,;85,,,;1700,,,;AEAP,,,
191,400,0, ;225.22,403.015,0.018,;238.597,403,0.035,;253.302,401.746,0.051,;267.886,400.624,0.07,;282.478,399.502,0.086,;298.281,398.381,0.102,;323.943,398,0.119,;343.946,398,0.135,;359.776,398,0.152,;374.387,400.213,0.169,;387.579,400,0.185,;398.509,402.702,0.203,;408.272,402,0.22,;417.168,403.405,0.236,;425.003,403,0.253,;432.869,402.161,0.269,;439.745,402,0.286,;447.576,399.835,0.302,;452.99,398.802,0.319,;458.621,397.676,0.337,;467.088,398,0.354,;473.961,398,0.37,;480.437,398,0.386,;486.067,398,0.403,;492.609,399.87,0.42,;497.222,401.055,0.436,;499.357,402.179,0.453,;500.298,404.597,0.485,;501.268,406.537,0.536,;498.18,408.91,0.553,;497,409.5,0.57,;494.779,411.147,0.603,;491.41,414.59,0.622,;489,417,0.638,;479.296,425.07,0.654,;469.196,434.048,0.671,;459.977,442.145,0.687,;448.996,452.003,0.704,;436.646,464.354,0.735,;426.83,474.17,0.742,;412.88,486.754,0.773,;382.979,512.217,0.788,;367.519,528.669,0.817,;350.322,543.259,0.838,;321.822,570.906,0.855,;309.611,580.954,0.872,;303.961,591.059,0.89,;292.855,599.684,0.907,;279.909,612.012,0.923,;271.353,623.353,0.939,;264.039,631.788,0.955,;255.376,638.718,0.973,;251.779,648.664,0.989,;247.231,653.961,1.005,;242.749,659.563,1.024,;238.264,666.604,1.041,;232.653,672.789,1.057,;227.275,679.769,1.072,;223.594,686.01,1.089,;220.226,688.849,1.106,;217.909,692.136,1.307,;220.078,692,1.325,;223.887,691,1.34,;229.493,691,1.357,;237.972,691.872,1.374,;246.954,692,1.391,;257.011,692,1.407,;272.068,692,1.424,;285.299,690.642,1.443,;300.226,689.521,1.459,;316.411,691,1.474,;331.397,691.723,1.491,;346.853,692,1.508,;363.455,692,1.525,;380.263,690.916,1.541,;395.897,691,1.558,;407.603,691,1.576,;420.019,691,1.593,;431.316,693,1.609,;442.977,693.698,1.625,;452.547,693.182,1.642,;460.587,693.941,1.659,;468.402,694,1.676,;477.462,696.366,1.692,;482.502,697.3,1.71,;485.28,697,1.727,;487.095,698.547,1.742,;489,699.5,1.775,;490.536,699,1.793,;492.035,699,1.859,;489.737,696.737,1.951,;0,0,0,;0,0,0,;0,0,0,;0,0,0,;0,0,0,;0,0,0,;0,0,0,;0,0,0,;92,,,;1951,,,;AEAP,,,
201,412,0,;221.485,410.976,0.018,;240.747,409.589,0.035,;251.5,408.5,0.052,;265.856,408.345,0.068,;279.33,406.445,0.085,;293.702,405.1,0.102,;308.27,402.958,0.118,;336.587,400.713,0.135,;346.906,399.736,0.152,;357.841,400,0.17,;368.932,401.493,0.187,;382.523,400,0.202,;394.514,400,0.219,;405.739,400,0.235,;416.942,400,0.252,;428.169,401.117,0.269,;439.376,401,0.286,;449.218,401,0.303,;457.831,401,0.32,;465.006,402,0.336,;471.339,402.723,0.353,;477.235,403.847,0.369,;483.818,404.97,0.386,;488.37,406.092,0.403,;494.065,407.213,0.42,;498.332,408.333,0.436,;501.372,409.457,0.469,;498.732,411.535,0.502,;495.106,416.841,0.52,;492.873,420.19,0.537,;489.448,423.552,0.553,;483.461,429.539,0.57,;472.132,439.439,0.588,;458,446.5,0.605,;447.93,460.398,0.621,;433.659,471.954,0.638,;422.733,483.186,0.654,;405.372,497.51,0.671,;392.086,508.595,0.687,;376.109,522.335,0.704,;364.556,534.444,0.722,;357,540.5,0.739,;347.483,547.872,0.754,;341.158,555.378,0.771,;336.432,562.352,0.788,;328.912,569.076,0.805,;318.803,576.931,0.822,;310.07,588.413,0.838,;302.356,599.777,0.856,;290.017,610.983,0.873,;274.185,628.434,0.888,;261.842,643.383,0.905,;249.461,656.539,0.922,;242.071,665.905,0.939,;235.362,674.85,0.955,;232.318,677.682,0.972,;228.948,681.052,0.99,;224.109,685.891,1.007,;216.439,693.561,1.022,;210.405,701.033,1.039,;205.65,707.187,1.056,;203.081,710.878,1.073,;202,712.5,1.105,;205.217,709.891,1.139,;208.803,707.464,1.157,;211.39,707,1.173,;213.629,707,1.19,;219.61,706.065,1.206,;227.404,706,1.224,;239.957,706,1.24,;250.99,703.402,1.257,;269.325,699.735,1.274,;287,695,1.291,;307.694,690.995,1.307,;327.186,689.212,1.324,;343.746,689,1.34,;362.527,690.031,1.357,;376.968,690,1.374,;395.358,690,1.391,;404.958,691.396,1.408,;413,691,1.425,;425.107,694.277,1.442,;434.864,695.763,1.458,;445.82,696,1.474,;458.98,695.002,1.491,;472.511,692.748,1.508,;485.973,691.752,1.524,;495.316,692,1.542,;503.881,693.485,1.559,;508.437,694,1.574,;511.47,694.735,1.592,;513,695.5,1.641,;507.775,696.056,1.767,;0,0,0,;0,0,0,;0,0,0,;0,0,0,;0,0,0,;0,0,0,;94,,,;1767,,,;AEAP,,,
194,394,0, ;207.503,403.348,0.019,;225,409,0.036,;238.523,409,0.051,;253.505,409,0.068,;268.33,409,0.085,;284.913,409,0.102,;302.874,409,0.119,;341.825,409,0.135,;358.398,410.355,0.153,;381.578,410,0.17,;403.658,410,0.185,;423.074,410,0.202,;440.705,410,0.219,;455.58,410,0.236,;466.883,410,0.252,;480.532,411.211,0.269,;484.658,411,0.287,;487.372,411,0.302,;489,412.5,0.335,;488.18,415.64,0.353,;487.059,417.882,0.37,;484.877,421.185,0.386,;481.476,426.874,0.403,;478.077,429.923,0.421,;469.02,437.554,0.438,;457.516,450.13,0.454,;441.625,466.036,0.47,;424.099,484.488,0.487,;400.923,504.426,0.503,;379.333,527.737,0.52,;360.311,546.689,0.537,;337.389,568.33,0.555,;317.778,588.222,0.572,;298,606.5,0.588,;281.741,624.335,0.604,;268.353,638.177,0.621,;255.37,649.859,0.637,;244.905,659.085,0.654,;235.95,669.181,0.67,;220.666,680.565,0.688,;213.009,690.365,0.706,;207.016,695.984,0.722,;202.157,699.228,0.738,;198.787,700.738,0.754,;196.5,701.5,0.803,;198,703.113,0.837,;200.471,701.764,0.856,;203.18,700.41,0.872,;206.13,698.58,0.888,;209.498,696.335,0.905,;213.837,693.122,0.922,;222.623,691.922,0.939,;238.811,693.201,0.955,;251.824,691.681,0.973,;272.531,693.443,0.99,;291.202,692,1.006,;310.687,692,1.022,;331.362,693.617,1.039,;354.504,695.858,1.056,;374.926,698.103,1.072,;396.317,701.524,1.089,;412.413,704.883,1.107,;432.113,709.674,1.124,;449,711,1.141,;463.565,712.659,1.156,;478.16,714.563,1.173,;489.136,716.808,1.19,;496.174,718.029,1.206,;502.884,719.147,1.223,;507.071,719,1.289,;501.726,720,1.38,;0,0,0,;0,0,0,;0,0,0,;0,0,0,;0,0,0,;0,0,0,;0,0,0,;0,0,0,;0,0,0,;0,0,0,;0,0,0,;0,0,0,;0,0,0,;0,0,0,;0,0,0,;0,0,0,;0,0,0,;0,0,0,;0,0,0,;0,0,0,;0,0,0,;0,0,0,;0,0,0,;0,0,0,;0,0,0,;0,0,0,;0,0,0,;0,0,0,;72,,,;1380,,,;AEAP,,,
178,411,0, ;215.786,399.264,0.018,;236.39,394.358,0.034,;256.597,390.901,0.051,;275.688,388.684,0.068,;297.192,387.727,0.085,;317.2,388,0.103,;335.5,388,0.12,;369.966,390.281,0.136,;387.202,391.763,0.152,;401.63,393.772,0.169,;415.078,394,0.185,;428.55,395.129,0.202,;440.749,393.75,0.219,;451.726,394,0.237,;461.439,394,0.254,;472.138,394,0.269,;483.396,394.74,0.286,;493.752,395.861,0.302,;502.856,396.982,0.319,;510.734,398.105,0.336,;516.137,401.682,0.353,;520.381,403.69,0.37,;521.943,405.943,0.387,;522,408.183,0.403,;521.284,410.431,0.42,;519.326,412.674,0.437,;517.081,414.919,0.454,;514.84,418.24,0.47,;511.399,421.601,0.486,;506.714,426.286,0.505,;499.335,430.777,0.521,;487,441,0.537,;467.589,457.343,0.553,;444.986,474.153,0.57,;425.174,491.895,0.587,;401.873,508.805,0.604,;383.045,526.781,0.62,;362.597,542.202,0.637,;345.3,560.7,0.655,;329.5,572,0.671,;314.053,586.285,0.688,;303.715,597.071,0.704,;291.122,607.158,0.721,;277.652,621.377,0.738,;264.208,634.792,0.754,;248.18,649.547,0.771,;242.249,661.323,0.789,;233,670.5,0.805,;228.101,675.899,0.822,;227,678.516,0.839,;227,680.759,0.855,;227,682,0.872,;225.938,685.246,0.889,;223.514,688.73,0.905,;218.565,694.794,0.924,;217.016,701.953,0.941,;216.391,710.043,0.955,;215.5,714.5,0.988,;216,714.537,1.005,;219.145,710.855,1.022,;223.877,709.781,1.039,;236.371,711.337,1.058,;249.131,708.067,1.074,;264.753,704.249,1.09,;280.911,700.168,1.106,;298.285,696.509,1.123,;317.173,694.097,1.14,;336.186,690.791,1.156,;358.852,691,1.173,;378.784,689.679,1.191,;403.118,690,1.208,;419.653,690.561,1.224,;439.559,692.36,1.24,;455.426,693.802,1.256,;470.918,695.845,1.273,;484.57,698.095,1.29,;494.491,699.166,1.306,;503.331,700.291,1.323,;510.88,702.823,1.342,;512.5,703.5,1.356,;514,703,1.406,;506.908,701.977,1.424,;503.569,703.144,1.515,;0,0,0,;0,0,0,;0,0,0,;0,0,0,;0,0,0,;0,0,0,;0,0,0,;0,0,0,;0,0,0,;0,0,0,;0,0,0,;0,0,0,;0,0,0,;0,0,0,;0,0,0,;0,0,0,;84,,,;1515,,,;AEAP,,,
184,411,0, ;219.035,405.466,0.017,;235.433,404.112,0.034,;252.128,404,0.051,;267.869,405.134,0.067,;283.555,405,0.084,;301.982,406.374,0.103,;321.471,406,0.119,;356.977,407,0.134,;378.304,407,0.151,;397.642,407,0.168,;415.744,407,0.185,;433.708,407,0.201,;450.448,407,0.218,;461.82,407,0.236,;474.211,407,0.253,;482.963,407.593,0.268,;487.144,408,0.285,;489.673,408.836,0.302,;491,409.5,0.319,;492.076,409,0.368,;490.851,411.298,0.402,;488.621,415.379,0.419,;486.38,419.241,0.436,;482.26,423.74,0.453,;474.64,433.462,0.469,;460.881,444.766,0.486,;450.136,459.723,0.504,;425.962,480.192,0.521,;410,500,0.538,;386.128,521.531,0.553,;368.259,539.741,0.571,;351.405,558.407,0.587,;335.622,572.324,0.603,;317.643,589.209,0.62,;302.171,603.555,0.637,;286.51,620.883,0.655,;268,636,0.671,;259.314,646.317,0.687,;250.697,654.545,0.704,;245.488,659.512,0.72,;240.982,665.022,0.737,;234.277,672.844,0.753,;225.05,684.438,0.771,;216.063,692.937,0.789,;211.554,700.424,0.806,;206.957,707.651,0.821,;201.348,713.652,0.838,;197.436,717.564,0.855,;194.072,720.928,0.871,;191.816,723.184,0.938,;194.268,723,0.955,;197.413,722,0.972,;200.48,721.173,0.988,;203.842,719.105,1.005,;211.506,716.856,1.022,;220.537,715.808,1.038,;236.108,714.684,1.057,;250.655,712.13,1.073,;269.481,710.442,1.089,;287.868,708.641,1.105,;306.606,708,1.122,;326.608,709.845,1.139,;343.682,711.045,1.156,;362.816,713.331,1.172,;379.34,714.289,1.189,;399.008,716.824,1.207,;411.5,716,1.224,;428.512,717,1.241,;443.84,717,1.256,;456.854,717,1.273,;469.206,715.981,1.289,;484.952,716,1.306,;495.647,716,1.323,;509.584,716,1.341,;518.5,716,1.358,;524.128,716.626,1.373,;528.25,717,1.39,;530.739,717.87,1.407,;532,718.5,1.456,;528.821,718,1.474,;524.548,716.516,1.567,;0,0,0,;0,0,0,;0,0,0,;0,0,0,;0,0,0,;0,0,0,;0,0,0,;0,0,0,;0,0,0,;0,0,0,;0,0,0,;0,0,0,;0,0,0,;0,0,0,;0,0,0,;0,0,0,;0,0,0,;0,0,0,;82,,,;1567,,,;AEAP,,,
200,384,0, ;221.304,390.087,0.018,;241.108,395.362,0.036,;255.013,398.388,0.053,;269.555,401.743,0.068,;284.874,405.116,0.085,;302.252,407.656,0.101,;320.189,409.899,0.118,;357.376,413.21,0.135,;374.082,414.193,0.152,;395.952,414,0.17,;410.104,414,0.187,;427.793,415,0.203,;442.831,415,0.219,;454.999,414.2,0.235,;464.381,413.077,0.252,;474.39,413,0.269,;479.83,414.166,0.286,;482.86,414,0.304,;484.824,414,0.319,;487,415.5,0.351,;489.803,416.268,0.385,;491.537,417.269,0.435,;492.096,419.192,0.469,;489.374,423.877,0.486,;487.504,426.496,0.503,;484.391,429.609,0.52,;478.059,432.97,0.537,;457.965,448.583,0.554,;440.272,466.728,0.57,;418.218,486.068,0.588,;389.506,508.1,0.605,;371.836,526.164,0.621,;351.305,543.091,0.637,;332.546,559.613,0.654,;309.765,572.599,0.671,;294.906,591.431,0.687,;271.812,606.932,0.704,;253.396,627.933,0.722,;237.215,642.333,0.739,;226.707,651.004,0.755,;217.131,656.783,0.771,;213.364,658.818,0.788,;211.122,660.878,0.804,;210,662,0.821,;207.73,663.18,0.837,;205.393,665.607,0.856,;203.149,667.851,0.873,;202,669.093,0.888,;202,671,0.937,;204.017,671.008,0.955,;206.312,671,0.972,;208.558,671,0.99,;210.798,671,1.007,;213,669.5,1.023,;215.924,668.076,1.039,;221.588,667.765,1.055,;231.858,669.772,1.072,;243.085,671.009,1.089,;255.421,671,1.105,;270.275,672.252,1.123,;282.098,672,1.141,;297.398,674.984,1.157,;311.587,677.227,1.172,;327.325,680.213,1.189,;341.332,682.722,1.206,;359.694,685.946,1.223,;373.231,687.103,1.239,;391.645,688.228,1.256,;405.489,689.345,1.275,;421.519,690.466,1.291,;437.25,690.589,1.307,;451.579,691,1.323,;463.317,691.832,1.34,;476.487,692.957,1.357,;484.516,694.074,1.374,;487.575,695.192,1.39,;490.956,696.319,1.472,;487.786,697.107,1.491,;485.953,694.953,1.507,;483.678,698.483,1.598,;0,0,0,;0,0,0,;0,0,0,;0,0,0,;0,0,0,;0,0,0,;0,0,0,;0,0,0,;0,0,0,;0,0,0,;0,0,0,;0,0,0,;0,0,0,;0,0,0,;0,0,0,;0,0,0,;0,0,0,;0,0,0,;0,0,0,;81,,,;1598,,,;AEAP,,,
184,394,0, ;208.105,394,0.018,;229.954,392.845,0.035,;247.422,391.724,0.054,;263.945,392,0.069,;279,390.5,0.086,;294.977,391,0.102,;311.44,391.763,0.119,;340.69,393.772,0.136,;363.124,396.013,0.152,;382.197,397.129,0.169,;401.248,398.25,0.188,;416.295,399.378,0.204,;433.367,400.491,0.221,;447.385,400.615,0.237,;459.376,400.262,0.253,;468.891,400,0.27,;475.892,400.982,0.287,;480.419,402.105,0.319,;482.351,403.175,0.336,;482,405.94,0.402,;484.268,406.134,0.436,;485.067,408.134,0.469,;483.778,411.666,0.503,;476.569,414.686,0.521,;472.581,417.419,0.537,;468.285,422.644,0.554,;461.691,431.413,0.571,;452.607,443.916,0.587,;433.325,461.382,0.606,;418.142,481.113,0.622,;392.5,502.5,0.639,;374.788,524.191,0.654,;357.284,542.716,0.671,;340.437,560.468,0.688,;326.701,574.299,0.704,;310.966,587.743,0.72,;304.082,597.466,0.74,;293.489,603.341,0.765,;285,610,0.787,;276.578,618.054,0.799,;264.946,627.79,0.816,;251.471,639.652,0.829,;241.997,651.004,0.839,;231.892,661.108,0.855,;220.613,669.909,0.872,;216.171,677.561,0.89,;213.539,682.435,0.907,;210.782,685.827,0.922,;208.535,688.465,0.939,;207,690,0.972,;205.464,692.803,1.004,;207.113,694.227,1.039,;209.536,694,1.056,;212.413,694,1.072,;214.653,694,1.089,;217.854,693.049,1.106,;222.279,691.93,1.123,;227.963,690.807,1.139,;236.174,691,1.158,;245.494,689.563,1.175,;255.69,688.443,1.19,;268.472,687.321,1.206,;280.016,686.198,1.223,;294.917,685.077,1.241,;310.635,682.909,1.257,;328.618,683,1.274,;342.796,681.708,1.292,;362.945,682,1.308,;377,680.5,1.325,;395.486,681.347,1.34,;410.878,681,1.357,;424.777,681,1.374,;436.208,683.042,1.39,;447.368,684.137,1.407,;456.122,686.531,1.423,;460.938,687.388,1.442,;471,688.5,1.459,;477.37,689,1.474,;483.747,689,1.492,;489.358,689.872,1.507,;495.953,690.992,1.524,;500.442,691,1.541,;504.954,691,1.558,;506.711,691,1.59,;508.536,693.536,1.624,;500.758,691.303,1.641,;496.121,691.97,1.733,;0,0,0,;0,0,0,;0,0,0,;0,0,0,;0,0,0,;0,0,0,;0,0,0,;0,0,0,;0,0,0,;0,0,0,;0,0,0,;0,0,0,;88,,,;1733,,,;AEAP,,,
196,416,0, ;218.505,413.954,0.018,;240.522,412.675,0.057,;274.687,413.579,0.075,;291.549,414.703,0.087,;303.5,415.5,0.101,;327.092,415.057,0.12,;366.091,415,0.135,;381.06,413.871,0.152,;401.379,412.757,0.17,;418.357,410.152,0.186,;434.5,409.5,0.202,;448.769,409,0.226,;459.38,409,0.235,;468.349,409,0.263,;475.248,410.041,0.27,;481.972,410,0.286,;486.149,411.287,0.303,;489.213,411,0.322,;494,412.5,0.338,;495.278,413.639,0.353,;497,414.5,0.387,;498.538,415.269,0.402,;499.069,419.275,0.435,;495.425,422.575,0.453,;493,425,0.47,;489.5,427,0.486,;478.78,435.473,0.503,;462.984,446.677,0.52,;448.102,460.898,0.536,;429.082,474.354,0.553,;413.738,489.029,0.57,;392.675,504.92,0.588,;379.815,516.233,0.604,;362,530.5,0.62,;343.757,547.083,0.637,;325.541,564.459,0.653,;305.658,583.379,0.671,;284.403,604.597,0.687,;266.722,625.893,0.704,;247.478,636.573,0.722,;239.958,650.389,0.738,;230.5,658.5,0.755,;221.149,663.772,0.771,;216.546,668.272,0.788,;214.126,671.811,0.804,;212.942,675.173,0.821,;211.822,677.357,0.838,;210.702,679.597,0.855,;209.575,681.851,0.92,;212.268,683.268,0.938,;213.018,685.035,1.004,;215.261,686.13,1.054,;220.551,685.888,1.072,;228.031,687.004,1.089,;240.399,687,1.106,;251.478,687,1.122,;266.781,685.632,1.141,;281.398,684.508,1.157,;296.146,685,1.173,;313.047,685.736,1.19,;330.725,686.858,1.206,;346.718,687.98,1.223,;366.847,689.103,1.24,;382.056,690.218,1.257,;399.128,691.342,1.274,;411.623,692.469,1.291,;427,696.5,1.307,;442.94,697.42,1.323,;455.31,698,1.34,;468.438,698,1.357,;481.912,698,1.374,;491.726,698,1.39,;500.565,699.321,1.407,;509.473,699,1.425,;512,699,1.441,;515.367,700,1.457,;517,700,1.54,;511.721,702.139,1.633,;0,0,0,;0,0,0,;0,0,0,;0,0,0,;0,0,0,;0,0,0,;0,0,0,;0,0,0,;0,0,0,;0,0,0,;0,0,0,;0,0,0,;0,0,0,;0,0,0,;0,0,0,;0,0,0,;0,0,0,;0,0,0,;0,0,0,;0,0,0,;0,0,0,;79,,,;1633,,,;AEAP,,,
224,386,0, ;255.061,390.633,0.018,;272.085,391.939,0.035,;289.92,393.057,0.052,;309.065,394.18,0.07,;326.815,396.602,0.087,;347.68,398.853,0.104,;367,401,0.12,;403.705,405.669,0.136,;421.635,406.79,0.152,;438.686,407,0.17,;454.492,407,0.186,;466.71,407,0.202,;479.041,407,0.221,;487.17,407,0.237,;488.5,408.5,0.253,;490,408,0.285,;491.536,410.536,0.335,;489.937,412.126,0.385,;490,415.536,0.419,;485.278,422.583,0.437,;482.054,426.928,0.454,;470.951,438.049,0.471,;456.076,448.024,0.487,;429.39,470.226,0.506,;400.208,490.491,0.522,;369.215,520.785,0.538,;341.827,546.026,0.554,;314.123,567.031,0.572,;298.534,586.243,0.589,;278.592,601.017,0.605,;267.992,616.811,0.621,;251.537,633.781,0.642,;242.899,645.873,0.657,;235.046,655.953,0.685,;227.875,662.437,0.692,;222.767,667.233,0.705,;219.208,671.723,0.722,;216.902,677.246,0.746,;213.779,684.395,0.764,;205.676,693.905,0.772,;196.656,705.18,0.803,;192.5,711.5,0.813,;193.5,712.5,0.854,;196.357,711,0.872,;199.222,709.926,0.889,;201.53,710,0.922,;204.772,710,0.94,;208.909,709,0.956,;214.563,709.761,0.972,;224.817,710,0.989,;239.058,708.996,1.006,;253.626,705.625,1.022,;274.415,702.264,1.039,;291.907,696.154,1.057,;312.785,695.024,1.074,;334.954,694.391,1.09,;358.168,694,1.106,;380.254,694.855,1.123,;401.579,695.978,1.14,;422.871,699.295,1.156,;441.726,701.438,1.173,;459.47,705.026,1.191,;471.55,708.388,1.208,;487,713,1.224,;492.951,714.415,1.24,;499.145,716.658,1.257,;503.797,717,1.274,;506,717,1.29,;506.19,718.095,1.34,;503.642,715.642,1.358,;497.95,714,1.448,;0,0,0,;0,0,0,;0,0,0,;0,0,0,;0,0,0,;0,0,0,;0,0,0,;0,0,0,;0,0,0,;0,0,0,;0,0,0,;0,0,0,;0,0,0,;0,0,0,;0,0,0,;0,0,0,;0,0,0,;0,0,0,;0,0,0,;0,0,0,;0,0,0,;0,0,0,;0,0,0,;0,0,0,;0,0,0,;0,0,0,;0,0,0,;0,0,0,;72,,,;1448,,,;AEAP,,,
215,380,0, ;235.007,380,0.016,;257.497,380,0.033,;276.221,380,0.05,;296.669,380,0.068,;318.391,381.494,0.085,;337.05,382.614,0.101,;357.222,383.735,0.117,;392.003,385.714,0.134,;410.691,387.956,0.151,;425.307,389.101,0.168,;441.097,391.442,0.184,;451.439,392.344,0.203,;459.741,393.468,0.219,;469.125,393.589,0.235,;476.251,394.709,0.251,;479.661,395.831,0.268,;480.951,397.903,0.285,;481.5,399,0.301,;483.195,400.195,0.401,;482.069,403.861,0.419,;481.5,405,0.435,;479.832,407.251,0.452,;477.423,408.289,0.469,;472.355,410.823,0.487,;466.5,413,0.504,;460.726,424.547,0.519,;450.453,437.324,0.536,;434.498,451.702,0.552,;418.709,470.353,0.569,;398.417,488.296,0.586,;379.509,506.227,0.603,;365.971,524.19,0.621,;348.5,543.5,0.638,;333.797,561.096,0.653,;317.737,578.263,0.67,;306.138,593.357,0.687,;295.037,606.955,0.703,;282.691,620.428,0.72,;274.083,631.396,0.737,;266.464,643.986,0.755,;254.201,657.759,0.772,;245.177,671.44,0.787,;234.033,686.416,0.804,;223.38,700.16,0.821,;217.152,711.697,0.837,;211.559,719.617,0.854,;208.367,725.055,0.871,;204.989,729.348,0.889,;204.545,732.367,0.903,;202,735.5,0.937,;204.268,736.537,0.97,;206.044,737.022,1.004,;209.467,733.533,1.022,;213.293,729.707,1.039,;215,726.5,1.056,;229.796,727.323,1.072,;246.74,723.815,1.089,;273.01,718.398,1.106,;296.866,709.67,1.122,;322.717,703.03,1.139,;342.087,696.304,1.156,;366.571,693.776,1.173,;383.5,692,1.19,;402.07,692.352,1.206,;417.021,692.771,1.223,;429.814,694.784,1.239,;441.126,698.038,1.256,;451.218,699.135,1.273,;457.52,702.76,1.29,;465.656,703.38,1.307,;473.496,704.499,1.324,;482.956,704.62,1.34,;491.933,704.258,1.357,;499.192,703.135,1.373,;504.93,703,1.39,;507.217,703,1.456,;503.598,700.732,1.579,;0,0,0,;0,0,0,;0,0,0,;0,0,0,;0,0,0,;0,0,0,;0,0,0,;0,0,0,;0,0,0,;0,0,0,;0,0,0,;0,0,0,;0,0,0,;0,0,0,;0,0,0,;0,0,0,;0,0,0,;0,0,0,;0,0,0,;0,0,0,;0,0,0,;0,0,0,;78,,,;1579,,,;AEAP,,,
207,416,0, ;226.061,413.994,0.018,;243.301,412.847,0.035,;261.348,411.728,0.052,;277.969,410.602,0.07,;296,411,0.086,;315.888,409.36,0.102,;337.294,408.235,0.119,;375.662,406.228,0.135,;398.08,403.991,0.152,;412.683,402.871,0.169,;427.215,403,0.186,;436.36,404.373,0.204,;443.409,404,0.221,;449.454,405.613,0.287,;463.443,409.111,0.303,;466.664,410.221,0.319,;470.038,410,0.336,;476.348,411.47,0.369,;476,415.423,0.386,;476,417.669,0.403,;475.045,420.866,0.42,;472.848,424.228,0.437,;470.607,427.59,0.453,;467.042,429.639,0.471,;463.662,434.784,0.488,;455.465,448.369,0.505,;440.337,465.663,0.52,;424.494,486.355,0.537,;403.424,506.718,0.554,;387.307,528.989,0.571,;370.417,545.583,0.587,;360.052,565.011,0.606,;340.305,581.276,0.622,;326,602,0.639,;307.745,618.893,0.654,;293.866,632.575,0.671,;281.056,645.848,0.688,;271.801,658.274,0.704,;258.285,674.001,0.721,;246.008,689.808,0.738,;240.642,705.502,0.756,;226.5,721,0.773,;218.202,732.33,0.788,;214.488,740.536,0.805,;212.244,743.756,0.822,;211,745,0.905,;214.612,740.776,0.922,;216.466,737.068,0.939,;220.414,732.586,0.956,;232.685,732,0.972,;246.158,729.807,0.989,;263.219,726.356,1.005,;282.8,720.294,1.024,;303.325,716.15,1.041,;325.681,711.664,1.057,;350.235,707.882,1.073,;374.357,704.52,1.089,;398.884,702.102,1.106,;419.258,703.07,1.123,;440.66,701.807,1.139,;458.011,704.626,1.158,;473.103,705.436,1.175,;485.444,708.555,1.191,;493.75,709.679,1.215,;501.577,710.797,1.23,;505.75,711.917,1.241,;508.079,713.039,1.274,;510.285,715.285,1.34,;504.913,711.685,1.357,;500.424,710.106,1.448,;0,0,0,;0,0,0,;0,0,0,;0,0,0,;0,0,0,;0,0,0,;0,0,0,;0,0,0,;0,0,0,;0,0,0,;0,0,0,;0,0,0,;0,0,0,;0,0,0,;0,0,0,;0,0,0,;0,0,0,;0,0,0,;0,0,0,;0,0,0,;0,0,0,;0,0,0,;0,0,0,;0,0,0,;0,0,0,;0,0,0,;0,0,0,;0,0,0,;0,0,0,;71,,,;1448,,,;AEAP,,,
200,401,0, ;233.44,406.525,0.017,;249.241,408.749,0.034,;264.085,410.007,0.05,;278.57,411.121,0.067,;294.484,412.249,0.084,;311.569,413.371,0.101,;328.307,413,0.118,;360.782,413,0.134,;377.275,413,0.151,;393.78,413,0.167,;407.613,412.032,0.188,;421.059,412,0.203,;433.294,410.791,0.233,;441.379,410.34,0.257,;448.292,411,0.286,;455.413,411.707,0.297,;458.467,412,0.32,;466.284,413.071,0.335,;469.554,413,0.352,;474.272,414.318,0.369,;480.132,415.426,0.386,;482.116,416.558,0.403,;484.372,417,0.419,;486,417,0.451,;487.033,418.016,0.501,;485.864,420.273,0.519,;486,423,0.537,;482.699,425.301,0.552,;478.109,426.778,0.569,;464.423,440.475,0.586,;449.703,455.297,0.603,;429.542,475.458,0.619,;413.138,496.892,0.636,;389.199,518.411,0.654,;373,542.5,0.67,;354.369,562.507,0.686,;335.994,586.508,0.703,;313.623,608.627,0.72,;298.075,632.874,0.736,;280.234,655.207,0.753,;269.64,667.832,0.77,;259.744,675.894,0.788,;252.661,684.815,0.804,;248.203,686.797,0.82,;245.5,689.5,0.852,;244.462,689.269,1.003,;249.137,689,1.037,;253.613,686.694,1.055,;257.292,685.569,1.072,;266.5,686,1.089,;278.047,685,1.105,;289.719,685,1.121,;303.91,684.084,1.138,;320.524,682.965,1.155,;337.337,681.844,1.172,;355.332,680.729,1.188,;376.333,681,1.206,;397.5,682.5,1.223,;413.31,682,1.243,;430.563,682.771,1.271,;447.244,683.883,1.279,;460.117,686.021,1.29,;474.706,687.131,1.306,;488.016,688.251,1.325,;496.003,688,1.341,;501.476,689,1.357,;505.247,689.623,1.373,;507,690.5,1.421,;502.917,690,1.512,;0,0,0,;0,0,0,;0,0,0,;0,0,0,;0,0,0,;0,0,0,;0,0,0,;0,0,0,;0,0,0,;0,0,0,;0,0,0,;0,0,0,;0,0,0,;0,0,0,;0,0,0,;0,0,0,;0,0,0,;0,0,0,;0,0,0,;0,0,0,;0,0,0,;0,0,0,;0,0,0,;0,0,0,;0,0,0,;0,0,0,;0,0,0,;0,0,0,;0,0,0,;0,0,0,;70,,,;1512,,,;AEAP,,,
170,396,0, ;192.681,398.062,0.018,;213.851,398,0.036,;228.733,398,0.053,;246.73,396.392,0.068,;265.392,394.542,0.085,;285.351,391.442,0.102,;307.476,390.026,0.119,;347.553,386.704,0.135,;369.551,387,0.152,;387.685,388.334,0.17,;403.98,389.465,0.187,;419.008,391,0.203,;432.446,391.704,0.219,;443.439,392,0.236,;451.617,392,0.252,;457.35,393.07,0.269,;462.953,393,0.286,;465.932,394.311,0.302,;467.87,395.435,0.335,;470.805,397.537,0.369,;472.536,398.268,0.386,;473.022,400.043,0.42,;473,402.284,0.453,;474.264,404.529,0.47,;474,407,0.502,;471.205,409.898,0.52,;468.967,412.033,0.537,;467.861,415.418,0.554,;466.743,422.545,0.571,;464.233,430.685,0.588,;457.5,441.5,0.605,;449.013,449.233,0.621,;439.284,461.955,0.637,;430.044,472.825,0.654,;419.119,485.857,0.671,;405.616,500.499,0.687,;395.903,511.33,0.704,;383.082,527.987,0.722,;370.722,539.278,0.739,;359.009,557.388,0.755,;344.868,569.513,0.771,;334.252,582.966,0.788,;322.401,593.672,0.805,;311.116,601.619,0.821,;303.555,614.271,0.838,;290.374,626.626,0.857,;279.497,633.152,0.873,;272.55,644.6,0.889,;265.14,652.86,0.905,;257.263,658.279,0.922,;251.304,664.635,0.939,;246.761,672.418,0.955,;243.453,677.912,0.972,;238.788,684.818,0.99,;234.297,688.703,1.007,;230.907,690.093,1.023,;227.989,692.341,1.039,;225.413,694.587,1.056,;223.167,696.833,1.072,;222,698,1.089,;221.922,699.155,1.138,;224.35,697.825,1.172,;230.304,695.464,1.19,;237.219,696.777,1.207,;244.051,697,1.223,;254.161,698.129,1.239,;268.06,698,1.257,;282.897,696.623,1.275,;301.957,695.503,1.291,;321.693,693.385,1.308,;340.071,691.524,1.324,;361.297,691,1.34,;380.763,691,1.357,;399.81,692.107,1.374,;417.638,694.455,1.39,;430.176,695.348,1.419,;442.145,697.935,1.439,;451.738,699.592,1.45,;460.696,700,1.47,;469.661,700.833,1.484,;477.701,700.043,1.493,;483.39,700,1.508,;489.004,700,1.525,;493.286,700,1.542,;496.332,700,1.624,;491.974,698.991,1.641,;488.485,697.828,1.735,;0,0,0,;0,0,0,;0,0,0,;0,0,0,;0,0,0,;0,0,0,;0,0,0,;0,0,0,;0,0,0,;0,0,0,;0,0,0,;0,0,0,;88,,,;1735,,,;AEAP,,,
186,370,0, ;210.186,376.309,0.018,;238.865,380.278,0.033,;258.691,381.761,0.05,;278.909,382.884,0.067,;300.045,383,0.084,;322.502,383,0.1,;346.214,383,0.117,;394.342,384.368,0.135,;406.858,384,0.152,;424.782,386.611,0.167,;441.268,387.733,0.184,;455.287,388,0.201,;468.735,388,0.217,;483.308,388,0.234,;492.902,388,0.251,;499.081,389.347,0.269,;504.353,390.471,0.284,;505,393,0.317,;504,396.496,0.334,;504,398.903,0.351,;502.928,402.216,0.368,;499.416,405.584,0.385,;494.709,408.968,0.403,;491.674,410.884,0.42,;486.624,420.627,0.436,;475.108,433.892,0.452,;459.743,448.453,0.469,;439.391,466.755,0.485,;422.257,483.743,0.502,;399.557,502.926,0.519,;382.315,518.099,0.537,;361.469,539.531,0.554,;342,553,0.57,;325.822,568.233,0.586,;311.431,581.348,0.602,;300.863,592.137,0.619,;285.681,604.251,0.636,;272.253,622.329,0.653,;252.431,639.031,0.67,;243.091,657.255,0.687,;230.5,667.5,0.704,;221.206,678.058,0.72,;215.982,685.527,0.736,;212.367,689.633,0.753,;209.005,692.995,0.77,;207.5,694.5,0.786,;207.879,695.242,0.852,;210.731,693.537,0.87,;212.703,693,0.887,;214.952,692.024,0.904,;220.46,692,0.92,;232.151,694.43,0.937,;246.029,695.336,0.955,;260.96,699.375,0.972,;280.717,700.581,0.988,;298.965,702.408,1.004,;319.633,703.823,1.021,;339.133,704,1.038,;362.423,705.068,1.054,;381.239,705,1.071,;400.29,707.622,1.089,;415.074,708.434,1.106,;430.78,711,1.122,;445.831,711.679,1.138,;457.983,712,1.155,;470.147,712,1.172,;481.433,712,1.188,;487.996,712,1.205,;494.736,712,1.221,;497.234,713.411,1.254,;499.802,715.535,1.304,;491.938,712,1.322,;490.861,709.722,1.412,;0,0,0,;0,0,0,;0,0,0,;0,0,0,;0,0,0,;0,0,0,;0,0,0,;0,0,0,;0,0,0,;0,0,0,;0,0,0,;0,0,0,;0,0,0,;0,0,0,;0,0,0,;0,0,0,;0,0,0,;0,0,0,;0,0,0,;0,0,0,;0,0,0,;0,0,0,;0,0,0,;0,0,0,;0,0,0,;0,0,0,;74,,,;1412,,,;AEAP,,,
181,379,0, ;199.244,379,0.018,;216.318,379,0.035,;230.514,379,0.053,;240.768,379,0.069,;250.37,380,0.085,;259.762,380,0.102,;267.9,380.843,0.118,;280.563,382.927,0.135,;288.59,383,0.152,;298.862,384.207,0.168,;307.615,385.327,0.187,;318.088,386.454,0.203,;330.683,387.568,0.22,;342.646,388,0.235,;358.22,388,0.252,;373.181,388,0.269,;393.038,386.942,0.286,;408.558,385.817,0.302,;429.359,387.298,0.32,;448.217,388.424,0.337,;465,394,0.354,;483.272,402.974,0.369,;495.848,408.139,0.386,;506.192,410.82,0.403,;510.093,412.031,0.42,;513.454,413.151,0.469,;509.482,413,0.488,;504.44,411.64,0.503,;498.446,412.759,0.52,;492.582,414.767,0.537,;487.982,418.013,0.553,;473.347,430.399,0.57,;456.206,445.288,0.587,;436.761,462.505,0.605,;417.599,480.907,0.622,;399.463,497.147,0.637,;383.725,511.073,0.654,;368.86,527.711,0.671,;351.354,544.669,0.687,;334.488,565.915,0.704,;315.29,587.147,0.721,;304.202,603.18,0.739,;299.2,617.066,0.756,;288.309,626.105,0.771,;281.45,633.26,0.788,;276.671,639.161,0.805,;274.093,642.86,0.821,;269.713,646.215,0.838,;266.423,648.384,0.854,;263.044,650.637,0.873,;258.264,655.736,0.889,;250.757,661.243,0.906,;247.63,667.109,0.922,;244.587,674.631,0.938,;239.357,683.429,0.955,;233.753,688.198,0.972,;230.498,691.502,0.988,;227.126,694.874,1.005,;225.173,695.413,1.054,;223.642,696.179,1.088,;221.464,699.803,1.106,;220.929,701.141,1.155,;219.83,698.66,1.188,;225.016,694.492,1.206,;229.495,691.378,1.223,;242.978,691,1.24,;259.716,691,1.256,;280.321,689.76,1.273,;301.845,688.64,1.291,;324.659,687.517,1.308,;347.073,686.396,1.323,;367.348,686,1.34,;389.823,686.849,1.357,;408.484,686.032,1.374,;429.762,687.093,1.39,;449.782,687,1.407,;463.346,687,1.425,;476.476,687,1.442,;481.313,687.578,1.457,;485,688.5,1.49,;485.536,689.268,1.507,;482.934,689,1.524,;480.628,687.814,1.54,;478.375,688,1.557,;474.713,688,1.665,;0,0,0,;0,0,0,;0,0,0,;0,0,0,;0,0,0,;0,0,0,;0,0,0,;0,0,0,;0,0,0,;0,0,0,;0,0,0,;0,0,0,;0,0,0,;0,0,0,;86,,,;1665,,,;AEAP,,,
207,390,0, ;233.074,391.003,0.018,;255.109,391,0.035,;273.873,391,0.053,;290.066,391,0.069,;306.5,389.5,0.086,;320.807,389,0.102,;335.08,389,0.119,;360.355,390.788,0.135,;376.191,392.015,0.152,;389.652,392,0.169,;400.58,393.258,0.185,;410.427,394.381,0.203,;420.5,394,0.22,;429.624,394.625,0.236,;438.224,395.746,0.253,;446.086,396,0.269,;450.969,396.992,0.287,;456.552,397,0.303,;460.916,398.229,0.319,;466.774,398,0.338,;472.374,398,0.355,;477.395,398,0.37,;480.437,398.719,0.386,;482.685,399,0.404,;484,399,0.42,;485.084,401.084,0.452,;486.166,403.332,0.47,;486,405.887,0.503,;484.61,408.695,0.521,;483.182,410.637,0.537,;481.126,411.937,0.554,;477.814,416.247,0.571,;474.453,420.73,0.588,;468.488,427.814,0.606,;462.867,437.412,0.622,;456,444.5,0.639,;445.664,455.671,0.654,;436.682,465.318,0.671,;429.526,474.298,0.688,;420.719,486.387,0.704,;405.975,499.87,0.721,;395.262,510.738,0.738,;382.632,527.559,0.757,;370.312,539.771,0.772,;358.297,554.987,0.788,;345.611,567.627,0.805,;335.027,582.402,0.822,;319.938,595.049,0.838,;307.602,607.398,0.855,;297.77,624.717,0.874,;284.871,632.003,0.89,;275.561,645.426,0.907,;267.468,655.302,0.922,;257.349,662.434,0.94,;252.415,670.893,0.956,;248.072,677.892,0.972,;242.488,685.717,0.99,;236.871,693.58,1.005,;231.26,701.436,1.024,;221.274,703.397,1.041,;224.407,709.185,1.055,;223.5,711,1.105,;226.357,710,1.138,;228.208,710,1.189,;230.359,710,1.223,;232.931,706.139,1.24,;236.148,703.901,1.257,;241.873,702.826,1.273,;256.507,704.292,1.292,;272.816,701.169,1.308,;292.5,697.5,1.325,;313.859,694.023,1.341,;332.498,693,1.357,;353.146,693,1.374,;373.449,691.975,1.391,;397.051,692,1.407,;415.569,690.731,1.424,;436.037,693.782,1.442,;451.5,694.5,1.459,;462.949,699.895,1.474,;473.019,703.257,1.491,;479.396,704.879,1.508,;482.995,707.995,1.525,;484.119,710.237,1.575,;481.675,707.675,1.701,;0,0,0,;0,0,0,;0,0,0,;0,0,0,;0,0,0,;0,0,0,;0,0,0,;0,0,0,;0,0,0,;0,0,0,;0,0,0,;0,0,0,;0,0,0,;0,0,0,;86,,,;1701,,,;AEAP,,,
180,395,0, ;202.126,396.054,0.018,;228.087,396,0.034,;244.068,396.791,0.051,;259.8,397.914,0.067,;274.457,399.035,0.084,;290.21,400.158,0.101,;305.899,401.279,0.118,;342.469,405.186,0.135,;350.5,405.5,0.152,;366.71,407.643,0.168,;383.261,408.766,0.185,;397.679,409,0.201,;410.117,410.011,0.218,;424.733,410,0.235,;436.793,411.254,0.252,;451.869,411,0.27,;460.448,411,0.286,;470.521,413.227,0.302,;480.633,414.737,0.319,;490.751,415.861,0.335,;501.84,416,0.352,;510.837,416,0.368,;516.149,416,0.385,;519.034,418.689,0.418,;519.268,420.536,0.464,;515.337,425.663,0.471,;512.134,428.866,0.486,;508.772,432.228,0.508,;504.205,433.199,0.52,;499.722,436.958,0.54,;493.348,441.21,0.554,;487,446.5,0.57,;470.707,458.862,0.587,;456.282,470.908,0.604,;437.243,481.379,0.62,;422.331,495.669,0.644,;399.69,508.439,0.66,;378.977,523.841,0.687,;360.706,536.776,0.704,;332.405,557.276,0.72,;324.304,563.131,0.737,;316.669,566.713,0.754,;308.796,570.087,0.778,;302.104,579.195,0.794,;286.923,590.99,0.819,;271.7,603.691,0.834,;257.794,617.177,0.856,;235.24,639.76,0.881,;225.993,649.007,0.9,;217.973,656.031,0.921,;199.642,676.594,0.943,;189.43,688.937,0.968,;182.544,698.42,0.997,;175.277,710.447,1.021,;174.5,712,1.039,;176.029,713.059,1.071,;179.512,713,1.088,;181.931,714.466,1.107,;184,714,1.123,;188.551,714.71,1.139,;196.648,715.831,1.155,;208.487,716,1.172,;220.838,713.848,1.189,;240.261,710.425,1.22,;260.723,705.728,1.239,;282.92,701.24,1.255,;323,694.5,1.272,;346.676,696,1.289,;367.605,697.853,1.306,;387.852,702.189,1.323,;404.557,704.341,1.34,;422.601,709.15,1.356,;439.227,709.415,1.374,;454,713.5,1.391,;466.53,714.312,1.406,;481.133,715.779,1.423,;492.118,716.902,1.44,;505.273,718.023,1.457,;515.292,719.143,1.473,;521.582,719,1.49,;526.938,720.388,1.507,;532.487,721.497,1.647,;0,0,0,;0,0,0,;0,0,0,;0,0,0,;0,0,0,;0,0,0,;0,0,0,;0,0,0,;0,0,0,;0,0,0,;0,0,0,;0,0,0,;0,0,0,;0,0,0,;0,0,0,;0,0,0,;0,0,0,;83,,,;1647,,,;AEAP,,,
182,379,0, ;197.5,383.133,0.019,;209.874,386.107,0.036,;217.068,387.678,0.052,;223,389.6,0.068,;230.458,391.845,0.085,;237.26,393.043,0.102,;245.162,394.166,0.118,;262.013,397.86,0.137,;270.684,401.228,0.153,;278.224,401,0.17,;287.216,401.652,0.185,;296.975,402.775,0.202,;306.17,403.896,0.219,;315.134,404,0.236,;325.216,405.135,0.252,;332.824,405,0.269,;340.665,406.381,0.287,;350,406,0.304,;358.976,406.622,0.319,;366.468,407,0.336,;374.938,407,0.353,;384.911,407,0.37,;392.775,408.111,0.386,;399.401,408,0.403,;407.479,408,0.421,;416.839,409.48,0.438,;423.605,409,0.453,;430.346,409.724,0.47,;436.216,410,0.487,;444.709,410,0.504,;450.432,410,0.52,;456.032,411.206,0.537,;460.321,409.67,0.555,;466.291,410,0.572,;472.017,410,0.588,;479.183,410,0.604,;483.455,410.818,0.621,;486.823,411,0.637,;490.179,411,0.654,;492.374,411,0.686,;494.427,411,0.736,;497,413.584,0.754,;497,415,0.771,;493.95,417.05,0.788,;491.688,420.468,0.805,;489.443,425.114,0.822,;487.196,428.206,0.84,;485,430,0.856,;482.083,432.917,0.872,;479.475,436.288,0.889,;475.458,439.657,0.905,;471.974,442.017,0.922,;468.612,444.258,0.939,;465.244,447.756,0.956,;459.123,448.375,0.974,;459.506,455.471,0.99,;452.308,461.692,1.006,;444.1,468.425,1.023,;435.126,475.155,1.039,;428.096,481.904,1.056,;422.477,490.838,1.073,;411.976,499.799,1.094,;400.54,507.422,1.108,;392.275,516.725,1.125,;384.119,527.705,1.14,;372.892,536.687,1.156,;365.843,547.313,1.173,;354.471,557.614,1.19,;342.215,567.642,1.207,;334.618,575.382,1.223,;325.488,588.454,1.241,;312.269,596.441,1.257,;303.5,605,1.274,;295.159,617.157,1.29,;283.919,625.657,1.307,;276.45,634.4,1.324,;269.69,643.414,1.341,;261.828,651.172,1.357,;252.695,657.729,1.374,;245.134,664.456,1.391,;242,671,1.408,;236.063,677.281,1.424,;228.532,682.905,1.441,;222.48,687.616,1.458,;216.886,693.114,1.474,;215.854,695.292,1.491,;213.484,697.516,1.508,;211.222,699.778,1.541,;209.464,702.804,1.607,;208.976,704.048,1.657,;211.322,702.839,1.708,;214.852,699.297,1.725,;215.974,697.053,1.742,;218.193,694.807,1.758,;222.868,693.783,1.775,;231.398,695.343,1.794,;237.757,695,1.81,;244.492,695.582,1.826,;252.637,696,1.842,;130,,,;2472,,,;AEAP,,,
212,392,0, ;244.545,396.568,0.018,;261.564,398.809,0.035,;278.405,401.054,0.052,;295.214,401,0.068,;314.594,401,0.085,;333.646,401,0.103,;354,401,0.12,;389.727,402.631,0.135,;408.096,403.756,0.152,;424.262,404.876,0.169,;440.974,405.998,0.186,;453.359,406,0.202,;463.166,408.481,0.219,;471.921,410.73,0.237,;476.451,411.49,0.254,;477.217,413.217,0.269,;479,415,0.301,;479.268,416.536,0.335,;476.858,419.213,0.353,;474.329,423.007,0.371,;469.151,422,0.388,;461.77,432.649,0.404,;446.772,441.614,0.42,;428.835,455.52,0.437,;407.137,472.147,0.454,;382.504,486.884,0.47,;366.172,508.582,0.487,;344.087,522.046,0.505,;328.566,543.72,0.522,;306.681,561.319,0.538,;288.522,579.478,0.553,;273.425,594.575,0.57,;257.222,608.023,0.587,;248.711,622.536,0.603,;238.543,633.619,0.62,;225.869,640.992,0.645,;219.143,657.305,0.661,;211.833,662.695,0.689,;196.175,680.944,0.705,;189.659,691.121,0.722,;186.971,697.073,0.739,;185.867,699.266,0.804,;189.402,699,0.837,;197.309,697,0.855,;206.874,698.972,0.872,;215.87,699,0.889,;227.244,700.224,0.905,;239.92,700,0.923,;252.124,701.466,0.94,;266.741,701.595,0.956,;281.328,702.718,0.972,;296.748,704.678,0.989,;312.405,706.915,1.006,;330.282,709.16,1.023,;347.048,710.203,1.039,;367.811,711.323,1.057,;385.153,711,1.074,;404.52,711.432,1.09,;422.032,711,1.106,;440.779,710.189,1.123,;456.15,710,1.14,;473.888,708.945,1.156,;489.434,709,1.173,;502.563,706.406,1.19,;511.784,705.58,1.208,;517,709,1.223,;517,708,1.272,;511.942,705.971,1.371,;0,0,0,;0,0,0,;0,0,0,;0,0,0,;0,0,0,;0,0,0,;0,0,0,;0,0,0,;0,0,0,;0,0,0,;0,0,0,;0,0,0,;0,0,0,;0,0,0,;0,0,0,;0,0,0,;0,0,0,;0,0,0,;0,0,0,;0,0,0,;0,0,0,;0,0,0,;0,0,0,;0,0,0,;0,0,0,;0,0,0,;0,0,0,;0,0,0,;0,0,0,;0,0,0,;0,0,0,;69,,,;1371,,,;AEAP,,,
188,402,0, ;222.872,398.684,0.017,;236.58,397.22,0.034,;246.218,395.196,0.051,;255.199,392.95,0.067,;263.017,393,0.084,;270.864,391.734,0.101,;277.321,390.613,0.119,;293,391,0.136,;298.399,390.257,0.151,;305.511,390.248,0.168,;312.241,389.126,0.185,;318.978,389,0.201,;326.819,389,0.218,;332.185,389,0.235,;337.805,389,0.253,;343.415,389,0.27,;348.024,389,0.285,;355.099,390.457,0.302,;360.389,391,0.319,;364.879,390.03,0.335,;370.452,390,0.352,;374.852,390,0.369,;379.335,390,0.387,;385.312,390,0.404,;390.735,392,0.42,;394.101,392,0.436,;398.282,392,0.452,;402.772,392.943,0.47,;408.319,394.064,0.486,;412.746,394,0.503,;417.218,394,0.521,;421.723,394,0.538,;425.202,395,0.554,;431.027,395.671,0.57,;436.175,396,0.586,;442.51,396,0.603,;447.14,396,0.62,;452.791,396,0.637,;457.122,396,0.655,;464.407,396,0.671,;469.5,396,0.688,;474.22,396.644,0.704,;479.067,397,0.72,;483.559,397,0.737,;486.025,397,0.754,;489.407,399.271,0.786,;491.376,400.188,0.82,;493.536,402.536,0.87,;494.179,404.357,0.887,;492.947,406.107,0.937,;491.842,408.315,0.97,;490.732,410.536,1.004,;488.039,414.923,1.021,;485.84,418.24,1.038,;483.593,421.61,1.055,;480.032,426.291,1.074,;473.779,437.997,1.091,;467.172,440.263,1.107,;461.566,445.434,1.122,;456.759,451.051,1.139,;451.346,456.654,1.156,;445.721,465.446,1.173,;437.783,468.521,1.189,;432.516,474.484,1.208,;426.912,481.505,1.224,;420.293,488.248,1.241,;412.707,494.97,1.256,;406.082,500.918,1.273,;399.575,506.521,1.29,;393.865,512.135,1.307,;388.262,518.885,1.323,;382.661,528.142,1.341,;375.65,530.175,1.358,;371.437,534.563,1.375,;366.461,539.539,1.39,;361.97,544.03,1.407,;357.482,549.397,1.424,;349.997,556.002,1.44,;344.406,560.475,1.457,;340.033,564.967,1.474,;334.16,570.84,1.492,;330.064,574.936,1.509,;322.122,577.61,1.524,;316.809,584.574,1.541,;311.726,590.419,1.558,;306.141,595.859,1.574,;300.528,600.378,1.591,;294.925,606.075,1.608,;282.731,610.308,1.626,;281.613,620.698,1.643,;275.084,623.333,1.659,;270.185,627.815,1.675,;265.694,632.306,1.692,;257.407,635.847,1.708,;251.64,642.432,1.725,;249.62,650.331,1.742,;244.747,654.253,1.76,;240.264,658.736,1.777,;235.769,664.789,1.793,;154,,,;3025,,,;AEAP,,,
185,414,0, ;215.02,406.196,0.018,;232.82,402.846,0.035,;253.135,400.652,0.051,;273.212,398.421,0.069,;296.444,396.156,0.087,;319.322,395.461,0.103,;358.019,393.681,0.119,;391.784,393.783,0.135,;414.219,394,0.152,;435.553,394,0.168,;452.24,395.149,0.185,;465.244,397.541,0.202,;474.537,399.786,0.22,;480,400.5,0.236,;482.271,401.636,0.252,;484,402.5,0.284,;485.004,406.009,0.302,;483.877,408.245,0.319,;482.756,410.487,0.336,;480.262,412.738,0.354,;476.533,416.467,0.371,;464.91,430.917,0.386,;450.753,446.979,0.403,;431.607,468.103,0.42,;408.55,489.502,0.436,;388.141,512.065,0.453,;365.634,535.584,0.47,;349.902,555.117,0.488,;330.138,573.862,0.505,;313.843,590.575,0.52,;303.752,601.664,0.537,;296.212,610.615,0.553,;289.293,617.707,0.57,;277.209,626.575,0.587,;261.377,647.373,0.604,;237.656,674.296,0.622,;215.298,704.313,0.639,;203.972,718.028,0.655,;197.956,722.681,0.671,;195.5,723.5,0.703,;199.03,721.985,0.736,;202.433,720.856,0.771,;205.794,721,0.789,;209.315,721,0.805,;211.558,720.221,0.821,;215.601,718.199,0.838,;223.16,716.977,0.855,;238.973,713.577,0.871,;253.441,705.147,0.888,;274.927,698.691,0.906,;290.5,689,0.923,;312.284,687.746,0.938,;332.507,686.25,0.955,;356.173,685.128,0.972,;377.967,684.002,0.989,;401.356,685.112,1.005,;423.761,685,1.022,;444.86,685,1.04,;466.175,685,1.057,;484.042,686.603,1.072,;499.423,688.45,1.089,;512.333,689,1.106,;520.802,690.943,1.123,;526.44,692.088,1.139,;529.633,693.211,1.205,;524.464,691.866,1.296,;0,0,0,;0,0,0,;0,0,0,;0,0,0,;0,0,0,;0,0,0,;0,0,0,;0,0,0,;0,0,0,;0,0,0,;0,0,0,;0,0,0,;0,0,0,;0,0,0,;0,0,0,;0,0,0,;0,0,0,;0,0,0,;0,0,0,;0,0,0,;0,0,0,;0,0,0,;0,0,0,;0,0,0,;0,0,0,;0,0,0,;0,0,0,;0,0,0,;0,0,0,;0,0,0,;0,0,0,;0,0,0,;0,0,0,;67,,,;1296,,,;AEAP,,,
186,418,0, ;208.031,409.989,0.018,;229.532,402.067,0.035,;252.12,396.72,0.052,;273.102,392.505,0.07,;294.448,389.508,0.087,;313.505,390,0.102,;333.359,390.742,0.119,;368.033,394.432,0.135,;393.705,396.972,0.152,;411.707,399.213,0.169,;432.085,401.454,0.185,;450.915,403.696,0.204,;464.197,405.953,0.221,;479.73,406.595,0.236,;491.45,407,0.253,;500.694,407,0.269,;507.757,407,0.286,;511.234,408.078,0.318,;511,410.326,0.353,;508.464,411.268,0.37,;503.239,415.07,0.387,;498.758,418.432,0.403,;493.336,422.731,0.42,;485.611,432.5,0.437,;468.356,444.939,0.453,;451.516,461.185,0.472,;427.608,478.294,0.488,;412,494.5,0.506,;390.086,509.27,0.52,;373.204,524.009,0.537,;356.375,538.809,0.554,;337.508,555.434,0.571,;318.496,569.914,0.587,;303.143,587.132,0.604,;287.47,601.135,0.622,;270.5,615.5,0.639,;258.12,628.612,0.654,;246.932,641.344,0.671,;235.303,653.697,0.688,;223.976,664.021,0.705,;217.262,668.492,0.721,;214.255,675.49,0.738,;213.632,676.737,0.837,;214,680.201,0.887,;216.31,681.155,0.921,;222.837,680,0.939,;229.805,680.829,0.956,;239.543,681.949,0.972,;249.647,683.072,0.989,;264.472,684.19,1.005,;277.792,684,1.024,;291.266,684,1.041,;307.277,685.56,1.057,;323.924,687.365,1.073,;337.831,688.803,1.089,;353.84,689.923,1.106,;368.645,690,1.123,;385.48,692.331,1.139,;401.078,693.291,1.156,;413.972,693,1.175,;428.5,694.5,1.191,;441.202,695,1.207,;452.775,695,1.223,;463.083,695,1.24,;473.188,695,1.257,;483.252,696.139,1.273,;489.591,696,1.29,;494.906,698.762,1.308,;499,699.5,1.325,;501.875,700.625,1.34,;504.5,701.5,1.423,;500.88,701,1.441,;496.554,701,1.547,;0,0,0,;0,0,0,;0,0,0,;0,0,0,;0,0,0,;0,0,0,;0,0,0,;0,0,0,;0,0,0,;0,0,0,;0,0,0,;0,0,0,;0,0,0,;0,0,0,;0,0,0,;0,0,0,;0,0,0,;0,0,0,;0,0,0,;0,0,0,;0,0,0,;0,0,0,;0,0,0,;0,0,0,;0,0,0,;0,0,0,;74,,,;1547,,,;AEAP,,,
181,394,0, ;202.489,396.624,0.017,;215.961,397.747,0.033,;229.413,398.868,0.05,;243.871,399.99,0.067,;259.551,401.111,0.084,;275.269,401,0.1,;292.312,401,0.119,;335.669,401,0.135,;348.95,399.402,0.151,;371.364,399,0.167,;394.657,398.159,0.184,;414.345,397.039,0.201,;435.6,394.832,0.218,;449.696,395,0.234,;460.269,395,0.252,;467.159,393.549,0.269,;468.142,395.571,0.284,;470,396.5,0.317,;469,399.874,0.335,;469,403.166,0.351,;467.824,406.529,0.368,;464.095,408.603,0.386,;462.151,410.849,0.403,;459.364,412.636,0.42,;455.335,417.998,0.435,;445.331,430.246,0.452,;430.257,444.832,0.469,;414.566,463.527,0.485,;393.073,481.465,0.502,;371.944,501.79,0.519,;353.145,522.258,0.537,;328.5,543.5,0.553,;308.135,563.865,0.569,;286.715,583.756,0.586,;271.37,600.402,0.603,;253.896,616.091,0.619,;244.985,628.396,0.636,;237.247,639.504,0.653,;223.903,653.47,0.671,;213.068,663.932,0.688,;209.933,671.907,0.703,;204.33,678.67,0.72,;199.571,683.429,0.736,;196.054,686.946,0.753,;193.8,689.2,0.77,;191.562,692.656,0.787,;189.311,696.034,0.805,;187.065,696.468,0.82,;186.5,699,0.869,;188.179,700.358,0.887,;191.114,698.962,0.904,;193.393,697.803,0.92,;196.958,696.681,0.939,;201.76,694.12,0.955,;209.511,694,0.971,;217.798,694,0.987,;229.658,694,1.004,;243.165,693.07,1.021,;258.72,693,1.038,;276.754,691.828,1.054,;294.684,692,1.071,;312.648,690.585,1.089,;334.5,691,1.106,;353.177,693.977,1.121,;372.472,698.118,1.138,;392.24,703.511,1.155,;408.233,707.05,1.172,;425.197,711.586,1.188,;442.032,713.538,1.205,;457.473,715.782,1.223,;470,716.5,1.24,;484.955,717,1.255,;494.281,717.754,1.272,;503.021,718,1.289,;507.001,718,1.306,;509.232,719.116,1.355,;506.676,717.838,1.374,;500.955,717,1.464,;0,0,0,;0,0,0,;0,0,0,;0,0,0,;0,0,0,;0,0,0,;0,0,0,;0,0,0,;0,0,0,;0,0,0,;0,0,0,;0,0,0,;0,0,0,;0,0,0,;0,0,0,;0,0,0,;0,0,0,;0,0,0,;0,0,0,;0,0,0,;0,0,0,;79,,,;1464,,,;AEAP,,,
201,400,0, ;235.751,400,0.018,;247.889,400,0.035,;258.948,400,0.053,;267.301,400,0.07,;276,400,0.086,;284.612,401.659,0.102,;297.942,402.782,0.119,;306.402,404.801,0.136,;314.174,405,0.152,;322.035,407.296,0.169,;329.874,407,0.185,;336.317,408.386,0.204,;343,408,0.22,;353.058,408,0.236,;362.04,408,0.253,;371.881,408,0.269,;382.003,407,0.286,;392.068,405.881,0.303,;400.933,404.758,0.32,;409.898,405,0.338,;418.912,405,0.354,;426.862,404,0.37,;435.098,403.272,0.387,;442.957,403.851,0.403,;449.83,403.028,0.42,;455.472,401.906,0.437,;463.523,403.218,0.453,;468.672,403,0.472,;474.312,404.462,0.489,;480.325,403,0.504,;485.509,403.702,0.52,;490.298,404,0.537,;493.835,404.945,0.554,;497.203,405,0.571,;499.377,405,0.587,;501.622,405,0.604,;503.87,406.435,0.636,;505.536,407.268,0.686,;505,409.022,0.704,;502.677,410.162,0.737,;500.592,412.408,0.756,;499.5,415,0.773,;496.701,416.299,0.788,;494.454,418.546,0.805,;493.104,420.792,0.822,;490.966,424.05,0.839,;488.726,427.411,0.855,;486.489,430.766,0.872,;484.237,434.145,0.89,;480.5,437.5,0.907,;476.75,439.625,0.922,;472.276,441.489,0.939,;467.537,443.731,0.956,;464.036,447.952,0.972,;459.557,453.554,0.989,;455.074,460.389,1.006,;449.229,468.479,1.024,;442.151,473.374,1.041,;435.002,476.998,1.057,;430.119,483.321,1.073,;424.794,490.888,1.09,;417.242,499.723,1.106,;408.329,504.335,1.123,;401.771,511.229,1.14,;396.348,517.982,1.158,;390.749,529.052,1.175,;379.844,534.865,1.191,;371.145,542.549,1.207,;364.112,551.517,1.224,;355.49,562.387,1.24,;344.404,569.357,1.257,;336.738,578.443,1.274,;328.86,590.057,1.292,;315.317,598.406,1.308,;306.5,607,1.325,;299.316,619.36,1.341,;289.103,626.159,1.357,;279.716,634.284,1.374,;272.788,642.247,1.391,;268.388,650.072,1.407,;257.483,656.678,1.425,;251.593,662.006,1.442,;245,669,1.459,;242.079,675.483,1.475,;237.187,681.813,1.491,;232.457,683.886,1.508,;228.98,685.007,1.54,;226.748,687.252,1.624,;224.785,689.215,1.657,;223.964,691.071,1.808,;226.04,691,1.842,;230.888,691,1.861,;234.828,691.566,1.877,;240.43,692,1.893,;246.837,692.806,1.91,;254.515,693,1.927,;264.444,695.099,1.943,;272.138,696.163,1.96,;280.085,697.298,1.977,;123,,,;2490,,,;AEAP,,,
179,402,0, ;196.887,406.209,0.019,;215.5,407.5,0.035,;229.566,408,0.051,;243.392,408.783,0.068,;258.659,409,0.085,;274.377,409,0.101,;292.362,409,0.118,;331.921,409,0.135,;345.256,406.218,0.153,;367.5,404,0.17,;386.371,403,0.185,;404.34,401.488,0.202,;422.042,401,0.219,;441.006,398.999,0.235,;456.726,399,0.252,;471.162,397.757,0.269,;485.7,398,0.287,;495.911,399.491,0.304,;503.248,401.214,0.319,;509.652,403.461,0.336,;513.558,405.706,0.353,;515.952,407.952,0.369,;517,409,0.386,;518.219,410.219,0.419,;519.23,412.459,0.453,;515.592,415.408,0.47,;511.686,417.657,0.487,;497.711,427.492,0.503,;482.021,440.839,0.52,;459.091,453.15,0.536,;435.448,474.616,0.555,;411.827,491.989,0.571,;384.151,509.263,0.588,;362.476,528.558,0.604,;339.365,547.024,0.62,;311.886,565.717,0.637,;290.18,586.82,0.654,;265.393,605.788,0.67,;243.161,627.547,0.689,;230.651,640.349,0.706,;213.5,653,0.722,;206.778,658.264,0.738,;200.123,663.102,0.754,;196.306,665.796,0.771,;193.962,668.038,0.803,;194,670.262,0.837,;196.508,670,0.903,;199.402,670,0.922,;202.169,668.944,0.938,;204.467,667.766,0.955,;208.077,668,0.973,;214.409,668,0.99,;225.008,670.202,1.006,;239.112,671.722,1.022,;254.854,672.847,1.039,;273.416,673.966,1.056,;290.324,674,1.072,;309.511,675.207,1.089,;331.314,676.332,1.107,;346.828,678.91,1.124,;367.219,681.152,1.14,;385.837,683.393,1.156,;401.66,684.82,1.173,;417.202,686.886,1.19,;431.827,688.064,1.206,;446.397,690.369,1.223,;457.071,691.307,1.241,;468.278,691,1.258,;482,694,1.274,;489.707,693,1.29,;495.971,693.794,1.307,;502.464,695.821,1.323,;506.106,696,1.39,;502.605,696,1.482,;0,0,0,;0,0,0,;0,0,0,;0,0,0,;0,0,0,;0,0,0,;0,0,0,;0,0,0,;0,0,0,;0,0,0,;0,0,0,;0,0,0,;0,0,0,;0,0,0,;0,0,0,;0,0,0,;0,0,0,;0,0,0,;0,0,0,;0,0,0,;0,0,0,;0,0,0,;0,0,0,;0,0,0,;0,0,0,;75,,,;1482,,,;AEAP,,,
174,424,0, ;198.083,419.986,0.018,;222.186,416.545,0.035,;240.665,414.451,0.052,;259.667,413.608,0.07,;275.5,412.5,0.087,;293.576,413,0.102,;311.177,413.761,0.119,;339.689,414.882,0.136,;361.154,416.009,0.153,;376.777,416,0.169,;396.204,417.247,0.186,;411.159,418.368,0.204,;428.413,416.506,0.221,;446.146,415.39,0.236,;460.09,414.265,0.253,;471.589,413.141,0.27,;480.84,413.98,0.286,;485.402,414,0.303,;487.441,414,0.335,;488.233,416.465,0.369,;487.292,419.416,0.387,;486.169,422.492,0.404,;485.051,425.848,0.42,;481.771,429.229,0.437,;478.425,431.384,0.454,;472.424,434.946,0.472,;461.023,444.093,0.489,;440.787,463.971,0.505,;420.418,483.945,0.521,;398.115,502.864,0.537,;376.431,521.72,0.554,;358.242,539.758,0.571,;334.522,558.816,0.588,;308.299,580.536,0.606,;291.006,601.817,0.622,;266.5,621,0.639,;253.852,637.148,0.655,;243.561,650.547,0.671,;233.037,660.17,0.696,;222.812,668.146,0.721,;216.434,677.132,0.74,;207.464,690.92,0.758,;206,693.5,0.812,;205.821,694.358,0.838,;209.802,694,0.855,;212.358,692.881,0.874,;214.709,691.645,0.89,;218.44,689.04,0.907,;229.008,689,0.922,;240.978,689,0.939,;253.34,688.151,0.956,;272.454,686.061,0.973,;289.353,682.729,0.989,;312.122,679.382,1.006,;334.702,677.33,1.024,;355.633,675.091,1.041,;380.65,678.725,1.057,;401.826,681.391,1.073,;421.791,685.287,1.09,;440.968,687.879,1.107,;457.958,689.064,1.123,;474.729,691.364,1.14,;490.309,692.308,1.158,;503.133,694.856,1.175,;513.853,695.55,1.191,;521.035,696.672,1.207,;524.588,697,1.224,;526,697,1.273,;521.791,697,1.292,;519.198,699.802,1.382,;0,0,0,;0,0,0,;0,0,0,;0,0,0,;0,0,0,;0,0,0,;0,0,0,;0,0,0,;0,0,0,;0,0,0,;0,0,0,;0,0,0,;0,0,0,;0,0,0,;0,0,0,;0,0,0,;0,0,0,;0,0,0,;0,0,0,;0,0,0,;0,0,0,;0,0,0,;0,0,0,;0,0,0,;0,0,0,;0,0,0,;0,0,0,;0,0,0,;0,0,0,;71,,,;1382,,,;AEAP,,,
202,398,0, ;232.107,402.555,0.018,;244.859,403.896,0.035,;258.151,405.013,0.053,;270.569,406.143,0.069,;281.616,407.262,0.085,;294.21,408.383,0.103,;306.5,408,0.12,;331.498,409.375,0.135,;347.247,409,0.152,;364.046,407.26,0.169,;381.907,407,0.186,;397.608,405.885,0.202,;413.227,404.77,0.219,;428.996,402.286,0.237,;447.629,401.523,0.255,;461.405,399.4,0.27,;476.363,397.56,0.286,;489.291,395.311,0.303,;502.587,393.069,0.32,;514.947,394.086,0.336,;523.655,392.793,0.353,;529.978,391.67,0.371,;536.719,394.906,0.386,;540,394,0.419,;539.269,396.537,0.452,;538,400.124,0.47,;536.818,402.365,0.487,;534.401,403.3,0.505,;532.139,405.861,0.522,;529.358,408.095,0.539,;523.99,411.005,0.554,;514.889,417.531,0.571,;503.859,425.399,0.587,;493.665,435.335,0.604,;481.316,444.225,0.621,;466.338,451.972,0.639,;456.045,468.141,0.656,;438.203,476.678,0.672,;423.947,490.617,0.688,;406.356,503.58,0.705,;389.608,518.392,0.721,;372.934,533.058,0.738,;355.002,550.998,0.755,;335.779,568.973,0.773,;308.349,585.642,0.789,;296.11,608.351,0.806,;273.586,627.189,0.822,;256.682,644.792,0.838,;242.685,660.174,0.855,;229.241,669.839,0.872,;221.282,683.232,0.889,;214.675,689.325,0.905,;207.92,694.734,0.923,;202.682,700.318,0.94,;197.222,702.37,0.956,;197.422,705.422,0.972,;199,707,1.038,;200.13,703.87,1.073,;201.268,697.66,1.09,;208.477,699.369,1.106,;217.462,700,1.123,;228.288,699.071,1.14,;244.709,701.095,1.156,;261.587,699.828,1.178,;283.563,700,1.192,;304.894,698.585,1.208,;328.683,696.466,1.224,;353.796,696.658,1.245,;380.669,697.778,1.261,;403.138,698,1.274,;425.415,700.042,1.291,;449.014,700,1.308,;464.963,701.264,1.326,;484.577,702.387,1.345,;492.035,702,1.363,;501.007,703.252,1.376,;506.251,704,1.391,;508.5,704,1.424,;504.463,698.927,1.552,;0,0,0,;0,0,0,;0,0,0,;0,0,0,;0,0,0,;0,0,0,;0,0,0,;0,0,0,;0,0,0,;0,0,0,;0,0,0,;0,0,0,;0,0,0,;0,0,0,;0,0,0,;0,0,0,;0,0,0,;0,0,0,;0,0,0,;0,0,0,;80,,,;1552,,,;AEAP,,,
175,398,0, ;204.914,399,0.017,;221.73,399,0.034,;238.533,399,0.051,;256.399,397.975,0.068,;274.329,396.854,0.084,;292.376,394.453,0.101,;311.632,393.61,0.119,;350,389.5,0.135,;358.834,391,0.151,;373.802,391,0.168,;388.41,391,0.188,;398.985,391,0.201,;409.089,391,0.218,;417.933,392.242,0.235,;424.17,390.638,0.253,;430.916,392.486,0.269,;437,393.5,0.285,;444.376,393,0.302,;450.248,393,0.319,;454.887,393,0.335,;458.283,393,0.352,;462.86,393,0.369,;468.689,394.338,0.386,;475.751,394,0.403,;482,394,0.419,;483.406,394,0.436,;485.65,395.65,0.452,;487,397,0.469,;488.068,397.034,0.502,;490.314,399.314,0.519,;492.862,401.862,0.552,;492,404.353,0.569,;490.414,406.586,0.586,;488.164,408.836,0.603,;485.917,411.083,0.62,;482.507,415.657,0.637,;477.853,425.293,0.653,;470.556,435.666,0.671,;459.5,447,0.687,;443.983,464.368,0.703,;427.985,480.786,0.72,;408.875,498.334,0.737,;393.809,514.206,0.754,;374.665,531.06,0.771,;363.162,544.096,0.787,;343.876,563.124,0.804,;327.571,574.943,0.82,;308,590,0.837,;295.581,603.186,0.854,;281.57,614.692,0.871,;273.097,625.861,0.887,;261.913,633.761,0.904,;251.913,644.087,0.921,;244.521,656.895,0.938,;232.252,667.748,0.955,;217.5,682.5,0.971,;206.798,696.642,0.988,;196.414,709.272,1.005,;191.146,717.745,1.024,;187.741,722.345,1.038,;186.791,726.838,1.055,;185.676,731.294,1.071,;184.548,732.904,1.104,;185,734.536,1.137,;189.882,731.118,1.155,;192.119,727.821,1.172,;194.36,724.46,1.189,;204.45,718.468,1.205,;229.073,711.451,1.223,;255.5,699,1.238,;275.363,689.99,1.255,;296.73,684.854,1.272,;318.294,678.539,1.289,;339.55,672.855,1.305,;364.337,667.242,1.322,;385.224,664.175,1.339,;405.147,662.206,1.357,;419,664.5,1.376,;433.225,666.265,1.389,;447.116,668.519,1.438,;458.838,672.535,1.447,;481.954,680.238,1.456,;490.966,682.492,1.473,;499.953,684.738,1.491,;508.881,685.485,1.507,;512.5,685,1.539,;512.536,687.536,1.572,;507.798,683.798,1.589,;503.107,681.553,1.606,;505.347,677.96,1.698,;0,0,0,;0,0,0,;0,0,0,;0,0,0,;0,0,0,;0,0,0,;0,0,0,;0,0,0,;0,0,0,;91,,,;1698,,,;AEAP,,,
206,394,0, ;231.698,403.485,0.017,;247.355,406.479,0.034,;263.058,407.861,0.051,;280.744,408.984,0.068,;298.708,409,0.084,;319.093,409,0.101,;337.951,409,0.119,;386.527,410.474,0.136,;396.932,411,0.151,;415.864,411,0.168,;433.551,411,0.185,;451.382,411,0.202,;464.984,409.918,0.218,;478.434,411.203,0.235,;485.26,412.323,0.253,;490.235,412,0.269,;492.5,415,0.301,;493.536,416.536,0.334,;493,418.537,0.352,;491.912,420.176,0.369,;490.704,422.593,0.387,;488.159,424.841,0.404,;485.383,428.078,0.42,;479.383,432.298,0.436,;465.259,442.61,0.453,;448.434,457.662,0.469,;427.406,474.469,0.486,;406.168,491.236,0.503,;384.815,510.639,0.52,;362.043,529.764,0.537,;343,547,0.554,;317.665,567.223,0.57,;299.146,585.886,0.587,;281.015,600.578,0.603,;270.981,613.026,0.62,;258.649,624.228,0.637,;247.512,631.742,0.653,;241.794,643.677,0.671,;230.598,657.869,0.688,;220.116,666.274,0.704,;214.804,674.124,0.72,;213.143,679.428,0.737,;211.044,681.956,0.754,;209.902,684.197,0.803,;208.845,686.31,0.837,;211.536,688.536,0.887,;213.358,688,0.906,;216.305,686.898,0.923,;222.57,688.314,0.948,;232.537,690.884,0.974,;244.445,690.456,0.99,;273.197,690.2,1.006,;287.807,690,1.022,;305.636,688.96,1.038,;323.403,689,1.055,;340.403,687.706,1.072,;360.042,688,1.09,;375.5,688,1.106,;392.556,688,1.122,;405.522,688.775,1.139,;419.745,689.903,1.156,;431.228,690,1.172,;442.432,692.286,1.189,;452.401,693.267,1.206,;459.722,695.778,1.224,;469,696.5,1.24,;478.031,698.629,1.256,;484.752,699.75,1.273,;489.487,700.872,1.29,;492.995,701.998,1.307,;495.233,703.117,1.339,;496.18,705.36,1.389,;491.81,703.27,1.407,;489.5,702.5,1.497,;0,0,0,;0,0,0,;0,0,0,;0,0,0,;0,0,0,;0,0,0,;0,0,0,;0,0,0,;0,0,0,;0,0,0,;0,0,0,;0,0,0,;0,0,0,;0,0,0,;0,0,0,;0,0,0,;0,0,0,;0,0,0,;0,0,0,;0,0,0,;0,0,0,;0,0,0,;0,0,0,;0,0,0,;0,0,0,;75,,,;1497,,,;AEAP,,,
