188,406,0,219.65,405,0.018,234.685,405,0.035,250.288,405,0.052,264.764,405,0.068,279.302,405,0.086,295.361,405,0.103,318.615,404.427,0.118,337.956,404,0.135,353.17,403.189,0.151,367.217,403,0.169,380.641,401.947,0.186,395.26,403.174,0.201,404.654,401.705,0.219,418.976,402,0.238,433.5,403.5,0.253,446.538,403.657,0.269,457.207,404,0.285,468.859,404,0.302,483.19,405.015,0.319,490.994,405,0.336,498.799,405,0.356,506.646,405,0.38,507.995,405.497,0.388,510,406.5,0.435,506.643,407.179,0.452,504.904,408.048,0.469,496.463,410.439,0.485,485.942,420.719,0.504,474.404,436.975,0.522,455.881,451.119,0.537,437.394,467.505,0.553,419.719,483.462,0.57,398.178,501.057,0.586,378.988,515.774,0.604,361.082,533.918,0.62,340.594,547.904,0.639,326.027,565.399,0.655,307.035,577.592,0.672,290.103,592.592,0.7,275.373,607.196,0.713,261.287,621.713,0.732,247.752,633.397,0.753,236.134,650.579,0.77,213.905,672.482,0.789,206.5,685.5,0.805,200.251,688.499,0.822,195.766,692.979,0.838,193.265,695.735,0.854,192,697,0.886,194.076,698.151,0.92,197.702,699.234,0.954,203.128,702.419,0.971,208.147,703.829,0.988,213.746,706.848,1.005,220.419,708.07,1.022,230.693,709.188,1.038,243.482,709,1.056,251.441,710.43,1.073,266,708.5,1.09,278.058,708,1.106,289.714,707.208,1.122,302.974,707,1.139,313.297,707,1.156,327.933,705.851,1.172,338.782,704.722,1.19,352.721,702.213,1.206,370.5,700,1.223,385.774,696.099,1.239,401.808,693.491,1.256,419.89,690.372,1.273,436.945,688.007,1.289,457.059,686.886,1.306,475.962,685.767,1.322,495.15,687.362,1.341,517.024,685.525,1.358,530.365,684.403,1.38,542.463,683.282,1.391,550.035,683,1.407,552.915,682.042,1.423,554,681.5,1.472,553,679.78,1.49,551.5,677,1.616,0,0,0,0,0,0,0,0,0,0,0,0,0,0,0,0,0,0,0,0,0,0,0,0,0,0,0,0,0,0,0,0,0,0,0,0,0,0,0,0,0,0,0,0,0,0,0,0,0,0,0,83,1616,MACCH,
212,408,0,233.539,403.897,0.018,255.938,399.952,0.036,272.137,396.573,0.053,289.448,393.228,0.068,308.827,390.575,0.085,328.988,388.335,0.101,350.115,385.14,0.119,395.033,380.704,0.135,411.108,377.417,0.152,435.564,375.375,0.17,457.736,371.69,0.186,474.576,368.33,0.203,489.759,366.324,0.225,504.945,366,0.237,516.248,365.083,0.252,524.245,363.965,0.269,534.381,362.847,0.286,539.369,363,0.303,543.591,361.602,0.368,543.134,364.268,0.402,536.524,373.714,0.419,518.413,387.869,0.437,503.111,411.985,0.454,478.323,434.677,0.471,451.192,460.208,0.487,426.143,481.253,0.503,396.505,503.621,0.52,365.133,530.029,0.537,333.695,553.728,0.553,298.725,582.061,0.57,265.295,611.411,0.588,238.92,636.194,0.605,218.308,657.566,0.621,197.003,677.313,0.637,185.383,690.222,0.654,180.301,697.548,0.671,180,702.173,0.687,181.161,707.806,0.704,186.162,712.162,0.72,194.86,716.634,0.74,213.863,717,0.756,233.581,717,0.771,256.18,716.241,0.788,280.554,713.334,0.805,308.265,707.947,0.821,336.332,702.333,0.838,364.221,698.005,0.854,390.893,696.259,0.873,411.803,694.02,0.889,436.211,691.779,0.905,454.254,690.268,0.921,472.503,688.294,0.938,486.686,688,0.955,495.738,686.908,0.971,504.701,685.787,0.988,511.035,684.661,1.007,513.355,685,1.023,515.149,684.575,1.115,0,0,0,0,0,0,0,0,0,0,0,0,0,0,0,0,0,0,0,0,0,0,0,0,0,0,0,0,0,0,0,0,0,0,0,0,0,0,0,0,0,0,0,0,0,0,0,0,0,0,0,0,0,0,0,0,0,0,0,0,0,0,0,0,0,0,0,0,0,0,0,0,0,0,0,0,0,0,0,0,0,0,0,0,0,0,0,0,0,0,0,0,0,0,0,0,0,0,0,0,0,0,0,0,0,0,0,0,0,0,0,0,0,0,0,0,0,0,0,0,0,0,0,59,1115,MACCH,
176,392,0,195.281,397.074,0.018,211.268,402.005,0.035,225.833,403.743,0.052,240.411,405.986,0.069,257.182,406,0.085,274.735,406,0.109,292.688,405.145,0.119,329.154,404.024,0.135,345.348,400.711,0.152,368.342,397.349,0.169,385.35,393.997,0.187,406.215,389.174,0.203,424.108,385.263,0.22,441.173,381.905,0.236,455.024,379.359,0.253,467.33,377.122,0.269,482.834,375.94,0.286,491.443,373.639,0.303,501.68,372.702,0.32,513.225,371.578,0.337,518.16,372,0.353,521.985,372.662,0.37,524.5,373.5,0.402,525.535,374.267,0.435,526.089,376.177,0.485,523.643,377.179,0.536,515.071,387.917,0.553,503.937,404.594,0.57,486.559,421.441,0.587,468.487,443.547,0.605,449.017,457.575,0.621,426.982,475.661,0.638,402.251,495.199,0.654,374.225,516.789,0.671,349.114,539.936,0.688,320.187,565.604,0.705,296.999,587.811,0.721,269.482,605.012,0.739,252.673,625.758,0.755,237.5,637.5,0.771,221.585,657.088,0.788,207.488,674.682,0.804,197.731,685.269,0.821,194.93,689.106,0.837,195,691.302,0.87,199.785,694.589,0.889,205,700,0.906,213.436,705.169,0.921,223.55,710.02,0.938,240.01,713.627,0.955,254.978,714.998,0.972,277.333,716.117,0.988,294.794,716,1.005,316.859,717.361,1.021,342.448,715.525,1.042,366.118,712.211,1.056,392.342,705.942,1.073,418.394,699.784,1.089,443.2,696.109,1.106,462.393,692.754,1.123,486.251,691.798,1.139,500.529,692,1.157,519.012,692,1.174,527,690.5,1.19,536.803,682.197,1.28,0,0,0,0,0,0,0,0,0,0,0,0,0,0,0,0,0,0,0,0,0,0,0,0,0,0,0,0,0,0,0,0,0,0,0,0,0,0,0,0,0,0,0,0,0,0,0,0,0,0,0,0,0,0,0,0,0,0,0,0,0,0,0,0,0,0,0,0,0,0,0,0,0,0,0,0,0,0,0,0,0,0,0,0,0,0,0,0,0,0,0,0,0,0,0,0,0,0,0,0,0,0,66,1280,MACCH,
238,388,0,259.246,391.035,0.017,281.982,394.83,0.033,300.868,396.808,0.052,321,397.5,0.068,340.172,396.359,0.085,362.212,395.239,0.101,382.876,393.236,0.117,424.095,390.995,0.135,445.333,388.754,0.159,461.601,384.516,0.168,482.977,382.266,0.186,496.734,378.557,0.203,510.49,377.41,0.238,526.194,375.161,0.261,530.725,375,0.284,533,375,0.318,528.775,377.225,0.337,526,378.5,0.353,514.125,391.937,0.369,496.483,408.904,0.386,476.316,430.538,0.402,451.864,451.981,0.419,422.587,475.565,0.435,392.222,496.474,0.454,363.304,516.405,0.472,333.5,543.5,0.487,301.833,570.227,0.503,273.792,596.439,0.52,248.377,623.407,0.536,225.788,648.233,0.553,209.036,666.095,0.569,192.222,684.03,0.586,185.026,692.346,0.605,182.039,700.922,0.622,182,705.45,0.721,233.338,725.31,0.738,255.215,725,0.756,277.81,722.846,0.771,300.318,720.607,0.791,326.681,718.36,0.815,350.641,715.194,0.829,376.226,711.84,0.855,423.914,708,0.877,440.552,706.161,0.891,455.861,703.92,0.905,467.89,701.027,0.921,480.57,698.442,0.938,487.502,696.199,0.955,493.094,694.981,0.971,498.696,695,0.988,504.3,701.3,1.079,0,0,0,0,0,0,0,0,0,0,0,0,0,0,0,0,0,0,0,0,0,0,0,0,0,0,0,0,0,0,0,0,0,0,0,0,0,0,0,0,0,0,0,0,0,0,0,0,0,0,0,0,0,0,0,0,0,0,0,0,0,0,0,0,0,0,0,0,0,0,0,0,0,0,0,0,0,0,0,0,0,0,0,0,0,0,0,0,0,0,0,0,0,0,0,0,0,0,0,0,0,0,0,0,0,0,0,0,0,0,0,0,0,0,0,0,0,0,0,0,0,0,0,0,0,0,0,0,0,0,0,0,0,0,0,0,0,0,0,0,0,0,0,0,52,1079,MACCH,
189,392,0,209.695,395.104,0.017,232.022,397.878,0.033,244.5,400,0.05,260.511,400.679,0.067,276.154,401.797,0.083,291.886,403.841,0.1,308.556,406.074,0.117,342.725,409.472,0.133,363.621,409,0.15,383.207,407.6,0.168,406,406.5,0.184,425.528,402.079,0.2,447.231,397.192,0.217,463.462,393.355,0.234,484.046,389.993,0.25,498.57,387.758,0.267,515.656,386.756,0.284,522.848,384.288,0.302,528.904,385,0.322,532.795,387,0.334,535.5,387,0.4,531.917,389.083,0.433,525.881,392.672,0.452,506.109,411.636,0.468,490.384,424.242,0.485,471.446,440.128,0.501,454.068,455.074,0.518,431.97,471.773,0.534,415.489,483.841,0.552,390.95,502.61,0.663,276.767,619.25,0.671,261.08,636.057,0.685,244.245,659.007,0.702,228.796,674.576,0.72,214.562,692.924,0.737,207.48,703.587,0.752,198.112,715.624,0.769,193.434,722.277,0.786,191.048,727.879,0.803,192.096,731.289,0.835,199.012,735.675,0.854,208.209,739.375,0.87,220.37,739,0.886,237.633,737.596,0.903,254.467,735.362,0.92,274.841,731.244,0.937,296.172,725.692,0.967,318.64,718.908,0.98,342.291,713.502,1.01,365.836,709.159,1.029,410.519,705.341,1.041,430.279,703.438,1.054,452.044,700.293,1.07,467.324,697.95,1.087,486.475,696.854,1.104,497.894,697,1.122,510.264,699.775,1.139,518,700.5,1.155,522.128,699,1.171,526.245,698.252,1.188,530.478,700.609,1.205,534.961,705.951,1.296,0,0,0,0,0,0,0,0,0,0,0,0,0,0,0,0,0,0,0,0,0,0,0,0,0,0,0,0,0,0,0,0,0,0,0,0,0,0,0,0,0,0,0,0,0,0,0,0,0,0,0,0,0,0,0,0,0,0,0,0,0,0,0,0,0,0,0,0,0,0,0,0,0,0,0,0,0,0,0,0,0,0,0,0,0,0,0,0,0,0,0,0,0,0,0,0,0,0,0,0,0,0,0,0,0,0,0,0,0,0,0,63,1296,MACCH,
226,399,0,253.785,405.21,0.017,269.147,407.715,0.034,285.638,409.952,0.051,301.348,411.096,0.067,318.257,412.217,0.084,332.382,413.337,0.102,349.922,415.923,0.119,378.839,420.736,0.135,395.07,422.698,0.151,411.281,423.819,0.168,425.245,424,0.185,437.657,424,0.201,452.376,424,0.218,461.703,424,0.235,476.05,422.579,0.253,487.5,421.5,0.27,495.942,422,0.285,506.034,422,0.302,513.425,421.096,0.318,517.075,421,0.335,520.436,421,0.435,515.381,426.619,0.453,502.18,439.82,0.47,487.586,452.196,0.486,473.018,470.67,0.503,454.366,484.577,0.521,436.532,503.468,0.538,415.748,519.252,0.553,394.499,538.369,0.569,372.346,558.821,0.586,352.827,580.076,0.603,333.779,599.221,0.62,311.197,621.803,0.637,296.577,637.738,0.655,273.717,660.283,0.671,264,670,0.687,247.573,687.427,0.703,236.834,696.574,0.72,227.668,702.582,0.737,221.814,705.074,0.754,219.684,707.316,0.786,222.399,708.199,0.805,225,708,0.822,233.087,711.272,0.837,243.565,713.513,0.855,257.413,713.122,0.877,274.006,710.999,0.888,290.778,707.644,0.904,311.314,703.041,0.921,334.302,699.905,0.939,349.229,696.554,0.956,375.446,697,0.971,395.278,695.556,0.988,413.491,695,1.005,428.526,694.036,1.022,442.009,695.084,1.038,454.254,695,1.055,461.293,695,1.073,469.117,693.555,1.09,477.413,691.862,1.179,0,0,0,0,0,0,0,0,0,0,0,0,0,0,0,0,0,0,0,0,0,0,0,0,0,0,0,0,0,0,0,0,0,0,0,0,0,0,0,0,0,0,0,0,0,0,0,0,0,0,0,0,0,0,0,0,0,0,0,0,0,0,0,0,0,0,0,0,0,0,0,0,0,0,0,0,0,0,0,0,0,0,0,0,0,0,0,0,0,0,0,0,0,0,0,0,0,0,0,0,0,0,0,0,0,0,0,0,0,0,0,0,0,0,0,0,0,61,1179,MACCH,
184,375,0,205.434,379.083,0.018,228.885,381.654,0.036,244.768,382.451,0.055,263.528,382,0.076,281.711,382,0.086,300.752,382.809,0.102,319.757,383,0.119,359.908,385.103,0.136,377.886,386.17,0.152,402.093,386,0.181,419.994,386,0.188,439.026,385,0.207,454.143,384.351,0.22,468.798,384,0.236,483.596,384,0.253,494.113,384,0.27,509.834,385.131,0.287,520.54,385,0.303,530.346,386.372,0.321,546.438,387.495,0.338,553.907,388.613,0.353,562.876,389.735,0.37,570.131,390.855,0.387,572.952,391.976,0.403,574,392.5,0.436,570.778,394.222,0.455,562.243,399.838,0.472,531.552,423.98,0.487,501.447,445.966,0.504,467.682,474.868,0.521,429.202,505.302,0.537,389.983,534.498,0.554,354.229,563.689,0.571,315.858,588.861,0.59,281.993,617.49,0.606,250,646,0.622,226.535,674.437,0.638,203.378,698.622,0.655,186.395,719.206,0.671,175.832,733.224,0.688,168.024,740.976,0.705,167.738,742.524,0.738,171.751,743.25,0.756,179.972,744.243,0.771,190.427,744.257,0.788,205.977,742.27,0.805,219.809,737.08,0.822,244.252,731.488,0.838,266.457,724.663,0.855,288.989,719.253,0.873,314.158,715.153,0.89,338.5,709.5,0.906,362.255,703.466,0.922,388.845,697.866,0.939,410.052,695.105,0.956,432.356,691.797,0.972,454.714,689.629,0.989,469.337,688.69,1.006,492.095,686.148,1.024,505,685.5,1.04,520.711,681.658,1.058,533.482,678.63,1.08,543.284,677.089,1.091,549.155,677,1.106,553.605,677,1.123,561.87,677,1.216,0,0,0,0,0,0,0,0,0,0,0,0,0,0,0,0,0,0,0,0,0,0,0,0,0,0,0,0,0,0,0,0,0,0,0,0,0,0,0,0,0,0,0,0,0,0,0,0,0,0,0,0,0,0,0,0,0,0,0,0,0,0,0,0,0,0,0,0,0,0,0,0,0,0,0,0,0,0,0,0,0,0,0,0,0,0,0,0,0,0,0,0,0,0,0,0,0,0,0,67,1216,MACCH,
211,404,0,251.322,400.598,0.018,269.286,398.362,0.034,286.058,396.126,0.051,301.807,393.885,0.068,318.705,392.82,0.084,332.878,391.702,0.102,350.324,392,0.119,382.223,391,0.136,399.565,389.682,0.151,418.81,388.221,0.169,438.307,388,0.185,456.366,385.954,0.202,475.395,386,0.218,491.932,384.738,0.237,510.112,385,0.253,520.5,383.5,0.271,527.356,382.378,0.285,535.206,382,0.302,538.735,382.867,0.319,540,383.5,0.369,536.825,384.087,0.387,532.606,385.465,0.403,517.928,397.661,0.419,500.931,410.809,0.436,483.535,428.127,0.453,459.12,447.172,0.47,431.205,470.508,0.486,408.007,488.042,0.503,381.856,508.591,0.521,354.566,528.826,0.537,324.5,551,0.555,289.151,580.156,0.57,260.939,604.679,0.587,237.747,628.165,0.603,215.338,649.629,0.62,195.281,666.266,0.636,181.493,686.856,0.654,171.042,697.354,0.671,164.5,705,0.688,167,706.266,0.703,168.506,707.753,0.72,173.378,711.502,0.737,181.97,714.989,0.754,193.144,716.114,0.77,211.769,717.236,0.798,229.849,717,0.817,253.458,716.527,0.838,301.858,715.286,0.856,329.935,713.325,0.875,359.85,710.128,0.888,389.027,705.688,0.905,414.57,697.609,0.922,444.357,689.75,0.94,467.596,684.819,0.964,491.532,681.879,0.976,509.857,681,0.99,522.871,681,1.005,535.112,680.081,1.023,544.313,680,1.039,549.799,677.68,1.056,552.856,676.715,1.074,556.207,675.598,1.091,560.63,676.052,1.228,0,0,0,0,0,0,0,0,0,0,0,0,0,0,0,0,0,0,0,0,0,0,0,0,0,0,0,0,0,0,0,0,0,0,0,0,0,0,0,0,0,0,0,0,0,0,0,0,0,0,0,0,0,0,0,0,0,0,0,0,0,0,0,0,0,0,0,0,0,0,0,0,0,0,0,0,0,0,0,0,0,0,0,0,0,0,0,0,0,0,0,0,0,0,0,0,0,0,0,0,0,0,0,0,0,0,0,0,64,1228,MACCH,
186,423,0,230.297,410.64,0.016,245.628,406.249,0.033,259.976,404.388,0.051,273.133,402.144,0.068,285.581,400.452,0.084,298.36,399.331,0.1,321.041,399,0.117,335.126,399.913,0.133,348.396,401.033,0.151,362.999,402.154,0.167,373.738,402,0.185,390.491,400.608,0.202,401.157,401.484,0.218,414.909,401,0.234,426.831,401,0.251,436.901,401,0.267,448.003,402,0.284,455.829,400.882,0.301,462.423,401,0.317,470.503,399.642,0.335,479.831,398.521,0.351,484.811,398,0.375,487.452,397.274,0.394,490.532,397,0.411,492.931,397.966,0.428,496.168,399,0.443,498.406,399,0.464,500.651,399,0.485,502.535,400.267,0.55,503.134,402.268,0.57,500.836,404.163,0.597,496.975,406.447,0.605,489.114,412.061,0.62,480,423.5,0.636,461.843,438.849,0.652,443.871,453.812,0.669,426.59,470.41,0.686,404.707,484.176,0.703,386.834,501.03,0.719,363.932,515.294,0.736,344.272,535.354,0.754,325.735,546.834,0.771,306.395,564.605,0.786,286.987,581.8,0.803,271.706,597.151,0.82,254.354,616.602,0.836,244.095,630.207,0.853,235.29,641.138,0.87,230.311,645.689,0.887,227.625,648.375,0.936,232.652,648,0.953,237.707,649.883,0.97,244.382,653.191,0.987,253.456,655.364,1.004,270.271,655,1.022,283.074,656.423,1.039,300.709,656,1.055,321.368,656,1.07,340.617,655.211,1.087,364.025,654.09,1.104,388.59,652.973,1.121,408.652,650.705,1.137,432.634,645.927,1.154,458.993,644.218,1.172,469.5,643.5,1.189,491.556,648.519,1.204,507.255,651.501,1.221,519.736,654.621,1.237,530.942,657.983,1.254,541.034,661.345,1.271,548.646,663.47,1.288,555.137,671.137,1.306,566.264,680.791,1.398,0,0,0,0,0,0,0,0,0,0,0,0,0,0,0,0,0,0,0,0,0,0,0,0,0,0,0,0,0,0,0,0,0,0,0,0,0,0,0,0,0,0,0,0,0,0,0,0,0,0,0,0,0,0,0,0,0,0,0,0,0,0,0,0,0,0,0,0,0,0,0,0,0,0,0,0,0,0,74,1398,MACCH,
194,379,0,211.171,381.146,0.019,231.739,383.562,0.036,245.839,384.68,0.052,261.251,385,0.069,276.867,385,0.086,293.651,383.957,0.102,312.787,381.672,0.119,349.804,378.148,0.137,370.51,376.189,0.154,390.5,372.5,0.17,412.864,366.784,0.186,433.035,362.7,0.203,453.87,360.224,0.22,473.145,357.983,0.236,491.067,358,0.253,507.663,358,0.269,521.8,356.631,0.288,530.421,355.509,0.304,542.268,355,0.32,548.662,355,0.337,552.554,355,0.354,554.5,355,0.419,550.819,357.181,0.438,543.241,367.486,0.454,528.534,379.977,0.47,514.2,392.8,0.487,496.069,409.057,0.504,481.223,423.777,0.521,459.627,441.841,0.537,440.964,454.555,0.556,419.011,475.148,0.572,397,487.5,0.589,375.192,508.205,0.604,353.969,527.031,0.621,332.034,546.271,0.638,307.542,565.354,0.655,286.312,584.405,0.671,264.931,601.002,0.688,242.319,619.144,0.706,227.5,635.5,0.723,209.894,652.354,0.738,194.574,666.192,0.755,185.818,678.5,0.772,181.056,685.916,0.789,176.573,689.32,0.805,174.541,693.918,0.825,172.322,697.017,0.846,173,698.941,0.872,177.139,700.713,0.889,179.663,702.663,0.906,183.805,705.854,0.922,188.279,710.279,0.939,196.348,712.385,0.955,208.079,714.616,0.974,219.348,716.87,0.99,233.301,717,1.007,247.42,717.675,1.022,264.51,718,1.039,278.998,718.917,1.057,296.629,719,1.073,311.047,719,1.089,330.637,719,1.108,342.74,719,1.125,363.5,719,1.141,379.853,721.277,1.156,395.894,722.761,1.174,411.294,723,1.19,428.006,722,1.207,442.514,722,1.223,457.182,720.755,1.24,466.23,721,1.258,480.832,721,1.275,486.018,720.396,1.29,490.899,720,1.307,493.686,720,1.324,495,720,1.39,491.821,718.91,1.519,0,0,0,0,0,0,0,0,0,0,0,0,0,0,0,0,0,0,0,0,0,0,0,0,0,0,0,0,0,0,0,0,0,0,0,0,0,0,0,0,0,0,0,0,0,0,0,0,0,0,0,0,0,0,0,0,0,0,0,0,0,0,0,0,0,0,78,1519,MACCH,
193,409,0,216.452,409,0.018,236.638,409,0.035,247.403,409,0.052,260.775,409,0.068,271.629,409,0.085,283.452,409,0.101,294.779,409,0.119,316.966,407.902,0.135,332.068,408,0.152,341.053,408,0.17,356.947,406.543,0.186,369.799,408,0.202,383.796,408,0.219,395.369,408,0.235,405.469,408,0.252,417.655,408,0.27,427.641,408,0.3,436.382,408,0.306,447.776,407,0.321,457.5,407,0.346,464.276,406.34,0.357,474.016,405.22,0.369,484.12,405,0.386,492.145,402.958,0.403,503.412,401.859,0.42,514.596,400.74,0.437,521.68,398.234,0.454,528,397.5,0.471,535.491,397,0.487,539.233,397,0.503,541.5,397,0.536,536.896,398.035,0.569,534.654,399.173,0.587,532.073,401.927,0.604,515.725,412.102,0.621,502.842,421.34,0.637,489.061,433.939,0.655,475.632,443.578,0.671,458.985,453.609,0.688,444.581,468.419,0.704,424.924,480.284,0.722,412.87,495.557,0.739,389.5,509.5,0.755,374.327,526.006,0.771,360.331,538.881,0.788,343.497,552.784,0.805,330.681,564.29,0.821,311.416,574.368,0.838,301.308,589.5,0.855,285.917,599.91,0.873,271.5,609.5,0.89,260.841,622.649,0.905,249.265,631.987,0.922,240.912,642.698,0.938,231.107,652.893,0.956,219.869,661.905,0.972,212.383,672.079,0.989,201.813,684.896,1.006,191.753,691.303,1.023,189.217,693.783,1.041,186.5,696.5,1.072,185.464,697.536,1.105,187.065,699.131,1.138,189.438,700.219,1.157,192,701.5,1.173,198.055,705.028,1.19,204.788,707.596,1.206,211.512,709.837,1.223,217.196,712.078,1.24,226.26,713.157,1.256,239.057,713,1.273,249.992,714.399,1.291,262.5,712.5,1.308,275.107,714.638,1.337,284.822,715.758,1.351,296.654,716.878,1.367,304.974,717.996,1.389,313.185,719,1.406,324.381,719.238,1.425,342.36,720,1.442,354.204,720,1.458,364.761,719.28,1.475,374.586,718.157,1.491,388.501,716.077,1.508,397.656,714.918,1.525,407.803,712.599,1.541,420.558,710.353,1.557,428.53,708.118,1.576,437,707.5,1.592,447.467,704.633,1.608,454.827,702.391,1.633,459.691,700.154,1.642,462,699,1.659,473.131,699,1.682,477.117,697.721,1.729,483.038,697,1.745,486.642,696.119,1.765,487.803,695.732,1.825,489.141,696,1.925,104,2274,MACCH,
188,405,0,226.568,406,0.017,247.827,406,0.033,267.241,406,0.05,287.369,406,0.067,308.637,406,0.091,328.638,404.687,0.11,361.438,404.564,0.125,393.998,404,0.138,415.49,403.326,0.157,435.522,403.795,0.176,454.584,404,0.183,471.526,404,0.2,487.243,405.16,0.216,496.501,405,0.234,505.193,406.399,0.251,507.044,407.522,0.266,509,408.5,0.315,503.987,410.007,0.333,490.474,416.763,0.35,470.882,440.844,0.366,449.077,455.101,0.384,417.336,481.229,0.401,391.847,504.123,0.417,365.964,527.307,0.434,340.512,547.405,0.45,313.728,565.515,0.467,294.502,582.322,0.484,270.569,599.165,0.5,251.127,619.873,0.518,235.202,640.158,0.535,215.995,662.72,0.551,198.879,681.816,0.567,186.683,695.13,0.584,176.603,706.33,0.601,169.666,712.278,0.618,166.48,714.347,0.668,169.357,715.179,0.685,177.626,718.644,0.701,187.005,721.557,0.718,202.53,722,0.735,216.224,719.963,0.752,238.83,718.859,0.768,258.626,715.229,0.785,285.757,710.477,0.806,310.986,703.503,0.825,334.399,697.9,0.835,361.957,693.783,0.852,392.296,691.274,0.869,417.694,688.042,0.886,443.453,686.893,0.903,464.217,685.778,0.921,489.626,683.307,0.937,506.967,681.063,0.954,527.415,678.823,0.97,544.594,676.587,1.062,0,0,0,0,0,0,0,0,0,0,0,0,0,0,0,0,0,0,0,0,0,0,0,0,0,0,0,0,0,0,0,0,0,0,0,0,0,0,0,0,0,0,0,0,0,0,0,0,0,0,0,0,0,0,0,0,0,0,0,0,0,0,0,0,0,0,0,0,0,0,0,0,0,0,0,0,0,0,0,0,0,0,0,0,0,0,0,0,0,0,0,0,0,0,0,0,0,0,0,0,0,0,0,0,0,0,0,0,0,0,0,0,0,0,0,0,0,0,0,0,0,0,0,0,0,0,0,0,0,0,0,0,56,1062,MACCH,
201,397,0,224.482,401.084,0.033,247.123,403.285,0.039,266.91,404,0.054,285.886,404.523,0.069,306.258,405,0.085,325.276,405,0.102,344.954,405,0.119,383.308,406.009,0.137,400.003,407.134,0.152,417.941,407,0.169,434.558,408.371,0.187,452.859,406.509,0.203,464.351,408,0.219,478.522,408,0.236,488.827,408,0.252,499.738,407.026,0.269,510.943,407,0.286,513.645,407,0.385,510.122,409.939,0.402,499.404,416.357,0.42,479.894,438.472,0.436,457.005,454.496,0.454,431.724,481.276,0.471,408,505,0.487,378.83,527.191,0.503,356.961,548.039,0.52,335.862,568.236,0.537,310.523,590.415,0.553,291.599,609.401,0.57,271.283,629.717,0.587,257.998,641.618,0.605,243.5,658,0.622,233.532,665.601,0.637,223.063,674.937,0.654,215.808,683.058,0.671,211.056,687.944,0.687,206.565,693.544,0.704,202.102,697.898,0.72,200.31,701.036,0.77,201,702.357,0.82,205.148,703,0.838,207.375,704.187,0.854,212.256,706.628,0.873,219.603,710.302,0.89,233.654,711.109,0.906,245.752,712.675,0.921,260.92,713.795,0.938,276.803,714,0.955,293.558,714,0.972,310.297,714,0.988,329.567,711.463,1.005,343.232,712,1.023,363.5,709,1.04,377.948,707.722,1.056,392.895,705.478,1.074,404.8,704.12,1.089,420.005,701.999,1.105,431.208,699.758,1.122,446.109,700,1.139,459.381,697.27,1.157,466.832,696.521,1.174,482.036,696.396,1.189,491.06,695.277,1.206,502.275,695,1.223,513.655,693.069,1.24,520.516,693,1.256,526.034,691.793,1.273,530.308,692,1.29,533.336,692,1.322,529.464,690.732,1.356,526.131,688.131,1.374,521.795,683.795,1.465,0,0,0,0,0,0,0,0,0,0,0,0,0,0,0,0,0,0,0,0,0,0,0,0,0,0,0,0,0,0,0,0,0,0,0,0,0,0,0,0,0,0,0,0,0,0,0,0,0,0,0,0,0,0,0,0,0,0,0,0,0,0,0,0,0,0,0,0,0,0,0,0,0,0,0,0,0,0,0,0,0,73,1465,MACCH,
188,393,0,214.911,394.076,0.017,245.849,395,0.034,264.529,394.154,0.051,282.482,392.065,0.067,299.324,390.912,0.085,317.336,389.792,0.101,332.538,388.676,0.118,372.831,386.108,0.135,381.631,384.867,0.152,396.555,383.313,0.168,411.342,382.19,0.185,424.262,381.067,0.201,436.566,381,0.218,450.037,381,0.235,458.321,381,0.252,467.291,381,0.269,476,381,0.286,483.256,382.651,0.302,488.095,383,0.318,493.461,383.892,0.335,501.074,386.021,0.352,508.951,387.136,0.369,514.277,388.255,0.385,517.113,388,0.403,520.495,389.498,0.419,522,389,0.451,523.536,390.268,0.535,520.845,391.077,0.568,510.658,405.751,0.586,496.476,418.878,0.603,481.738,437.035,0.62,461.852,451.829,0.636,444.056,472.313,0.661,421.568,485.526,0.674,400.973,501.07,0.688,379.157,515.048,0.705,360.087,529.591,0.72,340.896,543.403,0.737,319.854,559.536,0.754,303.651,573.299,0.771,285.709,590.148,0.787,270.31,604.427,0.806,255.96,619.04,0.822,246.932,632.102,0.839,236.744,647.384,0.854,227.026,658.974,0.871,219.795,669.674,0.888,216.03,681.892,0.905,214.894,686.425,0.921,213.771,689.688,0.938,212.647,693.059,0.956,214.472,694.944,0.971,214,697,1.004,216.536,698.536,1.037,226.457,707.381,1.055,234.357,710.582,1.071,246.18,713.954,1.09,255.934,715.874,1.106,272.666,716.555,1.123,287.482,717,1.138,303.148,716.204,1.155,320.667,714.167,1.172,336.55,712.961,1.189,354.44,710.695,1.205,369.951,708.436,1.222,386.962,706.205,1.24,402,702.5,1.257,414.618,699.718,1.273,427.627,697.475,1.289,439.724,696.116,1.306,453.053,692.987,1.323,459.735,691.877,1.339,470.217,689.507,1.356,480.223,688.642,1.374,485.898,689,1.391,487.209,688,1.406,489,688,1.439,490.536,688,1.589,494.111,684.944,1.607,502.214,680.306,1.701,0,0,0,0,0,0,0,0,0,0,0,0,0,0,0,0,0,0,0,0,0,0,0,0,0,0,0,0,0,0,0,0,0,0,0,0,0,0,0,0,0,0,0,0,0,0,0,0,0,0,0,0,0,0,0,0,0,81,1701,MACCH,
200,381,0,231.797,386.559,0.017,247.633,389.921,0.035,263.351,393.289,0.052,279.04,396.651,0.068,296.056,400.011,0.085,314.335,401.917,0.102,345.039,403.16,0.118,374.995,403.3,0.135,397.415,402.179,0.151,420.763,401.059,0.168,444.293,399.938,0.185,463.1,396.453,0.202,489.954,394.395,0.219,508.574,393.579,0.236,528,391,0.253,544.272,390.675,0.269,559.976,389.216,0.286,572.946,388.096,0.302,580.149,388,0.319,583.437,388,0.336,585.527,388,0.385,582.643,390.357,0.402,567.585,402.179,0.42,544.784,419.879,0.45,515.376,439.749,0.46,481.873,467.606,0.47,449.466,488.281,0.487,411.788,516.154,0.504,370.133,546.181,0.52,335.609,572.928,0.537,302.869,596.879,0.554,272.619,622.066,0.57,246.167,645.934,0.587,223.605,666.255,0.604,208.366,686.387,0.62,193.989,697.394,0.639,187.991,704.009,0.655,188,708.646,0.672,189.34,711.34,0.687,191.58,712.79,0.704,198.347,714.813,0.721,208.28,717.062,0.738,217.195,719.299,0.754,232.507,720.27,0.773,252.646,720,0.789,273.697,718.488,0.806,295.208,717.371,0.821,318.079,716.246,0.838,338.761,716.876,0.855,363.821,717.992,0.872,387.413,716.885,0.895,408.66,715.301,0.905,431.068,711.94,0.923,453.496,707.101,0.939,468.541,704.211,0.955,484.329,701.565,0.972,498.049,699.325,0.989,512.447,697.085,1.006,520.545,694.844,1.022,529.57,693.804,1.039,535.932,691.356,1.057,538.317,692,1.149,0,0,0,0,0,0,0,0,0,0,0,0,0,0,0,0,0,0,0,0,0,0,0,0,0,0,0,0,0,0,0,0,0,0,0,0,0,0,0,0,0,0,0,0,0,0,0,0,0,0,0,0,0,0,0,0,0,0,0,0,0,0,0,0,0,0,0,0,0,0,0,0,0,0,0,0,0,0,0,0,0,0,0,0,0,0,0,0,0,0,0,0,0,0,0,0,0,0,0,0,0,0,0,0,0,0,0,0,0,0,0,63,1149,MACCH,
207,379,0,225.815,381.091,0.019,242.76,383.96,0.032,253.5,384.5,0.053,267.822,385.711,0.065,281.953,386.843,0.082,296.501,387,0.099,313.263,388.084,0.116,346.799,388,0.132,370.176,385.348,0.151,390.42,384.557,0.169,412.693,380.33,0.185,436.268,376.962,0.199,456.648,374.394,0.22,478.453,372.155,0.237,494.665,369.905,0.256,513.817,367.669,0.266,521.31,364.134,0.3,532.673,363.592,0.311,540.116,363,0.319,543.289,363.645,0.334,545,364.5,0.385,544,367.092,0.422,534.608,382.026,0.439,521.143,397.786,0.452,505.264,417.345,0.468,486.643,438.538,0.485,465.259,459.067,0.502,442.773,475.459,0.542,420.312,493.35,0.552,365.521,532.178,0.575,343.951,547.787,0.59,320.142,561.708,0.602,298.537,575.766,0.619,277.633,592.132,0.635,257.24,608.967,0.659,241.341,627.8,0.669,223.425,646.736,0.688,210.393,662.208,0.703,195.648,674.94,0.721,187.798,687.803,0.737,181.706,697.93,0.753,176.887,707.227,0.768,175.11,713.448,0.787,173.996,718.018,0.803,175.134,721.403,0.819,176.264,724.791,0.838,180.132,728.132,0.854,184.018,731.513,0.87,189.702,734.234,0.886,199.321,736.464,0.902,210.581,737.858,0.92,219.921,737.01,0.936,236.536,737,0.954,250.929,734.549,0.971,270.881,729.616,0.986,286.999,725.134,1.003,307,722.5,1.021,326.246,719.909,1.037,344.397,717.347,1.054,365.034,715.102,1.072,386.243,712.869,1.086,402.87,711.809,1.11,423.969,710.068,1.121,441.864,706.713,1.138,462.271,702.346,1.154,480.386,698.991,1.181,497.039,697.211,1.205,524.245,692.973,1.228,538.968,690.697,1.252,546.629,689.729,1.263,552.574,689,1.276,557.05,688.487,1.292,560.262,688,1.305,562.506,688,1.439,0,0,0,0,0,0,0,0,0,0,0,0,0,0,0,0,0,0,0,0,0,0,0,0,0,0,0,0,0,0,0,0,0,0,0,0,0,0,0,0,0,0,0,0,0,0,0,0,0,0,0,0,0,0,0,0,0,0,0,0,0,0,0,0,0,0,0,0,0,0,0,0,0,0,0,75,1439,MACCH,
204,396,0,228.513,400.419,0.016,241.081,401.826,0.033,254.413,402.951,0.05,267.837,403,0.067,282.472,403,0.083,296.976,404.306,0.101,311.625,404,0.118,346.5,407,0.133,356.117,405.673,0.153,371.506,405.208,0.168,390.36,405,0.184,404.348,403.971,0.2,423.619,404,0.217,438.842,402.726,0.233,457.229,400.221,0.251,469,398,0.268,485.325,395.368,0.284,496.54,394.246,0.301,506.88,393.124,0.318,512.981,393,0.334,516.344,391.885,0.366,518.358,392,0.45,516.893,394.214,0.471,515.96,396.08,0.486,510.022,405.564,0.505,496.509,414.539,0.52,485.629,427.808,0.536,475,445.5,0.552,455.807,458.241,0.568,437.586,471.008,0.586,422.951,483.128,0.602,404.334,498.548,0.619,389.895,511.943,0.635,372.801,527.919,0.654,360.127,540.873,0.67,342.5,558.5,0.687,327.449,572.914,0.703,311.35,589.411,0.719,296.507,602.724,0.736,280.938,616.054,0.753,269.752,628.373,0.769,254.838,641.919,0.786,242.939,660.907,0.804,233.626,674.318,0.821,223.138,686.862,0.836,216.366,694.361,0.853,211.611,701.931,0.87,206.182,709.746,0.887,202.735,714.354,0.936,203,716.3,0.987,210.249,717.625,1.004,214.731,719.866,1.021,222.36,721.051,1.038,233.694,723.339,1.054,246.169,724.288,1.072,257.114,724,1.089,275.5,725.5,1.105,288.761,726.651,1.121,304.814,725.455,1.138,322.279,725,1.154,338.235,723.983,1.171,354.987,724,1.198,370.592,721.487,1.23,388.631,720.249,1.247,419.599,716.386,1.257,433.09,715.265,1.272,448.005,714.143,1.289,458.801,714,1.305,471.057,712.904,1.322,484.635,711.78,1.339,492.713,712,1.357,504.575,710.542,1.374,511.48,710.42,1.39,516.104,710,1.406,518.642,709.179,1.423,520,708.5,1.455,519,706.878,1.488,516.574,707,1.585,0,0,0,0,0,0,0,0,0,0,0,0,0,0,0,0,0,0,0,0,0,0,0,0,0,0,0,0,0,0,0,0,0,0,0,0,0,0,0,0,0,0,0,0,0,0,0,0,0,0,0,0,0,0,0,0,0,0,0,0,0,0,0,79,1585,MACCH,
227,391,0,261.389,401.347,0.018,279.165,403.896,0.033,296.149,405.077,0.05,314.108,405,0.067,330.719,405,0.085,350.411,403.564,0.101,367,402.5,0.118,403.453,397.65,0.134,420.767,394.606,0.158,435.917,393.083,0.167,453.593,391.963,0.184,463.399,390.845,0.202,479.899,392.279,0.218,489.992,390.601,0.236,496.5,389.5,0.252,504.196,391,0.268,507.525,391,0.285,509,391,0.334,505.877,393.123,0.352,501.917,395.722,0.369,485.18,414.305,0.386,468.329,430.066,0.402,449.678,446.148,0.418,428.946,466.899,0.435,402.776,487.418,0.452,381.365,507.549,0.469,357.665,528.923,0.485,332.853,546.198,0.503,306.691,568.517,0.521,290,582.5,0.536,265.99,600.945,0.553,248.878,616.314,0.569,234.83,627.377,0.586,219.309,637.444,0.603,209.491,652.18,0.619,198.092,662.908,0.636,189.709,672.703,0.654,188.5,682.5,0.669,187.349,687.253,0.686,186.23,692.081,0.703,186,696.567,0.719,186,704.088,0.736,187.133,708.533,0.754,189.507,713.014,0.77,193.09,716.09,0.788,196.495,719.495,0.804,206.299,722.842,0.82,214.152,726.208,0.837,222.858,728.714,0.854,238.699,729,0.87,253.278,726.803,0.887,275.061,723.359,0.911,291.783,719.983,0.923,314.192,716.621,0.939,332.21,715.424,0.955,354.471,713.594,0.972,377.389,710.542,0.988,399.822,707.177,1.005,424.358,703.815,1.022,445.411,701.641,1.038,461.555,702,1.056,484.033,702,1.073,500.342,702.456,1.091,516.307,698.678,1.105,530.187,693.082,1.122,542.989,690.184,1.139,554.227,690,1.156,565.456,691.146,1.172,570.331,702.395,1.274,0,0,0,0,0,0,0,0,0,0,0,0,0,0,0,0,0,0,0,0,0,0,0,0,0,0,0,0,0,0,0,0,0,0,0,0,0,0,0,0,0,0,0,0,0,0,0,0,0,0,0,0,0,0,0,0,0,0,0,0,0,0,0,0,0,0,0,0,0,0,0,0,0,0,0,0,0,0,0,0,0,0,0,0,0,0,0,0,0,0,70,1274,MACCH,
215,403,0,263.975,405.738,0.018,287.191,406,0.034,308.58,406,0.051,327.71,406,0.068,347.937,406,0.084,366.766,407.339,0.102,385.879,407,0.119,421.491,407.417,0.135,441.606,405.599,0.152,457.692,403.355,0.168,475.09,401.114,0.185,487.724,398.868,0.202,500.024,396.632,0.218,511.045,395.696,0.237,515.129,397.426,0.253,517.5,400,0.269,516.339,406.305,0.285,512.076,414.278,0.303,501.937,426.876,0.319,489.704,440.323,0.337,478.527,451.473,0.353,459.75,466.453,0.371,444.555,478.278,0.388,422.863,493.629,0.404,402.406,507.927,0.42,379.993,524.756,0.436,360.179,541.205,0.453,337.207,560.823,0.47,311.405,575.467,0.486,296.767,597.388,0.503,275.626,605.187,0.521,267.282,622.606,0.538,257.641,632.954,0.554,249.712,646.29,0.57,245.495,656.68,0.587,244.045,662.777,0.604,242.926,667.295,0.62,243,674.168,0.637,241.683,676.952,0.67,242,678.536,0.709,239.464,680.536,0.737,234.917,683.041,0.77,233.86,685.28,0.804,237.782,688.782,0.822,240.928,691.285,0.837,243.529,692.765,0.854,245,693.5,0.871,246.007,695.006,0.92,240.387,698.368,0.939,224.686,706.898,0.956,210.717,717.248,0.971,195.097,722.908,0.988,185.057,730.792,1.005,176.258,735.871,1.022,171.647,739.264,1.089,176.536,737.866,1.106,187.84,730.852,1.122,198.953,724.931,1.139,213.129,720.268,1.156,223.5,714.722,1.172,242.873,707.986,1.189,258.173,702.51,1.208,280.879,696.927,1.224,294,691.5,1.24,319.793,691.343,1.257,337.89,691,1.273,360.678,692.789,1.29,381.301,696.05,1.306,402.61,700.549,1.323,423.941,707.56,1.339,445.234,712.904,1.358,463.5,715.5,1.374,481.9,714,1.39,500.591,713.259,1.407,517.058,711.277,1.423,532.804,707.056,1.44,548.337,703.713,1.457,564.145,700.326,1.473,571.745,705.03,1.565,0,0,0,0,0,0,0,0,0,0,0,0,0,0,0,0,0,0,0,0,0,0,0,0,0,0,0,0,0,0,0,0,0,0,0,0,0,0,0,0,0,0,0,0,0,0,0,0,0,0,0,0,0,0,0,0,0,0,0,0,80,1565,MACCH,
193,425,0,207.44,418.812,0.018,239.863,410.48,0.034,242.027,410.662,0.053,253.171,409.537,0.069,268.379,408.42,0.085,282.805,407.3,0.102,297.665,406.18,0.118,314.118,405.059,0.135,341.542,406.062,0.152,357.766,406,0.168,371.897,407.3,0.187,387.903,408.422,0.203,401.5,409.5,0.22,415.903,410,0.235,429.615,410,0.252,444.66,410,0.269,456.27,410,0.286,465.162,410,0.312,477.137,410.267,0.323,486.066,411.383,0.337,489,412.5,0.354,491.884,414.628,0.37,493.752,416.505,0.386,494,418.74,0.403,494,421.977,0.42,490.668,430.885,0.436,482.366,441.102,0.454,462.422,453.835,0.471,445.864,476.563,0.488,421.319,493.275,0.504,398.962,511.741,0.52,376.299,531.031,0.537,353.891,549.287,0.554,329.327,567.216,0.57,303.541,586.295,0.587,279.063,601.414,0.605,261.604,617.09,0.622,242.767,630.451,0.638,227.499,640.786,0.654,215.815,651.983,0.671,205.715,658.603,0.688,196.704,662.111,0.704,190.041,670.119,0.721,185.888,679.223,0.739,182.805,688.187,0.756,181,691,0.772,181,692.282,0.788,182.529,693.765,0.805,185.647,695.765,0.822,191.022,698.009,0.838,202.206,700.241,0.855,217.135,701.241,0.872,230.381,701,0.889,252.713,702.484,0.906,273.88,702.604,0.922,297.739,703,0.939,323.488,703,0.955,346.354,700.097,0.972,373.066,696.742,0.989,399.955,695.794,1.006,420.275,694.67,1.023,440.089,690.652,1.04,456.698,689.86,1.056,467.93,688.307,1.073,478.298,688,1.089,483.731,688,1.106,486.103,688,1.14,489.439,686.854,1.156,491.831,687,1.25,0,0,0,0,0,0,0,0,0,0,0,0,0,0,0,0,0,0,0,0,0,0,0,0,0,0,0,0,0,0,0,0,0,0,0,0,0,0,0,0,0,0,0,0,0,0,0,0,0,0,0,0,0,0,0,0,0,0,0,0,0,0,0,0,0,0,0,0,0,0,0,0,0,0,0,0,0,0,0,0,0,0,0,0,0,0,0,0,0,0,70,1250,MACCH,
199,405,0,230.987,398.07,0.017,249.474,394.446,0.035,267.548,391.085,0.051,287.623,387.729,0.068,309.048,384.361,0.085,327.626,382.338,0.102,352.478,380.097,0.12,394.277,375.858,0.136,416.523,374.308,0.152,436.814,374,0.169,454.926,374,0.185,467.587,375.053,0.202,482.234,378.515,0.219,489.064,379.295,0.237,492.651,381.825,0.253,495.5,384,0.27,495,386.3,0.285,495,388,0.318,489.95,393.067,0.336,480.938,407.726,0.352,463.161,419.815,0.369,446.351,440.402,0.387,417.585,456.445,0.404,394.54,479.401,0.431,369.072,500.72,0.442,342.469,524.82,0.455,311.619,545.602,0.472,286.98,570.02,0.491,260.995,593.57,0.504,239.245,613.079,0.522,216.791,636.209,0.539,201.135,651.704,0.554,188.381,665.727,0.571,181.075,678.849,0.587,177.177,686.647,0.604,175.94,690.179,0.621,178.365,693.547,0.638,181.909,698.212,0.656,189.537,704.114,0.672,203.621,710.177,0.689,217.948,712.662,0.704,239.239,712.216,0.721,263.938,709.281,0.738,286.455,706.955,0.755,313.493,701.272,0.771,340.328,696.945,0.79,365.85,695.23,0.806,388.11,693.989,0.823,409.872,693,0.838,428.202,693,0.855,445.879,693,0.872,456.911,692.01,0.94,485.419,689,0.957,488.777,689.592,0.972,494.285,690,1.063,0,0,0,0,0,0,0,0,0,0,0,0,0,0,0,0,0,0,0,0,0,0,0,0,0,0,0,0,0,0,0,0,0,0,0,0,0,0,0,0,0,0,0,0,0,0,0,0,0,0,0,0,0,0,0,0,0,0,0,0,0,0,0,0,0,0,0,0,0,0,0,0,0,0,0,0,0,0,0,0,0,0,0,0,0,0,0,0,0,0,0,0,0,0,0,0,0,0,0,0,0,0,0,0,0,0,0,0,0,0,0,0,0,0,0,0,0,0,0,0,0,0,0,0,0,0,0,0,0,0,0,0,56,1063,MACCH,
206,403,0,228.263,400.976,0.018,248.143,399.741,0.035,263.358,400,0.053,276,400,0.07,290.044,400.619,0.085,305.383,401,0.102,321.09,401,0.119,351.478,401,0.136,368.57,401,0.152,385.38,401,0.169,400.871,399.652,0.187,415.054,398.534,0.204,431.057,395.824,0.223,447.327,394.292,0.246,459.476,394,0.254,472.346,394,0.27,482.63,392.93,0.287,487.953,393,0.303,490.924,393,0.32,492.865,393,0.353,494.534,394.267,0.419,497.091,397.091,0.437,499.549,399.549,0.454,501.784,401.784,0.47,504,402.5,0.502,505.536,404.536,0.536,505,406.536,0.554,502.885,408.115,0.571,498.058,414.178,0.587,489.492,425.224,0.605,480.169,442.705,0.622,463.63,456.968,0.638,445.781,472.344,0.655,427.574,489.426,0.671,404.851,506.392,0.688,384.561,526.439,0.704,363.186,543.011,0.721,343.225,562.454,0.739,324.486,575.746,0.756,302,592.5,0.772,284.332,607.251,0.789,267.563,624.042,0.805,251.161,637.149,0.822,241.637,650.544,0.839,228.065,661.612,0.855,215.869,672.846,0.873,210.551,685.49,0.89,202.5,693,0.906,195.43,703.497,0.922,191.7,709.834,0.938,189.5,713.5,0.956,189.996,713.009,1.013,192.247,713,1.04,198.429,714.607,1.056,205.084,716.453,1.073,212.943,717,1.09,220.802,717.972,1.107,232.992,718,1.123,246.532,719.211,1.139,258.671,719,1.157,278.175,720.448,1.174,287.5,720,1.19,308.682,718.308,1.207,326.843,717.186,1.226,340.263,717,1.249,359.884,715.951,1.258,373.099,716,1.274,390.374,714.708,1.292,402.961,715,1.308,416.97,713.464,1.325,429.568,712.343,1.341,442.335,711.222,1.358,453.981,711,1.374,463.167,711,1.391,476.642,708.726,1.408,488.805,706.49,1.426,495.676,702.853,1.443,510.968,701.005,1.459,517.094,698.763,1.475,522.703,696.519,1.492,528.307,695.139,1.508,534.892,694.018,1.525,541.602,694,1.542,541,700.129,1.637,0,0,0,0,0,0,0,0,0,0,0,0,0,0,0,0,0,0,0,0,0,0,0,0,0,0,0,0,0,0,0,0,0,0,0,0,0,0,0,0,0,0,0,0,0,85,1637,MACCH,
181,400,0,215.884,408.45,0.018,231.207,409.939,0.035,244.716,411.06,0.051,260.519,411,0.068,273.579,411,0.085,288.481,411,0.102,301,411,0.119,327.574,412,0.135,339.03,412,0.153,355.468,412,0.169,367.145,412,0.185,381.696,410.87,0.202,397.745,409.733,0.219,405.033,408.621,0.236,420,407.5,0.253,429.989,406.753,0.269,441.192,405.255,0.286,451.788,405,0.302,459.916,403.024,0.319,471.065,401.893,0.336,483.496,399.546,0.352,490.436,397.304,0.37,498.295,395.059,0.387,510.117,393.824,0.403,515.84,392.29,0.42,520.316,391.171,0.436,522.903,390.049,0.453,524,389.5,0.536,519.65,393.35,0.553,512.646,402.737,0.57,497.281,413.232,0.587,484.614,426.421,0.611,465.828,443.017,0.625,450.202,457.526,0.643,427.493,473.531,0.662,413.79,484.14,0.672,395.513,498.222,0.688,377.13,509.813,0.705,362.462,526.051,0.721,345.027,537.983,0.738,332.669,549.21,0.755,316.687,565.313,0.772,300.984,578.299,0.789,288.265,596.169,0.806,272.984,609.422,0.822,259.603,622.951,0.838,248.429,633.571,0.855,239.308,648.462,0.872,226.014,660.904,0.888,217.381,674.429,0.905,211.059,690.529,0.923,204.341,697.546,0.939,199.875,701.688,0.955,198,704.5,0.988,196.465,705.535,1.006,199.043,706.022,1.038,202.43,708.287,1.056,206.22,710.813,1.073,212.5,713,1.09,218.892,714.649,1.106,230.212,715,1.123,242.789,715,1.139,255.116,713.989,1.156,273.095,712.869,1.173,284.771,710.496,1.189,302.494,706.901,1.207,316.398,703.524,1.224,332.336,702.777,1.24,345.783,702,1.256,361.802,701.147,1.273,374.712,699.052,1.29,392.543,695.711,1.307,404.307,691.161,1.323,422.088,687.982,1.341,434.43,686.095,1.358,448.5,684,1.374,464.062,683.303,1.39,481.067,681.367,1.407,495.245,680.063,1.424,510.835,677.881,1.441,520.58,676.824,1.457,526.813,677,1.474,539.179,677,1.491,545.5,675.5,1.509,547.319,674.34,1.524,549.559,674,1.541,551,674,1.557,553.031,675.01,1.652,0,0,0,0,0,0,0,0,0,0,0,0,0,0,0,0,0,0,0,0,0,0,0,0,0,0,0,0,0,0,0,0,0,89,1652,MACCH,
202,403,0,237.652,405.744,0.018,254.985,406.866,0.035,267.847,407.986,0.052,280.196,408,0.069,293.722,408,0.085,305.821,409.347,0.103,318.155,409,0.12,337.715,410,0.136,348.085,410,0.152,359.306,410,0.169,367.645,410.949,0.186,375.503,411,0.203,385.689,411,0.219,393.178,411,0.237,398.159,412.432,0.254,402.757,412,0.27,409.688,412,0.286,417.554,412,0.303,422.65,412,0.32,426.105,412,0.339,429.46,412,0.353,432.822,412,0.37,437.569,412,0.388,440.5,412,0.404,446.535,412,0.42,450.265,412,0.437,453.627,412,0.454,455.988,412,0.47,460.469,410.883,0.491,463.711,411,0.503,468.411,411,0.519,472.887,409.528,0.538,480.372,409.407,0.553,484.86,409,0.571,488.501,408.166,0.587,491.872,407.043,0.604,495.227,407,0.62,498.575,407,0.737,494.986,408.005,0.773,489.299,411.421,0.814,466.871,431.616,0.84,444.743,448.255,0.856,433.297,455.222,0.896,414.968,471.688,0.907,401.13,479.674,0.937,392.404,489.596,0.966,371.237,506.572,0.981,363.673,514.048,0.99,355.282,523.558,1.01,345.329,530.78,1.026,338.522,537.478,1.044,331.795,544.205,1.075,314.932,560.068,1.094,308.182,566.818,1.107,303.264,572.42,1.128,296.383,579.617,1.141,289.453,586.547,1.158,281.683,593.271,1.179,275.004,599.996,1.19,270.856,606.717,1.209,263.59,614.811,1.225,255.319,622.155,1.242,248.78,628.22,1.258,243.939,633.061,1.274,237.685,639.315,1.291,230.961,646.039,1.308,225.376,651.624,1.324,219.761,655.991,1.343,215.526,661.842,1.363,211.533,667.446,1.413,196.642,686.357,1.443,194.072,687.964,1.458,191.789,692.422,1.512,190.821,694.357,1.574,193.268,696.268,1.592,197.344,699.258,1.609,199.584,701.584,1.627,201.821,703.821,1.644,207,704.5,1.66,210.605,707.302,1.675,214.328,708.776,1.692,217.688,709.896,1.709,221.056,711.019,1.726,224.411,711,1.742,229.03,712.258,1.759,232.119,712,1.777,236.977,713.494,1.794,241.462,714.615,1.809,245.214,715.738,1.826,248.573,716,1.843,253.91,716,1.86,261.671,716,1.876,269.569,717.224,1.892,274.692,715.662,1.911,278.85,716,1.928,284.487,715.419,1.944,291.206,714.299,1.96,298.743,714,1.977,304.706,714,1.993,135,2755,MACCH,
207,402,0,223.568,406.142,0.018,239.853,410.213,0.036,251.5,410.5,0.059,267.388,411.645,0.07,283.478,412.765,0.085,299.38,413.884,0.102,317.104,414,0.119,351.933,412.873,0.141,367.955,411.754,0.16,381.346,410.638,0.17,400.712,411,0.188,409.292,412,0.203,420.569,412,0.219,428.948,412,0.236,436.788,412,0.253,446.831,413.092,0.27,453.278,413,0.286,457.321,413,0.303,461.809,414.452,0.321,467.443,414.574,0.337,474.17,415,0.353,479.259,415.815,0.37,482.805,416,0.386,486.167,416,0.403,489.528,416,0.42,492.883,414.706,0.437,494.835,415,0.453,497,415,0.569,492.857,417.096,0.588,488.5,420,0.604,477.797,430.962,0.62,464.359,439.933,0.637,451.48,448.923,0.654,434.256,461.808,0.671,421.826,473.067,0.687,400.997,484.224,0.704,384.81,499.498,0.722,362.192,512.563,0.738,344.429,529.635,0.755,324.284,544.184,0.771,306.572,560.428,0.788,287.896,572.473,0.805,270.951,587.979,0.821,250.614,602.445,0.838,236.99,623.553,0.856,219.508,633.76,0.872,211,642.5,0.889,198.618,657.04,0.905,188.662,667.13,0.922,182.438,678.124,0.938,174.769,686.231,0.955,169.255,690.596,0.971,164.909,693.819,0.989,161.806,695.796,1.006,160,702.5,1.023,158.365,705.27,1.039,158.759,707.517,1.056,159.5,709,1.088,162.119,710.079,1.106,165.711,712.474,1.122,171.801,713.36,1.14,183.302,715.956,1.157,194.204,716,1.173,209.083,716,1.19,223.115,714.314,1.207,242.308,713.038,1.223,259.23,710.836,1.24,279.606,706.199,1.256,297.176,701.706,1.274,316.55,695.779,1.291,337.5,695,1.307,356.381,692.63,1.323,377.516,688.774,1.34,397.647,684.301,1.357,418.901,679.81,1.374,436.651,677.669,1.39,455.908,676.711,1.407,466.503,678.409,1.425,486,676.5,1.441,496.128,674.704,1.457,507.708,672.458,1.474,514.451,671.11,1.491,517.025,671,1.574,520.321,669.893,1.667,0,0,0,0,0,0,0,0,0,0,0,0,0,0,0,0,0,0,0,0,0,0,0,0,0,0,0,0,0,0,0,0,0,0,0,0,0,0,0,0,0,0,0,0,0,85,1667,MACCH,
183,394,0,203.479,397.072,0.013,224.708,399.714,0.032,239.704,400.479,0.055,254.393,402.199,0.067,268.66,403.722,0.08,283.829,405.69,0.097,298.527,407.927,0.114,330.436,412.336,0.13,340.048,413.205,0.147,359.198,414.325,0.165,371.354,414,0.182,389.533,414.431,0.198,403.6,414,0.214,419.164,414,0.231,431.289,414,0.247,446.721,414,0.264,457.697,414,0.281,467.612,412.71,0.299,483.349,413,0.316,490.198,412,0.332,497.588,412,0.348,505.434,412,0.365,509.688,412,0.381,511.5,412,0.447,512.2,412,0.514,509.732,413.134,0.547,507.85,414.075,0.614,478.683,436.488,0.632,459.14,451.558,0.649,440.783,467.315,0.666,420.784,482.946,0.682,401.836,496.233,0.699,381.436,511.018,0.717,364.169,525.55,0.734,320,560.5,0.75,308.633,571.698,0.767,290.568,588.642,0.783,274.255,602.014,0.8,259.597,616.403,0.816,247.331,627.517,0.833,240.079,634.921,0.851,229.445,644.16,0.879,222.5,653,0.901,218.103,659.162,0.917,214.123,667.754,0.934,213,672.001,0.95,211.881,677.594,0.967,210.761,680.718,0.983,209.64,682.72,1,210,684.96,1.056,210,686.357,1.1,211.052,688.104,1.133,213.447,689.224,1.152,216.13,692.13,1.168,220.43,695.058,1.185,228.465,699.232,1.201,239.269,701.854,1.218,248.395,705.148,1.234,262.013,709.671,1.251,276.814,712.88,1.27,287.077,714.815,1.286,305.5,714,1.303,320.082,713.703,1.318,333.497,713,1.335,347.622,711.212,1.352,362.19,711,1.369,372.197,709.867,1.385,387.328,707.488,1.402,399.112,705.252,1.42,405.481,704.503,1.437,418.154,705,1.452,426.438,705.74,1.469,434.005,706,1.486,444.779,705.022,1.503,453.788,705,1.519,459.118,703.776,1.536,467.388,701.318,1.554,476.693,702,1.571,485.499,700.417,1.588,492.227,698.591,1.604,501.375,696.361,1.63,510.529,694.118,1.643,516.298,691.881,1.654,520.749,689.626,1.67,525.196,687.402,1.688,526.853,686.573,1.705,530.649,684.351,1.799,0,0,0,0,0,0,0,0,0,0,0,0,0,0,0,0,0,0,0,0,0,0,0,0,0,0,0,0,0,0,0,0,0,0,0,0,88,1799,MACCH,
206,387,0,224.552,388.031,0.019,241.43,389.453,0.036,253.357,391.578,0.052,264.963,392.696,0.068,276.184,394.637,0.085,288.329,395.939,0.101,299.617,398.123,0.118,323.779,402.72,0.135,335.604,404.601,0.153,343.373,405.422,0.17,358,405,0.186,369.936,405,0.203,382.378,404.218,0.219,394.924,403.098,0.236,403.174,401.975,0.265,414.276,401,0.274,424.117,400.735,0.285,433.027,399.622,0.303,443.5,397,0.32,453.999,396.375,0.336,462.987,394.503,0.353,474.545,394,0.37,483.905,392.024,0.386,489.544,390.891,0.403,495.145,389.771,0.42,503.412,391.345,0.437,506.875,389.531,0.453,508,390,0.519,505.866,392.267,0.537,503.821,394.179,0.553,501.377,397.935,0.571,490.538,411.328,0.589,477.82,427.389,0.604,463.93,442.397,0.62,450.469,456.325,0.637,434.28,469.976,0.654,422.67,480.297,0.67,403.426,496.12,0.688,389.399,506.77,0.703,373.52,517.914,0.722,362.5,530.5,0.739,348.524,538.685,0.754,336.196,551.072,0.772,322.637,563.615,0.802,309.021,574.983,0.811,300.066,590.634,0.827,285.173,603.062,0.846,271.726,617.63,0.856,265.648,629.268,0.873,251.619,643.968,0.889,242.954,656.487,0.905,233.433,666.567,0.922,223.328,679.562,0.939,217.612,687.543,0.955,214.39,691.813,0.972,211.038,694.962,1.005,210.733,696.535,1.071,213.268,697.134,1.089,216.249,699.166,1.105,218.573,701.573,1.122,223.626,705.219,1.141,234,708.5,1.157,243.135,711.284,1.172,254.412,712.765,1.189,268.543,713,1.206,281.071,713,1.238,296.777,710.746,1.258,323.422,708.263,1.276,334.409,709,1.291,342.868,709,1.312,352.561,709,1.324,360.955,709,1.34,366.859,708.028,1.357,372.462,706.908,1.374,381.681,705.79,1.391,389.322,704.668,1.409,395.726,703.546,1.426,399.869,703,1.441,406.165,703.694,1.457,413.688,704,1.474,421.544,704,1.492,427.267,704,1.508,432.893,704,1.524,444.937,705.294,1.543,454.758,702.165,1.56,462.815,702.465,1.578,474.225,701.343,1.591,484.997,700.223,1.608,493.288,699.102,1.625,503.15,699,1.642,510.976,697.861,1.658,516.287,696.742,1.675,517.761,697,1.708,519.536,697,1.852,0,0,0,0,0,0,0,0,0,0,0,0,0,0,0,95,1852,MACCH,
194,396,0,231.728,409.92,0.018,250.775,413.313,0.035,268.566,415.446,0.052,287.835,416.343,0.07,305.481,417.468,0.087,326.549,417.586,0.102,358,417.294,0.119,386.191,416.173,0.135,404.207,413.159,0.153,426.355,409.797,0.169,444.016,407.623,0.185,460.597,406.694,0.204,477.447,402.711,0.221,491.592,401.451,0.237,507.067,398.987,0.253,517.554,396.413,0.269,523.564,395.087,0.286,531.217,395,0.303,534.454,395,0.402,531.821,397.179,0.437,509.643,415.233,0.455,492.458,425.125,0.47,478.316,442.044,0.489,453.502,457.649,0.505,434.186,475.209,0.521,414.026,490.812,0.537,393.797,507.669,0.554,369.801,528.308,0.571,348.403,548.513,0.587,325.902,573.507,0.604,300.854,599.471,0.622,282.021,617.979,0.639,263.917,634.38,0.655,248.767,648.919,0.671,236.092,659.478,0.688,224.71,667.503,0.705,217.691,674.309,0.721,214.498,681.004,0.738,212.417,683.874,0.754,211.587,685.827,0.787,213.267,687.535,0.821,216.781,689.781,0.838,221.051,692.025,0.855,230.064,696.532,0.871,241.565,698.513,0.888,250.03,700.757,0.906,264.919,702.987,0.924,279.162,703,0.938,295.512,703.736,0.956,309.452,705.719,0.972,326.679,707.96,0.989,340.204,708,1.005,360.893,708,1.022,374.49,708,1.041,393.338,706.541,1.057,403.424,705.416,1.073,417.15,704.296,1.089,426.786,703.173,1.106,435.577,702.053,1.123,446.655,702,1.14,454.288,700.816,1.156,459.562,699.688,1.175,465.13,698.574,1.191,469,699,1.208,474.676,699.669,1.223,479.161,699.21,1.24,481.821,699,1.257,484.066,699,1.289,488.549,695.589,1.307,493.566,694.609,1.325,499.5,693.5,1.342,506.818,693,1.432,0,0,0,0,0,0,0,0,0,0,0,0,0,0,0,0,0,0,0,0,0,0,0,0,0,0,0,0,0,0,0,0,0,0,0,0,0,0,0,0,0,0,0,0,0,0,0,0,0,0,0,0,0,0,0,0,0,0,0,0,0,0,0,0,0,0,0,0,0,0,0,0,0,0,0,0,0,0,0,0,0,73,1432,MACCH,
188,378,0,204.356,381.067,0.018,220.809,383.586,0.034,235.44,383,0.052,246.5,383,0.069,261.89,383,0.085,275.354,383,0.101,290.577,383.898,0.118,321.603,388.083,0.135,338.122,388,0.152,362.494,386.738,0.168,381.89,384.234,0.186,408,383.5,0.203,428.174,380.379,0.219,449.112,379.257,0.235,466.951,378.137,0.252,485.729,377.016,0.269,499.256,377,0.285,515.148,377,0.302,524.114,375.654,0.32,537.123,374.534,0.337,546.102,375,0.353,553.945,374.294,0.369,560.959,374.827,0.386,564.842,375,0.403,566.5,375,0.452,562.786,376.107,0.471,560,377.5,0.488,531.311,398.018,0.503,507.441,414.251,0.52,478.475,436.983,0.537,442.046,461.636,0.554,407.433,483.946,0.571,367.539,508.947,0.587,336.58,533.663,0.605,298.5,553.5,0.623,269.682,579.435,0.637,242.741,604.508,0.657,217.826,626.559,0.69,179.577,663.423,0.705,166.204,678.029,0.754,154.527,689.946,0.788,153.5,692,0.806,158.903,695.903,0.824,164.314,699.188,0.84,172.271,702.545,0.857,182.679,704.595,0.876,191.444,709.722,0.89,207.2,711.661,0.919,222.48,713.677,0.943,252.5,714,0.962,280.596,713,0.98,302.928,710.707,1.005,324.025,710,1.059,365.704,710.512,1.096,442.978,702.001,1.139,471.366,699.76,1.152,487.042,698.64,1.185,500.5,696.5,1.224,513,696,1.29,514.177,697.088,1.324,519.747,697.687,1.341,525.039,698,1.36,534.361,698.929,1.383,543.362,699,1.407,550.191,697.66,1.433,558.027,695.421,1.588,0,0,0,0,0,0,0,0,0,0,0,0,0,0,0,0,0,0,0,0,0,0,0,0,0,0,0,0,0,0,0,0,0,0,0,0,0,0,0,0,0,0,0,0,0,0,0,0,0,0,0,0,0,0,0,0,0,0,0,0,0,0,0,0,0,0,0,0,0,0,0,0,0,0,0,0,0,0,0,0,0,0,0,0,0,0,0,0,0,0,0,0,0,0,0,0,0,0,0,67,1588,MACCH,
208,405,0,225.598,405,0.017,248.847,405.615,0.033,265.283,406.735,0.05,282.687,407,0.066,301.589,407,0.083,320.675,407,0.1,340.856,405.786,0.117,383.846,404.662,0.135,402.608,403.542,0.152,416.859,398.68,0.167,434.505,395.599,0.184,450.514,391.71,0.2,462.412,389.118,0.217,477.895,386.872,0.234,487.634,384.637,0.251,495.121,383.697,0.269,501.554,382.574,0.284,506.5,383,0.349,502.866,385.268,0.367,499.779,387.147,0.384,497.469,388.266,0.402,485.474,403.309,0.419,475.5,417,0.437,458.431,433.461,0.451,442.753,447.998,0.468,427.647,464.1,0.485,411.117,477.906,0.502,394.242,496.992,0.518,376.28,511.022,0.536,361.014,531.055,0.553,343.892,545.634,0.57,325.267,565.541,0.586,308.672,584.916,0.602,292.439,602.561,0.619,276.569,621.31,0.636,261.989,636.011,0.652,246.217,654.18,0.669,235.84,668.108,0.69,218.826,687.055,0.712,212.083,696.036,0.725,202.881,707.479,0.736,195.19,715.81,0.753,191.232,718.846,0.828,192.825,722,0.841,197.122,723.561,0.854,203,726.5,0.87,214.105,727.763,0.887,226.652,728.888,0.904,243.097,726.987,0.932,259.293,725.618,0.943,278.74,722.252,0.959,297.395,718.521,0.972,319.802,714.039,0.989,340.366,709.561,1.004,361.609,705.078,1.021,383.209,701.441,1.038,401.549,698.085,1.055,421.7,696.906,1.071,436.976,694.575,1.088,458.093,690.984,1.106,470.921,687.634,1.123,492.108,685.263,1.139,507.776,682.603,1.155,519.384,679.539,1.172,527.574,678.061,1.189,539.655,678,1.205,543.702,678,1.222,549.511,683.209,1.315,0,0,0,0,0,0,0,0,0,0,0,0,0,0,0,0,0,0,0,0,0,0,0,0,0,0,0,0,0,0,0,0,0,0,0,0,0,0,0,0,0,0,0,0,0,0,0,0,0,0,0,0,0,0,0,0,0,0,0,0,0,0,0,0,0,0,0,0,0,0,0,0,0,0,0,0,0,0,0,0,0,0,0,0,0,0,0,0,0,0,0,0,0,69,1315,MACCH,
