243,398,0,263.216,406.086,0.018,285.884,412.022,0.035,303.197,414.974,0.053,324.138,416.904,0.07,345.442,418.572,0.086,369.229,419.692,0.102,393.913,420.814,0.119,438.12,424.732,0.136,462.154,425,0.152,485.795,426.181,0.177,500.612,429.903,0.187,514.06,433.265,0.204,518,439.5,0.22,515.667,443.332,0.236,507.922,451.292,0.253,494.194,462.99,0.27,477.535,475.341,0.286,453.815,492.275,0.303,421.317,512.939,0.32,385.754,540.086,0.338,354.5,567,0.354,319.209,597.599,0.37,286.689,626.028,0.387,261.483,652.281,0.403,244.937,670.067,0.421,236.018,686.842,0.436,233.27,692.459,0.454,238.102,696.469,0.472,245.923,699.461,0.489,268.779,697.783,0.504,294.553,694.806,0.521,326.602,690.586,0.537,363.134,686.105,0.554,402.456,681.605,0.571,441.655,674.688,0.588,475.535,671.98,0.606,514.554,668.628,0.622,535.664,665.834,0.638,551.039,663.592,0.655,560.626,660.515,0.745,0,0,0,0,0,0,0,0,0,0,0,0,0,0,0,0,0,0,0,0,0,0,0,0,0,0,0,0,0,0,0,0,0,0,0,0,0,0,0,0,0,0,0,0,0,0,0,0,0,0,0,0,0,0,0,0,0,0,0,0,0,0,0,0,0,0,0,0,0,0,0,0,0,0,0,0,0,0,0,0,0,0,0,0,0,0,0,0,0,0,0,0,0,0,0,0,0,0,0,0,0,0,0,0,0,0,0,0,0,0,0,0,0,0,0,0,0,0,0,0,0,0,0,0,0,0,0,0,0,0,0,0,0,0,0,0,0,0,0,0,0,0,0,0,0,0,0,0,0,0,0,0,0,0,0,0,0,0,0,0,0,0,0,0,0,0,0,0,0,0,0,0,0,0,0,0,0,41,745,LMCHG,
219,416,0,237.673,412.888,0.017,258.596,410.459,0.034,273.542,408.208,0.053,290.5,406,0.07,307.108,403.737,0.085,324.356,401.486,0.101,342.99,400.118,0.118,377.944,397.005,0.135,398.261,394.749,0.152,413.44,393.754,0.168,433.217,392.634,0.186,446.371,393,0.203,459.098,392.61,0.219,471.074,393.734,0.236,482.552,394.855,0.252,489.867,397.934,0.269,494.394,401.296,0.286,496.442,404.664,0.302,497.342,409.368,0.32,497,412.403,0.337,494.829,419.097,0.353,490.453,427.675,0.37,484.855,437.46,0.386,476.374,445.673,0.412,465.282,456.718,0.428,455.248,470.336,0.44,439.971,481.099,0.454,425.322,498.115,0.471,409.503,511.263,0.488,393.142,527.221,0.504,375.366,540.822,0.52,360.904,557.795,0.537,342.229,570.499,0.554,327.846,587.485,0.571,306.84,600.44,0.588,295.053,613.947,0.605,273,628.5,0.621,259.211,639.831,0.638,244.689,653.311,0.654,229.455,663.168,0.671,217.813,672.15,0.688,207.745,679.976,0.705,200.201,685.285,0.721,193.677,688.162,0.738,193,688.5,0.787,203.102,689,0.804,211.954,689,0.822,218.689,689,0.838,229.138,687.762,0.855,246.016,688,0.872,257.291,688,0.889,276.821,688,0.905,295.037,688.724,0.922,311.829,689,0.939,331.417,689.968,0.955,347.236,691.088,0.972,370.22,693.422,0.989,388.638,695.663,1.007,407.724,696.454,1.023,427,697.5,1.04,446.584,698,1.056,463.462,698.819,1.073,483.917,699,1.09,498.8,700.062,1.106,514.548,700,1.123,525.031,700,1.139,532,700,1.157,539.5,700,1.173,540.341,697.659,1.189,540.208,694.623,1.206,534.514,690.343,1.296,0,0,0,0,0,0,0,0,0,0,0,0,0,0,0,0,0,0,0,0,0,0,0,0,0,0,0,0,0,0,0,0,0,0,0,0,0,0,0,0,0,0,0,0,0,0,0,0,0,0,0,0,0,0,0,0,0,0,0,0,0,0,0,0,0,0,0,0,0,0,0,0,0,0,0,0,0,0,0,0,0,0,0,0,72,1296,LMCHG,
233,421,0,260.333,406.828,0.018,288.965,398.552,0.035,314.581,396.011,0.052,338.906,394.099,0.069,365.723,393.428,0.098,391.971,392.306,0.103,418.521,392,0.119,464.131,393.87,0.14,490.315,394,0.153,507.808,395.176,0.169,520.556,397.593,0.187,526.984,402.705,0.203,527.546,407.185,0.22,525.329,412.338,0.236,517.666,421.126,0.253,504.162,434.838,0.269,485.437,449.43,0.286,462.878,469.81,0.303,434.168,489.919,0.321,407.451,512.958,0.338,373.5,539.5,0.354,344.088,564.714,0.37,312.589,591.352,0.387,282.083,617.374,0.403,257.95,639.045,0.42,241.123,658.127,0.437,226.839,670.918,0.454,220.396,681.72,0.471,220.018,685.456,0.488,226.668,687.834,0.504,237.819,689.735,0.521,251.311,690.859,0.537,272.558,691.978,0.554,291.71,693.101,0.571,316.812,694.219,0.588,342.863,695.342,0.606,374.568,696.465,0.622,406.3,698.177,0.638,437.547,700.417,0.655,466.766,702.661,0.671,495.733,704.903,0.688,521.651,707.144,0.705,539.081,708.193,0.721,550.498,711.954,0.738,554.19,713.876,0.772,546.576,709.946,0.788,532.123,703.366,0.878,0,0,0,0,0,0,0,0,0,0,0,0,0,0,0,0,0,0,0,0,0,0,0,0,0,0,0,0,0,0,0,0,0,0,0,0,0,0,0,0,0,0,0,0,0,0,0,0,0,0,0,0,0,0,0,0,0,0,0,0,0,0,0,0,0,0,0,0,0,0,0,0,0,0,0,0,0,0,0,0,0,0,0,0,0,0,0,0,0,0,0,0,0,0,0,0,0,0,0,0,0,0,0,0,0,0,0,0,0,0,0,0,0,0,0,0,0,0,0,0,0,0,0,0,0,0,0,0,0,0,0,0,0,0,0,0,0,0,0,0,0,0,0,0,0,0,0,0,0,0,0,0,0,0,0,0,48,878,LMCHG,
180,424,0,203.298,416.234,0.019,233.731,409.766,0.035,257.338,405.952,0.051,282.493,403.392,0.068,309.242,402.073,0.085,337.184,402,0.101,367.592,402,0.118,428.559,402,0.136,452.052,403.409,0.153,472.5,404.5,0.17,494.176,406.311,0.185,509.855,408.551,0.202,517.49,411.694,0.218,519.021,416.083,0.235,517.859,421.706,0.253,510.412,433.647,0.269,493.971,443.482,0.287,479.5,456.5,0.311,450.986,478.635,0.319,424.127,499.894,0.336,391.816,525.074,0.353,362.15,547.885,0.369,331.842,571.456,0.386,299.255,596.117,0.403,269.308,615.461,0.421,246.464,637.099,0.438,230.752,652.837,0.453,217.481,664.518,0.47,209.083,674.607,0.486,205.109,681.782,0.503,207.168,685.253,0.52,211.837,687.419,0.537,220.307,688.33,0.555,238.29,688,0.572,262.779,686.426,0.587,289.047,685.302,0.604,318.051,684.183,0.62,348.302,684,0.637,386.94,685.055,0.654,421.602,686.181,0.671,460.323,687.304,0.689,495.531,688.423,0.705,522.474,690.639,0.722,544.068,693.341,0.738,560.251,697.943,0.754,568.474,701.737,0.771,571.066,704.066,0.788,565.209,702.842,0.88,0,0,0,0,0,0,0,0,0,0,0,0,0,0,0,0,0,0,0,0,0,0,0,0,0,0,0,0,0,0,0,0,0,0,0,0,0,0,0,0,0,0,0,0,0,0,0,0,0,0,0,0,0,0,0,0,0,0,0,0,0,0,0,0,0,0,0,0,0,0,0,0,0,0,0,0,0,0,0,0,0,0,0,0,0,0,0,0,0,0,0,0,0,0,0,0,0,0,0,0,0,0,0,0,0,0,0,0,0,0,0,0,0,0,0,0,0,0,0,0,0,0,0,0,0,0,0,0,0,0,0,0,0,0,0,0,0,0,0,0,0,0,0,0,0,0,0,0,0,0,0,0,0,49,880,LMCHG,
185,402,0,218.464,398.958,0.018,249.635,396.567,0.035,272.137,394.32,0.053,295.733,393.537,0.07,315.519,392.416,0.086,337.089,390.591,0.102,358.672,389.175,0.119,397.115,387.102,0.135,418.294,385.928,0.152,436.043,384.81,0.169,453.969,386.311,0.187,464.815,386,0.204,476.02,387.558,0.22,483.397,389.359,0.236,487.401,392.401,0.253,488.921,396.682,0.269,489,404.318,0.286,485.502,410.996,0.314,478.268,417.732,0.33,465.935,432.878,0.338,450.066,448.405,0.355,431.928,466.723,0.371,409.75,489.25,0.387,387.12,510.986,0.404,364.707,534.308,0.42,339.978,561.297,0.437,312.868,584.366,0.455,294.133,608.011,0.472,271.464,630.541,0.489,254.638,650.234,0.504,242.284,666.701,0.521,230.436,683.042,0.537,222.083,693.893,0.554,217.566,705.085,0.571,215.541,713.835,0.588,217.358,717.431,0.606,219.954,720.431,0.623,230.595,720,0.638,242.938,719.278,0.655,259.464,718.158,0.671,277.385,717.038,0.688,299.683,714.832,0.705,323.354,712.585,0.722,349.581,707.682,0.74,382.524,704.658,0.758,412.331,701.28,0.772,441.783,699.304,0.789,468.822,699,0.805,494.598,699.939,0.822,517.191,701.06,0.839,530.164,703.361,0.856,543.636,704.303,0.873,548.542,704,0.89,545.903,701.452,0.907,541.648,698.318,0.999,0,0,0,0,0,0,0,0,0,0,0,0,0,0,0,0,0,0,0,0,0,0,0,0,0,0,0,0,0,0,0,0,0,0,0,0,0,0,0,0,0,0,0,0,0,0,0,0,0,0,0,0,0,0,0,0,0,0,0,0,0,0,0,0,0,0,0,0,0,0,0,0,0,0,0,0,0,0,0,0,0,0,0,0,0,0,0,0,0,0,0,0,0,0,0,0,0,0,0,0,0,0,0,0,0,0,0,0,0,0,0,0,0,0,0,0,0,0,0,0,0,0,0,0,0,0,0,0,0,0,0,0,56,999,LMCHG,
209,376,0,253.717,380.872,0.018,277.594,383.152,0.035,288.012,384.201,0.052,305.821,385.321,0.069,328.382,386.441,0.086,356,386,0.102,387.188,387.688,0.119,415.969,388.806,0.135,463.725,390.858,0.152,491.138,392.049,0.169,513.443,394.344,0.185,525.514,397.878,0.202,534.713,404.063,0.22,540,409.5,0.236,537.682,414.953,0.252,530.777,424.001,0.269,519.078,435.922,0.286,503.68,448.252,0.303,483.38,466.329,0.319,458.143,481.727,0.336,429.277,505.779,0.354,401.5,523.5,0.37,369.019,551.094,0.386,338.699,574.286,0.403,308.359,598.263,0.42,278.101,621.922,0.437,255.667,639.867,0.453,238.239,658.996,0.47,224.27,668.638,0.488,217.161,675.359,0.504,218,678.209,0.52,220.182,679.727,0.537,228.61,679.154,0.554,243.575,676.091,0.57,262.536,671.639,0.587,284,665.947,0.603,309.416,664.326,0.621,336.932,662.089,0.638,359,663,0.655,393.893,666.099,0.671,423.33,670.281,0.688,451.577,677.602,0.704,477.417,683.308,0.721,498.55,688.934,0.738,521.142,694.536,0.755,529.269,698.707,0.772,541.5,704.5,0.788,545,705,0.93,0,0,0,0,0,0,0,0,0,0,0,0,0,0,0,0,0,0,0,0,0,0,0,0,0,0,0,0,0,0,0,0,0,0,0,0,0,0,0,0,0,0,0,0,0,0,0,0,0,0,0,0,0,0,0,0,0,0,0,0,0,0,0,0,0,0,0,0,0,0,0,0,0,0,0,0,0,0,0,0,0,0,0,0,0,0,0,0,0,0,0,0,0,0,0,0,0,0,0,0,0,0,0,0,0,0,0,0,0,0,0,0,0,0,0,0,0,0,0,0,0,0,0,0,0,0,0,0,0,0,0,0,0,0,0,0,0,0,0,0,0,0,0,0,0,0,0,0,0,0,0,0,0,49,930,LMCHG,
194,413,0,220.036,410.736,0.018,253.27,409.351,0.034,280.284,408.229,0.05,309.192,407.108,0.067,340.41,407,0.084,372.924,405.865,0.1,404.154,406,0.117,471.34,406,0.135,485.486,408.999,0.152,503.532,411.859,0.167,515.206,415.231,0.184,519.591,419.454,0.201,520,423.952,0.218,515.565,430.653,0.234,503.711,439.831,0.251,484.355,447.47,0.269,464.979,462.662,0.286,433.977,482.088,0.301,400.755,503.352,0.318,369.352,529.132,0.351,337.116,557.038,0.36,302.385,581.856,0.375,270.07,607.703,0.385,245.576,634.747,0.403,228.466,657.307,0.42,214.449,673.102,0.436,207.552,685.516,0.452,206.812,692.873,0.469,211.664,697.732,0.486,219.344,701.147,0.503,237.798,703.35,0.519,260.938,704.297,0.537,289.021,704,0.554,318.641,706.085,0.571,350.186,708.323,0.586,384.392,710.574,0.603,414.569,712.813,0.628,447.806,714.027,0.637,475.689,715.148,0.653,501.217,716.27,0.671,525.665,718.788,0.688,534.188,719.516,0.705,542.551,720.638,0.72,546,721.5,0.753,532.984,716.994,0.77,516.158,710.263,0.859,0,0,0,0,0,0,0,0,0,0,0,0,0,0,0,0,0,0,0,0,0,0,0,0,0,0,0,0,0,0,0,0,0,0,0,0,0,0,0,0,0,0,0,0,0,0,0,0,0,0,0,0,0,0,0,0,0,0,0,0,0,0,0,0,0,0,0,0,0,0,0,0,0,0,0,0,0,0,0,0,0,0,0,0,0,0,0,0,0,0,0,0,0,0,0,0,0,0,0,0,0,0,0,0,0,0,0,0,0,0,0,0,0,0,0,0,0,0,0,0,0,0,0,0,0,0,0,0,0,0,0,0,0,0,0,0,0,0,0,0,0,0,0,0,0,0,0,0,0,0,0,0,0,0,0,0,0,0,0,47,859,LMCHG,
189,417,0,228.484,414.918,0.016,248.475,413.807,0.035,268.761,411.36,0.052,292.222,410.122,0.069,315.26,408.437,0.084,338.394,407.315,0.1,380.558,406.192,0.117,404.79,406,0.134,428.036,406,0.15,449.186,406,0.169,465.401,408.587,0.186,481.957,409.826,0.203,493.305,412.615,0.218,502.26,415.973,0.234,508.131,419.348,0.251,509,423.61,0.268,505.932,429.114,0.284,497.995,438.148,0.3,487.58,445.882,0.318,471.981,459.247,0.334,451.5,476,0.351,423.191,495.926,0.366,394.657,518.069,0.383,366.11,540.512,0.4,337.097,564.918,0.417,305.733,587.333,0.433,279.358,607.232,0.45,257.78,627.498,0.468,236.862,641.733,0.492,224.742,654.839,0.501,216.368,662.358,0.517,214.151,666.547,0.534,214.972,669.915,0.551,218.27,674.36,0.585,229.989,675,0.602,265.628,675,0.619,290.766,675,0.634,316.843,675,0.651,343.747,676.646,0.667,375.35,677.943,0.684,406.842,680.132,0.701,440.665,682.378,0.718,468.952,684.612,0.736,501.06,686.861,0.753,521.764,688.555,0.769,539.502,690.353,0.785,551.387,691.798,0.801,556.674,692,0.818,559,692,0.835,550.521,687.681,0.852,542.022,677.739,0.951,0,0,0,0,0,0,0,0,0,0,0,0,0,0,0,0,0,0,0,0,0,0,0,0,0,0,0,0,0,0,0,0,0,0,0,0,0,0,0,0,0,0,0,0,0,0,0,0,0,0,0,0,0,0,0,0,0,0,0,0,0,0,0,0,0,0,0,0,0,0,0,0,0,0,0,0,0,0,0,0,0,0,0,0,0,0,0,0,0,0,0,0,0,0,0,0,0,0,0,0,0,0,0,0,0,0,0,0,0,0,0,0,0,0,0,0,0,0,0,0,0,0,0,0,0,0,0,0,0,0,0,0,0,0,0,0,0,0,0,0,0,0,0,0,52,951,LMCHG,
213,403,0,243.42,405.173,0.019,276.128,406.464,0.036,304.703,407.588,0.052,334.192,408.711,0.069,365.325,409.833,0.085,394.787,411.907,0.102,423.978,414.152,0.119,473.456,419.983,0.136,495.345,425.597,0.152,513.868,429.749,0.17,524,435.5,0.186,525.044,440.726,0.202,525.196,446.824,0.219,519.451,458.173,0.236,505.411,472.589,0.252,484.931,486.046,0.269,459.605,505.942,0.286,427.993,522.115,0.304,397,544.5,0.321,357.317,573.434,0.336,320.566,597.327,0.353,289.691,620.826,0.37,262.549,638.282,0.387,241.356,656.227,0.403,225.175,665.295,0.42,216.515,671.323,0.438,218.5,675,0.455,221.504,678.131,0.469,230.498,682.999,0.487,243.44,685.74,0.504,262.823,688.97,0.521,283.031,692.339,0.537,311.838,695.701,0.554,342.618,697.712,0.572,374.436,701.44,0.589,406.609,704.401,0.605,437.165,708.881,0.621,465.271,713.379,0.638,491.254,716.903,0.655,517.026,720.264,0.671,529.478,723.62,0.688,545.652,726.997,0.704,548.247,727.449,0.738,536.625,719.813,0.832,0,0,0,0,0,0,0,0,0,0,0,0,0,0,0,0,0,0,0,0,0,0,0,0,0,0,0,0,0,0,0,0,0,0,0,0,0,0,0,0,0,0,0,0,0,0,0,0,0,0,0,0,0,0,0,0,0,0,0,0,0,0,0,0,0,0,0,0,0,0,0,0,0,0,0,0,0,0,0,0,0,0,0,0,0,0,0,0,0,0,0,0,0,0,0,0,0,0,0,0,0,0,0,0,0,0,0,0,0,0,0,0,0,0,0,0,0,0,0,0,0,0,0,0,0,0,0,0,0,0,0,0,0,0,0,0,0,0,0,0,0,0,0,0,0,0,0,0,0,0,0,0,0,0,0,0,0,0,0,0,0,0,0,0,0,45,832,LMCHG,
185,395,0,250.527,399.038,0.018,277.394,400.141,0.034,302.97,401.26,0.052,327.376,401,0.07,353.5,401,0.086,380.685,399.378,0.102,422.651,397.504,0.118,452.259,396.13,0.135,472.787,394.024,0.152,491.887,392.889,0.169,507.269,391.767,0.185,518.896,390.646,0.203,523.879,392.48,0.22,526.199,394.199,0.236,527,396.444,0.252,526.157,398.686,0.269,520.206,404.794,0.286,511.31,411.518,0.303,495.074,419.463,0.319,480.715,435.285,0.344,458.839,449.348,0.354,436.968,466.167,0.37,411.27,485.548,0.386,386.033,505.7,0.403,362.281,527.78,0.42,336.627,545.955,0.436,308.502,567.419,0.453,289.534,584.859,0.472,266.428,602.858,0.489,249.5,615.5,0.504,235.32,629.677,0.52,223.103,640.897,0.537,215.514,651.229,0.554,211.895,658.211,0.57,209.693,662.614,0.587,211.279,667.116,0.603,215.197,671.596,0.622,223,676,0.639,237.948,679.917,0.654,251.407,682.528,0.671,270.831,684.772,0.688,287.148,687.021,0.704,309.533,689.253,0.721,333.3,691.505,0.737,352.757,693.751,0.756,380.227,697.464,0.773,405.654,700.84,0.788,429.226,704.95,0.805,452.185,708.578,0.822,475.579,711.94,0.838,495.851,714.206,0.855,518.507,717.676,0.871,528.806,718.346,0.89,544.054,719.466,0.907,548.366,719.591,0.922,552,720.5,0.954,547.122,717.041,0.972,540.533,710.533,1.063,0,0,0,0,0,0,0,0,0,0,0,0,0,0,0,0,0,0,0,0,0,0,0,0,0,0,0,0,0,0,0,0,0,0,0,0,0,0,0,0,0,0,0,0,0,0,0,0,0,0,0,0,0,0,0,0,0,0,0,0,0,0,0,0,0,0,0,0,0,0,0,0,0,0,0,0,0,0,0,0,0,0,0,0,0,0,0,0,0,0,0,0,0,0,0,0,0,0,0,0,0,0,0,0,0,0,0,0,0,0,0,0,0,0,0,0,0,0,0,0,0,0,0,59,1063,LMCHG,
225,400,0,254.875,397.866,0.018,287.037,396.314,0.035,308.323,395.194,0.051,328.719,394.071,0.068,351.032,394,0.085,374.658,392.826,0.102,395.602,391.705,0.117,445.285,392,0.136,456,392,0.153,472.531,393.316,0.169,487.349,394.779,0.185,499.04,395.904,0.202,507.174,398.05,0.219,511.59,400.295,0.236,512.268,402.536,0.252,512,404.782,0.27,512,408.5,0.287,504.202,411.532,0.303,495.952,415.268,0.319,489.601,422.158,0.336,480.997,430.003,0.352,467.523,438.985,0.37,457.806,447.95,0.386,443.694,460.947,0.404,425.663,476.358,0.421,413.903,490.097,0.437,398.512,505.488,0.453,383.109,522.59,0.47,369.315,538.632,0.487,354.802,559.751,0.504,336.519,576.264,0.52,321.31,598.366,0.538,302.617,612.461,0.555,295,633,0.571,275.258,648.261,0.587,259.633,661.245,0.604,246.581,673.419,0.621,233.212,685.723,0.637,217.362,693.319,0.654,209.505,702.495,0.671,196.26,711.448,0.689,189,715.5,0.712,187,717.5,0.754,194.049,717.01,0.778,205.619,715.838,0.788,216.852,714.715,0.805,226.64,712.191,0.822,247,711.5,0.839,262.638,710.353,0.855,279.792,709.229,0.872,299.055,709.892,0.889,317.234,710,0.905,337.436,711.135,0.922,358.854,711,0.939,377.451,712.379,0.956,402.5,713.5,0.973,418.425,715.243,0.989,438.661,716,1.006,456.847,716.865,1.023,476.786,717,1.039,492.522,718.109,1.056,513.075,718,1.072,525.242,716.646,1.09,541.606,717,1.107,549.168,718,1.123,554.873,718,1.14,558,718,1.172,554.839,713.839,1.19,552.59,707.974,1.206,547.73,702.413,1.298,0,0,0,0,0,0,0,0,0,0,0,0,0,0,0,0,0,0,0,0,0,0,0,0,0,0,0,0,0,0,0,0,0,0,0,0,0,0,0,0,0,0,0,0,0,0,0,0,0,0,0,0,0,0,0,0,0,0,0,0,0,0,0,0,0,0,0,0,0,0,0,0,0,0,0,0,0,0,0,0,0,0,0,0,0,0,0,71,1298,LMCHG,
190,413,0,206.874,411.875,0.018,258.531,413.373,0.036,263.411,413,0.052,290.137,413.615,0.068,318.136,414,0.085,349.918,414,0.101,383.397,414.98,0.118,418.181,415,0.134,485.803,417.441,0.151,507.888,419.684,0.17,529.882,420.471,0.186,539.873,426.349,0.202,545.42,431.55,0.219,546,437.153,0.235,540.28,442.767,0.252,521.742,450.518,0.269,503.893,465.525,0.285,479.322,476.18,0.304,448.559,493.161,0.32,410.43,516.38,0.336,374.752,539.709,0.352,339.259,566.111,0.369,302.418,594.168,0.386,269.563,621.19,0.403,242.926,639.886,0.419,223.718,660.282,0.438,212.015,667.739,0.454,208,676,0.471,210.658,680.633,0.486,214.897,684.339,0.503,224.12,686.804,0.52,242.389,688.023,0.536,261.434,689.143,0.553,285.656,690.269,0.57,313.383,691.391,0.588,347.5,694,0.605,384.712,694.628,0.62,419.511,696.501,0.637,451.404,697.872,0.654,483.95,700.995,0.67,510.745,703.229,0.687,529.082,705.48,0.718,543.967,709.064,0.734,549.352,709.479,0.755,536.027,701.651,0.851,0,0,0,0,0,0,0,0,0,0,0,0,0,0,0,0,0,0,0,0,0,0,0,0,0,0,0,0,0,0,0,0,0,0,0,0,0,0,0,0,0,0,0,0,0,0,0,0,0,0,0,0,0,0,0,0,0,0,0,0,0,0,0,0,0,0,0,0,0,0,0,0,0,0,0,0,0,0,0,0,0,0,0,0,0,0,0,0,0,0,0,0,0,0,0,0,0,0,0,0,0,0,0,0,0,0,0,0,0,0,0,0,0,0,0,0,0,0,0,0,0,0,0,0,0,0,0,0,0,0,0,0,0,0,0,0,0,0,0,0,0,0,0,0,0,0,0,0,0,0,0,0,0,0,0,0,0,0,0,0,0,0,46,851,LMCHG,
214,397,0,298.593,396,0.019,336.146,396,0.035,369.752,397.125,0.052,399.69,398.248,0.069,428.58,399.368,0.087,451.805,401.982,0.104,486.56,404.439,0.119,510.515,408.196,0.136,517.421,411.566,0.153,518.978,415.912,0.169,517.901,424.788,0.187,509.466,436.191,0.204,493.52,447.446,0.221,480.461,461.539,0.238,453.125,481.949,0.253,427.059,502.412,0.27,395.142,528.715,0.286,363.421,558.63,0.303,329.841,587.871,0.32,296.296,615.754,0.337,265.078,643.966,0.355,240.995,670.44,0.372,227.192,688.251,0.388,217.61,701.457,0.403,215.197,709.819,0.42,216.849,712.849,0.446,224.317,711.955,0.455,243.822,708.502,0.471,262.863,703.856,0.49,287.554,696.556,0.506,316.833,694.936,0.522,346.659,693.346,0.538,378.5,693,0.555,406.506,693,0.572,438.424,694.015,0.588,464.159,696.275,0.605,493.762,698.52,0.623,514.615,700.761,0.64,529.531,704.005,0.656,541.605,705.623,0.672,547.985,706,0.689,548.129,704.258,0.705,544.039,701.03,0.722,531.759,695.436,0.851,0,0,0,0,0,0,0,0,0,0,0,0,0,0,0,0,0,0,0,0,0,0,0,0,0,0,0,0,0,0,0,0,0,0,0,0,0,0,0,0,0,0,0,0,0,0,0,0,0,0,0,0,0,0,0,0,0,0,0,0,0,0,0,0,0,0,0,0,0,0,0,0,0,0,0,0,0,0,0,0,0,0,0,0,0,0,0,0,0,0,0,0,0,0,0,0,0,0,0,0,0,0,0,0,0,0,0,0,0,0,0,0,0,0,0,0,0,0,0,0,0,0,0,0,0,0,0,0,0,0,0,0,0,0,0,0,0,0,0,0,0,0,0,0,0,0,0,0,0,0,0,0,0,0,0,0,0,0,0,0,0,0,0,0,0,45,851,LMCHG,
223,394,0,274.476,393.221,0.018,298.826,393,0.034,320.397,393,0.051,342.83,393,0.068,365.232,393,0.084,387.656,391.617,0.103,408.5,392,0.119,446.261,390.374,0.135,462.748,390,0.152,479.944,389.128,0.168,491.942,389.994,0.185,499.788,391.113,0.202,505.178,392.236,0.218,506.707,394.707,0.237,507.483,398.449,0.253,502.602,403.998,0.269,495.948,410.33,0.286,487.241,417.915,0.302,474.436,430.564,0.319,459.85,442.973,0.336,441.697,457.684,0.353,422.442,476.231,0.37,400.37,492.813,0.387,380.5,511.5,0.403,358.453,529.85,0.419,338.233,548.127,0.436,314.251,566.09,0.453,295.979,585.084,0.469,274.497,600.581,0.487,259.775,616.225,0.503,243.987,632.013,0.521,235,639.5,0.537,222.978,652.353,0.553,216.825,658.969,0.57,214.171,664.572,0.587,212.963,668.112,0.604,214.158,673.789,0.62,215.278,678.112,0.637,220.597,681.197,0.655,229.5,683,0.671,246.053,683,0.686,263.737,683.763,0.704,280.398,684,0.722,303.179,685.009,0.737,326.616,686.125,0.754,347.758,688.501,0.771,377.332,689.373,0.789,406.877,691.99,0.806,428.924,694.231,0.821,453.226,697.213,0.838,478.764,699.719,0.855,496.729,702.946,0.872,514.606,705.201,0.889,521.563,705,0.905,526.72,707.688,0.921,527.929,707,0.955,522.874,704.583,0.972,516.174,701.503,1.063,0,0,0,0,0,0,0,0,0,0,0,0,0,0,0,0,0,0,0,0,0,0,0,0,0,0,0,0,0,0,0,0,0,0,0,0,0,0,0,0,0,0,0,0,0,0,0,0,0,0,0,0,0,0,0,0,0,0,0,0,0,0,0,0,0,0,0,0,0,0,0,0,0,0,0,0,0,0,0,0,0,0,0,0,0,0,0,0,0,0,0,0,0,0,0,0,0,0,0,0,0,0,0,0,0,0,0,0,0,0,0,0,0,0,0,0,0,0,0,0,0,0,0,59,1063,LMCHG,
206,393,0,286.375,390.93,0.016,318.585,391,0.033,351.007,391,0.051,383.608,392.435,0.068,412.442,393.555,0.084,440.204,394.675,0.1,483.107,397.394,0.117,508.534,398.919,0.134,519.371,401.083,0.15,524.81,403.324,0.167,525.282,406.846,0.185,522.182,411.636,0.202,509.177,421.773,0.218,493.252,436.098,0.234,472.523,452.607,0.251,448.331,472.987,0.268,421.549,497.413,0.284,388.957,517.509,0.301,360.251,542.711,0.318,332.411,568.822,0.335,297,587,0.352,274.04,612.713,0.368,249.285,633.722,0.385,226.611,654.52,0.401,208.157,672.843,0.418,192.449,688.551,0.435,186.599,696.868,0.452,185.292,700.417,0.469,188.954,704.907,0.486,202.337,703.809,0.502,218.046,699.412,0.519,243.065,695.472,0.535,273.015,692.109,0.552,301.156,689.828,0.57,335.059,688.798,0.586,368.685,689,0.604,406.657,689,0.619,435.5,690.5,0.636,470.368,692.383,0.652,498.551,694.629,0.669,520.763,697.805,0.686,537.864,702.23,0.702,549.882,705.513,0.719,555.817,707.606,0.752,551.463,700.658,0.844,0,0,0,0,0,0,0,0,0,0,0,0,0,0,0,0,0,0,0,0,0,0,0,0,0,0,0,0,0,0,0,0,0,0,0,0,0,0,0,0,0,0,0,0,0,0,0,0,0,0,0,0,0,0,0,0,0,0,0,0,0,0,0,0,0,0,0,0,0,0,0,0,0,0,0,0,0,0,0,0,0,0,0,0,0,0,0,0,0,0,0,0,0,0,0,0,0,0,0,0,0,0,0,0,0,0,0,0,0,0,0,0,0,0,0,0,0,0,0,0,0,0,0,0,0,0,0,0,0,0,0,0,0,0,0,0,0,0,0,0,0,0,0,0,0,0,0,0,0,0,0,0,0,0,0,0,0,0,0,0,0,0,46,844,LMCHG,
200,375,0,218.738,382.716,0.019,265.613,394.868,0.036,272.392,393.105,0.053,294.15,396.021,0.069,318.464,399.382,0.085,345.914,402.75,0.102,375.022,405.079,0.119,403.048,407.324,0.137,464.412,412.13,0.154,479.45,412.402,0.171,501,413.5,0.187,514.838,416.946,0.211,521.071,421.839,0.221,522,429.215,0.236,516.957,439.077,0.253,504.556,449.181,0.27,485.929,466.816,0.288,465.307,483.577,0.305,435.076,507.448,0.321,401.78,532.5,0.337,368.521,561.998,0.354,334.246,593.165,0.37,301.463,622.585,0.387,269.031,648.355,0.404,243.818,670.506,0.421,228.81,691.573,0.439,214.869,701.188,0.455,215.407,709.561,0.471,217.148,714.148,0.487,224.694,715,0.504,241.32,715,0.521,261.365,710.697,0.538,286.427,704.994,0.554,315.103,702.028,0.572,344.522,698.67,0.589,377.978,699.566,0.605,408.928,701.379,0.621,439.639,705.234,0.638,465.478,709.723,0.655,491.134,714.197,0.671,514.666,718.698,0.688,525.243,720.59,0.706,537.593,724.253,0.722,542,724.5,0.754,530.937,717.861,0.844,0,0,0,0,0,0,0,0,0,0,0,0,0,0,0,0,0,0,0,0,0,0,0,0,0,0,0,0,0,0,0,0,0,0,0,0,0,0,0,0,0,0,0,0,0,0,0,0,0,0,0,0,0,0,0,0,0,0,0,0,0,0,0,0,0,0,0,0,0,0,0,0,0,0,0,0,0,0,0,0,0,0,0,0,0,0,0,0,0,0,0,0,0,0,0,0,0,0,0,0,0,0,0,0,0,0,0,0,0,0,0,0,0,0,0,0,0,0,0,0,0,0,0,0,0,0,0,0,0,0,0,0,0,0,0,0,0,0,0,0,0,0,0,0,0,0,0,0,0,0,0,0,0,0,0,0,0,0,0,0,0,0,46,844,LMCHG,
207,400,0,236.268,398.991,0.018,262.337,397.803,0.035,281.7,398,0.052,301.884,398,0.069,321.547,398.562,0.086,341.972,399,0.102,363.285,399.804,0.119,398.504,401.853,0.135,417.756,403.047,0.152,435.727,404.17,0.169,453.685,405.293,0.186,464.516,405,0.203,475,406.5,0.22,483.284,408.657,0.236,487.34,409.78,0.253,489.5,410.5,0.269,489.011,413.034,0.286,487.856,415.287,0.303,485.473,420.054,0.319,479.076,428.694,0.337,467.5,439.5,0.354,456.969,448.66,0.37,444.238,462.512,0.386,429.647,475.606,0.403,414.08,492.908,0.42,396.125,508.64,0.437,378.247,527.988,0.453,361.573,544.427,0.471,341.876,565.602,0.488,321.927,582.866,0.504,304.565,599.435,0.52,284.868,616.585,0.537,269.394,630.636,0.554,251.558,644.082,0.57,239.679,658.743,0.587,224.662,666.67,0.606,214.487,677.062,0.622,211.5,683.5,0.637,209.5,686,0.686,220.34,686,0.704,230.675,684.814,0.721,246.019,685,0.738,256.298,683.57,0.769,277.5,684,0.776,295.409,683,0.794,314.701,683,0.816,335.34,684.825,0.832,357.744,685,0.841,377.84,687.316,0.855,403.171,689.561,0.874,423.622,690.401,0.89,443,693,0.906,465.564,694.642,0.928,485.035,695.767,0.939,504.125,697.779,0.956,519.138,699.011,0.973,528.066,699,0.989,539.463,700.246,1.006,546.653,698.621,1.023,548.483,699,1.056,546.256,695.513,1.073,542.544,691.544,1.163,0,0,0,0,0,0,0,0,0,0,0,0,0,0,0,0,0,0,0,0,0,0,0,0,0,0,0,0,0,0,0,0,0,0,0,0,0,0,0,0,0,0,0,0,0,0,0,0,0,0,0,0,0,0,0,0,0,0,0,0,0,0,0,0,0,0,0,0,0,0,0,0,0,0,0,0,0,0,0,0,0,0,0,0,0,0,0,0,0,0,0,0,0,0,0,0,0,0,0,0,0,0,0,0,0,0,0,0,0,0,0,63,1163,LMCHG,
233,403,0,316.147,392.63,0.017,349.391,389.361,0.034,381.578,387.339,0.052,411.455,386.539,0.069,438.272,387,0.085,462.664,387.698,0.102,498.46,391.273,0.118,515.352,394.823,0.135,520.247,399.247,0.152,522.374,404.934,0.168,520.696,410.522,0.186,515.277,417.584,0.203,499,430,0.22,475.565,448.405,0.236,449.206,468.835,0.252,418.395,493.118,0.269,383.911,517.773,0.285,353.674,544.846,0.302,320.866,571.732,0.319,289.629,598.747,0.337,259,617.5,0.354,242.948,638.992,0.369,227.208,654.25,0.386,217.756,665.028,0.403,214.979,673.074,0.419,216.133,680.933,0.436,221.016,685.016,0.453,235.112,685.374,0.471,253.474,685,0.488,279.137,685,0.503,304.503,685,0.52,332.584,686.727,0.537,363.608,687.986,0.553,394.982,690.213,0.57,421.396,693.674,0.587,449.649,697.038,0.605,471.906,698.943,0.622,498.827,705.957,0.637,516.977,711.563,0.654,532.634,716.324,0.671,544.553,718.911,0.687,549.313,720.078,0.819,0,0,0,0,0,0,0,0,0,0,0,0,0,0,0,0,0,0,0,0,0,0,0,0,0,0,0,0,0,0,0,0,0,0,0,0,0,0,0,0,0,0,0,0,0,0,0,0,0,0,0,0,0,0,0,0,0,0,0,0,0,0,0,0,0,0,0,0,0,0,0,0,0,0,0,0,0,0,0,0,0,0,0,0,0,0,0,0,0,0,0,0,0,0,0,0,0,0,0,0,0,0,0,0,0,0,0,0,0,0,0,0,0,0,0,0,0,0,0,0,0,0,0,0,0,0,0,0,0,0,0,0,0,0,0,0,0,0,0,0,0,0,0,0,0,0,0,0,0,0,0,0,0,0,0,0,0,0,0,0,0,0,0,0,0,0,0,0,0,0,0,43,819,LMCHG,
198,400,0,222.963,392.009,0.017,234.06,389.431,0.034,242.343,388.094,0.051,250.203,386.971,0.067,260.347,387,0.083,269.158,387,0.101,278.128,387,0.118,300.5,391.5,0.135,307.069,390.634,0.151,316.069,393.276,0.167,325.901,395.756,0.184,335.003,399.001,0.201,341.74,401.247,0.217,349.702,403.486,0.234,361.615,404.362,0.251,368.395,405.485,0.269,375.245,405,0.285,384.564,404.271,0.302,392.96,404,0.318,399.83,402.057,0.335,406.566,400.906,0.352,413.276,398.575,0.368,422.686,397.664,0.386,430.216,395.081,0.403,434.5,396,0.419,440.509,395.298,0.435,446.123,395,0.452,451.726,394.055,0.469,456.263,394,0.486,460.764,392.809,0.502,465.245,393,0.519,471.159,391.568,0.536,478,395,0.553,481.03,394.677,0.569,482.798,396.597,0.586,484.837,397.919,0.603,487.083,400.083,0.636,489.282,403.423,0.669,491.528,405.528,0.687,494.295,406.647,0.703,496.545,407,0.72,498.784,408.784,0.737,500,410,0.753,501.135,412.203,0.77,499.744,417.024,0.787,497.248,420.128,0.805,493.508,426.487,0.821,489.525,435.331,0.837,484.292,442.45,0.854,476.955,450.909,0.871,466.16,461.84,0.887,458.253,470.853,0.904,449.201,478.574,0.92,434.889,487.74,0.938,428.685,498.262,0.955,420.855,503.961,0.971,411.566,508.86,0.988,403.977,514.186,1.005,398.203,519.797,1.021,392.6,525.4,1.038,385.796,529.803,1.054,377.754,534.283,1.071,369.905,540.211,1.089,364,545.5,1.105,353.125,556.187,1.121,343.518,563.861,1.138,335.484,571.516,1.155,326.572,579.375,1.172,315.259,590.741,1.189,307.94,598.06,1.205,301.49,605.929,1.223,293.5,612,1.24,284.043,620.298,1.256,278.095,625.124,1.272,272.479,629.617,1.289,265.85,634.1,1.306,256.819,637.443,1.322,251.672,642.063,1.339,248.833,647.945,1.357,242.5,652,1.374,236.845,654.893,1.389,228.968,659.016,1.406,222.63,663.496,1.422,218.015,667.985,1.439,213.524,672.476,1.456,209.042,679.438,1.472,204.539,683.461,1.49,200.084,686.437,1.508,198.396,688.209,1.522,197.273,690.454,1.54,196.5,692,1.573,197,693.06,1.59,199.422,694.211,1.607,203.001,695.334,1.631,206.817,695.454,1.642,211.308,695.423,1.658,215.097,695,1.674,220.104,695,1.691,225.705,694.059,1.708,149,2714,LMCHG,
216,395,0,246.187,397.082,0.018,275.105,398.368,0.035,296.722,398,0.052,317.998,398,0.068,339.649,398,0.085,362.068,398,0.102,383.54,398,0.118,423.547,398,0.135,438.288,398,0.152,456.438,398,0.169,465.625,399.462,0.186,477.823,401.165,0.203,485.529,402.706,0.219,489.485,404.656,0.236,491.903,406.903,0.26,493,408,0.269,492,410.289,0.301,489.564,414.872,0.32,485.5,421.5,0.337,476.566,434.113,0.353,465.182,443.413,0.37,456.527,456.097,0.386,443.481,471.605,0.403,427.643,486.189,0.42,417.139,507.15,0.437,395.992,521.771,0.454,383.5,543,0.471,364.497,562.119,0.487,347.593,581.958,0.503,333.245,597.651,0.52,315.699,613.264,0.537,303.47,626.669,0.554,286.138,638.832,0.57,270.591,654.023,0.588,256.5,664,0.605,243.759,674.865,0.621,230.298,685.717,0.637,218.287,693.228,0.654,209.079,701.921,0.671,200.097,712.015,0.687,193.599,717.167,0.704,190.929,720.071,0.721,193.476,721.952,0.753,205.503,723,0.771,213.903,722.157,0.788,225.6,721.036,0.805,242.263,719.916,0.821,256.658,718.796,0.838,280.564,719,0.856,297.158,717.553,0.872,320,716.5,0.889,345.872,717,0.905,369.1,717,0.922,395.533,717,0.939,418.149,715.943,0.955,439.426,717.18,0.972,462.073,717,0.989,483.033,717,1.007,497.5,718.5,1.022,512.345,719.668,1.039,520.719,720.786,1.056,528.344,721.906,1.072,532.081,722,1.121,527.473,719.736,1.141,522,715.5,1.157,510.616,707.254,1.283,0,0,0,0,0,0,0,0,0,0,0,0,0,0,0,0,0,0,0,0,0,0,0,0,0,0,0,0,0,0,0,0,0,0,0,0,0,0,0,0,0,0,0,0,0,0,0,0,0,0,0,0,0,0,0,0,0,0,0,0,0,0,0,0,0,0,0,0,0,0,0,0,0,0,0,0,0,0,0,0,0,0,0,0,0,0,0,0,0,0,0,0,0,0,0,0,0,0,0,67,1283,LMCHG,
205,397,0,228.29,394.975,0.017,247.297,393.794,0.035,261.294,394,0.052,273.523,394,0.069,285.315,394,0.084,297.675,394,0.111,309.983,394,0.126,333.554,395.874,0.141,347.744,396,0.151,364.73,398.364,0.17,378.904,398,0.187,397.098,399,0.206,412.745,399.547,0.219,429.376,399.33,0.244,445.87,399,0.254,459.974,399,0.268,475.462,399,0.285,490.025,400.156,0.303,498.232,400,0.32,507.405,401.802,0.337,512.572,404.048,0.353,514.642,406.284,0.374,515,409.304,0.393,513.223,411.777,0.41,508.912,416.076,0.425,500.948,423.052,0.453,491.969,432.031,0.468,472.5,448.5,0.485,458.202,462.034,0.501,441.357,474.437,0.517,427.5,489.091,0.534,409.237,503.819,0.551,393.506,517.281,0.567,376.559,535.671,0.584,362.449,546.851,0.602,347.893,562.107,0.619,333.9,571.917,0.634,318.215,583.909,0.651,303.91,594.568,0.668,284.691,603.693,0.685,271.014,616.986,0.701,251.518,628.048,0.718,240.449,636.583,0.736,222.307,649.908,0.753,211.872,659.558,0.769,201.07,668.544,0.785,193.929,676.7,0.802,191.126,683.622,0.819,189.945,688.222,0.835,191.181,690.361,0.852,193.597,692.597,0.87,200.108,696.265,0.887,209.882,697,0.903,218.655,697,0.919,232.005,698.572,0.936,247.688,700.813,0.952,262.349,704.081,0.969,279.25,707.45,0.986,296.008,709.534,1.004,315.757,714.59,1.021,335.766,717.036,1.037,356.407,719.277,1.053,378.461,721.522,1.07,399.788,722.884,1.086,422.088,724.004,1.103,443.334,726.246,1.12,462.221,726,1.137,486.797,727.371,1.155,501.352,727,1.171,518.126,729.613,1.187,526.416,730.736,1.204,532.269,731.854,1.22,534.956,732,1.237,536,732,1.254,529.441,728.665,1.345,0,0,0,0,0,0,0,0,0,0,0,0,0,0,0,0,0,0,0,0,0,0,0,0,0,0,0,0,0,0,0,0,0,0,0,0,0,0,0,0,0,0,0,0,0,0,0,0,0,0,0,0,0,0,0,0,0,0,0,0,0,0,0,0,0,0,0,0,0,0,0,0,76,1345,LMCHG,
227,390,0,285.948,395.07,0.018,313.887,396.155,0.035,343.188,396,0.052,373.777,396,0.07,402,397.5,0.086,432.671,398.641,0.102,479.37,401.288,0.119,510.488,402.886,0.135,524.094,405.017,0.152,537.547,407.258,0.169,543.514,412.01,0.185,543.372,415.115,0.204,537.027,422.959,0.22,516.799,438.361,0.236,495.556,453.296,0.253,468.519,473.326,0.27,434.623,497.558,0.286,397.465,522.357,0.303,361.806,549.395,0.319,328.56,579.048,0.337,293.472,605.247,0.354,270.213,624.43,0.37,252.061,640.939,0.386,242.172,653.326,0.403,238.128,657.872,0.42,239.078,660.156,0.437,246.178,661.196,0.453,258.221,662.322,0.471,282.398,662,0.489,303.922,662,0.504,330.45,662.685,0.52,362.182,664.612,0.537,395.864,666.858,0.554,427.385,671.198,0.571,458.752,676.849,0.587,492.803,682.467,0.605,520.804,686.662,0.622,535.5,689.5,0.639,549.271,695.294,0.654,555.89,700.112,0.671,557,703.701,0.688,553.931,704,0.704,544.854,702.857,0.721,529.499,700.461,0.812,0,0,0,0,0,0,0,0,0,0,0,0,0,0,0,0,0,0,0,0,0,0,0,0,0,0,0,0,0,0,0,0,0,0,0,0,0,0,0,0,0,0,0,0,0,0,0,0,0,0,0,0,0,0,0,0,0,0,0,0,0,0,0,0,0,0,0,0,0,0,0,0,0,0,0,0,0,0,0,0,0,0,0,0,0,0,0,0,0,0,0,0,0,0,0,0,0,0,0,0,0,0,0,0,0,0,0,0,0,0,0,0,0,0,0,0,0,0,0,0,0,0,0,0,0,0,0,0,0,0,0,0,0,0,0,0,0,0,0,0,0,0,0,0,0,0,0,0,0,0,0,0,0,0,0,0,0,0,0,0,0,0,0,0,0,45,812,LMCHG,
201,424,0,213.333,417.273,0.019,240.255,407.59,0.036,241.268,409.39,0.052,251.289,408.271,0.069,263.362,407.149,0.085,275.711,406.026,0.102,290.225,406,0.119,304.796,406,0.157,342.134,406,0.17,354.251,405.537,0.186,395.633,404,0.205,415.871,402.348,0.22,435.102,400.106,0.236,453.049,398.934,0.253,467.487,397.809,0.27,482.037,398,0.288,492.319,399.432,0.304,496.226,402.113,0.321,498.679,405.715,0.337,499,409.406,0.353,497.155,413.691,0.37,492.827,422.346,0.387,483.688,433.64,0.403,469.623,444.814,0.422,454.683,458.908,0.438,433.971,475.904,0.455,411.64,493.749,0.47,388.524,512.381,0.487,366.083,533.021,0.504,341.587,556.395,0.521,314.71,577.605,0.537,294.058,601.462,0.554,267.179,625.054,0.572,247.5,642.5,0.589,234.252,662.123,0.604,221.537,677.448,0.621,212.901,687.97,0.638,207.049,694.941,0.655,203.668,700.553,0.687,205.177,702.354,0.706,210.923,703.481,0.723,218.605,700.798,0.738,229.649,697.838,0.755,243.136,694.466,0.772,255.6,691.109,0.788,274.504,688.823,0.805,286.298,686.582,0.822,305.306,685.668,0.84,318.88,686,0.857,336.325,686.575,0.873,352.802,687.694,0.889,367.816,689.636,0.906,385.964,691.878,0.922,400.802,693.062,0.939,416.553,696.547,0.955,433.576,696,0.972,451.811,698.851,0.991,464.5,698,1.007,484.056,700.67,1.023,500.883,701,1.04,516.774,701,1.056,528.394,701,1.073,540.759,702.16,1.09,549.223,700.722,1.106,554.02,701,1.123,555,699.5,1.237,0,0,0,0,0,0,0,0,0,0,0,0,0,0,0,0,0,0,0,0,0,0,0,0,0,0,0,0,0,0,0,0,0,0,0,0,0,0,0,0,0,0,0,0,0,0,0,0,0,0,0,0,0,0,0,0,0,0,0,0,0,0,0,0,0,0,0,0,0,0,0,0,0,0,0,0,0,0,0,0,0,0,0,0,0,0,0,0,0,0,0,0,0,0,0,0,0,0,0,67,1237,LMCHG,
233,401,0,269.528,404.223,0.017,307.681,407.14,0.033,336.017,408.693,0.049,366.04,409.816,0.066,395.361,410.937,0.083,424.384,412.053,0.1,448.939,413.179,0.116,500.74,414.296,0.135,510.666,416.833,0.151,520.5,417.5,0.168,519.66,423.962,0.184,518.43,432.278,0.2,509.844,442.156,0.217,491.506,454.32,0.233,471.437,473.42,0.25,443.598,491.268,0.269,410.951,513.498,0.285,374,542,0.3,336.818,567.577,0.317,301.319,594.145,0.333,268.488,619.354,0.35,243.993,638.005,0.367,221.539,657.092,0.384,211.563,667.437,0.4,204.454,675.909,0.418,207,678.952,0.435,213.049,682.22,0.451,223.765,683.73,0.467,242.387,684,0.484,267.352,683.028,0.501,289.933,681.903,0.518,320.796,683.215,0.534,348.582,684.343,0.553,383.876,685.463,0.569,416.853,688.162,0.586,447.3,691.112,0.602,475.613,694.474,0.618,497.96,698.781,0.635,517.118,702.197,0.652,525.508,705.565,0.668,530.546,707.618,0.702,526.464,704.464,0.719,513.214,695.929,0.808,0,0,0,0,0,0,0,0,0,0,0,0,0,0,0,0,0,0,0,0,0,0,0,0,0,0,0,0,0,0,0,0,0,0,0,0,0,0,0,0,0,0,0,0,0,0,0,0,0,0,0,0,0,0,0,0,0,0,0,0,0,0,0,0,0,0,0,0,0,0,0,0,0,0,0,0,0,0,0,0,0,0,0,0,0,0,0,0,0,0,0,0,0,0,0,0,0,0,0,0,0,0,0,0,0,0,0,0,0,0,0,0,0,0,0,0,0,0,0,0,0,0,0,0,0,0,0,0,0,0,0,0,0,0,0,0,0,0,0,0,0,0,0,0,0,0,0,0,0,0,0,0,0,0,0,0,0,0,0,0,0,0,0,0,0,0,0,0,44,808,LMCHG,
230,402,0,290.385,402.841,0.018,319.039,404.923,0.035,347.165,406.087,0.052,376.305,408.408,0.069,402.813,409.326,0.087,429.758,410.448,0.103,465.549,413.284,0.121,494.34,416.379,0.136,510.36,418.623,0.152,518.609,422.74,0.169,522.16,428.267,0.186,522,435.086,0.203,518.097,441.806,0.221,506.187,449.965,0.237,486,466.5,0.254,462.073,488.273,0.269,431.969,509.949,0.286,397.778,534.939,0.303,365.162,563.752,0.32,334.905,589.488,0.336,300.83,610.174,0.353,271.311,634.314,0.371,249,653,0.388,233.474,666.621,0.403,221.159,677.841,0.42,216.36,683.52,0.445,216,686.001,0.454,219.363,688.242,0.471,228.929,689.241,0.488,247.477,691.73,0.505,264.351,691,0.522,292.025,692,0.538,320.044,692.732,0.555,348.328,693,0.571,382.188,693.974,0.588,413.644,694,0.604,447.438,696.429,0.621,471.848,697.341,0.639,503.409,701.379,0.656,523.735,705.747,0.672,539.882,709.118,0.688,549.786,710.827,0.705,552.895,711,0.722,554,711,0.738,549.717,707.717,0.755,538.17,700.113,0.773,516.689,691.99,0.903,0,0,0,0,0,0,0,0,0,0,0,0,0,0,0,0,0,0,0,0,0,0,0,0,0,0,0,0,0,0,0,0,0,0,0,0,0,0,0,0,0,0,0,0,0,0,0,0,0,0,0,0,0,0,0,0,0,0,0,0,0,0,0,0,0,0,0,0,0,0,0,0,0,0,0,0,0,0,0,0,0,0,0,0,0,0,0,0,0,0,0,0,0,0,0,0,0,0,0,0,0,0,0,0,0,0,0,0,0,0,0,0,0,0,0,0,0,0,0,0,0,0,0,0,0,0,0,0,0,0,0,0,0,0,0,0,0,0,0,0,0,0,0,0,0,0,0,0,0,0,0,0,0,0,0,0,48,903,LMCHG,
223,409,0,237.411,409,0.018,248.69,409,0.036,258.776,409,0.052,268.5,409,0.067,277.314,408.336,0.087,288.629,407.216,0.101,300.947,407,0.118,327.62,405.975,0.134,340.775,404.852,0.151,359.283,403.732,0.168,374.485,404,0.186,394.5,404,0.203,411.119,404.632,0.218,427.577,405.755,0.235,445.046,406.878,0.252,459.005,408,0.269,474.723,409.123,0.285,489.168,409,0.302,496.931,410.366,0.32,508.841,410,0.337,512.829,411.61,0.352,514.73,413.461,0.369,515.5,415,0.402,510.704,422.395,0.419,501.266,429.3,0.436,489.601,440.059,0.454,481.292,447.244,0.471,461.836,463.164,0.499,440.484,476.053,0.505,422.471,493,0.52,400.155,507.34,0.537,379.818,526.117,0.557,361.9,541.713,0.57,340.111,559.959,0.589,321.658,575.046,0.606,297.446,593.776,0.627,276.796,610.848,0.637,255.855,626.362,0.654,240.979,641.858,0.671,223.338,655.496,0.688,213.524,663.148,0.704,203.462,669.692,0.722,198.974,675.026,0.738,198,674.5,0.771,207.404,675,0.788,216.154,673.212,0.804,227.126,671.987,0.821,242.927,670.862,0.838,257.354,669.742,0.854,277.473,670,0.872,292,673,0.889,313.211,675.868,0.905,332.651,679.977,0.922,355.216,683.602,0.938,374.832,686.97,0.955,399.483,689.226,0.972,420.437,691.467,0.988,440.361,693.707,1.007,465.033,697.433,1.023,482.777,699.197,1.039,502.219,700.719,1.056,517.953,701.843,1.072,528.672,703.927,1.089,537.672,705.084,1.106,543.024,707.41,1.122,544.666,707,1.156,541.464,703.197,1.248,0,0,0,0,0,0,0,0,0,0,0,0,0,0,0,0,0,0,0,0,0,0,0,0,0,0,0,0,0,0,0,0,0,0,0,0,0,0,0,0,0,0,0,0,0,0,0,0,0,0,0,0,0,0,0,0,0,0,0,0,0,0,0,0,0,0,0,0,0,0,0,0,0,0,0,0,0,0,0,0,0,0,0,0,0,0,0,0,0,0,0,0,0,0,0,0,68,1248,LMCHG,
190,391,0,226.225,397.393,0.019,263.786,402.162,0.035,287.737,404.404,0.051,310.489,405.824,0.068,332.865,406,0.085,355.359,406,0.102,380.147,404.811,0.118,427.031,401.075,0.136,442.223,400.567,0.153,461,398,0.169,476.118,396.325,0.185,488.181,396,0.202,495.5,396.917,0.219,500.149,399.074,0.236,501.16,401.32,0.252,501,403.561,0.269,496.782,407.218,0.287,492,412,0.304,482.822,419.531,0.319,470.026,429.672,0.336,455.407,441.81,0.353,434.799,456.137,0.369,416.831,474.169,0.387,391.424,489.548,0.403,368.15,512.102,0.421,349.029,531.971,0.438,322.769,552.374,0.453,301.418,571.102,0.47,279.733,589.677,0.486,260.272,604.792,0.504,244.475,622.743,0.52,230.05,635.723,0.537,216.833,650.515,0.556,206.253,662.221,0.572,199.033,672.934,0.587,194.853,682.724,0.604,194,688.362,0.62,197.838,692.838,0.637,204.493,697.329,0.654,213.603,700.601,0.67,222.571,703.964,0.689,241.662,703,0.706,261.313,702.434,0.722,281.688,702,0.738,304.779,702,0.754,328.547,702.931,0.771,352.127,703,0.788,376.824,703,0.804,404.141,703,0.821,426.75,701.583,0.84,449.5,702,0.856,471.191,701,0.871,489.717,700.219,0.891,507.468,699.096,0.905,518.205,697.977,0.945,526.793,700.264,0.993,522.101,697.367,1.018,516.464,696.244,1.027,507.962,693.361,1.039,497.037,689.015,1.056,480.112,678.867,1.148,0,0,0,0,0,0,0,0,0,0,0,0,0,0,0,0,0,0,0,0,0,0,0,0,0,0,0,0,0,0,0,0,0,0,0,0,0,0,0,0,0,0,0,0,0,0,0,0,0,0,0,0,0,0,0,0,0,0,0,0,0,0,0,0,0,0,0,0,0,0,0,0,0,0,0,0,0,0,0,0,0,0,0,0,0,0,0,0,0,0,0,0,0,0,0,0,0,0,0,0,0,0,0,0,0,0,0,0,0,0,0,0,0,0,62,1148,LMCHG,
201,387,0,279.301,393.628,0.018,314.052,394.935,0.035,345.556,395,0.063,376.924,395,0.079,404.11,395,0.085,430.999,395,0.104,462.529,396.081,0.119,487.963,398.327,0.135,498.276,401.353,0.152,503.624,405.624,0.169,505.029,410.116,0.186,501.558,415.736,0.202,491.858,426.41,0.219,480.111,444.834,0.237,455.5,457,0.253,435.034,485.966,0.269,407.224,509.973,0.286,379.001,537.878,0.303,351.942,569.067,0.319,321.677,599.323,0.336,293.92,629.566,0.353,264.453,657.18,0.371,241.239,677.783,0.387,231.073,695.318,0.403,222.33,705.138,0.42,220.147,710.414,0.437,222.927,711.976,0.453,235.037,712,0.47,251.04,709.566,0.487,274.81,704.638,0.505,295.731,701.621,0.521,325.025,701.416,0.537,355.53,701.708,0.554,388.857,702.829,0.571,415.787,706.789,0.588,443.693,711.271,0.604,465.77,715.754,0.621,492.219,718.942,0.639,506.464,722.293,0.655,516.346,725.115,0.672,521.038,727.359,0.688,523.5,729,0.72,516.928,726.986,0.738,505.361,721.18,0.828,0,0,0,0,0,0,0,0,0,0,0,0,0,0,0,0,0,0,0,0,0,0,0,0,0,0,0,0,0,0,0,0,0,0,0,0,0,0,0,0,0,0,0,0,0,0,0,0,0,0,0,0,0,0,0,0,0,0,0,0,0,0,0,0,0,0,0,0,0,0,0,0,0,0,0,0,0,0,0,0,0,0,0,0,0,0,0,0,0,0,0,0,0,0,0,0,0,0,0,0,0,0,0,0,0,0,0,0,0,0,0,0,0,0,0,0,0,0,0,0,0,0,0,0,0,0,0,0,0,0,0,0,0,0,0,0,0,0,0,0,0,0,0,0,0,0,0,0,0,0,0,0,0,0,0,0,0,0,0,0,0,0,0,0,0,45,828,LMCHG,
246,394,0,300.903,395.077,0.016,361.904,396.732,0.033,398.244,397.851,0.05,430.266,398.974,0.067,461.644,401.189,0.083,490.646,404.651,0.1,511.756,408.013,0.119,553.097,415.745,0.135,545.161,419.901,0.151,543.893,427.619,0.167,533.111,438.241,0.184,514.898,450.419,0.201,490.459,469.191,0.217,463.495,485.815,0.234,427.417,506.564,0.25,394.045,528.205,0.268,357.5,550,0.283,321.719,578.179,0.301,287.813,600.191,0.318,258.108,625.135,0.335,236.295,646.705,0.351,217.241,664.596,0.368,207.148,677.422,0.386,201.568,688.053,0.403,204,691.5,0.419,214.178,693.647,0.435,228.539,694,0.452,248.943,692.217,0.468,276.366,690.985,0.485,303.248,689.865,0.501,334.037,690,0.519,364.281,690,0.536,400.322,691.494,0.553,428.431,692.622,0.575,456.176,694.494,0.587,482.777,698.463,0.603,502.763,702.944,0.619,517.387,708.534,0.636,523.377,712.918,0.686,511.401,703,0.776,0,0,0,0,0,0,0,0,0,0,0,0,0,0,0,0,0,0,0,0,0,0,0,0,0,0,0,0,0,0,0,0,0,0,0,0,0,0,0,0,0,0,0,0,0,0,0,0,0,0,0,0,0,0,0,0,0,0,0,0,0,0,0,0,0,0,0,0,0,0,0,0,0,0,0,0,0,0,0,0,0,0,0,0,0,0,0,0,0,0,0,0,0,0,0,0,0,0,0,0,0,0,0,0,0,0,0,0,0,0,0,0,0,0,0,0,0,0,0,0,0,0,0,0,0,0,0,0,0,0,0,0,0,0,0,0,0,0,0,0,0,0,0,0,0,0,0,0,0,0,0,0,0,0,0,0,0,0,0,0,0,0,0,0,0,0,0,0,0,0,0,0,0,0,0,0,0,41,776,LMCHG,
192,428,0,241.138,428,0.018,286.394,429.289,0.036,318.194,430.406,0.053,349.5,430,0.07,380.901,430,0.085,410.096,430,0.111,436.604,429.104,0.127,485.769,429,0.136,504.218,429,0.157,518.401,431.523,0.171,523.284,433.761,0.187,524,436.513,0.204,522.123,439.877,0.219,515.001,445.499,0.236,499.084,455.697,0.253,480.202,470.834,0.27,453.287,486.583,0.286,418.995,508.436,0.303,382.778,535.066,0.321,349.635,558.055,0.338,315.376,586.419,0.353,281.333,612.611,0.37,252.763,632.491,0.387,231.691,651.347,0.404,215.79,662.864,0.42,209.759,668.034,0.446,209,670.985,0.455,209,674.354,0.472,216.439,678.146,0.488,227.331,680.388,0.504,244.061,681.816,0.521,268.55,682,0.538,290.093,680.943,0.554,319.636,681,0.571,348.826,681,0.589,383.65,683.843,0.606,415.782,686.095,0.622,445.36,687.668,0.638,472.915,689.576,0.655,495.258,692.725,0.671,515.522,696.087,0.688,524.214,700.607,0.705,530.618,702.539,0.723,527.604,699.208,0.74,521.875,697.453,0.756,511.61,692.805,0.847,0,0,0,0,0,0,0,0,0,0,0,0,0,0,0,0,0,0,0,0,0,0,0,0,0,0,0,0,0,0,0,0,0,0,0,0,0,0,0,0,0,0,0,0,0,0,0,0,0,0,0,0,0,0,0,0,0,0,0,0,0,0,0,0,0,0,0,0,0,0,0,0,0,0,0,0,0,0,0,0,0,0,0,0,0,0,0,0,0,0,0,0,0,0,0,0,0,0,0,0,0,0,0,0,0,0,0,0,0,0,0,0,0,0,0,0,0,0,0,0,0,0,0,0,0,0,0,0,0,0,0,0,0,0,0,0,0,0,0,0,0,0,0,0,0,0,0,0,0,0,0,0,0,0,0,0,0,0,0,47,847,LMCHG,
