197,395,0,208.34,393.969,0.016,217.555,394,0.032,222.009,394,0.049,226.458,394,0.066,229.922,394,0.083,234.325,395.081,0.099,237.592,395,0.116,244.852,396.309,0.134,245.85,397.425,0.15,248.072,397,0.167,250.948,397,0.183,253.522,397,0.2,256.624,396.125,0.217,260.929,396.982,0.234,263.196,397,0.25,269.034,398.207,0.268,271.954,398,0.292,273.864,398,0.301,276.092,398,0.315,278,398,0.347,281.777,398,0.365,283.993,398,0.382,288.44,399.11,0.399,291.672,401.448,0.415,293.663,401,0.432,298.79,398.105,0.45,300,399,0.466,303.346,399,0.482,305.565,399,0.499,307.793,399,0.516,310.021,397.989,0.548,313.353,398,0.566,315.689,398,0.583,317.918,396.541,0.6,324.5,397,0.617,328.369,398,0.633,331.383,398,0.65,333.814,398,0.666,337.056,398,0.683,340.39,398,0.7,343.733,398,0.717,347.064,396.645,0.734,353.364,398.473,0.751,359.741,398.42,0.767,363.08,398,0.784,366.418,398,0.801,369.741,398,0.817,374.124,399.031,0.834,378.569,400.142,0.851,383.016,401.254,0.867,386.094,401,0.885,392.4,398.04,0.902,394.769,399,0.932,398.107,399,0.937,402.237,399.809,0.952,405.775,400,0.968,410.156,401.039,0.985,414.611,402.153,1.001,419.054,400.736,1.018,423.491,401,1.036,427.949,401,1.052,433.994,402.599,1.068,441.006,403.715,1.085,447.958,404,1.102,454.603,404,1.119,461.296,404,1.135,469.139,405.163,1.152,476.901,406.272,1.169,484.68,406,1.186,489.462,406,1.202,495.444,406,1.219,499.172,406,1.236,503.352,406,1.252,505.899,406,1.269,508.122,404.939,1.286,510.345,405,1.319,513.586,405,1.369,515.354,405,1.452,512.902,407.098,1.486,509.221,408.26,1.504,505.483,411.258,1.52,502,413,1.586,486.336,424.468,1.603,471.383,435.712,1.621,460.867,444.306,1.639,451.5,451.5,1.655,441.885,459.475,1.671,433.755,466.496,1.687,425.951,473.185,1.704,407.432,486.688,1.721,400.449,493.551,1.738,396.207,500.19,1.754,389.124,505.564,1.772,382.437,511.136,1.789,374.5,515,1.806,368.749,523.901,1.821,362.412,530.588,1.838,354.863,536.383,1.855,345.106,543.917,1.871,165,3450,WJRT,
200,402,0,217.331,404.039,0.018,233.101,404,0.036,245.067,404,0.053,257.296,404,0.069,269.508,404,0.085,282.565,404,0.102,296.818,403.091,0.119,323.62,404.025,0.135,336.608,402.866,0.152,351.189,404.245,0.169,367.042,404,0.187,378.18,404,0.204,390.842,405,0.219,400.58,405,0.236,410.287,405.81,0.252,419.37,405.079,0.269,426.197,406.033,0.286,434.027,406,0.303,438.05,406,0.32,445.258,406,0.337,451.899,406,0.354,455.979,405.404,0.37,460.835,405,0.386,465.286,405,0.403,471.636,405,0.42,478.256,403.957,0.436,482.645,404,0.453,488.374,404,0.47,492.562,404,0.488,495.495,402.502,0.506,499.227,403,0.52,502.904,403.726,0.537,505.68,403.16,0.554,507.9,402.05,0.571,509,401.5,0.587,510.175,402,0.653,508.867,404.266,0.686,505.285,406.857,0.704,503.064,408.936,0.721,496.536,413.309,0.738,488.68,421.32,0.754,479.553,430.447,0.773,466.423,442.161,0.79,454.5,448.5,0.806,438.4,462.04,0.822,423.966,474.282,0.838,405.408,487.395,0.855,389.279,501.741,0.872,371.569,515.073,0.888,356.121,529.673,0.905,338.016,541.426,0.923,327.246,553.754,0.94,308,565.5,0.956,299.113,577.849,0.972,286.007,589.687,0.989,275.088,599.033,1.006,266.062,608.93,1.022,257.171,618.932,1.039,250.693,626.525,1.059,244.014,635.648,1.074,238.772,644.564,1.091,233.085,651.915,1.107,227.313,658.359,1.122,222.859,663.927,1.139,219.309,668.588,1.156,216.983,673.034,1.173,214.76,676.36,1.189,213.766,679.701,1.207,212.655,681.69,1.225,210.082,683.918,1.24,209.5,686,1.272,207.402,687.799,1.29,206.091,689.819,1.307,205.5,691,1.324,204.933,692.134,1.373,205,694.315,1.423,207.355,695.177,1.457,213.117,697,1.474,216.444,698.148,1.491,222.313,698,1.508,229.254,699.376,1.526,240.385,699,1.543,247.806,700.601,1.558,258.123,700.288,1.575,270.911,702.478,1.592,281.437,703,1.608,293.562,704.051,1.625,306.98,704,1.641,317.705,704,1.658,334.491,705.392,1.677,342.5,705,1.693,358.978,705.614,1.709,370.539,706,1.726,384.757,706.84,1.742,395.566,707,1.759,405.569,707,1.79,420.329,708.179,1.808,429.904,708.29,1.828,441.829,708.598,1.845,108,2185,WJRT,
195,398,0,224.313,398,0.017,237.091,397.083,0.034,250.395,397,0.051,264.847,397,0.068,276.765,395.749,0.084,291.715,396,0.1,304.772,396,0.119,329.122,397.593,0.136,341.753,398,0.151,357.286,399.638,0.168,369.316,400,0.185,382.541,398.955,0.202,395.875,400.156,0.218,406.681,401.268,0.235,417.797,402.38,0.253,428.933,399.013,0.27,438.04,401.208,0.286,448.466,400.563,0.302,455.98,400,0.319,463.591,400,0.336,472.442,402.111,0.353,481.369,399.658,0.369,487.663,400,0.386,491.579,400,0.404,499,400,0.421,503.851,399.766,0.436,508.643,399.729,0.453,511.684,400,0.469,513,400,0.486,514.067,401.034,0.586,511.823,403.177,0.621,509.468,405.532,0.637,504.791,409.167,0.654,500.211,412.591,0.67,493.179,421.124,0.689,485.073,428.927,0.705,476,438,0.722,460.937,449.705,0.737,446.431,460.794,0.754,432.602,473.398,0.771,420.219,487.741,0.787,403.626,500.008,0.804,389.332,513.463,0.821,377.486,524.194,0.84,366.705,535.295,0.856,354.5,549,0.872,343.49,559.51,0.888,332.364,571.4,0.905,321.16,581.956,0.921,312.062,590.938,0.938,304.29,600.913,0.954,297.675,612.208,0.972,287.027,617.982,0.99,281.362,627.517,1.006,273.5,636,1.023,265.658,644.006,1.039,259.094,652.25,1.056,253.527,659.368,1.072,245.969,668.035,1.089,239.304,675.812,1.106,230.143,679.928,1.122,223.957,689.723,1.14,218.756,695.693,1.157,212,702,1.173,205.892,705.369,1.189,202.408,707.592,1.206,200.182,709.818,1.223,199,711,1.239,201.066,713.198,1.305,203.266,711.867,1.339,209.428,709,1.357,212.764,708.079,1.373,217.123,706.969,1.39,221.578,707,1.407,231.047,707,1.423,241.351,707,1.441,248.361,705.52,1.458,258.555,705.404,1.474,270.775,705,1.491,280.559,705,1.507,291.333,705,1.524,303.494,705,1.541,314.542,705,1.558,327.006,705,1.574,339.191,706.381,1.592,348.457,704.505,1.608,364.451,706,1.625,376.656,705.279,1.641,390.821,705,1.658,402.456,704.054,1.675,414.652,704,1.691,426.849,704,1.708,437.829,704,1.725,448.987,704,1.742,460,704,1.76,465.719,704,1.775,476.053,704,1.792,483.223,704,1.809,488.779,703.044,1.825,106,2094,WJRT,
200,400,0,214.328,398.977,0.018,231.768,399,0.036,241.81,399,0.053,252.519,399,0.069,264.062,399,0.085,274.345,399,0.102,286.244,399,0.119,307.817,400.041,0.135,318.522,401.152,0.152,332.2,399.733,0.168,341.442,400,0.187,352.933,401.493,0.203,363.826,401,0.219,373.453,401.717,0.236,383.47,402.83,0.253,393.491,402.057,0.269,402.424,402,0.286,410.184,403.169,0.303,420.499,404.278,0.32,429.135,404,0.337,436.5,404,0.354,443.926,405.616,0.37,451.368,406,0.386,458.042,406,0.403,463.758,406,0.42,469.326,406,0.437,473.717,407.179,0.453,478.17,407,0.471,482.616,405.596,0.488,485.5,406,0.505,488.881,406,0.52,492.227,406,0.537,494.691,405.154,0.554,496.931,405,0.571,499.155,403.923,0.603,502.457,405.152,0.636,504.53,405,0.753,500.882,406.039,0.772,498.155,408.845,0.789,496.464,410.072,0.806,494.059,412.94,0.821,490.725,416.275,0.838,485.628,421.372,0.855,480.059,427.929,0.872,471.186,436.814,0.888,462.313,442.054,0.905,453.401,451.599,0.923,444.508,461.928,0.94,430,471.5,0.956,420.404,480.937,0.972,406.928,490.973,0.989,396.019,500.981,1.006,383.974,511.021,1.022,371.772,523.228,1.039,363.216,531.784,1.056,351.623,540.702,1.074,340.523,552.477,1.091,332.94,559.498,1.107,324.279,567.721,1.123,315.717,576.283,1.14,308.606,584.293,1.156,301.962,591.038,1.173,293.021,597.734,1.19,284.091,605.671,1.206,276.541,614.81,1.225,270.241,620.759,1.242,261.554,628.446,1.257,254.208,636.477,1.273,248.803,643.795,1.29,243.454,650.455,1.307,234.819,658.159,1.324,229.34,664.792,1.34,222.522,672.724,1.357,218.574,677.783,1.375,214.136,681.864,1.392,211.25,685.75,1.408,207.914,688.391,1.424,205.5,690,1.456,203.202,691.532,1.624,206.027,692.013,1.674,208.33,693.165,1.707,211.436,692.718,1.725,214.491,693,1.742,217.825,693,1.759,221.146,693,1.776,225.661,693,1.792,231.43,693,1.809,238.375,694.396,1.827,243.5,692.5,1.844,249.069,693,1.859,255.374,693,1.876,262.065,693,1.893,270.662,693.958,1.909,277.39,694,1.926,285.252,694,1.943,294.365,692.704,1.959,303.248,694.406,1.978,312,694,1.994,322.029,694,2.01,124,2672,WJRT,
198,400,0,214.292,401.018,0.017,229.042,402.367,0.035,236.825,402,0.052,243.544,402,0.068,250.225,402.704,0.085,256.904,403.817,0.102,264.507,404,0.118,277.491,404,0.135,283.927,404,0.152,291.881,405.269,0.168,299.652,405,0.186,308.905,403.512,0.203,316.22,405,0.219,324.025,405.718,0.235,331.798,405.172,0.252,339.591,405,0.269,345.266,405,0.285,353.183,405,0.302,359.666,403.722,0.319,366.351,402.608,0.336,370,403,0.353,374.844,402.385,0.369,379.645,402.729,0.386,384.377,403,0.403,389.769,401.092,0.42,394.278,401,0.436,397.543,401,0.453,403.459,401,0.469,406.212,401,0.488,411,401,0.504,417.779,400.37,0.52,423.721,399.256,0.537,428.425,399,0.553,432.88,398.03,0.57,437.326,398,0.587,444.171,398,0.604,452.128,399.304,0.62,455.685,397.579,0.638,460,398,0.655,463.924,397.359,0.671,470.306,397,0.687,477.225,397,0.704,481.929,397,0.721,485.287,397,0.737,487.414,395.793,0.754,490.955,396,0.772,492.867,396,0.789,495,396,0.805,497.312,396,0.821,500.307,396,0.838,502.769,396,0.855,504,396,0.871,507.211,397.053,0.889,509.44,398.22,0.937,511.354,399.177,1.005,511,401.003,1.038,508.771,403.229,1.071,506.543,405.457,1.09,502.5,408,1.107,499.267,412.05,1.122,494.031,416.969,1.139,489.364,423.453,1.156,483.897,430.124,1.173,474.926,437.939,1.19,468.556,443.204,1.206,459.135,452.865,1.224,453.187,460.282,1.24,445.5,469,1.257,430.045,480.65,1.273,416.474,491.287,1.29,403.866,502.212,1.307,391.617,513.348,1.323,378.243,524.464,1.341,367.4,534.34,1.357,354.913,547.087,1.374,339.72,556.348,1.391,331.477,566.337,1.407,319.216,576.369,1.424,309.425,585.575,1.44,300.533,594.467,1.457,290.577,603.376,1.474,279.437,614.563,1.491,270.839,623.161,1.508,259.155,632.076,1.525,251.046,640.954,1.542,243.752,648.641,1.557,235.225,656.053,1.574,227.996,662.17,1.591,220.38,669.62,1.608,215.763,675.297,1.625,211.318,680.852,1.641,204.291,686.424,1.659,201.823,689.177,1.676,198.5,692.5,1.691,197,694,1.709,194.55,697.9,1.725,193.169,700.663,1.742,192.5,702,1.858,197.493,700.254,1.876,143,2753,WJRT,
199,401,0,212.531,402.041,0.017,225.013,403,0.032,231.966,403,0.049,236.758,403,0.065,241.204,403,0.083,245.649,403,0.099,248.838,403,0.116,257.723,404.389,0.134,261,404,0.151,268.062,403,0.166,272.89,403,0.183,277.351,403,0.199,281.791,403.948,0.216,286.262,404,0.234,291.884,405.177,0.249,298.696,405,0.266,302.606,405,0.284,308.5,405,0.301,313.105,405,0.317,318.681,405,0.334,325.926,405,0.351,330.847,405,0.367,335.294,405,0.384,340.923,405,0.4,345.197,405,0.419,351.046,405,0.435,359.5,405,0.452,364.163,405,0.467,369.729,405,0.484,376.162,405,0.509,385.712,405,0.517,393.571,405,0.535,401.318,406.188,0.552,410.463,406,0.568,420.738,406,0.585,429,406,0.603,437.509,407,0.618,446.068,407,0.636,453.213,407.869,0.652,458.901,408,0.669,463.375,408,0.685,469.036,408,0.702,474.594,408,0.719,481.565,408,0.737,483.5,408,0.754,486.953,407,0.769,489.529,406.235,0.786,492.635,406,0.802,494.984,405.008,0.82,497.203,405,0.836,499.436,403.782,0.862,502.646,402.677,0.883,505.305,402,0.891,508.5,402,0.921,509.526,402,0.952,511.536,400.732,1.153,508.95,403.05,1.187,506.468,405.532,1.205,501.952,407.365,1.221,497.029,410.383,1.237,491.475,414.62,1.254,485.917,419.066,1.271,480.348,423.522,1.287,471.09,430.433,1.304,464.86,435.784,1.322,458.187,439.876,1.34,453.5,442.5,1.355,445.855,447.072,1.371,437.571,451.214,1.388,432.346,454.74,1.405,427.884,459.116,1.421,423.431,463.569,1.439,418.995,466.754,1.456,413.173,470.096,1.474,407.6,473.44,1.49,403.642,476.768,1.506,399.899,480.101,1.522,396.559,483.441,1.539,394.146,486.782,1.556,390.884,490.116,1.572,388.699,493.451,1.589,383.944,496.792,1.606,380.856,500.144,1.624,377.547,500.484,1.641,375.809,503.191,1.657,372.862,505.425,1.673,371.176,507.648,1.689,369.125,509.875,1.706,367.951,512.098,1.723,365.675,514.325,1.739,364.726,516.548,1.758,365,518.771,1.774,362.001,520.999,1.792,361.782,523.218,1.807,359.555,525.445,1.824,358.166,527.668,1.84,357.056,530.831,1.857,354.881,533.119,1.873,353.827,535.346,1.891,222,4521,WJRT,
201,403,0,220.108,405.011,0.018,235.437,406.188,0.035,244.771,407.308,0.052,254.79,407,0.069,263.253,407,0.086,272.141,407,0.103,281.068,407,0.119,297.739,406.133,0.135,307.857,406,0.153,317.843,406,0.169,326.639,407.205,0.187,335.513,405.686,0.204,344.009,406,0.22,353.401,406,0.237,362.57,406,0.254,370.363,406,0.27,378.152,406,0.286,387.912,406,0.303,396.812,406,0.327,405.928,405,0.337,415.991,405,0.352,425.956,402.121,0.369,437.997,403.555,0.386,448.65,402.67,0.402,457.441,402.777,0.418,466.11,403,0.435,475.035,404.004,0.452,482.812,404,0.468,488.123,404,0.485,492.359,404,0.504,496.811,404,0.52,499.689,405,0.536,503.026,405,0.552,505.579,405,0.569,507.802,405,0.585,509,405,0.602,510.126,405,0.735,507.995,407.005,0.769,504.625,410.375,0.786,499.568,414.074,0.804,492.192,420.34,0.822,485.497,427.503,0.837,476.708,435.593,0.853,467.487,442.071,0.87,459.549,449.451,0.887,451.727,457.273,0.904,441.667,467.333,0.921,432.924,472.297,0.937,425.399,480.601,0.955,417.604,486.911,0.972,406.025,497.378,0.988,394.911,505.962,1.004,382.963,513.751,1.021,370.731,523.402,1.037,360.595,532.36,1.054,348.23,541.287,1.071,336.006,551.449,1.088,327.891,560.109,1.106,314.574,568.946,1.122,307.364,576.242,1.138,300.677,584.043,1.155,291.494,591.838,1.171,283.394,599.606,1.188,275.584,608.475,1.205,267.807,617.363,1.221,257.482,627.518,1.238,248.826,634.777,1.258,242.468,645.052,1.273,235.058,653.942,1.288,226.89,662.11,1.305,219.925,670.767,1.322,215.184,679.631,1.339,209.663,687.471,1.355,205.304,694.044,1.372,199.518,699.482,1.388,193.97,707.842,1.407,193,714,1.424,190.755,716.868,1.439,189,719.5,1.471,188.733,720.533,1.521,191.15,718.925,1.555,193.526,716.474,1.622,195.266,714.734,1.756,227.297,710.243,1.774,238.862,709.014,1.791,248.898,709,1.807,261.319,707.789,1.824,270.954,708,1.842,279.461,706.567,1.859,291,707,1.875,310.282,705.34,1.891,323.051,705,1.91,333.078,704.115,1.927,342.985,703.002,1.948,356.319,701.89,1.963,365.989,700.779,1.99,374.015,700.665,1.999,384.021,700.447,2.02,392.901,700.443,2.035,117,2490,WJRT,
202,402,0,238.08,402,0.023,251.292,403.191,0.035,262.026,403,0.053,271.746,403,0.069,281.5,404.5,0.084,291.142,405,0.102,306.046,406.506,0.121,315.22,407,0.135,322.847,408.956,0.152,330.641,407.908,0.168,337.19,409.198,0.185,343.941,409,0.203,350.56,409,0.22,357,410.5,0.236,363.278,409.656,0.253,369.605,409.232,0.271,375.402,409,0.285,381.978,409,0.303,386.431,409,0.319,393.314,409,0.336,398.669,407.666,0.354,405.65,408,0.371,410.5,406.5,0.387,418.018,407.33,0.403,424.7,407,0.419,432.264,406.105,0.437,438.022,406,0.453,444.749,406,0.47,451.384,404.769,0.487,456.716,405,0.504,463.776,405,0.521,467,403.5,0.537,473.739,404,0.553,478.98,403.204,0.57,483.636,403,0.587,488.083,403,0.604,492.537,403,0.621,495.743,401.752,0.637,499.087,402,0.655,500.94,402,0.671,504.173,403,0.687,506,403,0.753,503.97,405.059,0.786,501.624,408.564,0.805,499.022,410.978,0.822,489.223,420.971,0.839,478.165,432.835,0.855,465.937,442.591,0.873,454.644,455.227,0.889,440.361,467.541,0.905,427.129,479.715,0.921,416.221,494.613,0.938,398.267,506.204,0.956,386.069,521.425,0.973,373.329,532.883,0.988,361.757,546.691,1.005,348.127,558.364,1.03,334.651,570.404,1.047,320.201,581.614,1.062,307.927,593.728,1.093,281.192,614.606,1.106,274,623,1.123,262.989,633.011,1.139,254.09,642.648,1.156,246.886,650.114,1.173,238.289,658.711,1.19,232.624,665.452,1.206,228.252,673.309,1.223,219.933,678.477,1.241,219.178,684.055,1.257,214,689.5,1.273,211.09,693.546,1.293,209.249,697.253,1.308,208.141,700.577,1.323,208,702.944,1.34,208,704,1.407,211.319,703,1.425,214.947,703,1.44,219.813,702.237,1.457,227.147,702,1.474,237.862,701.014,1.49,246.782,699.902,1.507,256.924,698.786,1.523,269.544,699,1.542,280.307,700.431,1.559,289.5,698.5,1.575,301.979,701.329,1.591,311.985,702.776,1.607,325.554,703.889,1.624,336.021,705.002,1.641,344.892,706.111,1.658,362.427,708.457,1.674,371.07,708,1.692,385.397,709.45,1.709,398.096,708,1.725,409.456,707.322,1.741,421.706,707,1.758,432.994,706.101,1.775,444.167,704.983,1.792,116,2260,WJRT,
188,403,0,204.017,399.997,0.018,216.321,398.88,0.035,229.803,397.766,0.051,240.452,398,0.069,250.129,398,0.086,264.261,398,0.102,276.531,398,0.118,297.51,398.796,0.135,310.182,399,0.152,322.25,399,0.169,333.34,400.134,0.185,340.703,400,0.202,352.573,401.357,0.22,365.158,401,0.236,372.243,401.583,0.253,382.259,402.695,0.269,392.287,402.19,0.286,400.449,402.921,0.303,408.229,403,0.319,417.173,404.147,0.336,426.039,404,0.353,434.962,404,0.37,442.367,405.481,0.387,451.764,405,0.403,460.661,405.708,0.42,469.562,406,0.436,479.382,405.069,0.453,487.315,405,0.471,495.096,405,0.486,502.891,405,0.503,509.29,405,0.522,514.477,403.505,0.538,517.212,403.394,0.554,519.444,403,0.57,521,403,0.669,517.854,404.073,0.703,515.469,406.531,0.736,510.133,410.911,0.754,508.5,412,0.815,494.563,423.129,0.823,477.262,435.695,0.839,465.681,445.687,0.856,453.791,455.717,0.872,442.416,464.009,0.889,432.27,472.76,0.905,422.228,481.686,0.922,400.301,501.309,0.939,392.269,508.427,0.956,382.202,518.798,0.973,371.249,528.287,0.99,361.539,538.461,1.006,348.874,549.605,1.023,339.892,558.981,1.039,330.142,568.858,1.056,319.021,579.979,1.073,307.911,588.671,1.09,300.754,598.887,1.107,290.064,607.499,1.124,280.712,618.384,1.14,272.718,627.943,1.156,264.602,637.941,1.173,255.021,646.206,1.19,250.007,652.99,1.207,243.355,660.752,1.223,236.684,668.536,1.24,229.969,673.692,1.258,221.88,679.229,1.274,220.319,684.241,1.29,216.313,689.359,1.309,211.865,693.351,1.324,209.21,696.685,1.341,208,698.5,1.357,206.884,699.116,1.422,207,701.266,1.49,209.009,702.005,1.523,211.25,700.875,1.559,215.945,702.236,1.576,219.743,701,1.592,223.094,701,1.608,226.429,701,1.625,231.616,701,1.642,237.164,702.033,1.658,241.586,702,1.675,246.042,703.26,1.691,251.882,704.376,1.71,255.937,704,1.726,265.796,705.6,1.742,272.566,706,1.759,278.948,706,1.775,284.677,706,1.792,294.48,706,1.809,304.419,707.158,1.826,311.923,705.725,1.844,319.72,706,1.86,334.98,706,1.877,339.277,704.389,1.892,349.26,704,1.909,359.527,704,1.926,367.661,703.048,1.943,128,2681,WJRT,
188,404,0,214.645,401.311,0.018,230.292,400.131,0.034,242.441,399.051,0.047,257.261,397.903,0.069,270.706,396.775,0.086,283.826,395.681,0.1,297.396,394.662,0.12,333.5,395,0.132,341,393.5,0.148,357.196,393,0.166,372.631,393,0.182,388.386,393,0.198,400.207,393,0.215,412.406,390.562,0.232,423.433,393.687,0.251,434.81,393,0.268,444.591,392.559,0.283,452.998,393.666,0.299,459.708,394,0.316,465.496,394,0.333,472.988,393.002,0.349,480.863,395.247,0.366,486.156,396.231,0.383,490.392,396,0.4,494.847,396,0.425,499.872,396.574,0.435,505.416,397,0.45,509.406,397,0.467,511.5,397,0.483,512.027,397,0.567,512,399.188,0.6,509.381,401.809,0.617,508,402.5,0.633,506.963,404.037,0.653,504.694,406.306,0.667,502.462,407.269,0.686,494.982,411.009,0.701,489.514,417.486,0.718,481.781,424.219,0.735,471.136,432.72,0.751,459.771,441.584,0.77,447.109,451.169,0.784,430.564,462.291,0.8,417.033,473.639,0.817,399.879,486.022,0.833,387.38,498.235,0.857,371,509,0.872,358.951,523.049,0.885,344.632,535.206,0.905,331.96,547.861,0.922,317.041,560.182,0.935,305.374,572.688,0.951,296.541,585.006,0.974,282.529,594.603,0.992,273.369,604.759,1.004,265.526,615.963,1.019,253.993,624.755,1.038,245.042,633.703,1.058,237.982,643.527,1.078,228.507,653.493,1.09,219.384,661.539,1.102,212.851,671.723,1.119,206.121,679.192,1.138,196.652,686.93,1.153,191.867,692.199,1.17,188.701,697.598,1.186,187.234,701.298,1.203,187,703.757,1.219,187,705,1.253,189.142,706.142,1.269,192.981,706,1.287,197.754,704.562,1.304,209.5,705,1.32,214.315,703.337,1.336,221.423,702.225,1.353,231.906,700.219,1.37,242.022,701.002,1.387,250.856,701,1.403,263.551,699.768,1.42,277.085,701.34,1.438,286.048,701,1.455,299.239,700.134,1.471,310.792,701,1.487,324.294,701,1.504,336.03,701.903,1.521,348.206,700.981,1.537,362.663,701,1.554,374.687,702.244,1.57,390.937,700.647,1.589,400.668,701,1.606,413.966,700.581,1.622,425.955,701,1.638,438.672,699.388,1.654,450.174,699.917,1.671,459.263,700,1.688,469.276,700,1.704,479.285,700,1.721,485.205,700,1.74,491.875,701.479,1.756,104,1964,WJRT,
198,400,0,226.636,399,0.015,238.919,399,0.03,249.976,397.802,0.047,263.825,398,0.069,275.863,398,0.084,288.359,398,0.099,307.934,398,0.114,326.883,398,0.13,338.129,397.097,0.147,351.249,397,0.164,365.659,397,0.18,375.176,397,0.197,391.908,397,0.215,400.21,397,0.232,409.796,397,0.248,421.619,397.693,0.264,430.648,398,0.28,441.194,398,0.297,451.24,399.027,0.319,457.842,399,0.334,464.318,399,0.349,473.67,401.667,0.37,482.862,401,0.385,486.791,401,0.401,491.5,401,0.417,498.213,402,0.431,503.606,403.842,0.452,508.123,402.969,0.469,511.339,403,0.498,514.57,403,0.568,514,405.263,0.601,511.982,407.018,0.618,510.862,409.276,0.637,506.001,411.5,0.652,498.697,416.536,0.668,489.046,428.448,0.687,479.915,436.868,0.704,468.287,446.31,0.721,456.948,457.857,0.734,442.701,470.407,0.75,428.258,482.628,0.773,417.48,495.824,0.788,397.52,509.163,0.802,386.532,524.28,0.818,370,535.5,0.84,360.962,549.246,0.858,347.74,562.548,0.869,333.859,576.986,0.883,318.59,589.536,0.902,306.167,600.757,0.919,296.592,613.878,0.935,281.093,625.006,0.953,270.911,634.68,0.977,259.866,645.6,0.993,249.673,654.945,1.006,241.042,663.213,1.018,232.063,671.07,1.034,223.143,678.875,1.053,217.588,685.495,1.074,210.861,690.95,1.094,206.324,696.117,1.106,199.969,701.031,1.12,194.5,706.5,1.136,193.346,708.308,1.153,192.5,710,1.203,195.04,710.02,1.227,202.142,711.19,1.243,208.836,708.694,1.256,215.147,707.57,1.27,220.5,706.5,1.286,233.996,705.666,1.306,243.458,705.22,1.327,251.987,705,1.34,266.976,705,1.352,277.008,705,1.37,287.124,705,1.389,302.373,705,1.413,311.544,706,1.43,324.981,706,1.44,336.472,706.684,1.453,348.634,707,1.471,362.825,707.91,1.488,373.204,708,1.507,388.843,708,1.529,399.203,707.755,1.544,411.06,707,1.562,424.73,707,1.574,437.053,706.412,1.588,449.702,706,1.604,458.696,705.186,1.621,467.418,704.073,1.638,479.427,705.039,1.654,484.741,703.852,1.671,489.028,704,1.688,490.745,704,1.803,492.042,704,1.853,494.336,702.832,1.903,496.354,703,1.954,502.268,704.045,2.063,100,2063,WJRT,
195,405,0,218.761,400.54,0.018,231.248,399.159,0.035,241.565,398.048,0.052,251.607,398,0.068,262.741,398,0.085,272.595,398,0.103,281.222,398,0.131,306.5,399.5,0.151,308.363,399,0.156,315.426,399,0.169,326.334,399.849,0.186,333.783,400.964,0.203,339.377,401,0.22,347.34,402.191,0.239,356.379,403.297,0.255,362.473,403,0.271,369.149,403.525,0.288,375.852,404,0.303,383.285,404.755,0.32,390.211,404.131,0.337,397.847,404,0.353,404.55,404,0.37,413.645,405.206,0.387,422.487,403.689,0.405,430.011,404,0.422,439.869,404,0.438,449.244,403.344,0.454,458.112,402.236,0.47,466.149,401.122,0.487,476.902,401,0.504,485.83,399.896,0.521,492.292,398.785,0.537,497.645,397.671,0.555,506.104,396.557,0.572,511.672,397,0.589,514.344,396.328,0.604,516,395.5,0.637,517.531,397.266,0.686,514.828,399.172,0.721,513.734,401.532,0.739,510.262,405.054,0.755,504.227,409.182,0.771,495.742,416.351,0.788,487.87,424.13,0.805,480.075,434.19,0.822,466.044,444.217,0.838,454.108,454.185,0.856,443.271,465.729,0.873,429.167,475.667,0.889,420.142,485.246,0.905,407.5,495.269,0.922,395.789,504.369,0.939,385.687,514.313,0.956,373.415,524.297,0.972,366.191,533.068,0.989,357.072,540.562,1.007,346.634,546.911,1.025,338.42,556.773,1.04,329.612,564.258,1.056,320.395,570.953,1.073,310.58,579.484,1.09,303.718,587.329,1.106,294.732,596.268,1.123,285.802,602.649,1.139,275.503,612.108,1.158,270.01,620.986,1.175,260.724,627.665,1.19,252.216,636.507,1.207,246.65,644.862,1.224,240.29,651.71,1.24,234.695,657.305,1.257,229.114,662.886,1.274,223.571,668.429,1.29,219.4,674,1.309,216.5,679.5,1.325,214.132,681.868,1.341,211.535,685.198,1.357,209.304,687.696,1.374,207.077,689.924,1.391,205.927,692.146,1.423,203.699,694.301,1.507,204,696.213,1.557,206.101,694.95,1.575,208.629,695,1.593,210.83,695,1.61,214.5,695,1.626,220.251,695,1.642,227.363,694.234,1.659,235.138,694.877,1.675,241.954,695,1.692,249.695,695,1.708,259.987,693.779,1.725,269.931,695.326,1.744,279.938,693.562,1.76,290.095,693.446,1.777,301.65,693.665,1.792,312.736,693.226,1.809,323.922,692.108,1.826,334.058,693.006,1.843,123,2398,WJRT,
199,402,0,233.378,402,0.018,247.205,402,0.035,258.47,402,0.052,268.427,402,0.069,278.427,402,0.085,287.076,403.384,0.103,295.954,403,0.12,312.846,404,0.135,322.502,404,0.152,332.506,403.166,0.169,341.566,403,0.186,352.593,404.059,0.202,362.533,402.83,0.219,371.258,404.282,0.236,381.588,404,0.253,393,404,0.27,400.968,404,0.286,409.885,404.736,0.303,419.637,405,0.319,428.678,405,0.336,437.587,405,0.353,446.499,406.187,0.37,455.367,404.704,0.388,464.281,405,0.404,471.5,405,0.421,480.433,404.367,0.437,488.238,404,0.454,494.302,404,0.47,498.888,404,0.487,504.439,405.088,0.504,507.59,403.803,0.52,510.924,402.692,0.538,512.846,403,0.554,515,401.5,0.67,512.96,405.12,0.703,509.203,407.531,0.737,504.935,410.798,0.82,485.939,424.782,0.839,466.829,438.408,0.856,456.5,447.5,0.871,445.979,456.352,0.89,436.775,464.447,0.906,426.982,472.236,0.922,415.956,480.031,0.939,396.955,497.925,0.957,389.171,504.6,0.972,378.954,512.369,0.99,368.864,524.595,1.007,364,530.5,1.023,353.227,539.773,1.039,343.841,549.159,1.056,336.558,557.349,1.072,326.795,566.182,1.089,319.076,572.792,1.106,310.054,580.703,1.123,306.567,588.507,1.14,299.192,596.276,1.157,291.5,602,1.173,284.127,610.569,1.19,277.962,617.846,1.206,271.484,623.597,1.223,264.803,629.164,1.24,259.279,635.865,1.257,251.226,643.774,1.273,247.519,650.221,1.291,243.076,655.405,1.308,236.027,661.973,1.324,231.169,666.831,1.341,225.899,673.742,1.357,222.2,678.733,1.374,219.91,683.18,1.391,216.551,687.598,1.407,211.944,690.792,1.424,210.232,695.536,1.442,206.532,696.978,1.459,204.184,700.21,1.474,202.28,702.441,1.491,201.5,704,1.523,199.469,705.531,1.541,198.917,707.167,1.592,201.34,707,1.61,205.457,707,1.625,209.19,706.27,1.642,213.362,705.16,1.659,217.815,704.046,1.687,222.403,702.933,1.699,229.422,702,1.717,238.261,702,1.725,244.388,700.602,1.743,249.5,701,1.76,258.039,699.37,1.775,266.196,699.742,1.792,273.994,700,1.809,280.796,700,1.826,288.556,698.921,1.842,298.719,699,1.859,306.096,699,1.876,315.343,699,1.894,325.5,697.5,1.91,130,2724,WJRT,
187,401,0,216.873,398.32,0.016,232.158,397.219,0.032,245.745,396.105,0.059,260.409,396,0.074,272.636,394.851,0.088,284.589,395,0.101,298.348,395,0.116,331.432,395,0.134,337.069,394,0.15,350.358,394,0.169,364.729,394,0.184,378.342,394,0.202,391.433,395.036,0.216,401.189,395,0.234,414.194,395,0.291,435.806,397,0.303,456.831,398,0.316,464.065,398,0.341,473.654,398.962,0.374,488.718,401,0.387,493.197,401,0.407,499.637,402.409,0.423,503.568,403.523,0.434,506.5,404.5,0.467,508.796,404,0.517,505.9,406.1,0.568,504.825,408.349,0.584,500.405,410.946,0.613,494.428,417.334,0.692,453.864,457.136,0.739,427.088,481.868,0.761,420.38,490.39,0.769,411.909,499.091,0.786,403.03,504.982,0.802,396.327,515.009,0.826,389.974,521.9,0.838,379.954,526.354,0.854,375.757,536.589,0.87,367.5,542,0.887,360.974,550.026,0.903,353.483,555.153,0.92,346.616,560.487,0.936,340.948,565.042,0.954,334.268,571.732,0.97,328.809,575.953,0.988,321.888,581.76,1.005,312.328,585.836,1.021,309.277,591.298,1.04,303.901,595.733,1.053,297.207,600.195,1.072,290.521,605.566,1.088,282.827,612.148,1.103,277.309,617.691,1.122,270.501,621.999,1.139,261.115,629.164,1.156,256.62,634.38,1.171,248.5,642.5,1.188,243.499,648.501,1.205,235.52,655.67,1.221,229.374,661.626,1.237,221.727,669.273,1.254,217.409,674.739,1.271,211.725,680.275,1.289,204.749,685.876,1.307,201.055,689.945,1.322,197.198,694.403,1.346,193.156,698.844,1.413,189,707.165,1.487,192.453,707,1.506,195.509,707,1.521,200.768,707,1.539,207.366,708.061,1.555,211.699,708,1.572,217.445,708,1.59,222.996,706.601,1.607,230,707,1.622,241.747,708,1.639,249.153,708,1.656,257.83,708,1.673,268.601,708.96,1.691,276.514,709,1.705,285.499,710.187,1.722,295.64,711.293,1.74,307.138,709.586,1.757,316.5,711.5,1.773,328.393,710.721,1.79,339.509,710,1.806,350.644,710.864,1.823,362.736,709.048,1.84,373.896,710.09,1.856,385.012,711.201,1.873,397.522,709.68,1.891,405.351,710,1.909,415.5,713,1.924,426.494,711.649,1.94,436.117,712,1.957,445.89,712.877,1.973,455.894,711.024,1.99,464.816,712.102,2.006,110,2346,WJRT,
193,401,0,220.042,400,0.018,233.312,400,0.035,243.638,399.04,0.052,256.856,399,0.069,267.826,399,0.085,277.674,399,0.102,291.921,399,0.119,317,399,0.136,320.5,399,0.154,335.586,398.268,0.17,345.72,397.142,0.186,361.609,397.974,0.203,370.683,398,0.219,384.394,396.8,0.236,397.689,397,0.254,405.385,397,0.271,417.905,397,0.287,428.19,396.351,0.303,439.393,396,0.32,450.746,396.875,0.337,458.903,396.014,0.353,466.7,396,0.371,480.56,397.213,0.387,487.274,397,0.405,493.631,397,0.422,499.865,396.552,0.439,506.978,397,0.454,512,397,0.487,511.532,398.266,0.57,508.823,401.266,0.604,506.468,403.532,0.637,501.963,407.019,0.654,498.617,409.255,0.671,492.814,415.186,0.688,487.244,420.756,0.706,480.187,430.75,0.723,466.5,440.5,0.739,455.777,446.84,0.755,444.927,455.458,0.772,432.909,466.174,0.789,422.723,475.246,0.805,409.292,484.139,0.822,397.184,495.56,0.839,386.326,506.674,0.856,375.189,514.849,0.873,363.666,526.927,0.889,352.216,536.661,0.906,340.802,547.198,0.922,331.533,557.401,0.939,320.55,566.36,0.956,310.594,575.25,0.973,304.391,585.413,0.99,294.924,594.076,1.007,286.038,602.962,1.024,277.743,612.257,1.04,269.957,620.764,1.056,261.328,628.838,1.073,251.524,638.476,1.09,244.643,647.475,1.107,235.634,657.537,1.123,228.01,663.706,1.14,220.209,673.19,1.158,215.5,680.5,1.174,209.895,685.105,1.19,205.056,689.944,1.207,201.455,694.393,1.224,199.076,696.924,1.24,197.927,699.147,1.307,200.263,699,1.34,203.497,698.748,1.357,205.717,698.141,1.374,208.922,698,1.391,213.342,696.914,1.407,218.984,695.803,1.425,227.16,694.691,1.442,236.424,693.572,1.459,246.5,695.5,1.476,255.791,693.357,1.492,266.59,693.759,1.508,276.855,694,1.525,286.893,693.012,1.542,298.018,694.102,1.559,307.876,695.208,1.575,319.283,693.672,1.592,328.947,694,1.609,338.5,697,1.626,349.616,696,1.642,360.752,697.55,1.659,370.997,698,1.676,381.003,698,1.692,392.141,699.114,1.709,402.026,700.225,1.726,413.398,697.32,1.742,423.056,700.901,1.76,434,701.5,1.775,444.758,700.676,1.792,453.515,701,1.809,462.206,701,1.826,472.131,699.985,1.842,107,2204,WJRT,
204,405,0,227.141,405,0.019,246.018,403.811,0.035,262.539,402.697,0.053,276.421,403,0.07,289,403,0.086,304.311,402,0.102,318.787,401.247,0.119,341.018,398.407,0.135,359.616,398.976,0.152,370.896,397.91,0.169,384.443,398,0.186,399.014,398,0.204,406.448,398,0.221,419.477,397.54,0.237,430.845,398,0.253,441.646,398,0.269,452.766,398.877,0.286,461.922,399,0.303,473.018,402.305,0.32,482.938,400.785,0.336,488.962,402.327,0.362,495.643,403.44,0.42,508.778,407,0.437,510,407,0.553,509,409.133,0.586,505.985,410.005,0.62,503.758,412.242,0.637,501.299,413.351,0.656,496.149,417.389,0.673,488.547,423.453,0.689,481.194,430.12,0.705,469.386,438.409,0.721,456.996,447.276,0.739,442.651,458.269,0.755,428.232,469.36,0.771,417.501,479.249,0.788,401.017,489.203,0.806,394.185,499.292,0.824,383.311,508.103,0.839,373.693,518.008,0.855,364.52,528.291,0.872,354.673,537.401,0.889,342.595,548.368,0.905,333.815,558.333,0.922,321.112,569.625,0.939,308.899,579.355,0.957,302.583,590.882,0.974,291.593,599.205,0.99,281.641,609.772,1.006,274.063,619.583,1.024,263.607,629.454,1.04,253.541,641.561,1.057,247.024,650.301,1.072,239.085,659.189,1.09,229.892,666.72,1.108,221.013,677.485,1.124,216.946,683.665,1.14,210.662,690.338,1.157,203.986,695.343,1.173,199.194,699.806,1.19,193.716,705.284,1.207,191.654,707.346,1.239,190.802,709.396,1.289,193.354,709,1.323,195.532,706.468,1.341,196.036,704.929,1.373,198.296,701.555,1.392,202.239,700.587,1.41,208.5,701,1.426,212.157,700.369,1.441,217.719,700,1.458,225.021,698.28,1.475,235.7,698,1.492,243.569,696.919,1.508,252.545,695.807,1.524,264.119,696,1.543,275.194,696,1.56,284.5,696,1.576,296.085,695.644,1.592,307.554,695.245,1.608,318.7,695,1.625,329.802,695.98,1.643,340.938,694.906,1.658,353.334,693.788,1.675,368.128,695.318,1.693,382.659,692.129,1.71,398,693,1.727,410.874,691.344,1.743,424.964,691,1.759,439.469,690.118,1.776,451.937,690,1.793,463.034,690,1.809,474.154,690,1.826,483.967,690,1.844,492.517,690,1.861,498.326,690,1.877,503.684,690,1.893,508.121,690,1.91,511,690,1.926,101,2146,WJRT,
194,406,0,216.975,403.911,0.018,238.152,401.35,0.033,250.393,400.237,0.05,262.62,400,0.067,273.882,400,0.084,284.998,398.9,0.1,297.374,399,0.117,321.486,400.324,0.135,335.138,400,0.152,342.5,401.5,0.168,357.592,401,0.184,368.973,401.775,0.201,382.555,403.778,0.218,395.004,401.999,0.234,406.097,403.11,0.251,417.26,404.226,0.267,428.371,402.663,0.286,439.507,404.451,0.302,449.068,404.437,0.319,459.082,404,0.335,467.501,404,0.351,478.008,403.099,0.368,486.088,401.987,0.385,492.757,402,0.401,499.396,402,0.418,504.763,402,0.436,510.314,400.537,0.452,512.5,401,0.5,513.354,402.177,0.534,510.908,404.092,0.568,508.637,407.545,0.587,504.56,411.44,0.604,496.285,418.715,0.62,487.371,427.629,0.636,476.027,438.158,0.653,464.744,448.33,0.669,452.572,460.428,0.686,438.048,472.652,0.703,424.825,483.646,0.72,414.272,497.473,0.738,397.137,506.412,0.755,385.988,519.411,0.77,374.152,529.422,0.786,362.761,540.239,0.803,351.587,550.471,0.82,341.561,560.439,0.837,329.211,570.464,0.853,318.206,580.514,0.872,304.332,589.112,0.888,295.542,599.458,0.905,282.249,609.137,0.92,271.466,618.808,0.937,260.582,627.735,0.954,250.451,638.499,0.971,242.542,647.523,0.987,233.567,657.613,1.004,227.245,663.755,1.021,219.192,673.21,1.04,214.5,679,1.055,209.237,683.508,1.071,204.037,688.704,1.088,200.438,692.562,1.105,197.102,696.864,1.121,193.768,700.232,1.138,192.809,702.382,1.22,196.512,702,1.238,201.344,702,1.255,206.89,702,1.272,211.358,700.911,1.289,217.018,701,1.305,223.905,699.683,1.323,236.275,697.145,1.34,245.5,699.5,1.357,258.826,697.348,1.372,271.393,697.763,1.389,282.766,698,1.406,294.914,697.008,1.423,306.014,699.203,1.439,319.59,699,1.456,332.915,700.326,1.474,341.946,700,1.491,356,698.5,1.508,367.991,700.334,1.523,380.37,699.219,1.54,391.911,699.891,1.557,402.04,700,1.573,413.159,697.768,1.59,423.044,699.227,1.606,434.446,699,1.624,444.111,696.086,1.641,453.5,698.5,1.658,461.445,697,1.674,469.554,696.207,1.691,477.336,696.905,1.708,482.058,697,1.724,486.513,697,1.74,489.712,697,1.757,494.416,697,1.775,495.924,697,1.791,102,2061,WJRT,
191,402,0,224.247,400,0.029,237.272,399.066,0.045,249.561,398,0.053,261.763,398,0.069,272.768,398,0.087,283.906,398,0.104,295,398,0.12,315.158,398,0.136,324.836,398,0.152,335.404,398,0.169,345.584,398,0.186,356.652,398,0.203,367.788,399.179,0.219,376.303,399,0.238,386.617,399,0.254,396.602,400,0.271,403.763,400,0.286,412.675,400,0.303,422.691,400.855,0.32,431.727,401,0.337,441.715,403.159,0.353,451.72,401.809,0.37,457.812,402,0.388,467.336,403.417,0.405,474.179,404.53,0.421,481.489,404.359,0.437,487.014,404,0.454,491.465,404,0.47,493.956,404,0.487,496.184,404,0.504,498.41,404,0.653,498,406.044,0.687,494.337,409.663,0.706,484.011,419.989,0.722,470.681,429.325,0.738,459.023,438.977,0.755,446.291,448.139,0.772,433.929,459.064,0.788,423.94,469.06,0.806,411.474,480.296,0.822,397.915,492.745,0.842,388.504,502.496,0.858,377.346,514.219,0.874,368.925,524.434,0.889,359.049,533.361,0.906,349.729,543.18,0.923,339.814,553.186,0.939,330.942,562.058,0.956,322.034,570.966,0.973,311.784,579.859,0.992,306.186,587.751,1.008,298.928,596.072,1.024,292.519,605.265,1.04,284.539,612.846,1.056,278.394,619.527,1.073,272.857,627.2,1.09,267.277,636.157,1.107,259.226,643.774,1.124,251.403,651.597,1.142,246.599,657.881,1.158,239.437,666.563,1.174,232.742,673.258,1.19,225.27,679.093,1.207,221.206,684.657,1.224,216.845,690.194,1.241,212.418,695.728,1.257,210.464,701.341,1.275,208.229,705.541,1.292,204.523,708.477,1.309,201.389,709.223,1.324,200.5,711,1.357,201,713.796,1.39,203.115,713,1.423,208.995,709.403,1.442,214,708.5,1.459,219.714,705.762,1.475,227.873,704.266,1.491,237.631,702.304,1.508,245.719,701.04,1.525,253.499,698.857,1.541,263.643,696.635,1.558,273.674,697,1.575,282.258,695.593,1.593,292.5,694.5,1.61,301.706,695.634,1.625,313.198,695.255,1.642,323.741,695,1.659,333.748,695,1.675,344.835,695,1.692,354.774,693.803,1.709,366.14,695.314,1.726,377.234,695,1.744,388,695,1.76,398.175,696,1.776,407.84,695.24,1.8,416.997,695.875,1.818,424.889,696.984,1.838,434.681,696.903,1.855,442.236,696.412,1.865,113,2338,WJRT,
208,396,0,247.489,397.178,0.016,256.637,398.293,0.028,263.763,398,0.045,268.5,398,0.065,270.877,398,0.084,273.486,398,0.103,276.57,398,0.128,278.936,398,0.139,280,398,0.145,283.382,398,0.163,285.6,398,0.178,287.84,398,0.211,292.645,397.709,0.227,295.266,397,0.244,297.737,397,0.26,299.956,397,0.277,302.188,397,0.312,305.475,397,0.36,307.355,398.177,0.393,309.531,399.266,0.477,311.147,400.073,0.544,313.266,400,0.562,315.002,400,0.579,317.236,400,0.611,319.341,400,0.63,321.9,400,0.647,324.702,400.433,0.662,327.5,399.5,0.694,330.806,399.097,0.712,332,398.5,0.729,333.126,399,0.746,335.475,399,0.778,338.694,399,0.812,342.376,399,0.829,344,399,0.862,348.054,399,0.88,350.272,399,0.897,353.757,401.505,0.913,355.721,399.639,0.931,357.944,400,0.948,360.173,400,0.964,363.096,399.301,0.98,365.619,399,0.997,367.847,399,1.014,371.098,399,1.03,373.288,399,1.047,376.783,399,1.064,380.112,399,1.082,384.945,400.486,1.099,388.193,399.404,1.114,391.831,399,1.131,394.647,399,1.148,397.795,399.932,1.164,401.141,400,1.181,404.476,400,1.198,407.809,400,1.214,412.538,400,1.233,418.487,401.497,1.25,421.426,400,1.264,425.163,400,1.281,429.335,400,1.299,432.831,400,1.316,437.221,400,1.332,441.676,400,1.349,448.694,400,1.366,452.576,398.606,1.383,457,397.5,1.4,460.46,398.385,1.416,464.19,398,1.432,468.348,397.163,1.449,471.855,397,1.466,475.19,395.937,1.482,477.358,394.821,1.499,479.581,395,1.531,481.516,395,1.565,483.532,395,1.598,486.798,395,1.616,488.077,395,1.633,490.378,395,1.65,492.595,396.297,1.668,494.832,396,1.685,497,396,1.7,499,396,1.732,502.724,396,1.75,504,396,1.767,506.125,397.042,1.816,508.283,397,1.867,510.354,395.823,1.95,512.108,397.054,2.017,514.266,397,2.084,516.088,398.044,2.184,516,400.177,2.218,514.961,402.079,2.318,513.911,404.177,2.352,511.988,406.012,2.385,508.638,407.121,2.403,506.299,409.701,2.421,502.605,411.93,2.438,497.683,414.738,2.454,275,5767,WJRT,
201,400,0,221.38,400,0.018,239.747,398.661,0.035,250.98,397.547,0.052,265.216,398,0.069,277.464,397.321,0.085,290.478,397,0.101,302.933,397,0.118,328.153,398.006,0.135,336.997,398,0.153,347.121,396.764,0.168,362.539,398.349,0.186,369.686,398,0.203,376.5,398,0.219,389.9,397.69,0.236,398.625,398,0.253,406.406,398,0.269,419.345,399.029,0.286,425.842,399,0.302,433.76,399,0.319,444.296,403.099,0.337,452.833,399.042,0.353,457.947,401,0.37,464.915,401.702,0.386,471.892,402.815,0.403,479.492,403,0.42,485.205,403,0.436,489.609,403,0.453,494.056,404.264,0.47,498.511,404,0.487,501.477,404,0.504,504.808,405.603,0.52,507.433,405.284,0.537,509,404.5,0.569,510.531,406.266,0.703,508.941,408.118,0.721,506.933,409.034,0.753,503.561,411.292,0.771,501.192,412.404,0.789,497.5,413.5,0.806,491.5,417.5,0.821,485.577,421.948,0.839,478.898,428.102,0.855,468.4,433.8,0.872,460.455,440.467,0.889,449.113,449.509,0.905,436.665,458.426,0.922,424.422,465.913,0.939,414,476.5,0.956,399.968,486.393,0.972,386.965,497.529,0.989,374.469,506.932,1.005,364.197,517.781,1.022,350.874,525.657,1.053,342.397,535.803,1.061,332.792,546.839,1.089,324.996,556.863,1.15,288.693,590.076,1.158,281.054,595.962,1.173,273.306,604.793,1.19,267.931,612.496,1.208,258.363,618.978,1.224,252.374,627.063,1.241,246.234,634.872,1.258,240.665,642.669,1.274,233.542,648.119,1.29,228.429,655.248,1.307,223.99,661.012,1.324,217.303,668.813,1.341,213.092,674.136,1.358,209.975,679.709,1.375,200.796,680.915,1.392,201.298,688.702,1.408,197.954,692.046,1.424,196.207,694.587,1.441,194.19,697.716,1.458,193,699.5,1.474,191.872,700.128,1.507,192,702.356,1.607,196.062,702,1.625,201.71,699.716,1.641,207.27,701.254,1.658,212.838,701,1.676,218.395,701,1.693,226.741,699.815,1.709,235.622,700.406,1.725,244.54,701,1.742,253.435,700.071,1.759,266.515,701.043,1.775,276.37,701,1.792,285.149,702.269,1.809,298.207,699.235,1.826,308.923,704.477,1.844,320.653,703,1.859,332.184,703,1.876,342.47,703,1.893,358.154,703.944,1.909,368.496,702.945,1.926,382.025,703,1.942,395.332,701.722,1.959,118,2468,WJRT,
197,410,0,218.93,405.823,0.018,241.433,402.297,0.034,254.745,401.188,0.051,266.272,400.073,0.068,276.35,398.961,0.084,288.677,397.848,0.101,299.615,398,0.118,321.762,396.624,0.136,332.882,397,0.153,339.214,396.398,0.168,349.143,396,0.185,360.263,396,0.201,368.563,396,0.218,375.306,396,0.235,385.485,397.165,0.252,396.783,398.278,0.268,402.322,398,0.286,410.488,400.997,0.303,419.897,400.388,0.319,428.796,401.449,0.335,436.867,402.838,0.352,444.662,403.952,0.369,452.443,404,0.385,460.207,405.172,0.402,466.718,406.286,0.421,474.825,407.404,0.437,481,408.5,0.454,487.736,408,0.469,492.945,408.736,0.486,498.241,409,0.503,502.855,409.964,0.52,505.155,410,0.536,508.559,410,0.553,510.592,410,0.586,512.519,410,0.67,509.787,411.106,0.687,507.799,412.101,0.703,505.376,412,0.737,502.202,413.266,0.755,499.061,414.646,0.771,494.966,415.758,0.787,491.388,417.741,0.804,487.064,419.968,0.822,481.522,422.191,0.838,474.729,428.059,0.855,462.772,433.614,0.872,455.924,439.197,0.89,447,444.5,0.906,433.397,452.282,0.921,424.577,461.198,0.939,413.243,470.096,0.955,402.017,475.992,0.971,393.139,483.754,0.988,386.656,492.792,1.005,376.105,501.573,1.023,370.28,507.72,1.04,365.204,516.474,1.056,358.284,525.39,1.072,351.288,532.712,1.089,343.707,540.293,1.119,337.947,549.084,1.134,331.269,556.853,1.144,322.111,564.653,1.159,315.905,569.746,1.174,307.795,576.747,1.19,304.702,583.446,1.207,298.884,590.116,1.223,293.002,595.998,1.24,288.356,600.644,1.256,281.864,607.136,1.273,278.597,612.671,1.29,274.019,618.227,1.307,268.199,625.161,1.325,262.635,628.892,1.341,257.481,635.519,1.357,251.499,642.201,1.374,247.57,648.05,1.39,243.314,654.528,1.407,237.846,660.154,1.431,232.413,664.733,1.44,227.958,670.302,1.459,220.759,678.615,1.484,218.551,683.932,1.508,210.89,691.813,1.528,207.546,696.273,1.552,205.133,698.867,1.563,201.865,700.045,1.575,200.839,703.483,1.642,205.531,705.266,1.674,207.661,702.17,1.691,209,701.5,1.708,211.089,700.97,1.725,214.47,701,1.742,219.151,701,1.76,224.951,699.61,1.777,233.5,698.5,1.793,243.31,700,1.808,251.84,700,1.826,263.208,700,1.842,127,2470,WJRT,
189,404,0,211.218,401.378,0.017,222.376,400.262,0.035,232.53,400,0.052,241.674,400,0.068,249.5,400,0.085,260.85,400,0.102,270.669,398.703,0.118,289.194,397.587,0.136,298,396.5,0.152,308.717,396.365,0.168,319.483,396,0.185,329.762,396,0.202,337.832,395.024,0.219,344.525,395,0.235,354.793,395,0.252,363.438,396.305,0.27,368.12,396,0.287,375,397.5,0.303,384.448,397.645,0.319,392.57,398.762,0.336,398.373,399,0.352,403.931,399.986,0.369,413.9,402.2,0.386,422.687,400.789,0.403,428.954,401,0.42,438.508,402.439,0.437,447,403.5,0.454,456.287,403,0.469,464.415,403,0.486,472.206,403.887,0.503,480.003,403,0.52,486.658,401.89,0.536,490.894,403.224,0.553,495.329,403,0.572,498.34,403,0.588,501.681,403,0.603,504.5,403,0.635,506.798,403,0.719,504.922,405.156,0.753,502.469,407.531,0.771,494.386,414.01,0.787,484.765,422.32,0.805,473.712,431.23,0.821,461.532,441.201,0.838,447.965,453.782,0.854,430.631,464.58,0.873,422.716,475.76,0.889,407.359,487.465,0.905,394.978,499.022,0.922,383.049,508.51,0.938,371.746,519.254,0.955,363.727,528.312,0.971,353.628,537.22,0.988,343.624,546.112,1.005,337.746,555.005,1.023,331.119,562.361,1.04,319.593,571.806,1.055,311.722,580.703,1.072,305.057,588.767,1.089,297.424,596.576,1.106,289.658,604.342,1.122,279.536,614.464,1.139,273.37,623.173,1.158,263.869,630.739,1.174,259.5,638.5,1.191,251.548,646.065,1.206,247.822,652.356,1.223,242.816,658.184,1.248,238.217,664.674,1.273,232.893,668.268,1.294,223.285,678.143,1.306,222.204,681.194,1.324,220,684.5,1.342,217.132,686.868,1.356,215.264,689.472,1.373,213.297,690.852,1.392,212,691.5,1.407,213,693.073,1.489,211.894,695.213,1.556,210.867,697.266,1.574,208.801,699.199,1.591,207.687,701.627,1.607,208,703.847,1.723,210.054,703,1.749,213.653,701.674,1.761,215.875,700.562,1.777,221.76,699.896,1.793,227.311,698.338,1.809,234.426,698,1.826,240.425,698,1.842,246.99,698,1.859,253.659,698,1.876,262.788,696.776,1.892,270.383,698.341,1.91,278.128,698,1.927,285.937,697.438,1.943,294.423,697.678,1.959,301.717,698,1.976,310.192,698,1.993,123,2619,WJRT,
206,398,0,220.62,398,0.018,236.936,399,0.034,246.944,399.772,0.051,258.71,400,0.067,268.967,400,0.084,280.079,400,0.101,292.463,400,0.118,319.311,401.332,0.136,329.359,402.447,0.152,341.15,400.559,0.168,354.751,400.327,0.184,366.054,400,0.201,377.866,400,0.218,391.127,400,0.235,399.993,400,0.252,408.865,401.233,0.268,419.175,402.353,0.287,427.679,400.54,0.303,436.021,402,0.319,445.161,402.685,0.335,453.594,402.201,0.352,462.259,402.907,0.369,470.174,403,0.386,479.108,404.139,0.402,487.975,404,0.419,494.173,404,0.437,499.375,405.475,0.454,505.354,406,0.47,509.1,406,0.486,512.431,406,0.503,514.5,406,0.52,515.033,407.016,0.635,512.848,408.076,0.669,508.898,412.102,0.687,505.513,414.325,0.703,498.324,416.559,0.722,491.683,422.931,0.739,485.004,429.996,0.755,476.517,437.265,0.771,466.508,443.607,0.787,458.974,450.864,0.804,451.339,459.613,0.821,440.347,467.457,0.837,431.604,474.047,0.854,422.693,482.019,0.872,418,491.2,0.889,405,497,0.906,399.26,505.363,0.921,391.837,513.163,0.938,383.17,520.976,0.955,375.238,528.762,0.971,367.473,536.527,0.988,359.677,545.512,1.005,350.574,553.123,1.023,341.671,562.329,1.04,334.5,569.5,1.056,325.235,579.125,1.071,315.219,588.027,1.088,307.801,596.066,1.106,300.14,604.84,1.122,291.285,612.626,1.139,281.171,620.422,1.155,276.426,628.203,1.174,266.573,637.427,1.19,258,646,1.207,249.742,651.909,1.223,241.875,660.125,1.239,232.955,666.403,1.256,224.078,673.932,1.273,217.364,680.636,1.289,210.711,686.075,1.306,202.697,691.645,1.324,197.783,695.774,1.341,194.78,698.665,1.357,191.671,701.329,1.373,190,703,1.455,193.114,700.943,1.489,195.531,699.735,1.522,197.532,698.734,1.556,205.066,699.017,1.574,208.384,700.128,1.59,212.969,698.758,1.607,217.421,699,1.625,223.319,699,1.644,229.478,697.841,1.658,236.849,698.385,1.674,243.822,699,1.692,249.605,699,1.708,256.172,697.971,1.735,264.029,698,1.757,272.277,699,1.776,278.209,699,1.783,285.368,698.519,1.794,292.5,697.5,1.809,301.234,700,1.825,308.739,700.82,1.842,315.588,700.069,1.859,324.343,698.957,1.877,333.236,701.309,1.893,138,2926,WJRT,
186,400,0,202.139,398.924,0.017,218.569,398,0.033,229.68,398,0.05,239.924,398,0.067,250.943,398,0.084,263.164,398,0.1,272.934,398,0.117,297.634,399.332,0.135,306.867,399,0.152,317,399,0.168,330.956,399.663,0.184,342.02,399.22,0.201,357.393,399.893,0.217,368.058,398.994,0.234,378.062,397.882,0.251,394.208,399.229,0.268,403.119,397.653,0.286,414.588,396.541,0.302,427.115,398,0.319,438.501,398,0.335,449.935,398,0.351,459.256,398,0.368,467.13,398,0.385,480.587,399.132,0.402,487.706,399,0.418,492.787,399,0.445,499.813,400.469,0.461,505.911,401,0.47,509.387,400.307,0.487,511,399.5,0.518,512.532,401.266,0.568,509.817,402.091,0.619,506.59,405.41,0.636,504.358,406.821,0.652,503.07,408.859,0.673,498.935,410.016,0.687,494.506,413.371,0.703,488.696,418.043,0.72,481.762,423.865,0.739,475.089,430.911,0.758,464.898,437.93,0.774,456.638,444.022,0.791,447.677,451.533,0.804,435.959,458.477,0.822,429.77,467.367,0.844,420.952,473.786,0.864,411.715,482.031,0.877,403.131,490.617,0.889,397.5,498.5,0.905,390.337,505.274,0.925,383.74,511.55,0.943,375.444,520.375,0.954,370.205,528.641,0.975,363.76,536.28,0.996,355.559,545.153,1.009,344.446,554.043,1.023,338.519,563.307,1.039,329.314,570.645,1.056,318.02,579.076,1.072,310.263,588.726,1.089,302.133,597.009,1.105,292.235,603.844,1.122,281.166,613.75,1.138,276.025,621.365,1.155,266.531,629.161,1.173,257.615,635.539,1.19,250.86,644.209,1.206,245.131,650.224,1.223,237.68,656.56,1.239,231.628,661.497,1.256,225.107,666.911,1.274,220.608,672.49,1.289,216.155,676.845,1.306,213.039,679.961,1.324,209.697,683.303,1.341,205.904,687.096,1.358,203.015,689.985,1.373,200.457,692.543,1.39,198.227,694.773,1.406,197.006,696.989,1.423,194.784,699.216,1.456,192.665,701.335,1.488,193,703.532,1.555,195.266,703,1.573,198.183,700.878,1.598,200.89,701,1.613,204.974,700.675,1.628,208.367,700,1.643,212.264,700,1.658,216.044,699.319,1.674,220.98,699,1.691,226.535,698.093,1.708,233.136,696.977,1.725,239.778,698.13,1.741,246.447,698,1.758,253.136,698,1.777,261.282,698,1.793,269.478,699,1.809,276.164,699,1.825,142,2753,WJRT,
198,403,0,216.478,404.027,0.016,234,404,0.033,239.715,404,0.05,244.603,404,0.067,249.05,404,0.084,252.371,404,0.101,255.707,404,0.117,265.816,406.704,0.135,268.851,404.537,0.152,271.711,405,0.168,275.048,405,0.184,277.593,405,0.201,280.733,405,0.217,283.045,405,0.234,285.273,405,0.251,288.736,405,0.267,292.086,406.362,0.286,293.952,406,0.303,296.756,405,0.319,299.392,404.304,0.334,301.619,404,0.352,303.843,403.079,0.368,306.07,404.035,0.385,308.288,404,0.401,310.521,402.74,0.418,312.743,403,0.436,314.976,403,0.452,317,403,0.484,321.47,403,0.502,323.871,403,0.519,325,403,0.536,328.317,401.921,0.568,332.772,400.807,0.603,335.797,401,0.62,338.442,401.721,0.65,340.668,402,0.656,342,402,0.67,344.076,402,0.687,346.339,402,0.704,348.561,402,0.722,350.788,402,0.739,354.017,402,0.754,356,402,0.77,359.462,402,0.787,361.686,401.157,0.804,363.911,401,0.825,366.142,401,0.853,369.439,402.146,0.87,371.808,402,0.888,374,402,0.905,376.257,402,0.921,378.484,402,0.937,381.563,402.854,0.954,383.94,403,0.971,387.238,401.921,0.988,389.381,402,1.004,391.61,402,1.021,395.255,402,1.054,398.288,403,1.072,400.511,403,1.088,403.6,403.867,1.105,405.956,404,1.122,407,404,1.138,409.305,404,1.155,412.95,405.317,1.173,414.868,405,1.19,417,405,1.204,420.5,403.5,1.222,422.534,404,1.239,425.631,404,1.264,427.972,404,1.272,430.204,404,1.289,433.633,404,1.307,435.655,404,1.324,437.871,404,1.341,441.653,405.551,1.357,444.993,405.336,1.373,449.117,405,1.389,452.662,405,1.406,456.993,405,1.423,461.458,405,1.44,465.9,405,1.456,470.348,405,1.475,476.268,406.454,1.492,481.821,406,1.507,486.711,406,1.524,491.158,406,1.54,494.709,406,1.557,499.058,407.015,1.574,502.385,407,1.591,504.479,407,1.607,506.701,407,1.64,508.533,407,1.773,506.947,409.107,1.792,504,410.5,1.808,502.595,413.405,1.825,497.105,417.263,1.841,490.436,423.564,1.858,482.714,433.368,1.874,172,3289,WJRT,
191,401,0,205.242,399.983,0.018,217.817,398.718,0.035,227.563,397.604,0.053,237.5,398,0.069,244.344,397.379,0.085,252.868,397,0.101,262.618,397,0.118,278.396,397,0.135,286.498,397,0.152,300.195,397,0.169,308.372,397,0.187,315.876,397,0.203,326.5,395.5,0.22,336.427,396.368,0.236,344.228,396,0.252,356.28,395.143,0.269,365.775,395,0.286,373.585,393.917,0.303,383.774,391.606,0.319,393.778,394.617,0.337,400.976,392.575,0.354,407,393,0.371,417.785,392.643,0.386,427.064,393.758,0.403,435.094,393.129,0.42,443.905,392.012,0.436,452.763,394.191,0.453,460.465,395.209,0.47,465.604,395,0.488,475.499,393.563,0.505,485.5,397,0.521,490.301,396.66,0.537,495.091,396.227,0.554,502.22,396.889,0.57,508.978,397.996,0.587,512.336,398,0.604,514.442,398,0.636,516.449,398,0.703,516,400.266,0.736,516,402.083,0.754,513.53,404.47,0.771,511.311,405.344,0.789,510.538,407.924,0.806,506.702,409.723,0.822,502.248,413.064,0.838,497.01,417.192,0.855,490.533,423.467,0.872,484.887,430.136,0.888,477.046,437.954,0.905,467.997,443.252,0.922,460.456,451.544,0.94,452.675,459.325,0.958,441.961,467.693,0.973,431.41,476.59,0.989,423.332,486.287,1.006,410.898,496.326,1.023,399.652,506.313,1.039,388.516,516.336,1.056,374.85,526.363,1.072,367.04,537.701,1.091,356.679,547.321,1.107,345.593,556.407,1.123,335.589,566.411,1.14,323.915,574.781,1.156,311.688,586.312,1.173,303.643,596.46,1.19,291.211,605.301,1.206,278.961,618.039,1.223,269.51,627.49,1.241,255.02,637.485,1.258,244.495,650.117,1.273,233.755,659.796,1.29,223.476,669.524,1.307,216.279,677.675,1.324,208.588,685.412,1.34,201.935,692.065,1.357,197.846,697.442,1.374,193.404,702.996,1.39,193.5,704,1.423,194,705.531,1.456,197.931,705,1.474,202.309,705,1.491,209.12,706.187,1.507,214.506,704.699,1.524,220.057,703.589,1.543,227,704,1.559,239.38,703.638,1.574,248.256,703.249,1.591,258.642,703.864,1.608,270.758,704,1.625,280.785,702.913,1.642,292.016,700.597,1.658,305.809,702.317,1.677,317.681,702,1.693,332.5,700.5,1.71,342.461,699.354,1.725,355.887,699,1.742,367.726,699,1.759,379.914,697.016,1.776,117,2262,WJRT,
203,400,0,231.199,401,0.018,242.579,401.958,0.035,251.571,402,0.052,261.647,402,0.069,270.372,402,0.087,279.242,402,0.103,289.5,402,0.12,307.687,401.632,0.136,316.971,402,0.152,327.584,402,0.169,336.776,401.028,0.186,345.668,401,0.203,355.774,402.197,0.219,365.778,400.691,0.236,371.534,401,0.254,379.5,402.5,0.27,387.509,402.356,0.286,394.548,402,0.303,401.236,402,0.32,406.911,402,0.337,413.587,404.196,0.354,421.448,402.793,0.37,426.604,401.679,0.388,433.612,403.435,0.404,438.5,403,0.421,446.953,403.341,0.437,453.63,403,0.455,459.396,403,0.47,465.99,403,0.487,471.527,403,0.504,477.122,404.224,0.521,482.648,401.341,0.539,485.351,402,0.556,488.674,402.442,0.572,491.339,402,0.588,493.57,402,0.604,495.794,402,0.621,498.017,402,0.643,500.24,402,0.67,503.518,402,0.72,505.354,402,0.838,503.941,404.118,0.856,500.831,405.585,0.872,499,406.5,0.904,492.322,411.758,0.922,486.846,417.154,0.939,480.132,422.723,0.956,470.916,429.563,0.972,464.788,436.212,0.991,458.101,441.416,1.008,450.437,447.563,1.023,443.032,454.258,1.039,433.618,460.921,1.063,426.4,468.534,1.075,418.685,475.27,1.09,409.769,480.769,1.107,400.871,490.129,1.125,396.084,496.3,1.142,387.533,502.972,1.158,379.139,510.861,1.174,371.66,519.064,1.191,365.837,526.829,1.207,358.381,534.619,1.224,351.657,540.286,1.241,342.653,549.347,1.257,337.599,556.962,1.276,333.424,563.363,1.292,325.967,568.527,1.309,319.289,574.711,1.324,313.342,581.389,1.341,309.461,587.231,1.358,305.192,592.76,1.375,300.739,597.261,1.391,296.293,602.884,1.408,290.535,605.879,1.426,283.559,612.034,1.443,280.438,617.082,1.459,277.11,621.52,1.475,273.017,625.983,1.492,268.573,631.283,1.509,263.15,634.91,1.525,259.755,641.489,1.543,252.844,645.771,1.559,248.76,650.24,1.577,247.167,656.083,1.594,241.405,660.659,1.61,236.773,664.936,1.626,231.966,670.551,1.643,225.765,675.49,1.659,222.054,680.911,1.676,219.817,685.366,1.693,216.384,688.616,1.709,211.733,693.267,1.728,208.7,696.3,1.744,206.455,700.18,1.761,202.702,703.319,1.776,199.464,705.536,1.793,196.353,707.765,1.812,194.5,709,1.875,157,3124,WJRT,
188,401,0,203.787,401,0.018,218.754,401,0.035,232,401,0.051,242.534,400.347,0.067,254.443,400,0.084,265.666,400,0.101,275.875,400,0.117,294.775,400,0.134,305.028,401.203,0.15,312.35,401,0.169,320.078,403.879,0.186,328.825,403.454,0.202,335.99,403,0.217,343.452,404.558,0.234,351.112,405.873,0.252,359.032,404.995,0.268,366.794,405,0.285,374.613,406.23,0.301,385.138,407.349,0.319,393.646,405.544,0.336,401.978,406,0.354,410.357,406,0.368,418.505,406,0.385,428.16,406,0.403,436.116,406,0.418,445.078,407.135,0.436,452.788,405.745,0.451,460.482,406,0.47,466.801,406,0.487,475.5,406,0.503,481,406,0.518,487.822,404.196,0.536,493.595,404,0.556,498.14,404,0.572,501.432,404,0.586,503.521,404,0.685,501.911,406.177,0.702,498.936,407.021,0.721,497.846,409.309,0.738,492.907,411.547,0.753,488.465,417.919,0.771,482.529,423.471,0.789,474.516,432.874,0.803,465.216,439.615,0.828,454.66,448.506,0.847,444.488,457.566,0.853,433.429,468.571,0.87,422.269,478.558,0.887,408.588,491.128,0.909,395.641,500.963,0.922,383.935,512.571,0.939,372.169,524.21,0.954,359.925,534.607,0.971,350.2,546.349,0.988,339.421,556.621,1.004,327.167,566.682,1.025,317.339,576.661,1.037,307.313,587.985,1.057,300.189,596.212,1.074,288.743,607.257,1.088,279,617,1.105,270.338,625.662,1.122,261.973,634.888,1.139,253.362,644.593,1.155,246.463,652.627,1.172,238.592,662.811,1.189,230.754,668.925,1.207,227.295,678.411,1.224,220.39,682.684,1.239,216.431,688.211,1.255,212.727,693.788,1.272,208.518,698.482,1.289,207.014,702.945,1.306,201.5,705.2,1.322,200.787,707.427,1.34,198.345,709.655,1.438,203.005,707.998,1.456,208.557,708,1.475,211.678,706.774,1.489,216.356,705.661,1.508,222.253,704.549,1.525,232.219,704,1.541,242.5,704,1.556,247.729,702.212,1.573,255.318,701.097,1.59,266.166,701,1.607,275.007,702.126,1.639,283.162,701.24,1.648,293.16,702,1.658,303.123,702,1.682,311.611,702,1.708,321.928,702,1.722,332.207,702,1.729,341.29,702,1.741,353.25,699.955,1.759,365.524,701.139,1.781,375.539,700.492,1.793,386.655,698.269,1.809,399.237,700.476,1.826,119,2636,WJRT,
199,402,0,215.28,402,0.018,231.681,400.717,0.035,243.355,399.604,0.053,257,398.5,0.069,272.067,399,0.085,287.277,399,0.102,302,399,0.118,330.874,399,0.135,344.856,397.929,0.152,364.144,399.185,0.169,375.262,397.703,0.185,388.955,396.587,0.203,402,398.5,0.22,410.352,397,0.236,421.468,397.747,0.252,430.023,397.14,0.269,436.832,397,0.286,448.941,398.086,0.302,455.183,398,0.319,461.848,398,0.336,468.539,398,0.354,478,398,0.37,485.233,399,0.386,490.038,399,0.403,495.353,399.871,0.421,499.936,400,0.437,504.383,401.096,0.453,510.046,398.581,0.47,512.963,399,0.488,514.863,399,0.519,516.532,399,0.586,514.867,401.266,0.604,512.781,403.219,0.621,510.338,404.331,0.638,508.105,406.895,0.655,503,410.5,0.682,495.982,415.349,0.688,490.125,421.65,0.704,483.679,427.434,0.721,473.942,436.052,0.737,463.92,441.6,0.754,455.147,450.853,0.771,447.584,461.107,0.788,432.555,469.63,0.805,424.5,478,0.821,411.126,489.826,0.838,399.866,500.927,0.854,388.933,512.973,0.871,374.732,525.227,0.888,363.814,536.186,0.905,348.732,551.268,0.921,335.753,561.539,0.939,322.397,574.136,0.956,310.937,584.805,0.972,302.441,595.254,0.989,292.728,604.464,1.005,282.727,614.273,1.022,276.846,623.246,1.039,267.862,633.281,1.056,260.209,642.047,1.072,251.037,649.592,1.09,248.08,655.881,1.107,239.454,664.137,1.123,232.036,671.255,1.139,223.438,677.921,1.156,219.205,684.589,1.173,212.755,689.163,1.19,208.372,695.941,1.206,203.958,698.781,1.223,200.839,703.547,1.24,199.016,704.984,1.273,198.734,706.532,1.322,201.355,706,1.34,205.337,704.916,1.356,208.847,703.718,1.373,212.173,702.609,1.391,217,700,1.408,223.076,699.385,1.424,229.395,697.535,1.44,237.756,697.844,1.457,244.723,698,1.474,252.457,698,1.49,260.286,696.816,1.507,269.272,698.284,1.523,278.229,696.596,1.541,285.5,697,1.558,296.639,695.627,1.574,306.662,695.26,1.591,317.557,694.144,1.608,328.68,694,1.624,338.696,692.923,1.641,351.128,691.807,1.658,364.592,692,1.675,375.17,690.583,1.693,389,689.5,1.709,401.338,689.366,1.725,412.529,689,1.742,424.515,689,1.758,434.784,689,1.775,116,2217,WJRT,
199,398,0,227.654,396.239,0.018,240.601,396,0.034,254.794,396,0.051,267.075,396,0.068,278.093,394.791,0.085,291.842,395,0.101,303.788,395,0.119,332,396.5,0.135,340.24,396,0.152,356.371,396.773,0.169,368.847,397,0.185,381.98,397,0.202,396.426,397,0.219,405.993,398.221,0.236,422.691,398,0.254,432.495,398,0.27,441.5,396.5,0.285,454.702,398,0.304,462.475,397.218,0.319,472.036,397,0.336,483.065,397,0.352,489.735,397,0.369,495.178,397,0.386,503.43,397,0.404,506.843,395.539,0.418,512.5,397.5,0.436,514.5,397,0.468,516.8,397,0.486,518.023,397,0.586,516.911,399.177,0.619,513.154,402.846,0.637,509.896,405.07,0.654,505.405,408.446,0.671,498.443,411.778,0.687,489.05,417.844,0.705,477.189,427.849,0.722,464.436,435.774,0.738,450.792,444.666,0.754,436.316,453.575,0.771,426.533,462.467,0.788,413.41,472.442,0.805,402.418,481.266,0.821,391.278,492.722,0.838,378.748,502.479,0.856,371.03,510.97,0.872,358.32,522.251,0.888,348.208,532.964,0.905,338.506,545.159,0.922,328.472,555.528,0.938,316.349,566.591,0.955,307.618,577.728,0.972,298.725,588.843,0.989,286.992,598.607,1.006,279,610,1.023,269.422,618.958,1.039,260.865,627.135,1.056,253.062,634.938,1.073,247.201,642.719,1.089,241.633,648.367,1.106,234.905,655.095,1.123,230.804,657.897,1.139,227.761,661.239,1.157,224.5,664.5,1.174,221.736,667.264,1.19,219.504,669.496,1.206,217.279,671.721,1.223,216.026,673.948,1.24,213.829,675.086,1.256,212.805,677.389,1.289,210.577,679.423,1.307,209.5,682,1.324,205.711,683.289,1.34,204.239,685.521,1.357,203.5,687,1.389,201.468,688.532,1.407,200.895,690.209,1.439,199.782,692.437,1.506,200,694.266,1.54,200,696.075,1.59,200,698.299,1.64,202.354,698,1.674,208.038,700,1.691,211.366,700,1.709,214.692,700,1.725,220.743,701.349,1.742,226.274,699.545,1.759,231.5,700,1.776,240.1,702.367,1.792,245.988,703,1.809,251.545,703.909,1.826,257.113,705.023,1.842,269.477,706.134,1.859,276.717,707.245,1.876,283.161,707,1.893,291.29,709.94,1.91,303,709,1.927,311.272,709.697,1.943,322.097,710.81,1.959,332.293,710.079,1.976,128,2624,WJRT,
