197,400,0,216.053,399,0.015,228.092,399,0.032,238.508,399.945,0.054,249.657,400,0.068,262.732,400,0.083,275.446,398.687,0.103,290.459,397.58,0.121,315.769,394.479,0.135,330.299,393.362,0.152,342.018,392.22,0.167,357.709,392,0.186,368.278,392,0.202,375.93,393.133,0.217,391.704,394.285,0.238,397.768,394,0.255,407.516,395,0.271,419.176,395,0.284,428.851,394.269,0.301,440.746,394,0.32,450.895,393.012,0.336,458.792,393,0.351,465.556,394.259,0.368,476.415,394,0.389,486.466,395.496,0.405,490.985,395,0.418,495.949,395.737,0.437,502.11,396.852,0.453,508.736,397.956,0.468,512.316,400.211,0.503,514.324,402.324,0.536,512.731,405.806,0.586,509.126,408.937,0.604,505.767,410.078,0.62,503.623,412.377,0.64,498.785,414.608,0.653,494.297,419.703,0.673,489.766,424.793,0.689,485.324,430.345,0.703,479.274,436.726,0.719,471.453,442.676,0.739,463.745,448.182,0.755,455.897,456.103,0.769,447.921,462.782,0.79,432.979,472.347,0.806,424.5,478,0.822,415.5,485.5,0.837,400.336,494.365,0.853,389.805,501.463,0.869,378.69,508.186,0.889,367.285,518.543,0.907,358.981,525.767,0.922,345.508,535.267,0.938,335,541,0.958,322.674,549.843,0.977,313.516,557.231,0.993,305.107,564.17,1.005,294.94,571.04,1.02,283.729,580.017,1.038,276.233,587.767,1.06,268.584,595.416,1.072,260.677,603.323,1.089,253.319,611.908,1.105,247.299,619.441,1.124,241.822,626.85,1.138,237.171,634.701,1.155,231.497,642.704,1.172,224.673,648.106,1.188,223.305,655.084,1.209,219.585,658.887,1.229,216.874,665.816,1.241,214.591,671.522,1.254,212.324,678.029,1.272,209.121,683.798,1.297,206.892,688.217,1.31,205.819,692.724,1.328,206,695.982,1.342,207.43,700.719,1.356,208.5,705,1.372,209.688,707.065,1.393,211.589,709.589,1.41,214.737,711.825,1.424,218.164,713.055,1.447,224.75,715.3,1.459,230.375,717.55,1.474,237.545,718.424,1.489,245.5,718,1.508,255.67,718.333,1.53,265.904,716.466,1.55,276.761,714.248,1.562,288.234,712.977,1.582,301.778,709.555,1.6,314.023,706.496,1.613,327.591,704.235,1.624,341,702,1.641,352.318,701.36,1.657,363.822,700.242,1.674,372.881,698.28,1.691,384.004,697,1.706,395.279,697,1.729,121,2241,YACP,
197,414,0,218.224,412.989,0.015,235.155,413,0.031,245.844,413,0.049,255.43,413,0.07,264.819,412,0.086,273.033,411.281,0.098,281.009,410.142,0.118,293.832,410,0.134,301.561,407.84,0.153,308.364,408,0.166,315.117,406.647,0.183,320.403,407,0.204,327.55,406.408,0.219,332.602,406,0.232,338.043,406,0.252,343.696,406.939,0.266,349.255,407,0.284,356.256,407,0.304,364.241,405.68,0.319,369.104,407.421,0.334,377.5,405.5,0.352,385.735,407,0.368,393.542,407,0.383,400.566,407,0.399,407.348,407,0.418,416.407,408.176,0.438,423.805,406.742,0.454,431.708,408.387,0.469,440.142,407.518,0.484,448.562,407.348,0.503,455.607,407,0.517,462.28,407,0.534,469.192,407,0.555,475.73,407,0.569,482.521,407,0.584,485.169,407,0.605,488.5,407,0.619,491.226,408,0.634,493.504,408,0.653,495.727,408.864,0.67,497,409.5,0.686,498.1,409,0.753,499.134,411.268,0.8,494.036,416.964,0.817,489.566,421.434,0.834,486.312,425.918,0.851,480.225,431.774,0.867,471.676,438.849,0.885,464.5,442,0.901,454.264,449.302,0.918,444.433,456.886,0.934,433.385,463.769,0.951,426.495,471.589,0.968,418.566,478.229,0.985,408.052,483.638,1.001,396.518,493.586,1.019,390.5,500.5,1.035,379.461,508.846,1.051,370.486,516.7,1.068,363.378,524.559,1.085,354.556,532.388,1.102,345.554,539.084,1.119,337.912,547.088,1.135,331.453,554.971,1.153,322,564,1.169,313.686,571.314,1.185,306.274,580.301,1.202,298.627,589.283,1.219,289.735,597.232,1.236,279.619,606.228,1.252,272.098,615.174,1.269,267.01,621.388,1.287,254,629.5,1.304,247.533,638.467,1.319,241.187,645.576,1.336,234.685,652.315,1.353,229.974,656.02,1.37,225.483,660.517,1.386,222.258,664.989,1.403,220.265,666.735,1.421,216.533,671.956,1.438,215.776,674.835,1.453,214.263,677.474,1.47,212.281,680.579,1.487,210.04,682.96,1.504,208.899,686.302,1.52,207.777,688.446,1.537,208,690.688,1.586,212.427,692.714,1.604,215.499,693.833,1.621,219.814,694.953,1.638,224.296,696.074,1.654,229.996,696,1.671,234.278,696,1.689,243.074,697.439,1.705,249,697,1.724,260.848,693.63,1.744,272.867,692.194,1.755,283.342,690.146,1.771,130,2410,YACP,
199,400,0,232.85,398.143,0.018,245.734,396.048,0.035,260.251,394.904,0.052,271.171,395,0.068,281.058,393.66,0.086,294.099,394,0.103,307.949,396.171,0.119,324.158,397.704,0.136,333.786,398.827,0.152,342.578,399,0.169,356.937,400.072,0.186,366.712,400,0.203,374.212,400,0.221,386.36,400,0.237,396.346,401.558,0.254,404.423,402.678,0.27,415,404.6,0.286,423.444,405,0.303,432.347,406.043,0.32,438.982,407.164,0.336,447.011,408.287,0.353,454.866,408,0.371,461,409.5,0.388,467.908,409.651,0.403,473.867,410,0.42,479.48,410,0.437,484.059,410,0.454,487.419,410,0.47,489.52,411.26,0.487,491.76,411,0.553,490.257,414.742,0.571,485.039,419.961,0.605,476.062,428.938,0.627,461.198,437.868,0.646,431.335,458.193,0.658,416.038,469.975,0.681,399.184,481.932,0.695,383.195,495.962,0.705,367.538,506.654,0.722,356.134,517.866,0.739,337.696,529.065,0.755,329.052,538.948,0.773,313.147,547.602,0.79,304.416,558.157,0.806,294.029,566.88,0.822,282.833,575.533,0.839,274.413,584.528,0.856,264.483,593.459,0.872,255.538,598.914,0.889,247.879,607.121,0.907,240.02,616.406,0.924,232.16,623.292,0.94,224.969,630.702,0.956,219.049,636.951,0.973,215.257,643.486,0.99,211.907,650.185,1.006,206.208,658.109,1.023,204.443,663.393,1.042,202.198,667.605,1.058,202,674.572,1.074,202,678.581,1.09,202.765,683.826,1.107,203.888,686.776,1.124,206.017,689.017,1.14,208.258,691.258,1.157,212.989,694.742,1.174,217.496,696.748,1.192,220.486,698.991,1.21,228.695,698,1.224,235.441,698.74,1.241,243.029,699,1.257,249.88,699,1.274,259.925,696.794,1.291,270.028,697,1.308,280.138,697,1.326,291.647,694.071,1.342,301.902,692.41,1.358,313.848,691.286,1.375,325.33,690.167,1.391,335.581,689.047,1.408,346.74,689,1.425,357.991,689,1.442,367.874,689,1.46,379.421,690.442,1.476,388.073,690.564,1.493,397.495,691.687,1.509,406.465,692,1.525,414.516,692.931,1.542,423.378,696.142,1.559,432.361,697.17,1.575,441.326,695.709,1.594,448.914,697.416,1.61,457.229,699,1.627,463.945,699.658,1.642,472.249,700.781,1.66,481.218,701,1.684,487.104,702.021,1.693,492.719,702,1.709,499.566,703.261,1.728,104,1871,YACP,
199,397,0,216.501,401.118,0.018,234.353,403.823,0.036,247,404.5,0.052,260.898,403.342,0.068,274.378,403,0.085,289.63,401.196,0.101,304.297,398.954,0.118,337.221,396.709,0.135,349.487,393.195,0.152,371,392.611,0.176,385.169,389.489,0.186,400.556,387.741,0.201,415.527,387,0.224,428.652,386.123,0.235,441.955,386,0.256,453.167,387.117,0.284,463.401,387,0.347,489.982,392.193,0.355,498.531,397.531,0.37,502.887,399.943,0.387,506.283,403.283,0.404,506,405.425,0.421,503.323,410.354,0.438,496.708,416.292,0.455,484.767,427.233,0.47,470.485,438.01,0.487,455.335,448.384,0.504,435.045,459.45,0.521,419.109,471.7,0.537,395.034,485.267,0.554,375.484,501.29,0.572,356.694,512.728,0.589,338.294,528.605,0.604,325,540,0.621,304.45,557.142,0.638,289.114,569.204,0.655,274.546,583.454,0.671,262.212,596.951,0.688,249.92,609.08,0.706,243.157,622.873,0.722,232.258,634.323,0.738,223.469,646.473,0.755,217.164,657.672,0.772,212.44,668.009,0.798,207.949,677.101,0.817,201.732,684.669,0.827,199.484,689.774,0.838,197.238,693.142,0.872,200.247,694.623,0.888,203.236,695,0.905,209.215,695,0.922,215.929,695,0.938,224.868,693.891,0.955,236.319,691.536,0.972,250.192,690.651,0.99,265.186,691,1.007,282.342,689.404,1.022,298.759,689,1.039,316.443,689,1.056,333.424,689,1.072,350.232,690.082,1.089,369.399,691.2,1.105,387.273,691,1.124,405.157,693.895,1.141,419.396,694.707,1.157,434.009,696.693,1.174,448.542,698.622,1.195,459.43,701.81,1.206,469.499,703.055,1.223,483.169,705.361,1.239,488.806,706.301,1.256,494.118,707.424,1.276,501.267,708,1.29,507.339,708.668,1.307,511.368,709,1.323,513.817,709,1.34,515,709,1.372,511.815,706.815,1.465,0,0,0,0,0,0,0,0,0,0,0,0,0,0,0,0,0,0,0,0,0,0,0,0,0,0,0,0,0,0,0,0,0,0,0,0,0,0,0,0,0,0,0,0,0,0,0,0,0,0,0,0,0,0,0,0,0,0,0,0,0,0,0,79,1465,YACP,
197,403,0,216.455,405.048,0.018,236.393,406.36,0.036,247.224,406,0.052,260.608,405.399,0.068,272.222,404.278,0.084,284.294,403.155,0.101,296.643,402.032,0.118,320.939,399.824,0.134,333.537,398.789,0.151,341.669,396.333,0.17,350.635,395.546,0.186,364.616,395.423,0.202,373.582,394.302,0.218,385.025,394,0.235,394.529,394,0.252,402.447,394,0.269,410.291,392.816,0.286,422.071,394.307,0.304,429.015,395.431,0.32,435.411,394.449,0.337,445.711,394,0.353,454.568,393.205,0.369,460.582,393.917,0.386,468.246,392.965,0.403,478.421,394.158,0.419,484.671,395.278,0.438,488.616,396.404,0.454,493.1,397,0.471,497.594,397,0.487,505.142,398.535,0.503,510.567,399,0.52,513.021,400.011,0.537,515.267,401.133,0.553,517.508,402.254,0.586,519.5,404.5,0.653,516.024,408.976,0.67,511.575,411.212,0.688,507.08,415.92,0.704,498.555,419.048,0.722,489.234,428.295,0.739,482.23,436.174,0.754,471.839,444.013,0.771,460.612,454.388,0.788,448.446,465.595,0.805,433.959,475.721,0.821,422.972,488.231,0.838,407.865,500.499,0.856,394.624,508.584,0.873,382.064,519.102,0.889,370.484,529.206,0.905,360.709,538.481,0.922,347.806,546.53,0.938,338.572,555.428,0.955,329.59,564.41,0.972,316.676,569.511,0.99,307.213,577.945,1.007,302,584,1.023,291.707,591.308,1.039,283.518,596.133,1.056,276.562,601.531,1.073,269.838,607.135,1.089,265.401,612.748,1.106,253.245,617.102,1.123,250.423,624.366,1.141,244.5,629.5,1.157,239.446,635.192,1.172,233.436,640.803,1.189,225.826,646.41,1.206,222.991,652.022,1.223,218.501,657.624,1.24,214.037,661.963,1.256,208.136,667.864,1.274,204.06,671.94,1.291,197.943,677.057,1.313,195.267,681.2,1.323,193.293,684.56,1.34,192.022,686.956,1.357,189.807,689.193,1.373,188.778,691.443,1.39,189,693.684,1.473,191.214,694.107,1.491,193.072,695.036,1.507,195.389,696.195,1.524,198.962,694.679,1.542,203.757,696.439,1.559,209.804,698,1.575,215.424,698.685,1.591,221.014,699,1.608,227.559,699,1.625,235.332,700.047,1.642,242.02,701.17,1.658,247.467,701,1.675,253.078,701,1.693,261.5,699.5,1.709,270.929,700.655,1.725,276.11,701,1.742,281.501,701,1.759,286.092,702.023,1.775,297.432,703.143,1.792,130,2573,YACP,
201,401,0,221.083,405.017,0.016,237.472,407.353,0.033,249.077,408.28,0.05,258.733,409.415,0.066,268.5,409,0.086,276.599,410,0.101,285.209,410.776,0.115,301.67,411.917,0.135,310.319,410.954,0.15,319.068,411,0.166,328.339,411,0.186,337.281,409.59,0.206,344.5,410,0.219,355.256,410,0.233,363.6,410,0.267,371.196,410,0.284,388.108,411.138,0.298,395.774,411,0.316,400.954,411,0.338,409.635,411,0.354,417.214,411,0.37,424.348,411.725,0.386,431.084,412,0.411,438.732,412,0.427,446.668,410.905,0.441,454.269,411,0.453,461.019,411,0.469,468.351,410,0.484,476.234,409.395,0.504,483.249,409,0.518,488.282,408.18,0.534,492.902,407.025,0.554,496.194,408.065,0.568,498.427,408,0.588,500.658,408,0.652,498.867,410.266,0.687,488.803,419.197,0.7,483.224,424.776,0.721,477.457,430.543,0.739,464.992,438.805,0.754,456.723,445.743,0.769,445.715,453.636,0.785,434.893,463.107,0.805,424.77,471.401,0.821,414.925,479.058,0.836,401.055,487.135,0.852,394.051,496.228,0.87,383.408,505.193,0.887,372,511,0.903,365.431,520.874,0.918,356.021,530.203,0.935,345.952,538.26,0.952,336.85,546.132,0.969,329.024,556.255,0.985,317.379,566.359,1.002,307.53,573.699,1.02,302,584.5,1.037,290.751,593.374,1.052,281.014,601.986,1.069,272.914,610.956,1.086,264.046,619.954,1.103,255.117,626.662,1.119,247.383,634.617,1.136,242.212,641.146,1.154,238.084,646.395,1.171,230.996,653.403,1.187,225.386,657.891,1.203,221.466,662.379,1.22,219.065,666.871,1.237,215.729,671.362,1.253,213.579,674.632,1.27,212.671,679.316,1.288,208.634,683.821,1.305,206.848,687.152,1.321,205.302,689.395,1.337,206.641,690.82,1.354,208,691.5,1.37,208.031,694.092,1.403,211.461,696.307,1.422,213.856,698.856,1.439,217.101,700.101,1.455,220.013,701.671,1.471,223.386,702.795,1.488,227.659,703.915,1.504,237.354,705.039,1.521,242.788,705,1.537,247.133,706.283,1.555,253.016,706,1.573,258.5,707.5,1.589,269.864,707.644,1.605,275.834,708,1.622,281.448,708,1.638,288.088,708,1.655,300.438,708,1.671,306.555,708,1.688,313.272,708,1.707,319.971,708,1.723,332.712,708.381,1.739,340.195,706.516,1.755,124,2335,YACP,
206,412,0,231.82,410.182,0.018,243.39,410,0.035,254.617,410,0.052,267.006,408.818,0.068,278.051,407.695,0.085,290.683,408,0.103,304,408,0.118,330.698,406.331,0.135,344.482,406,0.152,359.719,405.091,0.169,373.398,403.967,0.185,388.029,404,0.202,400.063,404,0.219,409.566,404,0.237,422.5,404,0.253,432.771,403,0.269,443.627,403,0.286,452.201,403,0.302,460.045,404.006,0.319,466.775,405.129,0.336,474.767,406.252,0.353,482.622,406,0.371,487.476,407.495,0.387,490.228,407.614,0.403,492.474,409.474,0.42,493.861,411.723,0.436,494,414.946,0.453,492.895,420.523,0.47,488.089,428.595,0.491,478.189,437.811,0.504,463.303,448.272,0.521,444.741,462.111,0.537,425.575,476.283,0.554,402.591,491.715,0.57,380.809,506.447,0.594,361.638,523.202,0.604,339.034,539.975,0.621,320.764,555.312,0.639,298.513,569.807,0.656,282.484,582.38,0.672,268.422,594.889,0.688,256.084,605.295,0.704,246.553,615.378,0.721,238.625,625.482,0.738,229.606,634.394,0.755,220.646,645.942,0.773,217.327,657.184,0.79,208.5,671,0.806,203.34,683.322,0.822,197.07,694.861,0.838,192.367,706.083,0.855,188.907,714.217,0.872,187.853,720.88,0.888,186.727,726.367,0.905,188.395,727.79,0.925,192.578,728,0.94,200.107,726.723,0.956,210.606,723.718,0.972,222.722,720.349,0.989,237.031,715.99,1.006,250.501,711.5,1.022,265.261,705.746,1.039,282.546,701.521,1.057,296.346,695.559,1.074,313.177,695.776,1.089,329.296,695,1.106,344.125,695,1.124,362.623,695.978,1.139,377.278,697.098,1.156,395.507,698.219,1.173,408.135,699.345,1.191,423.001,699,1.208,435.062,698.823,1.224,447.81,698.71,1.24,456.817,699.831,1.257,465.61,699.049,1.274,476.74,700.074,1.29,483.153,700,1.307,487.286,700,1.325,490.317,700,1.34,492,701.5,1.373,493.536,701,1.423,495.086,701,1.507,497.215,701,1.547,499.017,702.008,1.565,502.436,702,1.608,504.34,702,1.641,509.515,702.242,1.736,0,0,0,0,0,0,0,0,0,0,0,0,0,0,0,0,0,0,0,0,0,0,0,0,0,0,0,0,0,0,0,0,0,89,1736,YACP,
198,405,0,218.716,407.072,0.018,238.662,408.476,0.035,248.016,408,0.051,258.5,408,0.068,268.604,408,0.084,278.69,408,0.101,288.795,408,0.118,310.97,408,0.134,320.317,406.668,0.151,334.428,407,0.169,342.5,407,0.185,358.062,405.303,0.201,370.187,405,0.218,383.291,405,0.235,395.701,403.936,0.252,405.638,405.182,0.268,417.078,406.308,0.285,426.797,404.578,0.302,438,405,0.319,448.047,404.328,0.335,458.148,404,0.352,467.316,403.086,0.369,478.372,403,0.385,486.105,401.842,0.402,491.392,403.279,0.419,494.195,403,0.452,494.269,405.537,0.469,494,408.535,0.486,490.448,413.441,0.512,485.966,420.051,0.519,480.344,427.919,0.536,470.965,438.29,0.553,460.661,444.226,0.571,452.005,455.494,0.588,437.355,467.175,0.603,424.589,478.411,0.62,407.318,491.364,0.637,394.176,503.824,0.654,376.329,517.253,0.67,363.266,530.734,0.687,347.1,541.5,0.705,332.881,554.178,0.729,321,565.5,0.747,306.565,576.865,0.755,293.14,588.354,0.772,280.491,598.598,0.788,270.337,608.663,0.805,257.778,621.222,0.821,248.155,630.845,0.839,238.013,642.43,0.856,228.788,653.083,0.872,218.478,661.832,0.888,211.127,670.498,0.905,205.325,677.609,0.922,197.641,684.308,0.938,194.47,687.53,0.955,193.708,689.583,0.972,194,691.843,0.99,194,694,1.005,195.5,696,1.038,200.73,697,1.055,206.145,699.058,1.072,210.607,701.303,1.089,215.079,702.27,1.106,222.392,703.399,1.123,230.5,704.5,1.14,245.757,703.36,1.156,258.152,702.237,1.173,272.493,701.116,1.189,285.049,699.996,1.206,300.748,698.875,1.223,313.919,697.757,1.239,330.248,693.875,1.257,342.881,695,1.274,360.577,690.775,1.29,375.581,688.526,1.306,390.151,686.284,1.323,402.757,685.022,1.34,416.209,683.899,1.357,428.429,681.558,1.373,439.419,682,1.391,452.111,682,1.408,459,680.5,1.424,466.98,682,1.44,475.648,682.831,1.457,482.72,683.953,1.474,489.444,685.074,1.49,494.971,685,1.507,499.272,686.318,1.524,503.772,688.886,1.542,506.5,688,1.558,508.372,689.686,1.574,510.61,690.805,1.591,512,691.5,1.782,0,0,0,0,0,0,0,0,0,0,0,0,0,0,0,95,1782,YACP,
194,409,0,218.914,409,0.018,241.973,409,0.035,256.064,410,0.05,269.918,410.743,0.067,285.144,411,0.084,299.845,411,0.101,315.551,412.111,0.117,346.018,412,0.134,360.312,412,0.152,375.647,410.525,0.168,393.348,410.404,0.185,409.067,408.562,0.201,424.776,407.159,0.218,438.538,405.077,0.234,452.037,403.914,0.251,463.02,401.596,0.269,472.93,400.674,0.287,485.907,398.108,0.303,487.713,399,0.319,491.075,399,0.335,493.629,399,0.352,497.74,400.87,0.369,500.111,402.055,0.401,502.301,403.151,0.434,504.537,406.805,0.468,500.631,412.159,0.486,495.457,418.451,0.503,488.801,427.265,0.519,482.092,436.211,0.536,474.075,445.2,0.553,463.452,454.154,0.571,453.5,467.5,0.588,440.694,478.39,0.603,429.15,490.372,0.62,418.18,501.82,0.637,403.968,512.022,0.653,393.832,522.168,0.67,382.553,532.202,0.687,369.916,540.97,0.705,360.579,549.929,0.722,349.663,558.891,0.737,339.128,567.138,0.754,329.303,574.131,0.77,316.266,581.845,0.787,309.397,589.704,0.804,301.469,596.313,0.821,292.265,601.71,0.839,280.345,608.793,0.856,273.887,617.701,0.871,264.61,625.26,0.888,255.352,632.817,0.905,247.327,640.673,0.921,241.62,648.532,0.939,233.623,655.18,0.954,227.068,660.61,0.973,221.819,666.181,0.998,217.782,672.327,1.006,213.96,678.4,1.021,210.589,684.018,1.039,206.285,688.715,1.055,203.901,692.148,1.072,201.656,695.516,1.138,205.325,698.662,1.155,208.346,699,1.172,211.707,699.902,1.188,216.092,701.023,1.205,220.582,701,1.222,227.582,701,1.24,239.869,702.387,1.257,245,702,1.273,252.426,702,1.289,262.545,701.246,1.306,272.021,701,1.322,277.991,701,1.339,284.726,699.879,1.356,293.913,698.761,1.373,301.561,701.732,1.39,309.367,701,1.407,317.451,699.789,1.423,326.839,700.46,1.44,334.946,701,1.457,341.842,701,1.474,349.63,699.91,1.49,358.721,700,1.506,366.355,701.336,1.523,371.292,701,1.541,376.5,701,1.558,386,699.5,1.574,395.591,701.799,1.59,402.651,702,1.609,409.409,700.932,1.637,421.133,702,1.656,427.867,701.689,1.667,435.025,701,1.726,462.525,702,1.741,468.196,703.039,1.761,477.296,703,1.775,479.848,704.283,1.792,483.225,702.592,1.824,104,2028,YACP,
191,402,0,205.938,398.799,0.017,222.503,397.318,0.033,233.192,397,0.05,241.153,397,0.063,249.318,397,0.082,260.908,398.191,0.102,269.243,398,0.118,288.197,399.413,0.135,297,399,0.162,307.56,401,0.168,316.999,403.333,0.182,328.209,404,0.197,336.364,405.052,0.214,345.393,406.174,0.231,356.948,407.295,0.247,366.732,407,0.265,375,408.5,0.282,384.942,408.66,0.298,394.252,409.782,0.314,402.317,410,0.331,411.216,411.027,0.348,420.197,412.15,0.365,427.874,413.268,0.381,434.329,414.388,0.399,442.5,415.5,0.416,448.818,415.636,0.432,454.793,416.759,0.448,460.4,417,0.465,466.99,417,0.482,473.726,415.879,0.499,480.465,417.244,0.515,485.818,415.636,0.533,489.94,414.515,0.55,494.439,413.39,0.566,498.934,412.267,0.582,502.566,412,0.599,504.952,412,0.616,507.193,412,0.664,509.308,412,0.731,504.141,414.953,0.748,496.497,421.431,0.766,489.862,428.138,0.783,484.434,434.879,0.801,475.963,443.037,0.818,465.001,449.888,0.834,455.571,459.108,0.85,444.201,469.199,0.867,431.851,477.458,0.892,422.654,487.39,0.9,409.036,497.473,0.917,396.87,504.992,0.935,388.695,512.891,0.952,374,520.5,0.968,364.473,531.222,0.984,351.719,540.187,1.001,340.04,550.064,1.018,329.85,561.167,1.041,317.467,568.976,1.057,306.399,578.081,1.071,299.34,588.42,1.096,287.469,596.524,1.107,278.626,604.374,1.118,272.269,612.224,1.135,265.783,620.087,1.152,259.047,625.961,1.169,253.436,631.564,1.185,249.058,637.178,1.202,244.575,642.781,1.22,241.563,648.395,1.237,236.592,654.01,1.252,232.089,658.183,1.269,227.618,663.228,1.286,224.109,667.855,1.303,220.741,673.432,1.319,218.577,677.846,1.336,216.337,682.327,1.354,215.549,686.806,1.371,214,689.148,1.387,214,691.395,1.402,214,693,1.435,214,694.536,1.471,215.099,696.197,1.505,218.782,697.261,1.522,221.941,697,1.538,226.111,697,1.557,232.297,695.234,1.579,239.974,695.996,1.59,246.912,694.848,1.604,253.625,693.729,1.624,263.098,691.225,1.638,273.5,692,1.655,280.44,689.731,1.673,288.919,688.26,1.691,297.011,687.141,1.704,304.974,687,1.726,312.722,685.897,1.739,318.114,686,1.756,326.604,686,1.774,331.497,684.501,1.804,125,2406,YACP,
206,401,0,231.052,403.619,0.017,244.567,404,0.036,256.845,404,0.05,268.233,404,0.067,279.382,404,0.088,291.982,404,0.105,305.557,404,0.118,333.941,404,0.135,339.648,403,0.155,350.215,403.721,0.169,361.79,403.121,0.184,370.904,403,0.204,380.122,403,0.222,390.048,403,0.236,397.602,401.628,0.252,404,402,0.273,410.574,402.596,0.288,417.802,402.314,0.302,424.259,401.148,0.321,429.93,400.014,0.337,434.39,400,0.355,440.119,398.776,0.374,451.145,399,0.389,453.874,397.531,0.406,458.325,397.419,0.419,462.771,397,0.438,467.165,397,0.453,476.397,397,0.469,480.232,398.077,0.491,483.634,398,0.508,486.937,399.312,0.521,488.894,400.447,0.554,490.536,401.268,0.585,492.53,402.265,0.622,492,404.101,0.656,490.804,407.589,0.671,486.5,413,0.687,482.425,418.862,0.703,477.874,425.689,0.722,469.512,432.616,0.736,461.998,439.002,0.753,454.069,445.798,0.776,446.118,453.882,0.789,430.309,462.887,0.804,423,473.5,0.825,410.782,480.21,0.84,399.539,488.744,0.853,388.428,497.857,0.871,375.973,507.019,0.891,365.695,516.16,0.907,358.465,523.535,0.922,345.09,534.199,0.942,335.606,541.418,0.959,324.052,549.632,0.971,313.987,559.446,0.993,305.881,568.119,1.009,298.41,575.59,1.022,287.024,584.781,1.038,280.654,593.795,1.06,272.626,601.374,1.075,263.529,610.577,1.089,255.105,619.633,1.109,250.5,627,1.124,241.059,636.588,1.139,235.212,646.619,1.155,225.257,656.743,1.172,218.744,664.466,1.193,213.45,673.479,1.21,209.338,680.493,1.223,205.343,686.21,1.239,202.647,690.706,1.257,200.407,694.39,1.278,199.096,697.711,1.29,197.954,701.139,1.322,198,703.279,1.343,202.265,704.422,1.357,206.564,705.521,1.373,209.93,706.643,1.389,213.307,707.769,1.407,217.539,708.885,1.428,223.28,709,1.443,228.597,709,1.456,241.879,709,1.474,247.432,709,1.495,254,707.5,1.516,266.234,706.397,1.528,276.944,705.257,1.544,286.398,704.075,1.564,298.621,703.032,1.575,307.944,701.882,1.59,316.962,700.755,1.61,331.489,699.626,1.632,337.669,699,1.653,347.735,698.426,1.674,358.936,698.694,1.691,377.797,699,1.707,389.008,699,1.724,396.584,700.226,1.741,404.398,700,1.757,125,2460,YACP,
203,422,0,221.673,410.589,0.019,239.223,401.889,0.033,252.02,396.908,0.049,262,394.5,0.069,272.661,391.113,0.086,282.562,388.542,0.101,292.916,388,0.119,311.492,388,0.134,321.144,386.873,0.152,332.677,388.268,0.17,341.083,389.385,0.187,353.137,389.027,0.202,362.855,391.214,0.216,371.387,392.77,0.235,381.124,394.805,0.251,391.984,396.997,0.266,399.971,399.277,0.283,406.505,400.251,0.304,417.521,401.391,0.32,427.28,402.475,0.337,433.701,404.175,0.35,441.949,405.707,0.369,448.3,406,0.384,453.748,406.95,0.399,458.397,407,0.419,462.769,408.192,0.435,467.269,408,0.453,470.361,409.454,0.471,475,409,0.489,478.059,409,0.51,481.404,409,0.537,484.82,409,0.55,490.368,410,0.571,493.999,410,0.588,495.862,410,0.601,499.5,410,0.62,501,411.5,0.652,502.529,411,0.72,502,413.153,0.738,497.5,416,0.753,490.957,423.043,0.769,486.752,427.997,0.784,482.488,433.39,0.804,474.796,440.175,0.82,468.008,444.661,0.834,460.027,452.973,0.858,452.238,462.157,0.871,442.691,470.352,0.886,432.53,479.47,0.902,423.848,488.888,0.922,410.834,498.731,0.939,398.393,508.678,0.952,387.822,519.178,0.972,374.026,529.231,0.988,365.087,536.266,1.003,356.014,545.986,1.025,345.032,553.775,1.039,335.455,562.545,1.053,324.575,570.898,1.07,314.457,580.543,1.091,307.366,588.74,1.108,300.899,595.101,1.122,292.493,600.79,1.137,284.769,607.77,1.159,278.058,614.53,1.176,271.945,621.055,1.187,264.089,628.067,1.207,256.548,635.452,1.23,249.875,643.188,1.248,245.196,649.965,1.259,239.239,656.761,1.271,232.328,663.672,1.287,226.134,671.419,1.308,220.495,678.758,1.332,215.955,684.806,1.351,212.323,689.569,1.363,209.928,693.108,1.372,208.854,695.293,1.386,207.713,697.573,1.42,208,699.502,1.454,209.267,701.535,1.489,210.269,703.539,1.517,212,706.21,1.533,212.234,708.468,1.544,213.366,710.732,1.572,215.236,712.618,1.591,218.167,713.722,1.61,222.348,714.837,1.624,227.918,715,1.639,233.593,716.119,1.66,240.217,714.797,1.674,245.983,713.603,1.69,254.389,714,1.706,261.225,712.396,1.725,269.477,709.946,1.744,276.052,708.19,1.756,282.727,707.046,1.772,292.815,705.909,1.79,302.939,704.784,1.814,129,2472,YACP,
198,403,0,229.358,406.668,0.017,243.357,407,0.03,253.757,407,0.051,263.861,405.904,0.066,272.46,406,0.08,280.231,404.681,0.102,288.209,405,0.119,302.467,405,0.133,308.966,405,0.151,314.794,405,0.166,321.63,405.938,0.181,328.235,404.961,0.2,334.046,405,0.217,338.185,406.296,0.235,344.1,407.42,0.248,349.5,407,0.268,356,408.5,0.283,363.465,408.744,0.298,369.454,409,0.318,375.895,409,0.334,385.3,409,0.355,392.881,409,0.368,399.194,409,0.386,406,409,0.401,412.228,409.604,0.415,420.179,410,0.435,426.228,410,0.449,432.877,409.021,0.465,439.684,409,0.486,446.499,410.25,0.503,451.881,408.624,0.518,455.905,410.476,0.535,458.5,408.5,0.554,462.101,409,0.571,465.505,408.165,0.583,468.926,408,0.603,472.334,408,0.622,474.426,406.787,0.638,478.028,405.657,0.652,479.886,404.557,0.669,482.198,404.401,0.688,485.079,403.307,0.706,487.624,401.376,0.733,489.866,400.067,0.749,495.628,397.791,0.785,498.623,398,0.819,501.987,398.662,0.836,504.5,399.5,0.867,506.803,400.268,0.886,506,402.163,0.937,506,404.357,0.954,503.747,406.627,0.968,499.954,409.284,0.987,494.765,414.235,1.005,488.87,419.104,1.021,483.362,425.766,1.041,477.62,433.931,1.056,465.287,440.228,1.07,456.366,448.12,1.089,442.925,457.445,1.105,430.482,468.242,1.12,419.468,478.678,1.136,404.11,489.921,1.158,394.104,502.095,1.175,382.454,512.292,1.186,369.184,523.18,1.207,358.496,535.503,1.224,347.139,545.861,1.238,338.049,556.366,1.253,329.216,564.936,1.27,318.157,572.89,1.287,310.236,580.764,1.304,304.828,588.641,1.32,297.977,595.023,1.341,290.129,600.051,1.362,282.602,607.398,1.379,277.266,613.417,1.39,271.062,619.938,1.407,264.316,626.684,1.442,256.733,633.229,1.456,244.555,649.023,1.472,237.365,657.074,1.488,230.091,663.35,1.504,223.624,670.726,1.521,218.754,677.869,1.538,214.325,684.512,1.554,210.826,689.232,1.577,206.271,693.729,1.595,203.457,696.814,1.608,200.77,699.82,1.621,197.5,702,1.74,197.957,703.085,1.775,203.779,704.186,1.792,206.45,705,1.805,209.591,705.864,1.826,213.11,706,1.844,216.275,707.092,1.856,219.723,707,1.874,224.482,707,1.893,156,2938,YACP,
198,401,0,229.426,402,0.017,244.224,402.935,0.033,256.479,403,0.048,267.75,404.175,0.067,279.158,404,0.083,289.928,405.393,0.099,301,406.5,0.119,320.195,407.619,0.134,330.519,408,0.148,339.208,408.887,0.168,347.215,410.031,0.183,357.221,411.136,0.199,367.483,411,0.219,374.855,411,0.236,386.884,412.488,0.249,397.869,412,0.269,406.69,412,0.283,418.531,412,0.299,428.781,412,0.319,439.131,413.126,0.332,447.761,413,0.35,458.426,414.381,0.37,465.352,414,0.384,475.359,414.595,0.402,483.966,414.291,0.419,490.79,414.798,0.434,497.659,414.057,0.449,503.275,414,0.466,509.05,415.21,0.486,511.991,416.33,0.536,510.001,420.333,0.55,501.329,425.602,0.567,492.429,434.509,0.587,481.411,442.413,0.606,465.374,452.688,0.619,451.3,466.415,0.635,430.311,478.975,0.652,418.5,493.5,0.671,398.155,506.876,0.688,379.949,520.98,0.7,364.9,536.025,0.717,347.737,550.214,0.735,334.128,565.028,0.759,318.517,577.986,0.771,302.716,591.529,0.786,291.016,602.372,0.806,278.242,613.758,0.819,264.545,625.879,0.838,251.783,637.288,0.852,242.85,648.187,0.869,231.682,658.186,0.887,221.715,667.031,0.905,214.163,679.053,0.921,205,688.5,0.936,198.357,694.643,0.953,193.049,700.689,0.975,190.304,705.391,1.001,190,708.879,1.014,191.172,713.172,1.025,194.131,715.453,1.045,199.758,717.703,1.057,206.823,719.478,1.069,215.855,720,1.086,226.114,720,1.103,238.915,719.174,1.122,251.292,718.064,1.138,265.804,718,1.158,280.728,716.79,1.171,295.266,715.672,1.187,312.787,713.095,1.206,330.17,711.249,1.226,344.827,707.963,1.252,362.358,705.428,1.271,394.542,700.932,1.287,405.912,698.618,1.303,421.098,696.37,1.325,432.908,695.554,1.343,442.634,695,1.355,450.898,695.65,1.37,456.155,696,1.39,459.721,696,1.412,462.005,697.002,1.424,464.312,697,1.473,466.344,699.344,1.507,468.534,699,1.537,473.983,700.988,1.65,0,0,0,0,0,0,0,0,0,0,0,0,0,0,0,0,0,0,0,0,0,0,0,0,0,0,0,0,0,0,0,0,0,0,0,0,0,0,0,87,1650,YACP,
192,409,0,227.235,409,0.015,243.005,408,0.031,257.348,406.896,0.053,270.357,405.804,0.068,284.549,406,0.083,297.586,404.535,0.104,318.832,404,0.118,337.324,403.306,0.136,354.186,403,0.151,369.314,401.106,0.17,385.2,403.171,0.186,399.819,401.783,0.203,410.269,402,0.218,429.316,400.512,0.236,440.796,402,0.25,452.624,401.338,0.267,464.147,401.815,0.287,475.212,402.921,0.302,483.296,404.042,0.316,487.773,406.387,0.337,492.318,407.33,0.354,493.856,409.856,0.378,494,412.717,0.398,494,416.601,0.404,490.86,422.709,0.419,487.257,431.314,0.437,480.738,440.349,0.451,471.574,449.426,0.468,461.315,460.984,0.49,453.874,473.912,0.506,440.971,483.527,0.519,429.278,495.994,0.536,416.966,507.529,0.553,401.681,522.319,0.568,388.858,535.142,0.589,371.821,549.889,0.605,360.538,563.91,0.619,344.779,575.016,0.636,330.5,589,0.653,314.034,599.515,0.679,301.746,610.254,0.696,286.373,620.576,0.707,273.111,629.919,0.723,259.752,636.624,0.736,247.448,647.088,0.752,239.1,654.538,0.771,230.055,659.466,0.789,224.493,663.338,0.803,219.203,667.797,0.822,216.398,671.403,0.84,215.056,673.887,0.855,214.5,675,0.898,215,676.203,0.919,218.811,678.541,0.936,222.784,679,0.962,229.722,678.183,0.973,238.542,678.943,0.986,245.395,680.066,1.002,250.861,680,1.023,261.72,681.302,1.042,272.329,681,1.054,281.956,681.551,1.071,290.5,682.5,1.087,304.74,683.205,1.103,316.922,683.902,1.126,330.343,684,1.142,342.644,684,1.159,356.462,685.288,1.174,368.341,683.605,1.188,379.967,685.452,1.204,393.436,685.644,1.221,404.709,686,1.238,415.981,686.898,1.255,427.167,688.017,1.271,437.174,688,1.296,447.06,689.258,1.322,461.961,691.493,1.363,469.5,692.5,1.372,484.296,693,1.387,487.94,693,1.406,491.288,693,1.422,493.444,693,1.454,495.47,694.235,1.614,0,0,0,0,0,0,0,0,0,0,0,0,0,0,0,0,0,0,0,0,0,0,0,0,0,0,0,0,0,0,0,0,0,0,0,0,0,0,0,0,0,0,0,0,0,0,0,0,84,1614,YACP,
198,408,0,228.132,406.276,0.016,242.674,405.111,0.033,255.341,405,0.049,267.119,403.898,0.064,278.821,404,0.085,291.48,404,0.102,303.437,402.506,0.118,325.599,401.831,0.136,337.301,400.3,0.15,347.939,399.118,0.167,363.913,399,0.182,372.903,399,0.203,390.809,399,0.218,399.166,397.648,0.233,406.488,396.502,0.254,421.722,395.82,0.265,429,394,0.282,437.899,393.157,0.301,447.459,393.94,0.315,453.359,394,0.333,459.062,394,0.353,463.324,395.331,0.367,467.806,396.451,0.383,479.5,397.5,0.402,481.989,398.663,0.417,485.355,400.57,0.434,487.5,402,0.449,488.071,404.106,0.486,488,407.386,0.504,486.572,409.857,0.517,482.5,415,0.534,469.093,424.271,0.553,459.013,435.232,0.567,445.995,446.253,0.585,429.563,457.291,0.602,417.141,471.028,0.616,398.895,484.079,0.635,385.925,499.498,0.652,367,512,0.672,354.796,528.59,0.687,340.135,542.865,0.701,325.701,558.169,0.717,310.805,571.165,0.74,301.904,583.508,0.758,289.509,595.811,0.77,276.874,605.001,0.785,269,617,0.802,257.439,625.708,0.821,249.688,633.03,0.837,243.804,640.874,0.852,237.936,648.077,0.868,227.988,655.787,0.89,221.648,662.352,0.91,217.042,666.916,0.93,213.671,672.772,0.954,210.862,677.277,0.971,206.184,684.632,0.985,204.099,686.901,1.006,204,689.122,1.035,202.838,691.324,1.087,205.354,693.354,1.137,210.058,695.029,1.161,212.306,696.153,1.173,214.555,697.278,1.188,218.314,698.438,1.203,223.217,699.554,1.22,227,700.5,1.24,236.015,700.752,1.255,244.148,701,1.27,252.148,701,1.287,263.629,698.674,1.308,274.799,700.28,1.324,283.348,698.628,1.338,294.23,698.523,1.354,304.697,699,1.37,314.699,698.256,1.386,327.464,698,1.406,336.89,698,1.426,346.839,698,1.438,361.433,696.714,1.453,368.892,695.638,1.476,380.493,695,1.494,390.656,694.418,1.506,399.072,693.275,1.52,407.881,692.14,1.54,415.818,692,1.562,423.331,692,1.574,428.969,692,1.587,436.119,692,1.605,442.847,690.526,1.626,448.422,691.57,1.64,453.786,692,1.654,457.431,692,1.671,461.877,692,1.688,465.247,692,1.706,469.793,690.802,1.724,472.935,692.312,1.738,474.888,692,1.775,477.797,692,1.805,107,2043,YACP,
191,403,0,227.202,403.165,0.018,243.241,403,0.031,259.423,401.898,0.054,272.789,400.768,0.068,288.709,401,0.084,303.328,399.513,0.104,325.974,400.592,0.119,346.501,400.321,0.136,363.832,400.802,0.148,380.242,401.946,0.169,397.283,400.914,0.184,409.932,403.322,0.205,426.366,403,0.218,439.278,405.88,0.234,450.709,407,0.253,460,407,0.266,471.027,408.781,0.283,481.245,409.916,0.301,487.207,411.041,0.316,491.695,411,0.352,493.387,413.387,0.418,487.513,418.615,0.434,481.01,424.99,0.451,469.665,434.068,0.467,459.556,441.901,0.489,447.972,452.625,0.504,431,462.5,0.518,423,477.5,0.538,405.616,494.384,0.553,388.427,511.573,0.569,369.518,530.482,0.584,353.212,549.044,0.6,332.623,568.134,0.617,309.672,581.763,0.638,297.828,600.597,0.656,275.865,613.564,0.669,258.445,628.444,0.684,243.954,642.046,0.705,230.509,654.534,0.725,218.355,663.469,0.736,211.758,670.242,0.754,207.627,674.373,0.77,204.582,675.946,0.804,203.463,677.537,0.97,204,679.097,1.003,206.107,681.107,1.021,209.906,681,1.036,214.623,683.811,1.053,220.5,686,1.074,231.042,687.208,1.092,242.275,688.727,1.103,256.669,690.795,1.12,272.706,691.98,1.139,289.073,692,1.161,307.642,693.214,1.179,328.963,693,1.191,350.642,693,1.209,373.96,692.402,1.226,396.287,691.286,1.238,417.376,690.146,1.255,437.327,690,1.274,454.522,688.899,1.298,467.724,689,1.31,481.636,689.33,1.32,490.869,690.484,1.339,493.788,690.596,1.359,496.377,691,1.371,498,691,1.608,0,0,0,0,0,0,0,0,0,0,0,0,0,0,0,0,0,0,0,0,0,0,0,0,0,0,0,0,0,0,0,0,0,0,0,0,0,0,0,0,0,0,0,0,0,0,0,0,0,0,0,0,0,0,0,0,0,0,0,0,0,0,0,0,0,0,0,0,0,0,0,0,0,0,0,0,0,0,0,0,0,0,0,0,0,0,0,0,0,0,0,0,0,69,1608,YACP,
199,408,0,223.787,403.869,v,0.017245.546,401.182,0.014,0.031260.324,398.946,0.014,0.045272.526,397.347,0.02,0.065285.046,396.246,0.014,0.079297.934,395.097,0.016,0.095311.204,393.983,0.019,0.114337.083,392.866,0.014,0.128346.706,393,0.017,0.145363.687,393,0.022,0.167373.855,394,0.016,0.183386.794,394.6,0.013,0.196398.587,395.732,0.016,0.212410.575,396.87,0.019,0.231423.837,397.986,0.014,0.245434.114,399.124,0.017,0.262445.53,399,0.021,0.283456.678,400.368,0.018,0.301463.432,401.98,0.015,0.316472.24,403.582,0.015,0.331480.773,405.364,0.015,0.346486.41,407.705,0.017,0.363489.897,409.931,0.02,0.383491.111,413.332,0.015,0.398492.202,417.806,0.015,0.413489.269,422.463,0.022,0.435484.043,432.913,0.013,0.448470.236,442.509,0.015,0.463458.046,452.954,0.017,0.48442.479,466.017,0.02,0.5427.74,478.374,0.015,0.515410.188,493.711,0.015,0.53391.734,507.449,0.021,0.551371.215,523.5,0.017,0.568358.702,538.706,0.018,0.586340.538,552.539,0.012,0.598324.316,565.677,0.016,0.614309.351,577.845,0.02,0.634296.673,590.327,0.016,0.65281.742,600.166,0.014,0.664271.291,610.709,0.023,0.687261.231,622.077,0.018,0.705250.263,629.128,0.011,0.716242.878,638.683,0.015,0.731232.848,648.852,0.017,0.748223.51,657.49,0.02,0.768216.699,666.068,0.013,0.781211.019,674.97,0.017,0.798202.882,684.278,0.017,0.815196.313,689.406,0.018,0.833192.396,696.407,0.017,0.85189.5,701.5,0.017,0.867188.379,708.107,0.022,0.889188.736,712.942,0.02,0.909189.852,715.703,0.012,0.921191.996,716.998,0.011,0.932195.343,717,0.016,0.948201.249,718.25,0.02,0.968209.687,716.616,0.018,0.986217.5,717,0.018,1.004228.837,716,0.012,1.016241.58,715.285,0.016,1.032254.288,714.156,0.021,1.053268.503,713.038,0.022,1.075280.788,711.928,0.013,1.088293.449,710.777,0.012,1.1308.479,708.311,0.018,1.118318.727,707.527,0.016,1.134338,706.5,0.02,1.154348.68,705.332,0.016,1.17363.366,705,0.013,1.183374.517,704.054,0.016,1.199391.022,705.068,0.022,1.221400.94,705,0.019,1.24411.79,705.292,0.011,1.251426.846,706.45,0.017,1.268434.499,706,0.02,1.288446.053,706,0.019,1.307455.442,706,0.013,1.32462.5,705.083,0.014,1.334470.375,705,0.018,1.352482.89,705,0.026,1.378487.053,704,0.013,1.391491.189,704,0.012,1.403494.587,704,0.015,1.418499.207,704,0.016,1.434503.301,704,0.119,1.5530,0,0,00,0,0,00,0,0,00,0,0,00,0,0,00,0,0,00,0,0,00,0,0,00,0,0,00,0,0,00,0,0,00,0,0,088,1553,YACP,
191,402,0,224.832,404.855,0.018,239.95,405,0.035,253.363,405,0.05,265.592,405,0.067,278.094,405,0.087,292,403.5,0.1,313.993,401.815,0.116,333.435,399.594,0.135,346.935,397.344,0.148,366.167,397,0.167,380.155,394.808,0.188,399.454,393.797,0.205,410.754,392.659,0.218,428.539,391.564,0.233,440.111,392,0.254,451.6,392,0.268,460.948,392.85,0.282,468.597,393,0.3,479.702,395.14,0.322,486.105,397.368,0.333,488.956,399.637,0.351,492.357,401.905,0.372,494,404,0.383,493,407.5,0.4,492.404,411.99,0.42,489.339,417.434,0.434,484.948,426.105,0.45,479.084,435.465,0.472,469.581,444.419,0.487,460.598,453.402,0.501,453.5,466.5,0.521,438.566,476.575,0.535,427.331,488.892,0.551,414.31,500.909,0.568,400.022,510.985,0.592,388.212,523.967,0.608,374.42,533.111,0.62,361.964,543.303,0.635,352.5,555,0.654,337.797,564.962,0.673,326.762,573.79,0.685,313.721,582.853,0.701,306.132,592.801,0.723,296.904,599.822,0.745,286.325,606.675,0.763,278.006,615.659,0.775,270.789,624.211,0.786,261.656,632.75,0.801,252.283,643.147,0.822,245.177,654.039,0.838,237.423,664.456,0.852,227.175,673.733,0.876,223.311,683.551,0.892,217.447,690.864,0.905,211.703,697.757,0.92,209.5,704,0.937,209,708.711,0.953,207.381,712.428,0.973,207,714.826,0.986,207,716,1.002,211.381,718.286,1.024,214.926,718,1.048,221.794,717.601,1.061,230.254,717,1.073,239.961,716.338,1.086,249.214,715.223,1.104,259.297,714.078,1.123,271.314,711.943,1.149,281.438,709.739,1.162,294.048,707.746,1.174,306.95,706.21,1.187,318,704,1.208,334.104,702.779,1.227,347.494,699.809,1.241,363.284,699,1.254,377.103,696.983,1.272,393.797,695.88,1.287,405.63,694.761,1.303,419.586,692.236,1.327,432.526,692.498,1.345,443.861,691.414,1.356,454.54,691,1.371,465.534,691,1.391,473.667,691.952,1.409,483.608,693.068,1.422,491.778,695.508,1.438,498.071,699.036,1.558,0,0,0,0,0,0,0,0,0,0,0,0,0,0,0,0,0,0,0,0,0,0,0,0,0,0,0,0,0,0,0,0,0,0,0,0,88,1558,YACP,
186,412,0,216.415,409.972,0.019,241.462,408.727,0.035,259.528,409,0.049,274,409,0.069,288.394,409,0.082,304.179,409,0.099,320.251,409,0.118,349.289,409,0.132,367.78,409,0.149,383.04,407.783,0.17,401.536,408,0.185,413.832,408,0.2,430.233,407.397,0.22,443.283,407,0.232,455.378,407,0.249,463.712,407,0.269,471.453,408.065,0.282,478.264,409.211,0.303,482.357,410.339,0.336,483.53,413.794,0.354,483,416.948,0.366,481.371,420.443,0.387,478.134,424.821,0.401,470.7,433.343,0.417,463.768,439.027,0.434,455.769,445.912,0.454,446.554,455.446,0.472,433.5,468.5,0.483,424,475,0.503,409.914,489.534,0.518,397.143,500.064,0.534,385.541,511.459,0.551,370.717,526.283,0.573,358.949,536.773,0.589,342.738,549.134,0.603,330.644,563.297,0.625,316.047,574.395,0.65,303.388,587.135,0.66,288.599,597.972,0.676,274.772,610.209,0.685,260.218,623.645,0.701,248.19,633.299,0.72,238.386,645.016,0.74,224,657.5,0.756,216.831,663.764,0.769,209.701,672.731,0.785,202.903,679.248,0.806,198.048,682.964,0.824,198,685.156,0.857,198,687.363,0.874,200.902,688.451,0.887,203.779,690.186,0.906,207.043,691.681,0.923,211.262,693.631,0.936,215.885,695.943,0.953,221.545,698.218,0.97,228.305,700.435,0.994,241.551,703.968,1.014,249.422,705,1.026,262.377,705,1.037,275.182,705,1.052,286.221,704.178,1.071,303.08,704,1.088,315.941,704,1.104,334.042,705.19,1.12,342.782,706.309,1.141,362.854,707.428,1.158,373.356,709.059,1.171,388.764,710,1.191,402.405,710.764,1.214,416.466,711.882,1.229,431.331,713.026,1.241,445.949,714.15,1.254,458.06,714,1.27,469.02,712.598,1.289,480.256,712.468,1.31,488.381,711.374,1.327,495.428,711,1.34,501.396,710.121,1.355,508.988,709.002,1.372,512.336,707.888,1.487,0,0,0,0,0,0,0,0,0,0,0,0,0,0,0,0,0,0,0,0,0,0,0,0,0,0,0,0,0,0,0,0,0,0,0,0,0,0,0,0,0,0,0,0,0,0,0,0,0,0,0,0,0,0,82,1487,YACP,
204,395,0,228.396,396.723,0.017,241.761,397,0.031,255.004,397,0.051,267.675,397,0.066,279.804,395.745,0.083,295.189,396,0.103,308,396,0.12,334.807,394.839,0.135,350.101,393.306,0.152,365.322,392.14,0.167,379.819,389.042,0.183,394.222,389,0.204,405.478,387.752,0.221,417.855,385.299,0.245,430.044,387,0.26,441.844,387.57,0.269,452.658,388.707,0.29,461.689,389.836,0.299,470.691,390,0.318,480.718,394.319,0.34,487.231,397.616,0.355,491.22,400.915,0.371,495.781,404.336,0.384,500,407.5,0.404,501.679,411.037,0.42,502,415.021,0.434,501.084,420.578,0.454,495.746,430.457,0.468,492.545,439.213,0.484,483.85,448.457,0.508,470.376,461.192,0.522,456.2,473.754,0.535,438.963,487.44,0.551,423.72,502.054,0.57,404.777,516.954,0.586,385.69,533.271,0.601,368.547,546.963,0.618,351.926,562.802,0.636,334.889,575.889,0.654,320.087,587.275,0.669,306.09,597.026,0.688,291.07,607.287,0.703,278.419,617.723,0.719,267.884,626.09,0.735,255.511,633.947,0.758,246.833,641.896,0.775,240.214,648.09,0.788,231.497,654.502,0.804,223.851,659.964,0.819,217.41,667.026,0.835,210.823,675.039,0.857,202.983,684.019,0.877,197.682,689.398,0.89,193.115,695.106,0.902,189.972,699.37,0.924,189.528,705.358,0.95,191.14,709.85,0.962,194.103,713.402,0.978,199.971,716.486,0.987,207.713,717,1.003,216.622,717,1.021,226.788,717,1.036,242.241,715.674,1.053,255.441,713.093,1.072,274,712.5,1.093,290.694,709.701,1.112,307.665,707.476,1.124,327.52,705.164,1.151,341.885,703.953,1.174,377.767,701.731,1.189,401.28,702,1.205,416.327,700.549,1.221,433.754,700.35,1.238,449.719,700,1.254,461.804,700,1.271,477.533,700,1.293,488.551,702.31,1.398,0,0,0,0,0,0,0,0,0,0,0,0,0,0,0,0,0,0,0,0,0,0,0,0,0,0,0,0,0,0,0,0,0,0,0,0,0,0,0,0,0,0,0,0,0,0,0,0,0,0,0,0,0,0,0,0,0,0,0,0,0,0,0,0,0,0,78,1398,YACP,
192,400,0,217.484,403.058,0.016,240.117,404.284,0.039,259.155,404,0.054,275.086,402.495,0.066,291,401.5,0.086,310.887,400.242,0.098,328.254,399.116,0.118,366.234,400.007,0.134,387.358,401.124,0.149,406.22,401,0.171,427.155,401,0.188,444,401,0.204,459.056,402,0.217,474.022,403.432,0.236,487.836,404.894,0.252,495.678,406.908,0.269,501.596,410.358,0.283,503.402,414.805,0.3,500.291,422.128,0.322,492.041,433.439,0.337,482.32,444.68,0.351,466.844,457.367,0.37,449.233,471.374,0.386,428.82,488.316,0.403,409.037,505.856,0.424,387.409,525.213,0.442,363.103,544.897,0.459,340.707,566.464,0.477,317.738,586.653,0.495,294.206,606.823,0.507,273.458,626.542,0.518,253.287,645.784,0.535,238.2,665.046,0.558,221.731,682.42,0.576,207.2,697.257,0.588,194.192,710.413,0.603,186.72,721.374,0.622,181.389,728.264,0.646,178.474,731.526,0.668,177,733,0.685,181.152,733.051,0.709,185.979,730.51,0.73,197.053,725.526,0.747,209.348,721.055,0.76,224.302,717.14,0.772,242.022,712.243,0.786,259.986,707.504,0.807,279.642,704.06,0.826,299.65,699.633,0.837,319.176,696.263,0.852,338.077,694.285,0.875,357.754,693,0.898,376.306,693,0.909,393.592,695.118,0.922,408.973,696,0.937,422.783,698.946,0.957,434.151,701.23,0.976,446.148,702.195,0.987,458.787,703.344,1.005,466.709,703,1.102,0,0,0,0,0,0,0,0,0,0,0,0,0,0,0,0,0,0,0,0,0,0,0,0,0,0,0,0,0,0,0,0,0,0,0,0,0,0,0,0,0,0,0,0,0,0,0,0,0,0,0,0,0,0,0,0,0,0,0,0,0,0,0,0,0,0,0,0,0,0,0,0,0,0,0,0,0,0,0,0,0,0,0,0,0,0,0,0,0,0,0,0,0,0,0,0,0,0,0,0,0,0,0,0,0,0,0,0,0,0,0,0,0,0,0,0,0,61,1102,YACP,
193,395,0,210.656,397.077,0.018,232.896,398.431,0.031,245.5,399.5,0.048,260.435,400,0.067,273.933,400.744,0.081,288.519,401,0.098,304.328,401,0.114,334.821,402.142,0.131,347.735,402,0.153,367.66,402,0.168,382.267,402,0.182,397.976,402,0.202,413.072,402,0.215,428.028,402,0.232,440.958,402,0.256,454.61,402,0.265,463.971,402,0.281,474.409,403.379,0.304,483,403,0.319,485.777,405.185,0.332,488.395,406.698,0.352,490,407.5,0.381,487.917,412.166,0.404,483.103,418.122,0.415,476.063,423.614,0.436,461.703,432.371,0.453,454.541,442.285,0.469,440.792,451.919,0.485,428.853,465.323,0.502,413.821,477.413,0.516,397.315,492.64,0.539,381.101,506.485,0.558,366.602,521.681,0.57,351.781,535.975,0.584,337.495,549.605,0.6,322.829,561.781,0.616,310.057,573.737,0.637,298.651,587.219,0.658,284.813,597.129,0.667,273.336,609.83,0.683,263.504,622.051,0.705,253.285,630.302,0.724,245.955,641.075,0.734,237.3,652.333,0.754,227.944,661.299,0.773,220.743,670.885,0.785,215.94,680.119,0.806,211.265,687.102,0.822,207.075,692.157,0.836,205.183,696.635,0.856,206,698.068,0.872,207.225,700.225,0.885,209.559,702.559,0.901,212.596,704.731,0.917,215.976,706.984,0.934,220.528,708.132,0.951,228.774,710.507,0.974,237.821,711.353,0.993,247.598,710.45,1.005,258.992,711,1.018,272.548,709.575,1.035,284.357,707.329,1.057,302.081,706.054,1.07,315.763,703.873,1.086,335.851,700.32,1.103,349.391,696.987,1.12,371.138,695.096,1.139,386.951,692.881,1.157,402.725,691.329,1.169,418.316,690.192,1.188,430.978,689.093,1.205,443.32,689,1.219,454.958,690.196,1.236,460.851,690,1.257,469.048,690,1.275,476.132,690,1.286,482.26,690,1.303,486.341,690,1.323,489.697,690,1.344,491.5,690,1.356,493.229,690,1.404,495.336,690,1.439,499.172,692.448,1.552,0,0,0,0,0,0,0,0,0,0,0,0,0,0,0,0,0,0,0,0,0,0,0,0,0,0,0,0,0,0,0,0,0,0,0,0,0,0,0,0,0,0,0,0,0,0,0,0,84,1552,YACP,
202,410,0,216.747,403.194,0.017,236.726,399.595,0.03,249.534,397.266,0.05,262.716,396.024,0.075,275.231,394.888,0.083,290.005,395,0.098,303.177,395,0.114,339.313,395,0.132,344.346,395,0.148,361.278,395.722,0.167,374.066,396.807,0.185,392.298,397.959,0.203,403.844,400.169,0.22,419.148,402.484,0.237,430.596,402,0.253,442.737,404.861,0.27,454.157,404.573,0.283,463.235,405.654,0.304,473.961,406.796,0.315,483.505,407.938,0.336,489.276,409.055,0.351,495.93,409,0.366,502.86,411.62,0.388,505.312,412.437,0.404,508.093,414.093,0.416,510,416,0.452,509.107,420.679,0.467,504.756,425.244,0.482,495.783,433.065,0.5,489.277,439.723,0.519,479.794,446.404,0.536,468,454.5,0.554,456.583,466.417,0.566,442.643,476.658,0.586,429.307,488.693,0.601,416.193,501.807,0.616,399.124,513.251,0.633,385.848,529.678,0.653,369.881,541.022,0.67,360.319,553.149,0.684,344.825,566.381,0.7,333.51,577.932,0.717,318.326,590.294,0.736,305.916,601.076,0.751,296.296,612.861,0.767,280.935,623.122,0.784,270.403,631.878,0.807,260.274,641.294,0.824,250.582,651.128,0.834,243.103,659.897,0.85,235.261,668.559,0.871,225.462,678.538,0.892,219.781,685.219,0.903,215.195,689.805,0.918,213.346,692.981,0.938,212.541,696.378,0.961,213,698,0.987,216.611,700.806,1.001,220.737,701.934,1.018,228.53,700.924,1.034,241.025,701,1.051,249.505,701,1.073,259.463,698.23,1.089,274.719,698.48,1.103,287.067,697.357,1.118,301.226,697.787,1.139,315.026,697.081,1.16,329.893,697.992,1.171,342.599,698,1.186,360.186,699.279,1.208,372.972,699,1.228,386.331,699.487,1.24,399.194,700,1.252,411.992,700.749,1.269,423.875,702.775,1.287,433.085,703,1.303,444.236,704.124,1.319,454.194,705.244,1.341,461.742,705,1.356,471.162,705.469,1.371,480.016,705.397,1.386,485.639,705,1.406,489.585,705,1.425,492.837,705,1.438,500.663,706.095,1.536,0,0,0,0,0,0,0,0,0,0,0,0,0,0,0,0,0,0,0,0,0,0,0,0,0,0,0,0,0,0,0,0,0,0,0,0,0,0,0,0,0,0,86,1536,YACP,
197,400,0,220.137,405.03,0.023,239.192,407.399,0.034,254.165,408.297,0.052,268.708,409.439,0.071,282.534,409,0.087,296.842,408.368,0.1,313.114,407.206,0.12,340,407,0.134,357.367,405.976,0.15,373.571,404.816,0.171,389.518,405,0.188,403.673,403.564,0.2,416,404,0.217,430.826,403,0.237,444.652,402.258,0.252,455.907,401.121,0.268,466.003,402,0.284,478.281,402,0.305,487.624,402,0.32,493.302,402,0.334,501.495,402,0.354,506.013,403,0.369,509.426,403.713,0.384,511,404.5,0.42,510,407.812,0.436,507.763,411.474,0.451,499.9,416.4,0.472,490,425.5,0.49,479.532,435.292,0.505,467.271,443.919,0.518,455.761,453.415,0.535,440.345,464.754,0.555,426.83,473.78,0.568,414.344,485.414,0.592,396.659,499.273,0.605,382.47,510.788,0.62,366.5,522.5,0.641,351.888,537.416,0.658,338.191,550.609,0.669,322.492,563.613,0.686,309.47,573.398,0.708,300.354,585.057,0.727,285.198,595.924,0.744,274.293,606.531,0.755,262.432,618.473,0.774,250.936,629.738,0.787,241.482,641.963,0.806,229.873,652.285,0.825,220.886,661.114,0.837,213.788,669.414,0.854,211.101,675.797,0.871,203.482,682.518,0.891,200.949,686.576,0.906,198.705,689.295,0.921,196.47,693.06,0.936,196,696.667,0.956,196,699.009,0.987,198.26,701.26,1.024,206.647,704.706,1.042,211.014,704.603,1.054,217.433,704.261,1.07,225.121,704,1.089,239.834,703.012,1.111,249.719,701.92,1.122,263.404,698.399,1.137,278.953,699,1.155,288.953,697.505,1.177,305.024,695.829,1.199,319.762,694.303,1.21,334.097,693.159,1.225,348.501,692.038,1.241,363.845,690.94,1.255,376.301,689.791,1.271,394.036,690,1.294,405.322,688.516,1.311,415.536,690.554,1.322,426.152,691,1.338,435.589,691.824,1.358,442.695,692,1.379,449.155,693.026,1.39,453.667,694.167,1.405,458.252,695.313,1.426,461.34,695,1.45,464.067,696,1.472,466.295,696,1.489,471.823,696,1.505,474.105,694.948,1.522,476.34,695,1.54,478.576,696.288,1.664,0,0,0,0,0,0,0,0,0,0,0,0,0,0,0,0,0,0,0,0,0,0,0,0,0,0,0,0,0,0,90,1664,YACP,
203,400,0,241.61,402,0.017,259.914,400.88,0.031,274.343,399.743,0.048,289.976,398.645,0.07,305.385,397.508,0.088,320.592,396.416,0.102,346.834,396,0.115,365.524,395.206,0.132,381.584,393.059,0.152,399.393,395.174,0.167,411.38,393.784,0.182,429.361,395.357,0.216,440.324,393.516,0.237,466.943,394.306,0.248,480.762,395.656,0.266,490.662,396,0.284,498.53,396,0.302,511.062,398.375,0.316,515.43,399.286,0.333,516.909,400.454,0.384,517.176,403.527,0.419,505.868,409.05,0.435,496.733,412.475,0.455,487.906,418.309,0.468,478.839,425.37,0.49,464.238,432.762,0.505,453.563,440.339,0.517,438.355,449.083,0.534,427.074,458.926,0.554,410.964,470.024,0.57,396.142,481.429,0.589,385.701,494.759,0.605,367.565,506.986,0.619,356.53,520.968,0.64,340.843,534.561,0.654,325.986,547.583,0.668,310.975,562.025,0.688,298.218,576.743,0.717,282.965,592.035,0.729,269.223,606.204,0.74,255.553,622.136,0.752,244.11,635.868,0.771,232.688,650.921,0.792,221.653,663.052,0.812,214.088,675.006,0.823,206.261,685.664,0.835,200.59,691.41,0.852,194.887,697.113,0.874,193.411,701.178,0.896,193,703.854,0.911,193.549,706.097,0.922,194.5,708,0.954,203.651,710.93,0.976,209.152,711,0.987,216.099,709.817,1.002,221.505,708.699,1.024,231.518,707.56,1.045,245.232,707.471,1.057,255.615,705.016,1.069,271.603,703.212,1.086,284.951,701.191,1.104,301.651,699.957,1.12,316.167,697.667,1.142,334.629,698,1.167,349.381,696,1.187,383.01,695.626,1.203,398.035,696,1.223,410.836,696,1.238,423.762,697.96,1.254,436.572,698,1.27,450.066,699.256,1.287,458.095,699,1.308,467,700.5,1.328,474.721,700.59,1.355,481.567,701.713,1.375,489.878,703.959,1.388,492.23,704,1.411,495.598,705.199,1.43,497.648,705,1.443,501.747,704.542,1.557,0,0,0,0,0,0,0,0,0,0,0,0,0,0,0,0,0,0,0,0,0,0,0,0,0,0,0,0,0,0,0,0,0,0,0,0,0,0,0,0,0,0,0,0,0,0,0,0,0,0,0,0,0,0,0,0,0,81,1557,YACP,
214,404,0,243.101,405.793,0.018,258.515,406,0.033,272.01,406,0.049,285.752,406,0.07,300.567,407.351,0.087,314.788,407,0.1,338,407.577,0.121,359.631,408.664,0.134,375.215,409,0.152,392.686,409.918,0.165,406.591,410,0.187,424.063,410,0.203,436.604,411.3,0.22,451.588,411,0.233,464,411,0.254,475.683,411,0.269,486.857,411,0.283,495.255,410.106,0.3,503.247,410,0.319,511.294,410,0.335,513.818,410,0.369,515.542,411.271,0.402,508.664,417.613,0.418,497.528,424.166,0.435,488.03,433.966,0.452,476.754,442.997,0.467,461.697,453.286,0.488,449.686,466.314,0.503,430.509,479.491,0.518,414.401,494.399,0.534,397.099,508.72,0.554,379.382,524.766,0.571,364.47,539.53,0.585,347.397,556.603,0.602,332.957,571.043,0.624,311.488,585.703,0.644,303.069,599.931,0.654,289.466,613.534,0.668,276.332,625.971,0.685,262.081,636.56,0.705,250.651,649.218,0.719,240.533,659.467,0.736,230.144,668.649,0.752,218.834,676.216,0.776,214.668,682.799,0.791,208.774,686.67,0.803,204.244,689.378,0.819,201,691,0.87,206.111,692.074,0.897,210.1,693,0.91,215.042,693.408,0.921,220.695,694,0.936,228.255,694.657,0.956,238.43,696.486,0.974,248.955,697,0.986,261.278,697,1.005,275.892,699.291,1.025,287.951,699,1.039,306.214,699,1.054,321,699,1.071,339.758,698.374,1.087,359.159,698,1.104,378.899,697.124,1.124,398.681,697,1.144,415.505,694.799,1.155,432.654,696.244,1.17,448.255,694.625,1.189,461,696.5,1.207,472.618,695.602,1.229,481.988,696,1.256,491.848,695.051,1.276,494.143,696.072,1.323,499.791,700.633,1.428,0,0,0,0,0,0,0,0,0,0,0,0,0,0,0,0,0,0,0,0,0,0,0,0,0,0,0,0,0,0,0,0,0,0,0,0,0,0,0,0,0,0,0,0,0,0,0,0,0,0,0,0,0,0,0,0,0,0,0,0,0,0,0,0,0,0,0,0,0,0,0,0,0,0,0,0,0,0,74,1428,YACP,
193,401,0,217.372,405.062,0.016,239.185,407.61,0.034,256.72,408.448,0.049,273.71,409,0.063,289.731,409,0.078,307.672,409,0.097,325.402,408.1,0.112,363.09,408,0.13,382.3,406.806,0.145,403.862,407,0.163,420.83,405.573,0.184,440.856,405,0.2,456.904,404.364,0.212,473.578,404,0.232,487.758,403.104,0.248,499.468,403,0.262,510.677,401.832,0.285,515.451,402,0.298,518.188,403.396,0.348,512.425,407.86,0.364,503.122,412.501,0.38,491.244,418.867,0.395,480.922,427.958,0.413,464.811,439.278,0.434,451.596,447.936,0.448,431.067,459.666,0.464,418.516,475.272,0.481,406,486,0.498,383.719,504.644,0.515,367.37,521.604,0.531,350.43,538.57,0.546,334.714,554.286,0.563,319.061,569.939,0.584,303.608,583.935,0.601,289.044,598.717,0.613,275.131,612.93,0.629,261.266,626.083,0.647,249.52,639.376,0.667,239.577,651.517,0.687,229.466,660.363,0.698,220.7,669.3,0.72,214.167,678.777,0.737,212.392,683.145,0.749,209.659,687.012,0.765,209,689.595,0.783,209,691.797,0.798,210.042,694.084,0.837,213.439,696.293,0.854,217.556,697,0.866,222.606,697.521,0.882,231.402,698.64,0.901,240.991,699.749,0.919,250.89,699.123,0.931,264.303,699,0.949,277.601,697.867,0.965,292.565,695.452,0.985,309.43,694.638,1.001,325.584,693,1.016,340.5,693,1.036,359.452,691,1.052,377.572,690.152,1.065,394.757,690,1.082,409.64,690,1.104,424.321,691.255,1.124,435.717,691.338,1.136,447.729,692.473,1.15,457.231,693,1.166,465.013,693.716,1.186,471.908,693.182,1.2,477.876,694.95,1.217,481.239,695,1.25,483.331,696.165,1.282,485.537,697.269,1.426,0,0,0,0,0,0,0,0,0,0,0,0,0,0,0,0,0,0,0,0,0,0,0,0,0,0,0,0,0,0,0,0,0,0,0,0,0,0,0,0,0,0,0,0,0,0,0,0,0,0,0,0,0,0,0,0,0,0,0,0,0,0,0,0,0,0,0,0,0,0,0,0,0,0,0,0,0,0,74,1426,YACP,
204,395,0,229.815,395,0.017,255.949,396,0.03,270.047,396,0.047,285.853,396,0.066,300.237,396,0.08,317.877,396,0.102,332.037,396,0.116,370.181,396,0.132,377.5,396,0.151,396.405,396.617,0.163,413.578,397,0.181,427.84,397.895,0.2,442.95,400.989,0.214,457.745,399.866,0.232,469.856,401.26,0.252,486.316,402.38,0.269,495.839,402,0.281,504.5,402,0.297,514.404,403.468,0.317,518.544,405.696,0.333,520.5,407,0.348,521.085,410.17,0.364,517.357,414.857,0.386,508.245,423.755,0.402,494.815,435.713,0.418,481.382,445.86,0.431,464.828,459.077,0.45,445.037,472.451,0.468,425.047,488.137,0.482,399.834,504.378,0.498,381.351,518.791,0.52,360.238,538.01,0.536,343.024,550.403,0.55,324.616,565.346,0.566,308.744,578.944,0.584,293.509,592.028,0.601,279.075,604.091,0.616,266.403,618.706,0.636,252.645,628.766,0.652,243.534,638.466,0.667,235.96,650.343,0.687,224.154,657.297,0.704,217.761,663.239,0.717,212.803,668.996,0.732,210.191,674.522,0.754,207.864,678.203,0.772,206.875,682.498,0.783,207,684.563,0.802,209.824,686.824,0.82,212,689,0.841,216.51,689.628,0.853,221.783,690.757,0.871,230.04,691.88,0.884,241.23,692,0.9,253.531,690.861,0.917,270.862,689.742,0.938,285.765,688.66,0.954,304.135,686.521,0.969,323.332,685.392,0.985,341.513,684.28,1.001,361.84,683.166,1.017,381.97,683,1.038,402.116,681.882,1.062,419.378,682,1.081,437.841,682.646,1.092,453.897,684.454,1.103,468.686,686.182,1.117,482.472,687.706,1.135,493.375,689.639,1.155,503.816,690.98,1.173,511.322,693.092,1.186,517.136,695.455,1.202,522.651,700.321,1.323,0,0,0,0,0,0,0,0,0,0,0,0,0,0,0,0,0,0,0,0,0,0,0,0,0,0,0,0,0,0,0,0,0,0,0,0,0,0,0,0,0,0,0,0,0,0,0,0,0,0,0,0,0,0,0,0,0,0,0,0,0,0,0,0,0,0,0,0,0,0,0,0,0,0,0,0,0,0,74,1323,YACP,
197,396,0,216.112,397.062,0.016,238.793,396.372,0.032,255.117,395.259,0.045,271.499,394.107,0.065,289.632,394,0.081,306.131,392.858,0.095,324.721,393,0.116,365.613,393,0.134,376,393,0.15,393.861,393.605,0.165,406.854,394,0.18,423.031,395.738,0.2,435.209,397.021,0.214,449.338,397,0.23,459.437,397,0.249,469.379,399.751,0.267,480.874,400.487,0.281,485.994,400.599,0.301,490.101,402.4,0.315,492.67,403.835,0.33,493.967,405.935,0.35,494.5,407,0.364,494,408.198,0.38,494,410.723,0.403,490.565,414.392,0.417,486.656,419.93,0.431,480.882,426.804,0.451,470.262,436.15,0.465,457.524,445.619,0.481,440.63,459.096,0.5,425.103,472.483,0.514,405.707,485.736,0.536,387.412,501.166,0.55,368.852,516.148,0.565,349.968,531.69,0.581,332.84,547.957,0.601,312.328,564.952,0.619,298.782,580.254,0.633,279.429,598.42,0.651,267.544,614.398,0.668,253.009,630.588,0.684,241.582,646.586,0.704,230.073,660.557,0.722,220.001,675.498,0.733,211.715,687.979,0.753,203.682,698.409,0.772,195.073,703.58,0.783,194.721,710.673,0.868,200.332,709.167,0.884,206.889,708.019,0.9,212.677,705.729,0.916,218.26,703.496,0.935,226.674,701.236,0.956,241.753,702,0.972,253.572,700.805,0.984,270.357,700.727,0.999,285.102,700.158,1.017,304.451,700,1.037,324.157,698.936,1.05,342.535,699,1.066,365.715,699,1.084,382.644,697.522,1.106,402.238,698,1.125,418.212,698,1.137,433.671,698,1.15,448.441,698.957,1.17,457.503,699,1.192,466.448,699,1.203,476.614,699,1.218,482.726,699,1.236,485.719,698.427,1.257,488.5,697.5,1.284,489.527,696.737,1.355,486.847,699.153,1.46,0,0,0,0,0,0,0,0,0,0,0,0,0,0,0,0,0,0,0,0,0,0,0,0,0,0,0,0,0,0,0,0,0,0,0,0,0,0,0,0,0,0,0,0,0,0,0,0,0,0,0,0,0,0,0,0,0,0,0,0,0,0,0,0,0,0,0,0,0,0,0,0,0,0,0,75,1460,YACP,
