186,389,0, 204.025,396.422,0.013,224,402,0.037,235,406,0.058,250.894,408.556,0.096,282.439,411.029,0.106,301.752,412.297,0.114,337.901,414.556,0.207,421.147,415,0.223,435.151,413.987,0.247,447.215,413.865,0.259,456.533,412.745,0.274,462.91,411.236,0.286,469.503,408.499,0.3,477.981,405.132,0.314,483.987,401.013,0.332,489.365,397.381,0.348,492.983,396.006,0.364,496.298,394.901,0.407,503.052,395,0.417,505.964,396.482,0.46,508,397.5,0.486,508.269,399.537,0.522,505.561,403.22,0.547,503.315,404.343,0.554,501.075,405.925,0.574,498.244,408.17,0.589,494.872,410.419,0.603,491.503,412.665,0.617,488.157,414.895,0.635,481.54,419.307,0.653,472.429,424.982,0.669,460.773,437.227,0.684,452.464,446.979,0.708,435.093,455.777,0.732,421.46,469.911,0.749,392.74,497.857,0.766,378.277,508.5,0.79,366.061,522.115,0.818,354.386,537.409,0.838,332.537,562.463,0.865,320.648,571.679,0.915,289.789,600.141,0.94,273.337,614.941,0.968,253.84,629.08,0.988,246.771,633.583,1.001,238.846,640.385,1.041,221.953,656.047,1.057,216.31,660.552,1.067,211.96,663.78,1.084,206.097,668.523,1.117,198.986,676.019,1.135,188.761,687.985,1.161,186.257,690.743,1.171,185.006,692.988,1.185,184.5,694,1.211,182.764,695.236,1.235,183,698.726,1.268,184.735,701.469,1.295,185.5,703,1.319,187.536,704.536,1.342,192.543,706.217,1.374,206.127,705,1.396,214.516,703.828,1.414,224.749,701.591,1.437,250.494,698.101,1.453,269.218,696.928,1.47,283.568,694.605,1.486,300.791,695,1.503,316.16,695,1.52,332.756,695,1.537,348.352,695,1.564,365.116,695.808,1.582,382.862,696.929,1.595,398.721,698.154,1.604,414.439,701.523,1.635,429.871,702.298,1.648,444.87,704.258,1.659,457.881,706,1.67,469.979,706,1.687,481.013,706,1.703,487.557,705.089,1.72,493.155,702.938,1.784,506.161,697.613,1.796,509.554,696.482,1.806,512.286,696,1.82,514,696,1.854,515.537,694.732,1.903,515,697.182,1.938,511.756,689.024,2.04,0,0,0,0,0,0,0,0,0,0,0,0,0,0,0,0,0,0,0,0,0,0,0,0,0,0,0,0,0,0,90,2040,IJPDP,
195,381,0, 217.75,385.591,0.017,230.083,386.917,0.034,242.409,387,0.122,304.5,385.5,0.128,339.303,384.356,0.134,358.859,384,0.152,378.164,383.108,0.168,398.302,383,0.185,413.923,383,0.202,430.901,381.74,0.219,446.331,382,0.237,462,382,0.253,474.758,382,0.269,486.748,381.25,0.286,495.113,381,0.302,503.954,380.006,0.319,511.804,380,0.336,515.961,380,0.353,521.787,380,0.371,522.968,382.968,0.387,525.214,382.607,0.403,526,384.461,0.42,525.151,387.548,0.436,523.053,391.895,0.453,519.723,399.645,0.47,513.912,408.741,0.486,504.297,415.027,0.505,490.902,420.317,0.521,479.988,436.012,0.537,465.097,445.951,0.554,449.395,459.605,0.57,430.797,474.391,0.587,417.14,485.716,0.604,397.643,506.555,0.62,386.517,514.85,0.639,365.503,535.056,0.655,356.121,546.879,0.671,340.413,563.272,0.687,324.709,576.065,0.704,308.07,593.787,0.721,294.433,603.378,0.738,277.407,621.766,0.755,269.642,633.243,0.773,255.014,641.324,0.79,245.204,657.338,0.806,236.034,665.641,0.821,225.929,676.642,0.838,217.643,688.081,0.855,212.867,693.133,0.872,206.092,697.605,0.888,199.354,705.921,0.905,195.408,712.388,0.923,192.5,717.5,0.942,192,719.279,0.955,192,721,0.988,194.006,721.003,1.005,196.258,721,1.022,198.505,721,1.039,202.132,721,1.056,208.486,718.005,1.073,216.354,717.756,1.089,228.655,716.257,1.106,243.273,714.266,1.122,257.845,713.012,1.139,275.809,710.774,1.156,290.003,709.769,1.172,307.271,708.649,1.191,325.612,707.524,1.208,341.422,708,1.223,359.304,708.724,1.239,377.524,709,1.256,395.481,709,1.273,412.355,709,1.29,430.376,707.789,1.306,449.673,708,1.325,462.946,706.543,1.341,477.903,707.575,1.357,487.918,708,1.373,495.748,708.821,1.39,501.725,709,1.407,504.136,710.068,1.456,502.855,713.434,1.49,499.643,708.607,1.507,497.397,699.786,1.524,495.151,695.226,1.617,0,0,0,0,0,0,0,0,0,0,0,0,0,0,0,0,0,0,0,0,0,0,0,0,0,0,0,0,0,0,0,0,0,0,0,0,0,0,0,0,0,0,86,1617,IJPDP,
195,393,0, 216.343,398.336,0.022,237.98,401.665,0.04,253.108,401.207,0.053,267.842,399.178,0.067,284.155,396.979,0.089,301.391,393.522,0.115,323.035,390.852,0.123,350.416,387.588,0.134,370,386.5,0.154,382.833,386,0.166,397.415,385.215,0.184,410.902,385,0.202,424.629,385,0.222,436.492,383.851,0.234,449.021,385.275,0.252,458.033,385,0.269,467,385,0.286,477.679,385,0.302,486.314,385,0.317,492.373,385,0.335,497.961,385,0.351,502.506,387.253,0.376,508.178,388.236,0.39,511.1,390.733,0.403,511.478,392.956,0.419,512,396.815,0.434,512,400.932,0.451,512,403.625,0.467,511.008,405.983,0.484,511,408.23,0.559,509.866,410.268,0.668,508.946,412.107,0.819,506.892,413.054,0.919,504.786,414.107,1.054,502.952,414,1.105,500.642,414,1.136,497.23,417.885,1.155,495.991,420.017,1.185,493.729,421.407,1.208,491.485,424.515,1.242,488.503,429.49,1.26,486.254,434.492,1.271,484.261,436.739,1.296,482.016,438.984,1.304,478.662,441.225,1.321,476.543,443.457,1.34,472.919,444.36,1.361,469.545,446.97,1.381,467.198,448.202,1.402,464.553,450.447,1.437,460.097,457.839,1.449,457.811,462.378,1.463,454.349,466.868,1.476,450.981,471.359,1.508,441.681,475.159,1.526,437.203,478.098,1.539,433.526,480.649,1.574,430.152,485.746,1.724,378.312,539.413,1.743,372.479,542.913,1.758,369.729,546.271,1.808,366.5,554,1.823,356.274,565.817,1.976,350.865,568.054,1.991,314.2,598.267,2.023,309.945,600.527,2.035,306.865,603.135,2.045,302.986,607.014,2.06,299.154,612.076,2.077,293.542,617.715,2.092,287.654,622.477,2.15,277.774,629.113,2.2,262.633,638.184,2.223,258.827,641.897,2.231,255.454,645.546,2.242,251.105,649.895,2.259,248.816,653.276,2.28,246.564,655.436,2.297,243.314,657.686,2.316,240.169,659.458,2.343,233.193,662.404,2.36,229.515,664.656,2.377,226.146,665.951,2.394,222.778,668.148,2.41,220.601,670.399,2.426,218.357,673.964,2.444,216.116,675.884,2.461,214.434,679.131,2.477,213.313,681.374,2.493,211.373,683.627,2.511,210.078,685.843,2.527,207.892,687.054,2.561,204.551,689.299,2.593,201.195,690.268,2.627,199.463,692.537,2.66,200,694.018,2.693,200,696.277,2.726,201.26,698.52,2.76,201,701.509,2.778,156,4363,IJPDP,
205,404,0, 235.257,408.071,0.016,247.063,409,0.056,258.261,409,0.086,285.286,410,0.116,315.493,410,0.143,356.633,409.335,0.173,385.599,407.093,0.204,399.428,403.934,0.234,430.317,397.894,0.259,460.216,392.482,0.309,488.881,390,0.341,510.063,389.013,0.372,518.771,390,0.401,520.498,391.249,0.425,520,393.536,0.472,520,395.358,0.51,517.762,397.238,0.528,518,399.966,0.591,511.087,406.913,0.605,508.806,408.097,0.64,506.347,410.435,0.665,499.633,413.911,0.682,495.084,416.75,0.698,489.463,421.537,0.711,483.028,429.629,0.727,475.341,438.61,0.75,457.746,450.896,0.767,451.093,461.861,0.786,442.913,474.851,0.807,433.617,479.947,0.826,426.875,490.562,1.068,301.63,611.37,1.092,284.524,626.197,1.117,278.158,630.305,1.134,272.55,634.56,1.153,257.053,650.083,1.173,249.194,657.806,1.202,245.1,661.14,1.218,239.493,665.005,1.242,225.776,675.478,1.268,218.785,682.215,1.287,214.023,686.977,1.317,204.59,691.705,1.34,193.565,697.435,1.363,190.189,700.811,1.373,188.274,704.177,1.386,187.151,707.547,1.403,186.5,709.5,1.427,187,711.139,1.445,188.213,713.426,1.471,189.228,715.456,1.488,192,716.5,1.504,194.408,715.296,1.52,196.653,715,1.537,199.847,715,1.554,205.36,715,1.571,212.17,715,1.587,218.92,713.68,1.605,231.371,711.126,1.621,245,710.5,1.636,252.5,708,1.656,269.522,707.191,1.67,280.395,704.202,1.697,295.698,703.893,1.712,310.658,701.823,1.721,327.396,700.707,1.739,340.056,701,1.756,356,701,1.773,371.5,702.5,1.788,389.405,702.789,1.817,403.969,703.914,1.831,421.43,705.033,1.847,436.493,706,1.858,454.422,706,1.884,467.018,706,1.91,495.019,703.724,1.946,518.073,703,2.021,534,708.732,2.038,534,711,2.063,532.733,712.534,2.089,530.462,710.731,2.106,528.887,711,2.138,527.82,708.641,2.173,526.732,705.198,2.19,528,701.839,2.206,528.848,697.608,2.224,529.5,695,2.357,0,0,0,0,0,0,0,0,0,0,0,0,0,0,0,0,0,0,0,0,0,0,0,0,0,0,0,0,0,0,0,0,0,0,0,0,88,2357,IJPDP,
187,384,0, 210.723,386.793,0.017,222.126,387.913,0.034,232.316,390.07,0.051,242.445,392.321,0.068,253.8,393.28,0.086,267.815,394.401,0.103,279.5,395.5,0.119,308.406,397,0.134,325.334,397.771,0.151,339.704,398,0.168,358.249,398,0.185,372.759,398,0.201,389.871,398,0.218,402.578,398,0.236,414.5,398,0.253,427.243,398,0.27,439.243,397.251,0.292,450.715,397,0.304,459.954,397,0.319,470.054,397,0.336,478.917,398.24,0.353,486.502,399.357,0.371,489.928,401.964,0.387,494.428,403.214,0.403,498,405,0.435,498.536,406.536,0.453,498,408.094,0.469,498,410.43,0.502,494.305,413.695,0.521,490.83,415.17,0.537,487.882,417.412,0.553,482.857,420.486,0.57,476.304,425.746,0.587,467.407,432.445,0.603,459.655,440.345,0.62,451.774,445.59,0.638,439.591,449.764,0.655,430.489,461.203,0.671,421.517,472.169,0.687,409.322,479.032,0.704,397.694,489.306,0.721,387.518,502.643,0.747,374.636,510.534,0.755,365.653,520.641,0.773,355.235,537.857,0.796,341.596,545.944,0.806,330.404,559.575,0.821,316.81,569.487,0.838,306.719,581.922,0.855,296.74,595.347,0.871,284.306,603.078,0.888,275.825,614.718,0.906,269.613,627.377,0.923,260.875,632.61,0.941,252.522,641.757,0.955,246.179,651.878,0.972,241.441,659.338,0.989,235.957,664.034,1.005,229.226,670.774,1.022,222.501,679.999,1.04,217.109,687.647,1.057,213.505,690.997,1.074,209.517,693.862,1.089,205.778,697.962,1.106,201.54,702.461,1.123,199.024,706.952,1.139,196.783,710.326,1.156,194.547,712.453,1.189,195,714.478,1.238,198.693,713.153,1.256,200.935,712.032,1.274,204.265,710.912,1.297,210.063,709.787,1.307,215.655,708.669,1.324,222.744,707.543,1.39,271.365,702.049,1.406,281.587,699.869,1.423,297.673,698.809,1.452,309.453,697.686,1.469,324.087,696,1.489,338.098,694.891,1.498,353.139,694,1.508,366.799,693.2,1.524,381.888,693,1.541,395.52,691.957,1.557,406.64,692,1.574,421.727,690.713,1.593,433.512,691,1.609,446.852,692,1.625,457.898,692,1.641,468.001,692,1.658,479,692,1.675,486.137,693.023,1.691,492.861,693,1.708,497.065,694.266,1.725,500.169,695.39,1.758,501.536,697.536,1.79,499.732,699.537,1.824,497.464,700.268,1.842,104,2052,IJPDP,
178,382,0, 194.23,383.014,0.017,209.169,384.264,0.035,219.897,384,0.052,234,384,0.069,246.596,385,0.085,260.808,385,0.101,275.41,385,0.118,303.009,385,0.135,317.6,385,0.152,333.412,385,0.168,346.431,385,0.187,361.398,386.492,0.203,373.699,386,0.218,387.554,385.265,0.236,399.575,385,0.252,410.779,385,0.269,423.131,385,0.285,434.207,385,0.302,445.467,386.347,0.32,456.727,384.527,0.337,464.125,385,0.353,473.421,385.713,0.369,481.843,386,0.386,488.744,387.915,0.403,494.412,388,0.419,498.81,389.202,0.436,501.97,391.647,0.454,503.898,392.449,0.469,503,395,0.502,504.268,397.803,0.535,502.731,400.807,0.553,499.73,403.27,0.57,497.398,405.602,0.588,493.711,409.289,0.605,490.5,412.5,0.621,486.983,415.345,0.637,482.825,419.175,0.654,475.584,423.666,0.67,468.777,430.223,0.688,462.012,439.317,0.704,456.577,445.708,0.722,449.585,448.207,0.739,440,456,0.755,430.116,467.473,0.771,422.593,474.862,0.788,411.166,481.364,0.804,399.812,493.207,0.821,392.024,504.394,0.837,381.641,509.311,0.855,371.556,514.914,0.873,363,529.5,0.889,353.736,536.758,0.905,343.251,544.249,0.921,334.887,556.48,0.938,325.015,566.985,0.955,312.716,572.583,0.972,305.305,583.179,0.989,297.444,597.382,1.006,286.616,601.923,1.024,277.746,611.077,1.038,271.34,621.587,1.055,264.028,628.266,1.072,255.209,633.869,1.089,248.406,641.692,1.105,244.113,651.995,1.122,239.635,660.73,1.14,232.225,662.388,1.157,226.651,666.936,1.173,220.735,673.976,1.19,216.496,681.008,1.215,213.128,686.787,1.226,209.779,690.221,1.24,206.409,691.197,1.257,203.034,694.966,1.273,201.116,695.442,1.306,199.463,697.537,1.339,198.732,699.536,1.372,201.119,700.06,1.406,203.424,701.212,1.425,206,702.5,1.441,209.001,703.667,1.457,212.374,704,1.474,216.657,704,1.491,222.186,702.963,1.507,232.378,704.153,1.524,242.54,702.718,1.541,249.843,703,1.559,260.5,703,1.575,272.178,701.705,1.591,281.919,700.231,1.608,293.811,700,1.625,305.168,697.966,1.641,317.508,696.863,1.658,332.388,697,1.674,341.445,694.234,1.693,355.968,693.503,1.709,368.248,693,1.725,380.973,693,1.742,392.715,692.128,1.758,114,2120,IJPDP,
208,385,0, 228.318,391.095,0.018,245.469,395.991,0.035,261.187,397.741,0.053,276.876,398.491,0.07,295.815,398.387,0.085,314.504,397.264,0.102,334.498,396.139,0.119,371.369,396,0.135,392.989,394.895,0.152,406.929,395,0.169,424.261,397.702,0.187,436.649,398.471,0.204,449.341,402.187,0.219,458.009,405.147,0.236,465.033,407.678,0.253,472.702,408.957,0.269,479.521,410.087,0.286,483.808,410,0.303,486.993,410,0.321,490.342,410,0.338,493.142,410,0.354,495.39,410,0.37,497,410,0.402,497.02,413.06,0.435,494.695,414.153,0.455,490.708,416.861,0.471,487.5,422,0.488,478.615,434.405,0.504,467.25,444.363,0.52,456.733,454.267,0.537,440.412,472.666,0.554,424.699,482.479,0.571,405.161,504.124,0.589,388.89,514.481,0.605,369.5,537,0.622,356.28,549.721,0.637,340.164,565.062,0.654,324.452,578.756,0.671,308.737,596.301,0.688,298.787,603.944,0.704,281.052,621.948,0.721,269.759,634.627,0.739,254.5,643.5,0.756,243.969,660.031,0.771,232.746,670.504,0.788,221.285,685.202,0.805,214.022,692.978,0.822,207.312,700.803,0.838,201.799,711.161,0.855,196.199,719.882,0.874,192.044,721.467,0.89,190.786,722.607,0.905,189,723.5,0.971,192.088,724.044,0.989,194.685,724,1.008,196.923,725.462,1.024,201.341,725,1.04,205.837,725,1.056,211.984,724.169,1.073,218.732,724,1.089,231.912,724,1.106,244.159,722.804,1.123,257.905,721.675,1.141,279.942,723.441,1.158,296.187,722,1.176,317.777,722,1.19,337.807,721.188,1.207,361.566,721,1.223,382.038,721,1.24,403.341,719.824,1.256,422.173,720,1.274,441.152,720,1.292,458,720,1.308,470.627,720.664,1.323,482.114,721.79,1.341,488.562,722.912,1.357,493.149,724.037,1.374,496.466,724,1.39,498.557,724,1.473,495.785,721.785,1.491,492.981,720.994,1.508,491.862,716.449,1.524,492,709.437,1.618,0,0,0,0,0,0,0,0,0,0,0,0,0,0,0,0,0,0,0,0,0,0,0,0,0,0,0,0,0,0,0,0,0,0,0,0,0,0,0,0,0,0,0,0,0,0,0,0,84,1618,IJPDP,
181,377,0, 205.235,384.376,0.013,237.361,389.406,0.031,257.878,391.653,0.05,277.945,393.883,0.067,298.414,396.157,0.079,319.666,399.579,0.099,339.675,402.946,0.116,384.464,409.209,0.136,399,411.5,0.148,411.5,411.5,0.163,431.308,413,0.18,447.003,413.929,0.215,458.451,414,0.23,478.359,412.705,0.248,487.357,413,0.265,488.5,411.5,0.28,490.321,410.34,0.298,492,409.5,0.33,494.801,407.466,0.442,493.238,410.881,0.468,492.465,411.268,0.481,489.999,413.001,0.511,485.526,417.474,0.532,471.5,429,0.559,463.05,438.95,0.57,452.584,446.45,0.583,437.046,454.909,0.598,425.22,470.67,0.618,408.355,478.768,0.632,393.952,494.048,0.649,382.082,508.63,0.668,369.161,519.198,0.684,358.374,533.024,0.699,346.022,543.527,0.716,334.527,558.71,0.741,320.421,569.709,0.752,308.006,579.813,0.883,227.441,651.629,0.899,219.669,659.331,0.916,214.43,663.256,0.935,208.835,667.732,0.952,200.5,675,0.967,193.904,683.096,0.984,189.593,688.21,1,187.143,689.929,1.017,186,690.5,1.034,185.914,692.172,1.116,189.566,693,1.134,191,693,1.151,194.054,694.013,1.168,198.58,694,1.185,204.37,695.274,1.201,212.751,693.607,1.219,220.5,694,1.234,237.909,693,1.251,251.384,692.238,1.269,267.23,691.118,1.288,281.029,689.998,1.316,297.88,690,1.326,313.014,690,1.338,330.904,690,1.352,344.424,690,1.369,363.215,691.614,1.403,398.05,693,1.418,415.777,693,1.445,432.623,694.101,1.456,450.734,695.233,1.469,463.225,696.352,1.486,482.596,696,1.505,493.573,696,1.519,505.938,696,1.537,514.888,696,1.553,519.862,696,1.57,522,696,1.593,522.209,696,1.635,519.642,698.358,1.702,518.986,695.973,1.72,519,692.485,1.835,0,0,0,0,0,0,0,0,0,0,0,0,0,0,0,0,0,0,0,0,0,0,0,0,0,0,0,0,0,0,0,0,0,0,0,0,0,0,0,0,0,0,0,0,0,0,0,0,0,0,0,0,0,0,0,0,0,0,0,0,0,0,0,79,1835,IJPDP,
181,396,0, 207.92,400.307,0.022,239.357,403.406,0.032,258.784,405.622,0.063,277.986,407.881,0.07,296.161,409.073,0.084,315.385,411.398,0.106,331.559,412.304,0.166,405.535,414,0.179,423.544,414,0.185,439.803,414,0.2,454.622,414,0.221,466.901,414,0.235,478.001,414,0.251,487.829,412.575,0.272,489.603,413,0.284,492.5,413,0.417,489.94,415.12,0.584,452.427,450.701,0.602,433.132,466.891,0.618,412.891,485.992,0.64,392.949,502.375,0.665,375.585,522.776,0.674,359.224,541.228,0.691,333.866,569.343,0.702,312.519,593.669,0.719,299.526,606.613,0.735,284.395,622.577,0.752,275.261,630.647,0.769,265.368,638.269,0.789,254.864,647.787,0.804,244.802,659.665,0.819,241.5,662.5,0.836,231.045,664.832,0.853,222.488,669.256,0.87,216.239,675.713,0.886,210.619,682.457,0.903,202.626,687.981,0.921,194.779,690.952,0.948,191.769,692.821,1.001,187.094,696.812,1.071,188.134,699.268,1.144,201.627,698,1.212,227.121,697,1.227,239.007,697.501,1.242,248.989,697.376,1.254,262.396,697.743,1.275,275.68,698,1.291,289.128,698,1.305,303.312,699.101,1.322,317.164,697.736,1.344,333.197,700,1.365,348.438,700.496,1.38,365.543,701.61,1.422,420.894,706.988,1.472,467.016,706.27,1.494,480.85,706.515,1.505,491,705.5,1.523,497.358,705.726,1.543,502.396,706,1.565,505.909,706.97,1.576,507.5,707.5,1.589,508.206,709.206,1.639,508,711.358,1.706,506,707.861,1.729,502.393,697.178,1.845,0,0,0,0,0,0,0,0,0,0,0,0,0,0,0,0,0,0,0,0,0,0,0,0,0,0,0,0,0,0,0,0,0,0,0,0,0,0,0,0,0,0,0,0,0,0,0,0,0,0,0,0,0,0,0,0,0,0,0,0,0,0,0,0,0,0,0,0,0,0,0,0,0,0,0,0,0,0,0,0,0,0,0,0,0,0,0,0,0,0,0,0,0,0,0,0,0,0,0,0,0,0,66,1845,IJPDP,
194,402,0, 217.475,407.335,0.017,242.343,410.69,0.033,258.371,411.812,0.05,273.128,412,0.067,288.778,413.056,0.084,305.679,413,0.1,322.515,413,0.118,360.649,413,0.135,375,411.5,0.151,393.34,410.666,0.167,410.877,409.208,0.184,428.629,409,0.201,446.595,407.963,0.218,459.894,404.526,0.234,473.367,403.719,0.251,486.848,402.596,0.269,492.5,400,0.285,498.875,398.354,0.301,505.613,397.231,0.318,509.676,396.108,0.335,511.5,395.5,0.351,510,399.203,0.368,508.741,401.517,0.385,507.622,405.134,0.402,505,408.5,0.419,497.886,413.491,0.441,492.264,417.242,0.452,484.949,424.051,0.469,476.096,434.881,0.497,462.615,445.038,0.518,452.944,454.056,0.538,425.278,481.722,0.56,412.958,493.645,0.57,398.291,506.532,0.587,384.008,518.301,0.603,369.396,534.544,0.62,359.189,542.631,0.637,344.224,557.776,0.656,333.615,571.061,0.67,323.9,577.189,0.687,310,593.5,0.704,300.376,602.921,0.72,287.286,616.538,0.737,276.51,628.433,0.754,266.368,636.491,0.771,256.263,650.315,0.79,244.84,662.476,0.805,240.825,664.74,0.822,231,675,0.839,222.221,686.462,0.854,216.784,691.412,0.871,212.301,695.699,0.888,206.762,701.238,0.904,202.339,706.827,0.921,197.822,712.473,0.939,194.762,718.063,0.956,192.466,719.069,0.971,191.5,721,1.004,189.464,721.268,1.054,192.136,721,1.086,194.786,722.393,1.115,197.025,722,1.13,203.276,722,1.14,208.4,722,1.155,213.026,722,1.172,219.763,720.873,1.189,228.978,721,1.206,242.115,722.374,1.223,249.962,720.505,1.24,262.376,721.615,1.256,273.67,722,1.272,284.616,722,1.289,298.818,722,1.307,308.961,720.893,1.323,322.723,721,1.343,336.243,721,1.357,346.748,719.525,1.374,363.563,719.403,1.39,378.104,719,1.406,393.801,717.314,1.423,408.501,717,1.44,424.148,714.836,1.456,438.663,713.795,1.473,457.34,714,1.491,469.392,712.551,1.508,484.762,714.576,1.528,496.675,716.395,1.54,506.563,718.641,1.557,512.715,720.886,1.574,516.197,721,1.706,509.857,714.857,1.724,508.834,709.172,1.817,0,0,0,0,0,0,0,0,0,0,0,0,0,0,0,0,0,0,0,0,0,93,1817,IJPDP,
164,383,0, 180.553,387.138,0.018,197.747,391.095,0.036,207.84,392.968,0.052,219.671,393.606,0.068,232.777,394,0.085,247.091,394,0.102,261.686,394,0.118,288.369,395.099,0.135,303.097,397.442,0.152,314.641,397,0.17,331.558,398.468,0.186,341.5,398,0.203,358.662,398.711,0.219,372.159,399.833,0.236,388.33,401.911,0.252,399.76,403.076,0.269,411.012,404.201,0.286,427.499,406.643,0.303,435.979,406,0.32,450,407.5,0.337,458.818,406,0.353,467.498,406,0.37,478.329,406,0.386,484.278,407.056,0.403,487.536,408.179,0.42,489.602,408,0.452,490.268,410.537,0.603,487.893,410,0.654,485.643,410,0.678,483.875,411.062,0.704,481.636,413.364,0.722,477.5,414.5,0.739,472.507,417.247,0.754,468.015,420.239,0.771,462.644,425.356,0.796,458.031,432.945,0.807,452.493,441.811,0.822,444.366,445.934,0.839,435.167,450.417,0.856,427.634,459.366,0.872,421.775,471.829,0.889,412.468,477.903,0.906,402.343,484.956,0.922,396.141,497.661,0.939,388.355,506.738,0.955,376.845,512.077,0.973,368.341,524.323,0.99,363.698,537.063,1.008,354.351,541.487,1.024,344.671,550.329,1.04,337.859,561.282,1.056,332.254,567.746,1.073,323.442,574.418,1.09,313.285,583.524,1.107,305.77,595.186,1.125,300.81,600.628,1.141,291.529,606.471,1.158,282.522,617.533,1.174,275.961,627.462,1.191,269.438,631.781,1.207,261.683,637.226,1.224,252.636,646.364,1.241,246.24,655.347,1.259,243.745,661.511,1.275,238.309,661.615,1.292,232.702,665.638,1.308,226.304,671.696,1.324,220.468,680.251,1.341,215.884,687.174,1.358,212.545,691.607,1.374,207.921,693.539,1.393,203.416,697.188,1.409,198.411,701.589,1.426,192.798,707.843,1.441,188.712,713.051,1.458,186.239,716.641,1.475,183.983,719.017,1.54,182.876,721.249,1.59,184.179,723.358,1.624,186.536,723,1.642,188.232,724.116,1.674,191.716,722.761,1.708,196.171,722.276,1.725,199.53,722,1.742,203.862,721.034,1.759,208.354,721,1.775,212.854,721,1.794,217.335,721,1.811,224.721,719.547,1.828,235.204,721,1.844,243.211,721,1.859,250.781,720.174,1.876,260.526,720.947,1.893,271.679,719.932,1.91,279.334,718.809,1.926,289.85,720.317,1.945,302.763,720,1.961,313.145,719.559,1.978,325.503,720.682,1.993,124,2592,IJPDP,
200,394,0, 214.09,392.994,0.01,228.213,391.708,0.031,237.885,392,0.047,244.5,392,0.064,251.9,393,0.079,259.388,393.77,0.094,266.373,394.895,0.111,277.38,396.038,0.14,281.712,397,0.148,287.35,397,0.162,293.071,397,0.178,300,398.5,0.195,303.641,399,0.21,308.133,399,0.227,312.633,399.908,0.244,318.145,400,0.261,324.91,398.848,0.277,331.634,400.272,0.294,336.961,400,0.311,341,400,0.328,347.202,400.64,0.344,353.586,401,0.361,359.429,402.772,0.378,365.032,404.007,0.395,369.518,405.129,0.411,374.018,405,0.428,379.845,405,0.445,386.996,405,0.462,391.472,406.618,0.479,395.975,407,0.495,400.462,407,0.512,403.958,407,0.529,408.436,407,0.545,412.936,405.766,0.562,418.757,407.351,0.579,421.433,405.522,0.596,425.799,406,0.612,429.171,406,0.629,432.535,405.155,0.647,436.871,405.968,0.663,440.265,404.912,0.679,447.266,406.211,0.696,449.995,406,0.714,453.363,407.454,0.73,456.735,407,0.747,459.406,407,0.763,462.474,407,0.78,465.835,407,0.796,469.203,407,0.814,472.573,405.809,0.83,478.553,407.311,0.848,479.87,407,0.864,483.5,405.5,0.896,485.806,406,0.929,488.804,406,0.947,490.17,404.915,1.113,487.928,406.036,1.147,484.196,411.072,1.164,482,413,1.298,463.307,429.949,1.314,455.817,437.183,1.332,450.1,441.92,1.349,444.476,445.315,1.367,440.109,449.891,1.382,435.627,454.373,1.4,431.105,460.368,1.417,424.207,470.988,1.432,420.846,474.436,1.449,416.643,476.678,1.466,412.154,479.884,1.482,408.747,482.168,1.499,405.385,486.819,1.516,402.009,491.321,1.534,400.094,495.813,1.551,398.848,499.729,1.567,396.605,503.093,1.583,394.359,505.641,1.599,392.118,506.941,1.618,389.868,509.132,1.633,386.442,511.372,1.65,383.087,514.913,1.668,379.708,519.723,1.685,375.232,525.322,1.701,370.968,530.709,1.717,368.404,534.394,1.735,366.155,537.767,1.763,363.913,540.087,1.772,359.336,544.664,1.784,353.567,549.147,1.802,347.953,556.456,1.819,342.895,563.105,1.835,339.03,566.97,1.851,335.666,569.556,1.868,332.294,573.608,1.885,326.886,578.091,1.901,321.272,583.728,1.918,316.946,590.582,1.936,311.052,595.948,1.953,307.979,598.021,1.969,172,3542,IJPDP,
184,393,0, 223.826,404.174,0.018,242.781,406.327,0.035,264.359,407.282,0.052,285.699,407,0.069,305,407,0.086,327.335,406.351,0.102,362.614,404.453,0.118,388.959,403.102,0.135,405.262,400.963,0.152,423.263,399.859,0.169,436.177,398.735,0.185,450.966,399,0.203,458,397.5,0.22,462.511,398.628,0.236,466.256,399.752,0.252,470.494,400.874,0.269,472.993,401.996,0.286,475.238,404.238,0.318,476.182,406.365,0.337,476,408.974,0.354,476,411,0.369,473.537,413.463,0.387,472.147,416.559,0.403,469.073,420.903,0.42,464.605,428.691,0.436,460.115,438.991,0.453,452.949,446.393,0.471,443.284,455.716,0.488,427.5,473,0.504,416.77,485.23,0.52,401.347,502.317,0.537,388.513,515.487,0.554,370.749,535.408,0.57,358.818,547.182,0.587,339.89,570.069,0.605,327.684,579.873,0.621,307.5,600.5,0.64,297.767,610.919,0.654,283.473,625.527,0.671,274.484,634.516,0.688,266.61,646.613,0.704,257.609,658.912,0.721,251.203,663.498,0.738,245.887,670.535,0.755,242,681.5,0.772,239.001,687.665,0.788,237.21,690.579,0.805,237,693.731,0.821,237,695.5,0.839,239.152,697.227,0.854,241.554,699.554,0.871,243.8,701.8,0.889,246,702.5,0.906,254.777,701.358,0.922,267.982,700.232,0.939,281.68,697.33,0.956,300.179,695.989,0.972,318.132,693.733,0.989,337.317,692.746,1.005,355.026,691.623,1.023,372.957,692,1.04,390.973,692,1.056,407.426,692,1.072,424.907,692,1.089,441.822,692,1.106,456.47,692,1.123,469.802,690.766,1.139,484.666,692.359,1.157,491.831,692,1.174,496.998,692.6,1.189,501.893,693,1.206,504.69,693.845,1.223,506,694.5,1.272,502.832,695.084,1.29,500.099,695,1.308,498,693.5,1.324,497.299,689.896,1.417,0,0,0,0,0,0,0,0,0,0,0,0,0,0,0,0,0,0,0,0,0,0,0,0,0,0,0,0,0,0,0,0,0,0,0,0,0,0,0,0,0,0,0,0,0,0,0,0,0,0,0,0,0,0,0,0,0,0,0,0,0,0,0,0,0,0,78,1417,IJPDP,
199,406,0, 223.867,403.928,0.018,247.805,402.371,0.034,261.254,401.25,0.05,271.862,400.126,0.067,282.942,400,0.084,294.192,400,0.101,302.917,400,0.117,324.208,398.635,0.135,334.335,399,0.152,341.462,397.393,0.168,353.759,397,0.184,364.694,396.145,0.201,374.782,396,0.218,385.985,396,0.234,397.192,396,0.251,404.393,394.658,0.269,415.19,393.534,0.286,427.296,392.823,0.302,438.099,392,0.318,449.306,391.169,0.335,458.642,390.045,0.352,467.625,388.922,0.368,478.987,389,0.385,486.235,389,0.403,491.225,390.445,0.419,493.691,390,0.436,496.379,390,0.452,498,390,0.484,499.536,392.536,0.502,499,394.176,0.519,497.698,396.603,0.551,496.732,398.537,0.585,494.463,399.268,0.618,489.925,402.075,0.636,487.685,405.473,0.653,485.443,408.836,0.67,481.805,412.195,0.687,478.5,414,0.704,470.788,417.927,0.72,465.158,422.842,0.737,459.55,431.119,0.753,454.941,440.118,0.77,449.323,445.677,0.787,439.936,450.032,0.804,433.728,457.272,0.823,427,468.5,0.838,420.651,474.485,0.854,412.018,478.991,0.87,403.044,486.086,0.887,397.029,494.954,0.904,391.426,502.804,0.921,383.354,506.94,0.938,374.128,511.436,0.955,368.114,517.405,0.972,362.388,527.816,0.988,354.189,535.358,1.004,346.071,540.388,1.021,338.184,547.816,1.038,330.386,558.877,1.055,318.89,567.688,1.072,308.99,571.338,1.089,303.238,580.222,1.106,295.351,591.649,1.122,285.671,598.516,1.138,278.031,604.969,1.155,272.254,613.594,1.172,266.64,622.575,1.189,258.652,629.156,1.205,253.41,631.954,1.223,247.81,636.752,1.24,244,642.5,1.256,240.266,651.1,1.272,234.97,657.03,1.289,228.44,660.78,1.306,222.742,663.103,1.322,219.491,666.509,1.339,216.122,672.464,1.356,212.733,678.111,1.374,209.5,683.5,1.39,207.013,687.649,1.406,203.643,689.786,1.423,200.281,691.813,1.44,197.938,693.031,1.456,196.848,695.303,1.489,198.198,697.395,1.506,198,700,1.539,201.764,702.528,1.557,203.772,703.886,1.574,206.013,705.007,1.59,209.381,706.127,1.607,212.759,707.253,1.624,214.755,708.377,1.641,219.989,706.503,1.658,230.187,707,1.674,241.432,706.257,1.691,250.94,704.265,1.707,262.869,704,1.724,274.108,702.889,1.741,282.852,700.537,1.772,131,2424,IJPDP,
178,394,0, 240.444,399.496,0.018,255.833,400.631,0.034,270.801,401.754,0.052,286.337,403.762,0.067,301.031,405.002,0.085,333.562,408.369,0.101,344.894,408,0.118,364.01,410.751,0.136,377.293,410,0.152,392.928,410.61,0.168,406.08,411,0.185,420.167,412.718,0.201,432.713,412.026,0.218,446.184,413.099,0.235,458.439,413,0.252,466.818,411.648,0.269,478.647,412,0.286,488.14,410.409,0.302,495.276,410,0.319,501.986,410,0.335,507.786,409.043,0.352,511.228,410.076,0.385,513.324,410,0.418,513,412.536,0.468,509.463,410.821,0.501,507.875,409.938,0.535,504.355,410,0.687,482.909,420.52,0.705,463.805,433.579,0.72,450.676,439.885,0.787,439.017,446.39,0.807,385.229,487.178,0.823,377,495.5,0.838,368.217,504.783,0.854,358.567,512.947,0.871,347.264,524.609,0.89,337.997,535.003,0.904,331.369,540.526,0.922,322.083,547.437,0.938,313.067,559.666,0.956,307.126,567.832,1.007,296.932,576.344,1.023,290.744,583.958,1.043,280.63,597.462,1.07,277.138,601.078,1.094,267.279,616.081,1.131,253.443,630.846,1.154,247.83,637.004,1.187,238.675,655.325,1.215,226.727,665.909,1.228,222.214,673.571,1.249,218.295,681.41,1.263,215.614,686.772,1.278,214.187,690.439,1.292,211.207,693.793,1.311,207.833,697.167,1.323,204.449,701.734,1.339,201.069,707.552,1.374,197.454,715.092,1.411,198.5,719,1.443,202.112,720,1.464,204.328,721.164,1.49,207.611,723.407,1.508,211.5,723,1.523,214.972,724,1.54,219.89,723.222,1.557,229.102,723,1.573,241.252,724.023,1.593,250.164,722.854,1.607,261.637,721.736,1.625,275.676,722,1.642,284.5,720.5,1.656,298,721,1.674,316.534,720,1.691,333.134,719.124,1.708,350.973,718.002,1.725,371.219,718,1.741,392.63,718,1.763,409.952,718,1.795,444.089,721.606,1.808,456.592,722,1.827,466.694,722,1.842,475.823,722,1.859,483.705,722,1.875,487.901,720.775,1.892,491.032,721,1.924,491.469,717.063,1.946,492,714.291,1.969,492,713.466,2.041,493.075,710.776,2.078,496.387,707.306,2.096,498,706.5,2.126,499.536,705.732,2.209,496.821,703.821,2.259,493.959,694.793,2.364,0,0,0,0,0,0,0,0,0,0,0,0,96,2364,IJPDP,
200,400,0, 230.569,399,0.008,240.534,399,0.029,249.342,400.293,0.043,261.193,400,0.06,270.5,400,0.077,279.309,400,0.092,295.329,399.216,0.11,305.357,398.092,0.126,315.28,394.907,0.152,328.845,392.693,0.164,338.446,390.456,0.191,348.555,388.21,0.198,361.156,387.484,0.232,371.101,387,0.242,380.845,386.239,0.268,399.019,384.997,0.285,407.181,386,0.302,417.267,386,0.33,424.995,385.374,0.352,440.897,386.612,0.369,449.206,387,0.394,456.192,387.865,0.41,461.9,388,0.418,467.559,389.112,0.429,473.198,390.24,0.448,479.998,391.333,0.464,483.825,393.456,0.494,491.056,394.685,0.515,493.626,395.813,0.537,496.81,396.937,0.563,502.539,398.18,0.597,504.484,400.484,0.612,505.5,403,0.646,506.268,404.537,0.68,506,406.539,0.711,504.91,408.181,0.795,503.892,410.216,0.829,501.916,411.042,0.878,499.64,413.36,0.912,497.464,414.268,0.953,494.195,415.268,0.974,491.718,418.423,0.987,489.479,421.782,1.005,487.233,425.151,1.028,482.954,430.558,1.049,472.518,440.735,1.069,466.615,444.631,1.079,460.988,448.007,1.097,456.571,453.536,1.123,450.516,461.978,1.133,443.075,470.194,1.146,434.112,476.916,1.164,429,478.5,1.183,425.042,483.698,1.215,420.562,488.438,1.23,411.574,500.533,1.247,407.111,504.889,1.265,403.968,506.688,1.29,401.109,508.445,1.312,398.259,510.741,1.32,394.877,514.831,1.343,390.713,520.109,1.366,385.216,526.74,1.392,371.798,536.802,1.401,367.684,538.658,1.421,364.262,543.172,1.455,352.588,555.777,1.48,345.337,562.854,1.487,339.318,567.746,1.507,334.77,570.115,1.522,330.269,575.914,1.538,323.154,582.154,1.553,316.426,590.003,1.578,310.242,596.206,1.588,306.009,599.991,1.599,302.616,603.384,1.615,296.489,608.593,1.632,290.836,615.197,1.65,285.197,623.124,1.665,280.878,628.403,1.69,276.364,629.818,1.702,273.876,632.062,1.717,270.044,634.304,1.733,265.925,636.537,1.75,261.411,639.692,1.766,256.925,643.056,1.8,249.229,653.028,1.821,246.235,656.148,1.835,244,659.5,1.851,242,661,1.867,236.749,661.501,1.884,233.385,662.872,1.9,230.011,664.993,1.917,226.636,666.121,1.934,223.283,669.717,1.952,218.539,673.095,1.968,217.036,676.446,1.984,214.775,680.838,2.009,213.273,684.18,2.051,168,3634,IJPDP,
189,403,0, 216.989,401.963,0.019,244.945,400.553,0.036,263.542,401.569,0.052,281.068,402.692,0.068,297.428,403.816,0.085,314.991,405.874,0.102,330.835,407.06,0.118,367.849,408.183,0.135,380.271,406.695,0.152,401.715,404.143,0.17,412,403.5,0.186,430.045,401.33,0.202,444.314,399.413,0.219,454.332,398.083,0.236,461.223,396.963,0.252,466.799,397,0.269,472.403,395.719,0.286,476.624,397.406,0.304,479.5,395.5,0.32,481.293,397,0.336,483,397,0.368,484.537,399.537,0.385,485.07,401.14,0.419,485,404.581,0.452,486.267,406.534,0.502,484.821,408.359,0.536,482.839,411.242,0.554,480.277,413.723,0.572,475.056,415.972,0.588,469.569,419.431,0.604,464.343,426.119,0.621,459.579,435.696,0.645,454.121,443.831,0.655,445.23,450.578,0.674,432.639,463.361,0.722,425.271,475.388,0.742,401.203,499.116,0.76,379.228,521.772,0.775,367.487,535.416,0.793,359.481,542.445,0.81,344.475,557.525,0.831,333.827,568.904,0.846,321.279,578.281,0.864,309.505,591.742,0.873,299.844,601.104,0.889,288.101,611.09,0.906,276.691,625.102,0.923,266.556,632.296,0.939,255.255,642.571,0.956,245.322,656.57,0.974,239.482,662.937,0.991,230.211,670.872,1.007,221.691,681.636,1.023,215.066,689.721,1.04,209.448,695.552,1.057,202.814,703.217,1.073,197.231,712.23,1.09,191.641,718.631,1.107,188.812,722.584,1.139,187.464,723.536,1.189,190.004,724.002,1.207,193.388,725.129,1.223,195.509,726.254,1.24,199.124,726,1.258,205.471,726,1.275,211.712,725.381,1.29,219.206,725,1.307,231.363,724.136,1.324,243.869,724,1.341,256.073,722.902,1.357,273.508,721.766,1.374,284.903,720.645,1.392,300.199,719.523,1.409,315.393,717.801,1.425,330.409,716.276,1.441,344.119,714.314,1.458,360.514,713.032,1.475,372.971,710.823,1.491,390.128,709.791,1.508,401.655,707.335,1.526,416.88,708,1.543,430.924,705.846,1.559,445.788,705.699,1.575,458.225,705.178,1.592,472.261,704.057,1.609,484.652,704,1.625,494.733,702.807,1.642,506.132,703,1.659,515.852,703,1.677,521,703,1.693,524.715,704,1.709,529.208,704.802,1.725,532,705.5,1.742,532.045,707.045,1.775,529.709,708.146,1.808,527.466,708,1.842,525.222,701.887,1.859,524.098,697.391,1.876,524,694.95,2,100,2000,IJPDP,
204,405,0, 229.466,405,0.018,260.264,405,0.034,281.246,405.802,0.051,302.531,406.923,0.068,323.902,408.047,0.085,347.529,409.168,0.101,372.454,410.293,0.118,422.537,412.827,0.136,437.5,412,0.152,456.214,409.342,0.168,474.314,408.217,0.185,486.138,407.096,0.202,493.162,407,0.219,496.436,407,0.235,498.542,407,0.252,502.173,409.782,0.318,496.344,413.656,0.335,492.987,418.018,0.352,487.364,427.017,0.369,476.77,440.973,0.386,461.219,450.31,0.404,449.552,467.934,0.421,429.03,485.196,0.436,409.249,503.538,0.453,390.219,521.781,0.469,370.324,538.73,0.486,353.43,557.78,0.503,335.355,573.189,0.52,314.749,588.862,0.538,297.453,604.604,0.555,278.891,619.109,0.57,260.542,632.445,0.587,245.893,648.476,0.603,233.444,659.637,0.62,219.988,668.675,0.636,211.341,682.488,0.653,205.034,690.621,0.672,198.316,693.789,0.689,194.716,698.854,0.704,190.915,703.78,0.721,188.364,708.272,0.737,188,710.882,0.754,188,712,0.771,188,713.182,0.803,190.431,714.215,0.822,193,714,0.839,199.039,714,0.855,206.568,714.795,0.871,215.348,714.081,0.888,228.47,711.922,0.905,245.5,709.667,0.921,263.587,706.14,0.938,282.959,704.181,0.956,304.5,705,0.973,325.122,703.656,0.988,345.938,703.226,1.005,367.06,703,1.022,391.505,703,1.039,408.114,700.718,1.055,430.079,702.267,1.072,447.19,702,1.09,460.5,703.5,1.107,471.562,705.891,1.122,482.036,710.018,1.139,487.51,712.755,1.156,490.001,715.001,1.188,490,717.246,1.239,487.643,717,1.256,486.5,714,1.289,484.02,707.101,1.306,482.899,699.296,1.323,481.774,696.323,1.414,0,0,0,0,0,0,0,0,0,0,0,0,0,0,0,0,0,0,0,0,0,0,0,0,0,0,0,0,0,0,0,0,0,0,0,0,0,0,0,0,0,0,0,0,0,0,0,0,0,0,0,0,0,0,0,0,0,0,0,0,0,0,0,0,0,0,0,0,0,0,0,0,0,0,0,0,0,0,0,0,0,73,1414,IJPDP,
184,404,0, 203.926,406.097,0.017,228.834,407.702,0.034,243.718,408,0.05,260.206,408,0.067,275.978,408,0.084,292.858,408,0.1,309.698,408,0.118,348.106,410.874,0.135,357.5,411.5,0.151,376.511,411,0.167,393.005,411,0.184,407.095,411,0.201,423.681,411,0.217,437.016,409.832,0.234,453.079,408.709,0.251,461.721,407.587,0.269,474.5,408,0.286,487.923,407,0.301,498.016,407,0.318,509.04,407.904,0.335,516.149,408,0.351,521.738,408,0.368,526.073,408,0.385,527.793,409.397,0.402,530,410.5,0.467,527.866,412.268,0.485,524.809,413.064,0.502,522.499,414.25,0.519,518.891,414,0.537,517.018,416.982,0.554,509.703,419.228,0.569,500.371,423.683,0.586,491.128,431.013,0.603,482.144,438.874,0.62,470.974,444.513,0.637,459.747,447.676,0.653,448.513,456.441,0.671,429.984,468.677,0.688,418.345,476.355,0.703,402.983,485.155,0.72,391.469,498.878,0.736,376.568,506.757,0.753,366.259,516.741,0.77,354.976,534.036,0.786,339.759,540.284,0.804,330.939,552.512,0.822,318.5,570.5,0.838,307.456,576.93,0.854,298.486,591.4,0.871,286.651,600.586,0.887,276.445,611.617,0.904,267.525,626.397,0.924,255.949,631.83,0.938,247.693,641.307,0.955,240.5,656,0.972,232.059,661.641,0.988,223.455,669.337,1.004,216.501,680.165,1.021,210.814,689.297,1.038,204.027,692.487,1.055,198.587,697.13,1.071,192.969,703.031,1.089,190.5,708.5,1.106,189.348,712.956,1.122,188.227,716.32,1.14,187.5,718.5,1.157,189.007,719.015,1.188,192.387,719,1.205,194.769,719,1.223,198.5,717.5,1.24,207.383,718,1.255,214.512,717.248,1.272,225.61,717,1.289,239.951,716.004,1.306,252.286,714.883,1.322,269.563,715,1.339,283.648,712.285,1.357,301.184,713,1.374,317.079,711,1.389,332.474,709.543,1.406,349.622,708.149,1.423,366.576,706.057,1.44,384.547,704.903,1.456,401.219,701.356,1.473,416.806,700.657,1.491,432.434,699.54,1.509,446.57,699,1.523,459.068,698.293,1.54,471.118,698,1.557,480.625,698.953,1.574,486.369,701.148,1.59,491.973,702.195,1.607,493.645,703.323,1.627,496.878,705,1.649,499.124,704.438,1.66,501,703.5,1.74,497.902,702.951,1.759,495.163,698.745,1.853,0,0,0,99,1853,IJPDP,
171,388,0, 202.909,399.227,0.021,221.983,401.88,0.041,240.09,404.136,0.059,260.326,405.37,0.068,280.539,407.615,0.087,300.79,409.866,0.102,321.5,410.5,0.122,360.532,414.353,0.136,380.564,415.798,0.154,397.837,416.922,0.169,412.507,419.078,0.185,427.198,420.169,0.22,450.494,422.409,0.236,458,420.5,0.255,465.555,418.349,0.271,473.41,417.227,0.287,481.297,415.201,0.302,487.104,413.979,0.319,491.583,414,0.337,493.522,414,0.353,495.787,414,0.37,498,414,0.402,501.511,415,0.419,503.759,414.12,0.436,505,413.5,0.453,506.123,415.062,0.485,506,417.366,0.504,503.022,418.489,0.521,499.5,418,0.537,495.796,420.735,0.553,492.429,423.571,0.57,489.054,425.964,0.587,485.685,430.42,0.604,477.408,437.364,0.621,465.52,445.436,0.638,454.293,447.412,0.654,444,455,0.671,429.584,468.842,0.687,415.314,476.174,0.704,399.541,485.652,0.721,386.014,500.068,0.737,370.098,508.658,0.754,359.697,517.642,0.771,342.832,532.287,0.788,334,540.5,0.804,319.66,551.34,0.821,308.653,563.979,0.838,297.61,570.695,0.855,285.344,582.656,0.872,274.172,596.193,0.895,266.243,601.838,0.906,256.116,608.589,0.922,248.253,620.493,0.938,242.641,628.359,0.955,234.646,633.971,0.972,225.714,641.375,0.99,218.776,651.336,1.009,214.35,659.138,1.033,209.862,661.854,1.05,202.974,666.026,1.072,192.423,678.865,1.09,188.683,684.09,1.106,186.205,687.693,1.123,186,690.033,1.156,186,692.249,1.19,187.256,695.768,1.208,190,698,1.222,194.227,700.484,1.24,198.469,702.734,1.256,205.974,703.996,1.273,213.849,705.121,1.289,225.391,703.761,1.307,244.887,701.264,1.325,258.253,697.557,1.341,277.884,695.787,1.357,295.399,694.271,1.373,311.113,693.145,1.39,329.589,693.976,1.408,344.281,692.901,1.462,402.384,695.456,1.478,419.984,696.587,1.51,453.771,699.657,1.524,467.441,700,1.541,480.86,703.215,1.557,488.417,704.202,1.574,493.59,705.318,1.592,497.772,706.443,1.609,502,707.5,1.625,503.356,706.322,1.641,505,705.5,1.774,505,701.632,1.792,505,699.175,1.808,502.934,692.802,1.92,0,0,0,0,0,0,0,0,0,0,0,0,0,0,0,0,0,0,94,1920,IJPDP,
191,395,0, 216.894,403.283,0.018,229.64,405.753,0.035,241.045,407.004,0.052,254.501,408.125,0.069,267.974,408,0.085,280.115,408,0.104,295.439,409.495,0.12,323.809,411.613,0.136,338.119,412,0.152,353.029,412.859,0.169,366.783,413,0.186,379.154,413,0.211,393.278,412.544,0.222,404.508,410.298,0.237,412.782,409.527,0.254,427.37,408.403,0.27,438.922,407.28,0.287,450.408,406.159,0.303,458.745,405.036,0.32,465.492,403.918,0.337,475.844,404,0.353,483.298,402.672,0.372,488.271,403,0.388,491.729,402.424,0.404,495.093,402,0.42,498.461,402,0.438,502.764,402.941,0.454,505,403.5,0.471,505.187,405.187,0.505,503.786,408.641,0.52,501,409.5,0.553,499.463,410.269,0.586,494.909,411,0.604,492.668,412.166,0.621,490.423,414.577,0.639,486.755,416.83,0.656,480.5,420.5,0.672,472.407,426.281,0.688,463.764,434.236,0.705,456.599,441.401,0.722,446.795,446.091,0.738,435.565,452.861,0.755,426.829,463.443,0.772,419.243,473.545,0.79,408.5,477.5,0.821,399.556,485.079,0.839,382.068,504.169,0.856,371.978,509.01,0.872,365.25,516.875,0.889,356.018,527.23,0.905,345.658,537.342,0.924,337.047,541.471,0.941,327.866,552.747,0.956,316.661,563.606,0.972,307.975,570.304,0.99,300.126,577.874,1.006,288.954,587.942,1.023,277.721,598.051,1.039,273.264,602.736,1.058,264.699,608.358,1.074,256.243,619.352,1.09,248.703,626.581,1.106,243.645,631.355,1.123,237.243,636.797,1.14,230.481,644.606,1.156,222.603,654.796,1.173,216.006,660.994,1.192,213.661,663.339,1.208,205.568,669.432,1.224,199.515,676.88,1.24,193.09,683.91,1.257,188.236,689.705,1.274,185.877,692.123,1.291,184.813,694.374,1.307,183.69,696.62,1.34,181.464,698.536,1.373,182,700.536,1.407,184.537,701.268,1.424,186.166,703.166,1.441,188.573,704.287,1.458,193.649,702.588,1.476,198,704.5,1.493,206.588,703,1.508,213.665,702.223,1.525,221.301,701.1,1.542,233.252,699.977,1.558,245.576,700,1.575,255.424,697.461,1.591,272.405,699.386,1.61,280.5,699,1.626,293.941,698.631,1.642,305.544,698.246,1.659,318.507,698.876,1.676,331.026,699,1.692,339.966,697.879,1.709,353.955,698,1.725,367.397,699.366,1.744,376.402,697.511,1.77,391.093,699,1.791,115,2172,IJPDP,
204,395,0, 218.404,396,0.016,223.076,396,0.031,226.512,394.829,0.052,229.866,393.711,0.065,231.762,392.619,0.082,235.5,393,0.103,243.781,392,0.117,252.306,392,0.131,262.066,392,0.152,272.263,393.029,0.166,280.924,394.115,0.182,290.204,396.551,0.203,300.596,398.799,0.216,308.851,399.481,0.233,314.81,401.635,0.252,322.183,402.74,0.265,328.329,403.866,0.285,333.018,405.005,0.301,336.294,406.098,0.315,338.432,407.216,0.332,342.149,407,0.354,343.992,407,0.366,347.821,408,0.385,353.428,408.738,0.402,358.376,409,0.418,362.862,409.965,0.433,367.309,411.077,0.45,371.915,412.229,0.471,377.648,413.33,0.485,381.802,413,0.5,387.925,414,0.52,392.5,414,0.534,397.263,413.184,0.551,402.823,413,0.57,408.29,413,0.583,417.501,413,0.6,424.002,413,0.622,429.054,413,0.638,436,414.5,0.651,439,414,0.667,445.265,414.184,0.684,449.78,414,0.703,453.203,414,0.719,457.65,414,0.734,460.941,414,0.753,464.281,412.573,0.773,467.631,413,0.788,470.937,413.646,0.801,474.305,413.232,0.819,477.761,413,0.836,481.073,413,0.852,483.328,413,0.869,485.57,413,0.887,487.826,413,0.92,489.531,413,1.088,486.903,414.049,1.121,481.805,416.098,1.142,479.557,417.222,1.156,478.655,419.689,1.176,474.594,420.937,1.191,471.241,422.586,1.205,467.868,425.132,1.22,464.438,429.416,1.24,462.083,434.792,1.261,458.766,439.312,1.272,455.383,442.617,1.29,451.941,446.06,1.306,448.585,447.943,1.321,444,450,1.34,438.136,454.148,1.357,432.916,459.9,1.376,429.172,466.656,1.388,426.837,472.407,1.404,422.167,475.625,1.42,418.986,479.014,1.442,412.799,482.761,1.463,406.732,488.268,1.471,400.613,495.064,1.491,396.627,500.955,1.504,392.322,505.678,1.522,386.697,509.182,1.538,381.11,513.712,1.555,375.468,520.838,1.581,368.446,530.406,1.596,364.318,535.146,1.607,358.668,538.999,1.622,352.992,544.008,1.638,346.44,549.633,1.656,340.774,558.362,1.674,336.457,565.951,1.689,331.836,568.873,1.706,324.585,573.61,1.727,319.5,579.5,1.746,312.866,587.388,1.757,307.923,594.616,1.772,304.317,598.683,1.79,300.925,602.075,1.813,294.331,607.557,1.825,288.822,614.413,1.84,193,3863,IJPDP,
171,400,0, 202.063,402.629,0.016,220.818,403,0.027,239.014,403,0.044,258.042,404.002,0.06,276.006,405.125,0.076,293.924,406.245,0.093,314.546,407.364,0.11,355.683,408.49,0.127,371.38,408,0.143,392.71,408,0.159,413.461,408,0.176,432.693,406.036,0.192,451.744,404.897,0.209,463.451,402.554,0.226,477.16,401.653,0.243,486.2,402,0.261,488.768,403.589,0.277,490.714,405.429,0.294,491,407.678,0.31,491,409.919,0.327,491,411,0.344,489.9,412.201,0.379,488.778,414.444,0.396,485.29,418.71,0.412,481.239,423.451,0.429,474.303,432.325,0.446,464.586,441.48,0.462,455.522,448.359,0.478,441.894,458.58,0.495,428.381,473.92,0.514,422.028,479.972,0.529,407.955,490.595,0.545,397.62,502.725,0.561,387.058,511.56,0.577,374.004,524.913,0.594,362.608,537.432,0.611,350.241,545.119,0.627,336.641,561.919,0.644,328.814,571.983,0.662,315.5,578.5,0.679,303.822,595.826,0.696,291.774,605.151,0.718,278.252,620.435,0.739,268.832,630.117,0.757,257.745,638.533,0.773,248.443,650.595,0.79,240.96,659.52,0.809,231.989,665.008,0.827,222.376,672.999,0.844,215.253,682.744,0.861,209.641,688.487,0.877,204.039,691.977,0.894,199.655,694.345,0.916,194.295,699.705,0.932,192.517,701.966,0.954,191.393,704.214,0.975,190.5,706,0.996,191,707.536,1.013,193.092,708.046,1.029,195.431,708,1.046,197.67,708,1.064,201.387,708,1.091,207.932,710.586,1.113,214.239,711,1.136,235.291,711.945,1.155,247.796,710.928,1.164,263.725,711,1.181,279.414,709.685,1.199,292.292,707.118,1.216,311.894,707.872,1.232,329.022,707,1.248,346.128,706.191,1.265,364.824,705.069,1.294,382.805,703.946,1.313,399.68,702.821,1.371,461.42,704,1.382,476.029,704.788,1.399,487.192,705.91,1.415,496.265,706,1.432,506.36,708.302,1.449,512.65,709.275,1.467,515.183,713.183,1.484,516,715.042,1.499,516,717,1.532,516,718.536,1.581,513.873,718,1.599,512.62,711.099,1.696,0,0,0,0,0,0,0,0,0,0,0,0,0,0,0,0,0,0,0,0,0,0,0,0,0,0,0,0,0,0,0,0,0,0,0,0,88,1696,IJPDP,
173,395,0, 194.189,399.036,0.017,214.274,402.578,0.034,232.087,404.636,0.052,248.526,405.435,0.069,268.547,407.562,0.085,288.29,408,0.101,309.315,408,0.118,347.289,408,0.135,372.084,408,0.151,394.443,409.172,0.168,410.503,409,0.186,431.5,409,0.203,445,410.5,0.219,458.588,410,0.235,471.398,410,0.252,482.155,410,0.269,489.174,408.971,0.286,493.608,407.848,0.302,498.097,406.726,0.319,499.796,405.602,0.335,502,407.5,0.368,499.732,409.536,0.401,495.983,412.009,0.419,492.606,414.262,0.436,488.003,418.997,0.453,479.372,427.628,0.471,464.057,441.448,0.488,449.719,449.569,0.503,432.898,464.842,0.52,416.913,476.77,0.537,400.24,490.792,0.553,387.826,506.494,0.569,371.782,514.839,0.587,361.506,531.891,0.605,344.368,543.211,0.622,331.83,554.962,0.637,316.946,566.745,0.654,306.259,575.741,0.67,294.401,590.489,0.687,280.99,600.758,0.704,272.345,609.655,0.721,262.052,625.258,0.739,249.014,634.079,0.755,242.967,645.49,0.772,233.703,657.297,0.788,224.45,664.094,0.804,217.33,673.504,0.821,211.671,684.658,0.838,204.884,691.116,0.854,198.141,693.929,0.873,192.855,700.145,0.889,188.891,705.773,0.906,187.321,710.715,0.921,187,714.395,0.938,187,716.5,0.955,187,717.043,0.987,190.433,718.144,1.022,195.064,718,1.039,203.593,719,1.055,211.453,719,1.072,221.103,719,1.089,238.366,719,1.105,251.75,717.854,1.122,271.561,718,1.139,285.092,716.608,1.157,305.5,717,1.174,321.727,718,1.189,337.072,717.244,1.206,355.798,717.878,1.223,370.054,716.995,1.239,387.929,718.121,1.256,400.985,718,1.273,418.485,716.634,1.291,432.359,717,1.308,449.938,716.389,1.323,465.276,715.266,1.34,480.14,714.143,1.357,490.819,714,1.373,502.028,715.103,1.39,510.822,715,1.406,514.392,715,1.423,515.935,716.468,1.456,516.268,718.537,1.506,511.836,716.918,1.524,510.802,713.407,1.54,509.672,706.035,1.559,507.102,702.203,1.652,0,0,0,0,0,0,0,0,0,0,0,0,0,0,0,0,0,0,0,0,0,0,0,0,0,0,0,0,0,0,0,0,0,0,0,0,88,1652,IJPDP,
200,387,0, 231.383,399.182,0.018,250.243,402.866,0.035,268.213,405.152,0.052,287.386,406.199,0.068,307.737,406,0.086,328.027,407.446,0.103,348.5,407,0.119,389.777,408.689,0.135,408.183,409,0.158,427.792,409,0.184,445.668,410,0.201,459.144,410,0.212,471.875,410,0.22,486.503,410,0.237,491.716,409.457,0.253,497.335,408.333,0.269,503.741,408,0.287,507.737,407.088,0.304,509.5,406.5,0.32,510.156,409.156,0.352,510,411.402,0.386,506.062,414.938,0.403,501.164,418.302,0.42,494.66,425.229,0.436,487.936,435.095,0.453,477.78,445.22,0.47,462.705,451.521,0.487,452.206,465.174,0.504,433.51,478.992,0.521,422.785,485.837,0.537,408.589,499.668,0.554,396.326,508.205,0.57,384.131,518.881,0.587,369.53,534.583,0.604,359.921,541.617,0.621,344.324,553.597,0.638,332.732,569.226,0.655,322.4,575.4,0.671,310.763,588.408,0.688,302.918,598.776,0.704,293.291,606.774,0.722,283.187,621.175,0.737,274.312,630.899,0.755,269.318,637.018,0.772,257.892,651.02,0.79,248.938,659.901,0.805,242.477,667.637,0.821,235.212,677.442,0.838,227.369,686.578,0.855,221.661,691.271,0.872,217.236,694.573,0.888,212.734,699.266,0.906,211.124,705.19,0.922,207.5,709,0.94,207,711.361,0.955,207,713.604,0.972,207.925,715.849,0.989,210.095,717.047,1.006,212.34,718.17,1.022,214.582,719.291,1.039,216.821,719,1.056,220.5,719,1.073,234.588,719.659,1.089,245.811,718.438,1.106,259.755,718.904,1.123,275.378,717.973,1.139,289.915,718,1.156,307.063,716.729,1.173,325.333,717,1.19,341.5,717,1.207,360.818,716.364,1.223,381.451,716,1.24,399.254,714.233,1.257,419.117,714,1.273,438.122,710.625,1.29,459.756,708.499,1.308,478.298,706.259,1.324,495.941,704.007,1.341,510.964,705.613,1.357,521.912,706,1.374,531.736,707.719,1.39,537.92,710.952,1.407,540.209,713.209,1.456,536.527,714.158,1.475,534,712.5,1.491,533,703.695,1.508,533,699,1.6,0,0,0,0,0,0,0,0,0,0,0,0,0,0,0,0,0,0,0,0,0,0,0,0,0,0,0,0,0,0,0,0,0,0,0,0,88,1600,IJPDP,
181,386,0, 272,409,0.017,284,411,0.055,297.5,413,0.24,493.678,415.521,0.256,500.431,415.642,0.275,504.452,414.516,0.287,507.5,413.5,0.318,508.536,414,0.391,505.863,414,0.417,503.464,414,0.45,501.463,414,0.568,495.785,415.107,0.62,493.973,416.013,0.663,490.551,417.15,0.703,484.297,423.703,0.708,477.317,430.014,0.725,467.103,436.738,0.737,459.477,442.602,0.765,450.719,447.141,0.781,438.435,454.409,0.798,427.815,464.731,0.811,416.758,474.419,0.931,392.5,490,0.954,318.027,572.476,1.157,235.181,665.855,1.193,221.762,680.651,1.228,213.606,691.859,1.274,202.357,698.643,1.309,200.966,701.068,1.354,202.146,704.438,1.388,204.537,706.537,1.431,207.861,707.931,1.463,210.107,708,1.501,218.648,706,1.528,233.267,706,1.573,254.01,704.198,1.597,279.558,701.688,1.616,294.593,702,1.631,308.377,701.602,1.648,323.35,701,1.689,353.752,701,1.746,387.191,702,1.767,434.718,703,1.782,450.016,703,1.794,463.392,702.384,1.834,487.917,701.135,1.867,494.953,700.008,1.911,514.411,700,1.957,515.358,700,2.033,516.054,702.109,2.137,516.101,696,2.318,0,0,0,0,0,0,0,0,0,0,0,0,0,0,0,0,0,0,0,0,0,0,0,0,0,0,0,0,0,0,0,0,0,0,0,0,0,0,0,0,0,0,0,0,0,0,0,0,0,0,0,0,0,0,0,0,0,0,0,0,0,0,0,0,0,0,0,0,0,0,0,0,0,0,0,0,0,0,0,0,0,0,0,0,0,0,0,0,0,0,0,0,0,0,0,0,0,0,0,0,0,0,0,0,0,0,0,0,0,0,0,0,0,0,0,0,0,0,0,0,0,0,0,0,0,0,0,0,0,0,0,0,0,0,0,0,0,0,0,0,0,0,0,0,52,2318,IJPDP,
179,395,0, 198.593,391.926,0.019,206.377,390.803,0.035,211.547,391,0.056,219.511,390,0.07,229.607,389.439,0.085,239,388.5,0.102,265.204,389,0.119,280.239,389,0.136,294.67,389,0.152,308.091,390.174,0.169,320.243,390,0.187,334.021,391.418,0.204,342.347,392.543,0.22,353.338,393.667,0.236,363.289,394.786,0.253,371.357,395,0.27,380.248,396.031,0.287,391.517,396,0.303,398.921,397.274,0.321,408.184,397,0.338,419.687,396.521,0.363,429.764,397,0.375,441.412,397,0.387,451.973,397,0.404,462.077,397,0.422,472.184,398.132,0.437,483.54,399.254,0.455,489.248,400.375,0.472,494.5,400,0.489,498.493,401,0.504,501.494,401.747,0.521,503.735,403.735,0.537,505,405,0.554,505.055,407.166,0.587,505,409.357,0.636,503.821,411.358,0.67,499.091,413.97,0.688,496.82,415.09,0.705,492.146,417.427,0.722,487.657,421.007,0.739,481.703,427.297,0.756,472.374,435.626,0.772,463.379,442.513,0.788,456.867,446.48,0.805,449.356,451.746,0.822,440.442,460.558,0.838,430.263,469.544,0.855,425.41,475.908,0.873,418.39,479.74,0.889,410.5,485.5,0.906,400.543,496.139,0.922,393.97,503.837,0.939,384.659,508.707,0.956,376.654,515.297,0.972,367.639,526.701,0.989,361.24,536.64,1.006,351.676,539.662,1.023,341.5,548.5,1.04,333.388,561.93,1.056,322.408,569.687,1.073,311.845,577.342,1.09,304.839,589.296,1.106,296.953,598.197,1.123,287.858,602.071,1.14,280.223,607.983,1.158,274,619.5,1.174,267.531,627.192,1.19,259.687,631.277,1.207,252.699,637.301,1.224,246.967,645.046,1.24,242.483,654.034,1.257,236.764,659.236,1.275,231.119,662.128,1.291,222.554,666.969,1.308,217.533,676.317,1.324,213.042,684.177,1.341,208.547,688.59,1.358,204.064,690.968,1.375,199.59,694.307,1.391,196.317,697.683,1.407,192.956,701.044,1.428,190.585,704.887,1.449,188.406,708.188,1.461,187.28,710.439,1.475,187,712.678,1.492,187,714,1.508,187,715.082,1.541,188.165,717.33,1.574,190.536,717,1.607,193.806,718.269,1.641,199.198,716.934,1.659,202.558,717,1.676,204.62,715.69,1.692,209.716,714.571,1.71,212.5,713.5,1.726,216.709,712.323,1.742,222.787,712,1.759,228.603,711.079,1.776,235.26,711,1.793,143,2642,IJPDP,
188,383,0, 208.417,386.062,0.018,231.299,388.741,0.036,245.947,389.496,0.053,263.594,389,0.069,279.354,389,0.085,295.058,389,0.102,311.791,389,0.119,341.88,389,0.135,356.177,389,0.153,370.524,389,0.17,383.721,387.523,0.187,396.352,388.405,0.203,407.176,387.282,0.219,420.111,387,0.236,430.654,386.038,0.253,441.864,384.914,0.269,451.862,385,0.286,461.966,385,0.304,470.626,385,0.32,482.607,386,0.337,491.577,386,0.353,498.923,386.82,0.37,507.528,387.941,0.387,513.33,388,0.403,515.373,390.373,0.42,517.618,391.309,0.437,517,393.865,0.469,517,397.359,0.487,517,399,0.519,515.732,401.803,0.537,513.832,403.168,0.554,511.424,406.864,0.571,507.772,408.819,0.588,501.5,414,0.605,495.727,415.309,0.621,490.89,417.555,0.638,486.392,422.51,0.654,479.863,428.114,0.671,473.127,436.019,0.688,462.604,445.13,0.705,456.684,448.544,0.724,445.894,458.106,0.739,434.677,469.323,0.755,427.22,476.78,0.772,418.962,484.158,0.788,407.976,496.027,0.805,397.874,506.126,0.822,390.28,511.229,0.838,378.288,519.599,0.856,367.088,533.403,0.874,360.109,538.445,0.889,350.399,545.134,0.906,340.269,556.449,0.922,332.141,566.819,0.939,319.871,572.513,0.956,308.743,581.806,0.972,302.908,596.185,0.99,294.726,600.806,1.008,284.269,609.323,1.022,276.716,620.14,1.039,269.992,628.843,1.056,261.325,634.797,1.073,253.439,644.721,1.089,246.783,656.028,1.106,242.684,661.974,1.124,236.764,665.789,1.141,229.58,674.56,1.157,222.83,682.865,1.173,216.927,689.073,1.19,213.189,691.874,1.207,208.769,694.115,1.223,204.269,697.548,1.24,199.777,700.917,1.258,196.717,702.856,1.275,196.5,705,1.29,195.5,707,1.323,194.732,709.804,1.341,196.02,711.039,1.357,198.314,712.157,1.39,201.61,712,1.409,204,712,1.425,207.942,711,1.441,212.09,710.228,1.458,215.682,709.106,1.475,220.075,706.962,1.491,227.96,705.863,1.508,234.591,703.47,1.524,241.309,702.615,1.543,246.5,701.5,1.559,252.151,699.74,1.575,259.27,699,1.592,267.128,699.875,1.608,274.002,700,1.625,278.484,698.879,1.641,285.477,699,1.658,294.909,699,1.677,302.431,699,1.694,309.268,699,1.709,318.606,699,1.726,132,2423,IJPDP,
197,426,0, 231.817,418.209,0.019,251.771,415.914,0.034,270.91,413.658,0.058,292.625,411.408,0.068,316.707,410.585,0.087,338,408,0.101,379.518,408,0.118,409.849,408.781,0.136,431.251,408.092,0.153,452.591,408,0.171,469.377,408,0.185,491.341,408,0.203,504.205,409.4,0.22,517,409,0.237,518.5,410.5,0.269,518.534,412.534,0.286,515.987,415.019,0.303,513.734,417.266,0.319,510.223,419.518,0.337,504.096,423.142,0.353,497,426.5,0.37,492.136,432.728,0.387,488.021,438.724,0.41,482.673,443.462,0.431,474.079,448.951,0.436,462.872,460.128,0.453,454.112,473.832,0.474,437.014,481.849,0.489,420.77,499.266,0.507,404.086,511.943,0.52,388.02,526.693,0.538,372.266,538.543,0.557,357.396,553.574,0.571,339.513,568.208,0.587,324.023,576.701,0.604,304.188,593.787,0.62,288.108,603.595,0.637,269.288,616.131,0.654,253.134,627.638,0.67,242.374,634.969,0.688,230.557,645.494,0.704,220.351,656.721,0.721,216.241,661.949,0.738,209.084,666.277,0.754,202.377,672.186,0.771,192.073,684.488,0.791,186.266,690.734,0.806,180.986,693.606,0.822,177.255,696.745,0.839,175.952,699.096,0.887,176,701.277,0.938,179.787,704.681,0.956,181.813,706.813,0.972,185.105,708.035,0.989,188.445,711.445,1.005,196.947,713.556,1.071,272.059,707.471,1.089,291.816,706.128,1.106,311.183,704.989,1.129,332.233,706.118,1.148,349.364,704,1.161,371.368,704,1.182,390.454,704,1.273,497.49,697,1.292,511.267,697,1.312,520.112,697,1.325,525.555,697,1.34,531.578,697,1.356,536.376,697,1.375,538.908,697,1.39,540,697,1.456,536.785,691.462,1.558,0,0,0,0,0,0,0,0,0,0,0,0,0,0,0,0,0,0,0,0,0,0,0,0,0,0,0,0,0,0,0,0,0,0,0,0,0,0,0,0,0,0,0,0,0,0,0,0,0,0,0,0,0,0,0,0,0,0,0,0,0,0,0,0,0,0,0,0,0,0,0,0,0,0,0,0,0,0,0,0,0,73,1558,IJPDP,
179,413,0, 195.125,416.023,0.018,224.717,416.844,0.053,238.794,415.718,0.063,278,413.5,0.076,304.841,413,0.092,332.935,412.233,0.113,363.028,412,0.125,414.408,413.008,0.142,440.125,413,0.17,459.47,414.248,0.181,468.272,417.515,0.193,474.996,421.997,0.218,470.896,436.449,0.242,460.803,447.707,0.247,436.314,465.614,0.259,403.357,478.869,0.276,367.665,501.085,0.294,335.188,518.758,0.312,299.935,544.853,0.327,284.435,570.944,0.344,273.217,590.959,0.361,264.231,611.98,0.377,254.383,629.695,0.394,248.5,639.5,0.41,246.819,662.086,0.426,247,670.704,0.444,248.336,683.701,0.461,252.375,690.209,0.479,262.635,692.159,0.494,273.053,694.411,0.511,281.762,696.646,0.528,292.451,699.835,0.544,304.724,702.132,0.561,314.718,704.382,0.578,332.748,707.95,0.595,346.656,708.435,0.611,369.5,709.5,0.629,387.155,709,0.644,401.849,709,0.662,418.646,709,0.679,432.698,707.942,0.695,448.353,706.832,0.712,460.257,704.408,0.729,471.146,702.171,0.745,489.5,700,0.762,494.924,698.346,0.779,500.11,698.777,0.795,503,699.5,0.813,502.008,701.017,0.862,499.74,702.13,0.962,497.822,703.089,0.984,498,700.75,1.12,0,0,0,0,0,0,0,0,0,0,0,0,0,0,0,0,0,0,0,0,0,0,0,0,0,0,0,0,0,0,0,0,0,0,0,0,0,0,0,0,0,0,0,0,0,0,0,0,0,0,0,0,0,0,0,0,0,0,0,0,0,0,0,0,0,0,0,0,0,0,0,0,0,0,0,0,0,0,0,0,0,0,0,0,0,0,0,0,0,0,0,0,0,0,0,0,0,0,0,0,0,0,0,0,0,0,0,0,0,0,0,0,0,0,0,0,0,0,0,0,0,0,0,0,0,0,0,0,0,0,0,0,0,0,0,0,0,0,0,0,0,53,1120,IJPDP,
