206,408,0,227.13,408,0.017,247.045,407.413,0.032,259.442,407,0.047,270.408,407,0.066,281.013,406.099,0.082,292.668,406,0.097,302.592,406,0.113,325.144,406,0.134,335.176,407.471,0.15,342.551,406.431,0.164,354.07,406,0.184,364.949,406,0.198,375.141,405.095,0.214,387.435,403.96,0.235,396.437,404,0.248,404.027,402.71,0.264,414.633,401.596,0.282,423,402,0.301,430.588,401,0.315,439.14,401,0.34,448.103,401,0.353,454.875,401,0.365,461.606,401,0.382,469.898,401,0.399,476.213,399.631,0.417,482.899,401.483,0.433,486.478,401,0.448,490.243,401.748,0.468,492.5,402.5,0.498,494.8,403.267,0.59,495.089,405.178,0.666,493.944,407.112,0.708,492.733,409.533,0.746,484.092,417.908,0.757,477.462,424.538,0.766,469.653,432.347,0.784,460.604,440.222,0.801,454.214,444.191,0.816,446.265,451.344,0.834,437,459.5,0.851,430.075,466.925,0.868,423.341,472.883,0.884,415.699,479.401,0.901,407.869,486.112,0.918,402.316,493.958,0.934,396.811,500.427,0.952,391.065,504.548,0.969,385.5,510.5,0.986,375.698,519.302,1.001,369.31,527.166,1.019,363.667,533.333,1.034,357.108,538.91,1.051,348.09,546.796,1.067,341.659,555.788,1.084,334.845,563.514,1.101,328.175,568.354,1.119,318.869,577.131,1.136,311.719,585.708,1.151,305.826,593.008,1.167,300.203,598.797,1.184,291.411,606.515,1.201,284.82,615.573,1.221,278.08,623.24,1.236,274.22,628.225,1.253,267.069,635.931,1.271,259.916,643.764,1.285,253.21,651.588,1.302,248.303,656.697,1.318,243.844,662.195,1.336,239.333,667.834,1.352,233.58,674.704,1.37,229.394,680.008,1.387,224.897,685.103,1.403,221.052,689.597,1.419,217.676,694.098,1.435,215.218,698.563,1.452,211.949,702.051,1.469,209.726,706.548,1.489,207.489,708.511,1.519,208,710.492,1.655,210.097,710,1.739,214.132,712.066,1.761,217.493,714.329,1.771,222.141,715.285,1.788,228.206,716.441,1.809,239.52,717.565,1.836,247.563,718,1.847,258.56,718,1.859,271.943,718,1.871,280.378,718,1.888,292.572,718,1.907,305.073,719.279,1.925,314.129,719,1.94,326.5,719,1.956,337.092,719,1.975,349.059,719,1.991,361.518,719,2.005,372.153,719,2.022,384.54,719,2.045,119,2607,MCPR,
197,397,0,232.196,395.047,0.013,252.166,393.935,0.03,271.301,394,0.052,290.558,392.673,0.069,311.105,393,0.087,331.324,393,0.101,361.793,393.67,0.115,386.756,394,0.131,403.168,394.936,0.15,416.123,396.01,0.164,429.772,397.148,0.181,438.384,397,0.202,448.69,398.41,0.219,455.5,399.5,0.232,461.076,400,0.249,468.429,400,0.269,475.194,399.134,0.284,481.138,400.027,0.298,484.482,400,0.334,486.356,401.178,0.401,487.134,403.268,0.434,484.457,405.543,0.455,481.654,405,0.47,477.995,406.335,0.487,476.091,407.454,0.5,471.025,411.975,0.521,465.592,417.408,0.535,459.94,427.121,0.549,453.309,437.537,0.57,442.033,445.677,0.583,431.198,455.622,0.601,422.264,470.104,0.624,408.943,477.678,0.634,398.562,490.767,0.651,388.195,503.125,0.67,376.325,515.464,0.689,366.779,529.733,0.704,356.719,540.281,0.718,343.911,555.469,0.735,335.576,567.333,0.757,324.996,575.559,0.771,313.35,590.167,0.791,304.462,600.186,0.802,294.214,612.343,0.817,282.941,624.059,0.834,274.782,632.218,0.851,264.693,643.452,0.871,255.759,654.802,0.887,248.232,661.768,0.903,243.5,666.5,0.921,238.891,676.975,0.937,232.631,683.641,0.953,226.623,688.502,0.97,222.111,692.888,0.986,219.743,695.257,1.002,218.75,699.999,1.022,217.622,701.756,1.053,216.733,703.534,1.103,217,705.35,1.154,218.076,702.849,1.175,220.857,701.572,1.193,223.081,701,1.205,226.018,700.327,1.219,229.399,699.201,1.236,233.755,699.939,1.263,243.188,703.054,1.274,250.984,705.281,1.29,261.596,707.577,1.306,272.827,708.383,1.324,284,711,1.338,299.642,711,1.354,316.6,711,1.37,333.448,711,1.386,348.19,711,1.405,367.499,711,1.426,380.686,711,1.444,396.242,711.354,1.455,409.745,712.479,1.47,423.336,712.611,1.489,435.349,713,1.51,448.084,713,1.522,460.729,713.975,1.537,474.411,714,1.554,489.188,714,1.577,499.297,714,1.592,510.172,713,1.606,517.006,713,1.621,521.109,713,1.641,523.5,713,1.706,522,715.106,1.758,520,711.73,1.782,519.231,708.692,1.797,519,705.317,1.809,519,703.5,1.909,0,0,0,0,0,0,0,0,0,0,0,0,0,0,0,95,1909,MCPR,
178,399,0,225.227,400,0.017,242.506,398.9,0.037,260.66,399,0.05,274.162,397.68,0.066,290.859,396.51,0.087,306.857,396,0.102,330.592,396,0.118,349.115,396,0.131,365.167,396.944,0.151,378.72,397,0.165,394.324,397,0.181,406.625,397,0.203,420.49,397,0.219,433,398.5,0.235,443.5,398,0.248,457.502,398,0.268,468.308,398,0.282,479.125,398,0.299,488.141,399.143,0.315,493.399,400.28,0.338,497.739,401.435,0.352,501.001,401.5,0.365,503,402.5,0.401,503.265,404.53,0.419,501.996,406.009,0.435,499.714,407.143,0.47,497.602,407,0.485,495.085,408.457,0.519,490.901,413.099,0.537,488.353,416.471,0.55,485.147,419.853,0.567,479.586,426.497,0.589,472.693,433.307,0.602,463.254,440.06,0.621,457.104,445.413,0.639,448.188,451.068,0.652,437.953,460.047,0.668,429.253,469.568,0.687,422.483,475.597,0.701,412.697,483.236,0.718,402.177,493.823,0.735,393.462,503.856,0.753,387.36,509.64,0.773,378,516,0.789,371.135,526.798,0.801,365.937,533.829,0.818,361.355,539.557,0.835,355.812,546.226,0.858,348.939,555.415,0.873,342.704,562.296,0.886,336.984,568.016,0.903,332.355,575.174,0.919,324.985,583.642,0.935,317.516,592.231,0.952,309.839,599.281,0.969,303.978,606.027,0.986,296.058,615.077,1.002,288.312,623.93,1.02,280.383,630.243,1.04,275.5,635.5,1.058,271.087,644.078,1.07,266.139,652.722,1.089,259.34,657.426,1.114,253.271,662.729,1.132,249.79,667.419,1.144,246.225,674.162,1.155,241.66,681.011,1.172,240.063,686.343,1.193,236.301,688.133,1.206,232.939,690.374,1.22,227.937,692.625,1.237,224.103,694.931,1.254,221.867,697.133,1.271,222,699.383,1.306,220.81,701.379,1.472,221,698.903,1.504,223.544,699,1.523,225.017,695.975,1.623,254.066,695.329,1.643,268.844,694.18,1.655,283.494,693.039,1.671,297.012,691.916,1.693,310.636,690.78,1.713,324.369,690.694,1.725,343.313,689.565,1.739,364.971,689.581,1.755,379.661,690,1.778,395.16,690,1.797,409.84,689.089,1.809,424.682,690.052,1.822,439.398,690,1.839,452.634,690,1.857,464.511,691.41,1.875,479.5,689.5,1.89,493.713,690.357,1.908,507.208,690,1.933,517.019,690,1.952,523.99,690,1.965,530.558,690.139,1.976,104,2255,MCPR,
203,399,0,219.612,399,0.019,238.144,399,0.036,248.598,399,0.053,259.585,399,0.07,269.901,400.1,0.084,279.962,400,0.105,290.36,401.373,0.121,312.886,403.876,0.136,318.5,403,0.155,330.815,402.682,0.169,340.47,403,0.184,351.445,403,0.204,362.455,404.045,0.218,371.589,404,0.235,383.358,404,0.257,394.466,404.567,0.271,403,403.5,0.286,416.36,403,0.302,426.325,402.209,0.323,436.686,401.035,0.336,445.273,401,0.352,454.076,401,0.375,462.004,399.714,0.387,471.17,398.604,0.403,480,399,0.423,487.105,398,0.44,492.702,397.26,0.453,498.4,397.88,0.472,502.02,398,0.488,505.34,399.113,0.52,508.574,399,0.588,508,401.266,0.655,506.93,403.141,0.69,503.197,406.803,0.707,498,410.5,0.723,490.981,416.019,0.738,487.152,421.746,0.758,481.643,429.5,0.776,473.826,437.174,0.792,465.928,442.48,0.809,459.355,448.204,0.824,453.607,456.524,0.841,446.336,463.998,0.856,439.32,470.68,0.872,432.531,474.735,0.889,427.844,481.233,0.911,422.167,489.167,0.927,414.183,496.817,0.939,406.155,504.845,0.961,399.302,509.238,0.976,393.245,517.007,0.988,385.628,525.372,1.005,376.007,532.329,1.026,368.668,538.276,1.042,363.477,544.627,1.055,354.12,555.115,1.074,343.329,562.855,1.09,336.5,567.5,1.11,330.849,574.151,1.125,322.319,581.261,1.14,313.095,589.042,1.155,307.009,594.992,1.176,300.267,600.61,1.195,292.562,607.232,1.208,284.522,614.124,1.223,278.127,622.352,1.244,274.014,626.389,1.263,267.176,631.446,1.273,259.985,637.179,1.293,253.251,643.749,1.31,248.82,650.27,1.324,244.15,654.85,1.343,239.739,657.946,1.36,232.402,661.299,1.38,227.243,666.206,1.391,222.285,670.715,1.406,217.798,676.002,1.423,214.23,681.617,1.444,210.926,685.074,1.465,207.566,687.289,1.477,204.133,689.578,1.49,202.181,690.41,1.527,201.735,692.531,1.576,200.823,694.354,1.597,199.949,696.102,1.676,198.893,698.214,1.744,201.079,698,1.794,203.362,698,1.825,211.119,700.824,1.845,215.716,701.929,1.866,222.297,702,1.879,230.341,702,1.892,242.187,703.319,1.911,250.509,701.561,1.934,260.308,702,1.951,271.507,702,1.963,281.299,702,1.975,292.145,702.914,1.992,303.539,703,2.01,124,2760,MCPR,
202,404,0,230.768,408.503,0.016,244.128,409.921,0.03,256.522,410,0.047,267.704,411.17,0.072,278.86,411,0.082,292.517,411,0.101,304.5,411,0.118,333.5,412.5,0.134,338.139,412,0.147,347.768,412,0.165,361.328,412,0.18,369.921,412,0.201,381.541,410.746,0.218,396.843,411,0.234,402.962,409.505,0.249,413.568,409,0.271,422.911,408.298,0.285,430.819,407.169,0.298,438.788,406.03,0.318,448.905,404.899,0.336,455.353,403.775,0.35,462.161,402.64,0.371,468.904,403,0.387,476.543,401.41,0.4,481.743,401,0.42,485.48,401,0.435,487.5,401,0.45,489.091,402.03,0.535,489,404.215,0.568,487.733,406.534,0.585,485.947,407.027,0.615,483.706,408.147,0.655,480.322,410.452,0.669,470.818,417.709,0.682,461.725,426.782,0.702,450.285,436.949,0.718,435.251,442.91,0.735,426.252,451.748,0.754,413.579,461.981,0.766,402.403,470.878,0.789,393.925,477.056,0.803,384.18,485.82,0.817,374.304,496.408,0.837,367.146,503.045,0.852,359.336,510.664,0.867,349.173,520.826,0.884,342.663,529.783,0.902,335.908,536.092,0.919,330.672,544.259,0.941,321.287,555.303,0.952,313.184,563.816,0.967,306.895,572.567,0.988,299.745,582.936,1.001,289.341,593.659,1.023,280.593,600.055,1.041,275.562,609.588,1.053,269.744,620.06,1.068,263.555,625.778,1.091,256.046,632.613,1.11,250.946,641.871,1.121,246.384,651.232,1.134,240.825,658.21,1.152,236.34,663.825,1.175,230.015,671.231,1.187,225.56,676.8,1.202,221.419,682.108,1.219,219.362,685.275,1.236,217.515,687.485,1.252,216,689,1.27,214.993,691.01,1.306,212.792,693.208,1.338,211.773,695.454,1.387,212,697.357,1.454,214.112,699.112,1.505,216.363,700.181,1.536,220.829,701.914,1.555,225.346,704.173,1.572,234.146,706.286,1.587,244.765,707.307,1.61,254.443,708,1.624,267.243,708,1.638,279.429,708,1.654,291.413,707.235,1.674,305.624,707.894,1.69,318.004,708,1.704,331.851,708,1.722,341.498,708,1.74,352.987,708,1.755,366.8,708,1.771,379.474,707.377,1.791,393.801,706.246,1.815,404.679,706,1.833,417.589,705.034,1.846,431.363,703.886,1.856,442.235,704,1.873,454.928,702.643,1.889,465.901,701.51,1.906,478.04,701.396,1.926,488.27,700.303,1.939,108,2276,MCPR,
196,391,0,213.308,395.072,0.01,232.277,397.754,0.029,242,398.5,0.047,252.121,398,0.06,262.663,398,0.08,271.765,398,0.094,281.779,397.025,0.11,302.154,398.12,0.132,311.254,396.75,0.144,321.07,397,0.163,332.993,397,0.182,340.17,397,0.196,349.249,397.694,0.21,359.56,398.84,0.228,366.758,399,0.247,375.837,397.895,0.263,387.125,399.212,0.277,395.803,399,0.3,403.324,397.525,0.313,411.382,398.548,0.328,419.756,399.679,0.348,425.918,400,0.361,432.513,400.919,0.378,440.333,401,0.397,448.11,403.317,0.414,454.879,404.313,0.43,458.813,404,0.446,464.5,405.5,0.466,470.21,405,0.483,475.052,405.763,0.496,479.61,406,0.513,483.089,407.03,0.53,485.304,407,0.55,487.551,407,0.579,490.764,408.255,0.664,492.213,410.213,0.981,490.981,412.039,1.019,489.384,415.848,1.033,486.652,419.348,1.049,483.187,425.626,1.065,478.908,431.115,1.083,473.234,436.766,1.101,467.849,440.921,1.115,460.743,444.128,1.134,458.5,449,1.151,453.237,456.391,1.166,447.253,462.747,1.182,440.729,468.392,1.202,435.008,472.993,1.216,430.623,475.188,1.236,427.241,480.012,1.25,422.548,484.452,1.27,416.218,490.782,1.286,409.45,496.958,1.299,402.82,501.787,1.316,397.601,505.549,1.333,393.121,509.879,1.349,387.582,515.418,1.372,381.845,521.155,1.385,376.285,526.715,1.402,369.219,533.781,1.417,365.785,536.215,1.435,359.856,541.453,1.451,352.332,547.858,1.467,345.404,554.596,1.483,338.653,562.405,1.5,333.122,566.702,1.517,323.625,572.484,1.534,314.62,580.957,1.551,307.5,590,1.567,302.102,595.599,1.584,293.708,600.933,1.602,286.56,607.44,1.617,279.876,615.145,1.634,274.317,621.819,1.654,268.684,627.316,1.673,260.376,631.874,1.685,252.5,637.5,1.702,248.5,644,1.718,243.416,650.584,1.734,238.524,655.476,1.751,233.029,657.988,1.767,228.513,661.365,1.785,225.284,663.477,1.801,221.938,667.062,1.817,218.57,671.907,1.839,216.23,675.77,1.855,214.283,679.152,1.869,211.481,681.68,1.885,210.05,683.9,1.904,208.947,686.105,1.935,206.67,688.33,1.984,205.822,690.356,2.085,203.88,691.06,2.186,206.042,692.021,2.251,208.268,692,2.285,213.595,693.865,2.303,217.929,694,2.32,224.655,695.109,2.337,130,3045,MCPR,
197,407,0,218.938,407,0.014,245.554,407,0.03,262.033,407.859,0.044,278.784,408,0.064,297.1,408,0.078,315.605,408,0.095,332.662,406.622,0.118,375,405.5,0.135,381.473,404.816,0.147,396.302,404,0.162,410.021,403.165,0.183,424.286,402.055,0.196,437.862,400.928,0.213,451.429,399.798,0.235,463.671,398.666,0.247,472.989,397.557,0.266,484,398,0.283,488.708,398,0.299,492.374,398,0.317,495.867,398.956,0.333,499.087,399,0.347,501.396,399,0.382,502.193,401.385,0.417,501.383,405.235,0.432,500.5,407,0.463,498.457,408.543,0.485,495.87,409.044,0.497,493.46,409,0.533,491.529,410.235,0.551,488.81,411.784,0.568,485.844,416.593,0.584,479.887,424.818,0.597,469.921,434.07,0.622,460.109,442.792,0.635,450.076,449.283,0.649,432.92,462.991,0.666,423.089,473.911,0.688,410.722,482.065,0.702,399.855,493.51,0.715,388.656,504.509,0.735,375.293,515.756,0.751,365.529,528.628,0.765,355.121,538.879,0.784,342.315,551.685,0.804,334.511,563.489,0.821,324.507,573.494,0.834,313.884,585.475,0.849,304.617,596.181,0.866,293.652,609.218,0.885,281.462,621.537,0.904,272.824,630.176,0.918,263.504,640.809,0.933,251.743,653.683,0.955,245.71,661.838,0.971,237.924,671.345,0.983,229.597,681.175,1.004,222.5,687.583,1.017,217.923,692.077,1.032,215.702,696.596,1.05,213.459,701.081,1.072,214,702.712,1.092,211.082,704.918,1.116,212,706.537,1.168,214.042,704.979,1.184,216.429,703.785,1.221,219.716,701.523,1.239,224.28,700.43,1.254,232.255,702.78,1.271,243.264,705.653,1.283,255.506,706.955,1.3,273.31,708.082,1.324,287.727,706.79,1.348,309.664,706.702,1.372,351.178,705.468,1.387,374.34,705,1.401,395.84,705,1.418,415.363,705,1.437,434.002,706.063,1.452,449.433,704.826,1.468,459.975,706.297,1.486,468.34,707.418,1.506,476.253,708.542,1.519,482.197,709.639,1.534,485.524,710.762,1.553,487,711.5,1.588,488.532,713.532,1.621,488,715.261,1.72,488,712.822,1.752,489.103,710.794,1.785,489,708.459,1.821,500.092,700.272,1.989,0,0,0,0,0,0,0,0,0,0,0,0,0,0,0,0,0,0,0,0,0,0,0,0,92,1989,MCPR,
205,400,0,222.833,402.098,0.019,238.282,403,0.037,247.374,403,0.05,257.248,403,0.064,266.57,403,0.085,274.694,403,0.099,283.457,403,0.115,304.697,403,0.137,309.302,403,0.153,320.795,403,0.169,330.189,403,0.181,339.349,403,0.202,350.61,402.039,0.217,361.181,402,0.232,369.311,403.187,0.253,379.819,401.687,0.277,390.511,403,0.29,398.617,402.483,0.301,407.848,402,0.316,418.834,402,0.333,427.378,402,0.353,435.834,401.021,0.366,446.188,401,0.388,455.188,401,0.404,459.878,399.624,0.417,468.409,400,0.438,476.175,400,0.452,482.594,400,0.466,488.343,400,0.486,492.954,400,0.501,497.362,398.909,0.517,501.962,400.241,0.539,503.698,400,0.552,507.357,400,0.569,509,401.5,0.603,510.524,401,0.669,510,403.114,0.769,508.91,405.179,0.786,504.661,409.339,0.801,499.749,412.938,0.821,495.277,416.292,0.839,489.5,421,0.854,487.5,428,0.87,480.276,435.469,0.885,473.731,440.513,0.902,465.883,446.084,0.925,460.334,451.667,0.939,454.809,459.667,0.954,447.58,466.42,0.97,441,471.5,0.991,434.328,475.448,1.007,429.83,480.617,1.019,424.624,488.126,1.039,417.924,495.076,1.056,410.471,501.454,1.069,403.748,505.834,1.092,398.228,509.063,1.108,394.732,517.175,1.121,389.037,523.963,1.136,382.79,529.508,1.156,376.921,534.263,1.17,371.145,537.913,1.187,367.749,544.501,1.203,363.156,550.055,1.225,358.593,555.758,1.246,352.921,560.663,1.264,347.319,564.608,1.282,342.399,568.601,1.292,338.61,573.983,1.307,333.357,580.572,1.328,326.891,587.109,1.346,319.123,593.585,1.356,312.372,598.086,1.371,306.857,602.715,1.389,304.5,610,1.408,296.831,616.803,1.421,290.406,622.828,1.442,283.692,627.539,1.463,278.019,631.985,1.474,274.573,638.854,1.488,266.173,646.827,1.508,259.632,653.368,1.531,252.083,657.945,1.548,246.624,662.97,1.56,240.609,670.123,1.571,233.67,676.442,1.587,227.144,681.88,1.611,220.222,686.519,1.629,217.365,689.423,1.64,213.919,691.72,1.655,212.042,692.479,1.69,210.468,693.266,1.958,212.03,695.059,2.143,214.089,693.955,2.276,243.342,695.949,2.297,255.602,696,2.308,266.987,696,2.325,276.961,694.671,2.347,286.973,695,2.369,130,3112,MCPR,
197,410,0,223.227,404.129,0.018,234.642,401.872,0.034,243.456,400.818,0.05,253.838,399.685,0.067,265.257,400,0.091,274.5,400,0.106,291.639,400,0.118,306.2,400.8,0.139,316.931,401,0.154,329.026,401,0.171,338.146,401,0.186,350.928,401,0.202,364.889,401,0.224,373.5,399.5,0.241,386.649,400.604,0.255,396.08,401,0.269,405.77,401,0.289,416.942,401,0.304,427.013,399.887,0.318,437.15,398.761,0.341,447.382,397.624,0.356,455.733,397.545,0.371,463.763,397,0.391,471.097,397,0.405,478.72,397.817,0.42,483.788,398,0.437,488.245,398,0.46,492.798,399.2,0.474,495.873,399,0.489,500.821,399,0.509,502.156,400,0.523,504,400,0.572,504.177,402.354,0.639,502.898,404.204,0.689,497.417,407.791,0.707,494.011,409.992,0.727,490.618,412.255,0.741,487.266,415.734,0.756,483.78,420.626,0.773,479,426.5,0.792,472.557,433.054,0.808,466.688,438.594,0.821,460.617,442.63,0.838,456.023,446.977,0.854,451.494,453.758,0.874,445.946,460.265,0.892,441.6,465.75,0.909,435.738,471.262,0.923,429.659,475.341,0.939,425.127,481.309,0.959,419.265,487.735,0.972,412.297,494.703,0.993,404.295,501.605,1.013,399.309,504.864,1.023,394.742,510.573,1.04,390.132,517.802,1.057,382.541,524.883,1.074,375.925,531.075,1.09,370.764,535.427,1.108,367.179,539.761,1.131,362.951,546.073,1.148,357.279,552.721,1.16,351.653,558.347,1.172,344.423,565.577,1.19,338,569,1.212,335.453,574.82,1.228,330.238,581.515,1.24,324.539,587.461,1.256,317.8,593.167,1.277,310.83,598.975,1.296,308.054,604.42,1.307,303.565,611.153,1.326,298.946,618.568,1.341,295,623.5,1.357,288.285,628.972,1.376,282.642,633.486,1.4,278.134,639.799,1.415,273.737,646.526,1.427,270.319,653.362,1.441,265.531,656.102,1.463,260.071,660.447,1.482,255.744,664.256,1.495,251.902,668.797,1.507,248.494,674.177,1.529,245.011,678.985,1.552,242.836,683.164,1.564,239.411,686.589,1.575,236.06,688.626,1.595,231.244,690.878,1.616,228.92,693.08,1.629,226.701,695.299,1.642,224.418,697.582,1.658,222.158,698.921,1.676,219.884,701.116,1.694,217.678,704.484,1.718,215.475,706.525,1.729,213.229,708.771,1.761,211.463,710.537,1.861,214.102,708.949,1.928,135,2790,MCPR,
203,399,0,224.66,401.063,0.015,246.929,402,0.03,259.629,402.875,0.047,270.319,403,0.067,280.263,403,0.086,291.867,403,0.103,303.135,403,0.12,324.852,403,0.132,334.78,403,0.147,343.865,403.733,0.163,355.417,404,0.183,365.036,404,0.2,374.885,404,0.213,387.575,404,0.235,398.746,402.625,0.253,405.257,403,0.27,416.292,402,0.281,424.129,402,0.301,431.089,401.152,0.318,437.626,401,0.332,445.628,401,0.353,452.315,402.219,0.368,456.167,400.708,0.382,460.817,401,0.4,465.308,401,0.42,469.019,401,0.435,473.127,401,0.449,476,401,0.47,477.078,402.026,0.517,479.266,403.133,0.567,481.353,405.353,0.617,483.071,406.036,0.719,485.178,407.089,0.851,485,409.119,0.884,479.746,415.254,0.908,472.109,420.636,0.922,465.588,427.412,0.937,456.821,436.179,0.952,447.401,442.799,0.968,436.954,449.031,0.987,428.403,457.397,1.005,418.71,466.369,1.018,408.565,472.242,1.038,399.574,476.713,1.054,394.723,482.277,1.068,386.112,490.888,1.086,378.5,497,1.106,369.812,503.188,1.122,363.567,507.955,1.136,353.942,515.267,1.153,344.783,524.217,1.17,337.048,531.952,1.195,328.695,537.383,1.211,318.177,544.823,1.222,309.592,553.895,1.236,301.718,561.67,1.252,292.349,568.434,1.275,283.49,576.51,1.288,275.179,585.795,1.302,268.422,593.674,1.318,260.48,599.086,1.336,252.491,606.15,1.358,247.539,612.953,1.376,242.157,621.411,1.387,235.798,627.502,1.406,229.128,633.872,1.423,223.347,641.515,1.437,218.715,649.498,1.453,214.161,656.258,1.475,210.97,660.373,1.491,205.376,665.624,1.504,201.288,670.853,1.523,198.713,674.931,1.537,196.429,679.141,1.554,193.25,682.75,1.572,191.986,686.043,1.608,190.86,688.28,1.654,192.18,690.36,1.705,195.927,691.963,1.724,198.213,694.213,1.738,203.062,695.266,1.76,210.211,697.737,1.777,216.836,699.473,1.789,225.422,700.602,1.805,237.022,702.459,1.822,247.674,703.853,1.839,261.868,705.98,1.857,276.381,707.106,1.876,288.046,708.186,1.889,307.854,710.732,1.906,320.948,710,1.925,339,711.5,1.945,353.731,713.38,1.959,369.617,714,1.972,387.058,714.941,1.989,400.916,716.076,2.007,415.642,717.203,2.032,428.137,717.285,2.045,441.421,717.583,2.057,113,2452,MCPR,
202,400,0,218.305,400,0.013,233.676,400,0.035,241.594,400,0.052,249.495,399.438,0.065,258.342,398.332,0.087,267.026,398,0.105,276.201,398,0.117,293.568,399.035,0.142,302.174,400.168,0.152,310.1,401.3,0.165,318.033,402.433,0.183,328.936,402.548,0.201,337.529,403,0.218,346.673,403,0.235,357.751,403,0.253,366.115,403,0.269,372.709,403,0.282,380.663,403,0.303,390.246,404.406,0.32,395.038,404,0.333,399.994,404.599,0.352,405.705,404.259,0.366,412.062,404,0.382,419.873,404.982,0.403,424.352,405,0.423,428.906,406.226,0.439,434.665,406,0.456,440.678,406,0.469,447.976,406.568,0.483,454.49,407,0.5,460.175,407,0.52,466.77,407,0.536,473.294,407,0.558,481.514,408.216,0.571,484.944,408,0.585,488.305,408,0.601,491.685,408,0.617,494.5,408,0.637,496,408,0.666,497.022,408,0.853,497,410.06,0.953,494.822,410,0.97,492.779,412.221,0.984,488.968,417.376,1.005,481.048,421.968,1.023,470.76,430.075,1.038,462.244,437.076,1.053,454.531,442.125,1.068,445.541,448.595,1.085,435.313,455.458,1.102,427.536,464.673,1.124,422.321,471.015,1.143,414.247,474.573,1.161,405.802,480.132,1.176,401.044,485.913,1.186,395.963,493.652,1.203,390.341,498.727,1.22,383.777,503.148,1.236,374.683,508.823,1.258,369.475,514.525,1.277,364.713,523.05,1.293,358.004,529.997,1.305,349.909,535.818,1.32,343.236,542.517,1.337,338.492,550.138,1.353,332.895,559.168,1.37,326.225,564.646,1.387,318.151,572.849,1.405,309.02,577.863,1.421,306,589.5,1.443,299.355,595.646,1.461,291.285,603.001,1.478,283.876,611.831,1.491,277.145,620.807,1.504,271.595,626.405,1.52,265.863,633.365,1.538,257.492,641.508,1.559,251.218,650.709,1.578,246.198,657.363,1.589,239.809,664.889,1.604,232.214,673.612,1.622,224.242,681.758,1.646,218.821,687.179,1.665,213.326,693.842,1.677,208.522,699.182,1.689,202.815,703.748,1.707,200.895,707.658,1.727,199,710.5,1.759,198.737,711.527,1.807,201.135,711,1.874,204.437,711,1.899,207.587,712.725,1.917,210.958,713.986,1.93,215.528,715.132,1.939,221.211,715,1.955,232.473,715,1.975,244,718,1.99,252.454,717.606,2.006,266.065,718,2.027,125,2698,MCPR,
211,401,0,233.406,403.134,0.018,258.023,403,0.033,271.95,403,0.047,286.823,403.909,0.064,300.506,404,0.084,315.842,404,0.101,329.493,405.291,0.115,362.811,406.416,0.133,373,409,0.153,388.592,408.639,0.169,402.896,409.741,0.182,419.103,410,0.201,433.029,410,0.217,450.278,410,0.231,460.738,410,0.253,473.143,410,0.27,488.233,410,0.286,495.264,410,0.299,506.138,410,0.32,515.015,410,0.334,519.811,410.953,0.348,522.211,412.106,0.434,523.106,414.213,0.468,513.523,417.776,0.483,503.593,423.226,0.5,492.021,427.792,0.522,483.477,434.892,0.539,471.529,438.626,0.551,459.5,443,0.572,451.212,447.215,0.586,440.301,453.619,0.6,430.669,461.414,0.617,421.817,469.16,0.64,410.071,474.965,0.656,399.546,482.718,0.667,391.026,493.346,0.686,379.089,503.299,0.703,368.245,513.395,0.72,356.845,525.896,0.735,343.583,535.945,0.751,334.111,545.875,0.775,322.442,559.869,0.792,311.592,567.877,0.803,304.701,577.066,0.819,295,590.5,0.836,285.5,598.5,0.857,275.62,610.031,0.876,267.17,621.537,0.897,257.218,630.806,0.905,249.215,639.898,0.917,242.642,652.49,0.935,235.838,659.522,0.957,228.124,668.356,0.974,222.141,676.574,0.985,218.595,683.513,1.002,216.371,687.443,1.019,214.103,690.846,1.037,214,694.226,1.061,212.832,697.503,1.085,213,700.624,1.121,215.535,702.535,1.171,219.099,705.05,1.189,222.387,706.129,1.203,228.456,708.582,1.22,238.177,709.397,1.24,247,709,1.254,259.464,708.378,1.27,273.079,708,1.288,284.424,708,1.304,300.066,708,1.32,313.642,708,1.344,329.792,709.271,1.363,342.882,708,1.375,358.714,708.48,1.387,373.311,709,1.406,388.158,709.726,1.423,399.536,710.837,1.437,411.728,711.975,1.458,422.658,713.066,1.479,432.717,713.809,1.491,442.947,712.673,1.504,453.189,713,1.523,458,713,1.543,464.105,713,1.555,471.687,712.188,1.571,477.756,712,1.587,482.154,710.962,1.611,485.507,711,1.63,488.579,710.71,1.643,491.289,709.57,1.656,494.133,708.433,1.687,496,707.5,1.706,498.794,706.735,1.757,499.062,704.876,1.807,497.82,700.279,1.929,0,0,0,0,0,0,0,0,0,0,0,0,96,1929,MCPR,
214,382,0,240.876,386.366,0.019,254.85,387,0.032,266.536,387,0.05,276.735,388.082,0.069,285.468,389.183,0.086,295.973,390.33,0.105,303.342,391.477,0.122,321,394,0.133,327.5,393,0.151,336.748,394,0.171,344.567,394,0.185,354.335,394,0.202,363.206,395.151,0.216,372.575,396.322,0.238,381.576,397.447,0.254,394.555,398,0.266,404.867,398,0.286,417.292,398,0.302,430.041,398,0.318,441.288,399.029,0.333,453.579,400.144,0.351,462.253,400,0.372,471.134,401.392,0.387,482.109,401,0.401,490.309,401,0.422,498.767,400.279,0.434,507.791,399.151,0.451,514.903,399.984,0.47,518.367,400,0.503,520.333,402.333,0.553,520,404.357,0.603,517.643,406.357,0.636,515.786,407.107,0.668,513.462,409.538,0.692,508.713,413.629,0.709,501.527,420.473,0.719,493.509,428.491,0.735,487.638,436.508,0.755,479.706,441.925,0.771,469.236,447.535,0.788,462.092,454.493,0.805,455.705,464.393,0.82,447.815,471.241,0.837,437.343,478.36,0.856,430.753,487.645,0.87,423.998,497.003,0.887,414.711,503.967,0.903,401.937,510.671,0.92,396.639,521.541,0.942,390,531.5,0.96,379.378,537.214,0.977,370.714,546.429,0.995,363.109,557.416,1.005,353.091,564.94,1.021,341.792,572.845,1.037,334.276,581.97,1.055,325.211,594.835,1.071,307.195,601.402,1.092,297.843,614.561,1.109,285.442,624.497,1.12,275.214,634.635,1.137,264.539,644.515,1.157,254.351,654.649,1.179,245.402,663.776,1.192,235.339,674.957,1.206,221.965,688.035,1.222,216.5,693.5,1.237,210.904,700.096,1.255,205.034,706.759,1.271,200.271,710.797,1.289,196.863,714.137,1.304,194.649,716.351,1.341,192.628,719.557,1.39,190.642,720.179,1.44,193.357,720,1.461,195.239,720,1.493,201.26,720,1.51,205.959,719.592,1.524,212.398,720,1.543,219.861,720,1.561,233.444,720,1.574,246.104,720,1.611,279.88,717.654,1.625,293.157,716.526,1.641,315.442,715.41,1.655,332.628,713.583,1.677,351.474,711.297,1.699,368.854,710.072,1.712,387.142,707.857,1.722,401.445,705.624,1.74,412.193,704.681,1.758,424.933,702.103,1.774,432.527,701.434,1.795,441.309,700.336,1.821,449.423,699.225,1.84,459.06,697.985,1.857,462.503,698,1.873,464.555,698,1.896,468.197,698,1.912,104,2180,MCPR,
207,403,0,222.124,404.008,0.014,234.876,405.171,0.037,243.563,405,0.053,252.367,403.579,0.067,262.505,403,0.081,271.25,403,0.098,280.302,402.212,0.119,296.374,402,0.133,305.161,403.023,0.149,313.013,403,0.165,321.03,401.71,0.187,330.128,402,0.203,335.563,403,0.216,342.3,403,0.237,350.768,403,0.25,359.803,403.85,0.265,367.959,404,0.288,376.999,404,0.299,388.138,402.786,0.317,397.049,404.381,0.339,404.5,402.5,0.352,412.63,403,0.366,420.95,403.707,0.386,428.68,404,0.401,436.77,403.033,0.418,445.732,403,0.435,452.341,403,0.457,459.113,404.352,0.47,464.565,403.573,0.485,471,402.5,0.506,477.686,403,0.519,482.922,403.784,0.534,486.793,404.931,0.555,490.994,405,0.568,493.367,405,0.588,496.912,405,0.607,498.832,405,0.62,502.043,405,0.635,504,405,0.686,505.354,407.354,0.702,503.927,409.147,0.803,501.822,410.089,0.82,499.983,411.008,0.854,496.653,412.116,0.889,494.549,414.451,0.906,491.235,417.765,0.919,487.915,421.78,0.939,484.452,426.397,0.955,481.17,429.83,0.973,477.781,434.292,0.986,473.255,437.559,1.005,465.918,441.041,1.024,463.567,444.433,1.04,462,446,1.053,459.334,448.331,1.082,457.45,450.55,1.095,455.191,455.523,1.105,452.899,459.152,1.119,450.64,462.539,1.136,448.388,465.917,1.157,444.653,469.347,1.171,443.017,470.983,1.192,438.848,474.891,1.207,435.493,477.507,1.224,432.279,481.627,1.237,430.966,486.135,1.258,427.575,489.425,1.275,424.291,495.182,1.289,422.286,499.427,1.305,418.958,502.042,1.325,416.136,504.864,1.345,413.532,508.202,1.356,409.531,511.602,1.37,407.02,515.961,1.387,404.787,519.319,1.41,401.285,523.953,1.43,399.329,528.007,1.446,396.625,531.375,1.457,393.823,535.355,1.477,390.867,539.843,1.493,386.719,543.461,1.505,382.115,549.827,1.525,377.598,554.402,1.543,373.312,559.86,1.555,368.659,564.341,1.577,365.664,567.336,1.591,361.346,571.205,1.605,357.289,575.711,1.625,352.862,580.138,1.641,348.376,584.624,1.656,344.787,588.213,1.676,341.409,592.788,1.691,338.196,594.536,1.706,334.699,598.301,1.723,331.352,602.197,1.744,328.135,605.865,1.761,323.986,610.014,1.773,319.413,614.586,1.79,315.907,619.124,1.809,152,2973,MCPR,
205,400,0,227.72,400.872,0.017,235.944,401,0.03,242.53,401,0.047,248.142,401,0.069,253.833,401,0.083,259.375,401,0.098,266,401,0.117,276.418,401,0.133,281.262,401,0.147,286.696,401,0.165,292.364,401,0.185,298.024,401,0.202,302.199,402.3,0.215,306.851,402,0.232,309.5,402,0.252,315.403,402,0.267,320.933,402,0.281,327.449,402.908,0.298,332.225,403,0.317,336.679,403,0.332,341.17,403,0.351,345.728,403,0.371,352.254,403,0.386,358.776,403,0.399,363.282,403,0.418,367.551,403,0.434,372.163,403,0.449,376.57,404.143,0.466,383.646,402.726,0.49,388.96,404,0.503,394.401,404,0.517,398,404,0.537,403.484,404,0.552,409.318,404,0.567,416.929,404,0.59,422.69,404,0.602,426.822,404,0.618,432.798,404,0.638,437.441,404,0.651,443.535,404,0.667,448.846,404,0.686,453.205,404,0.701,456.795,404,0.717,460.254,404,0.741,464.879,404,0.756,466.55,404,0.771,469.349,403.55,0.785,472.131,403.565,0.804,474,404.5,0.834,475.529,404,0.869,478.785,404,0.887,480.296,404,0.952,482.266,405.133,1.036,484.118,406.059,1.153,486.051,406,1.372,487.038,408.077,1.454,487,410.12,1.506,485.274,413.451,1.522,484.131,415.738,1.537,482.044,416.978,1.553,480.899,420.302,1.57,477.178,423.822,1.591,475.212,425.788,1.607,473.017,427.983,1.621,471,430,1.641,468.595,431.405,1.654,467,433,1.69,462.853,436.074,1.72,460.653,438.347,1.739,459.545,440.911,1.773,457.468,441.266,1.806,454.193,443.538,1.823,452.961,444.02,1.838,450.588,446.412,1.873,447.407,448.396,1.907,443.367,452.265,1.923,440.71,454.527,1.94,438.175,456.825,1.955,434.848,459.101,1.977,432.635,462.548,1.992,430.49,465.765,2.007,428.158,467.842,2.026,426,470,2.056,423.198,472.802,2.091,420.207,474.529,2.108,417.815,477.185,2.143,415.689,480.466,2.158,411.556,482.963,2.192,409.637,486.363,2.209,408.175,488.649,2.223,406.054,489.973,2.24,403.846,493.23,2.26,402.784,495.431,2.273,400.393,497.607,2.291,399.52,499.961,2.328,396.681,502.66,2.343,395,503.5,2.376,392.953,507.093,2.412,389.593,510.407,2.429,212,4932,MCPR,
198,399,0,216.94,395.843,0.018,234.313,393.41,0.034,243.544,392.307,0.051,254.511,391.149,0.064,263.717,391,0.081,272.798,389.9,0.099,281.755,390,0.114,304.559,390,0.136,309.848,390,0.153,318.203,389.422,0.169,327.194,389.649,0.181,335.679,390,0.201,344.663,390,0.217,356.643,390,0.231,365.516,388.811,0.253,373.326,387.668,0.269,382.397,388,0.282,393,388,0.299,397.982,388,0.319,403.835,388,0.334,413.209,388.912,0.349,420.226,389,0.368,426.98,387.837,0.382,433.496,388,0.399,439.094,388,0.42,449,389.5,0.433,453.522,389.631,0.451,458.864,390,0.468,464.389,390,0.484,471.93,390.99,0.499,478.847,389.859,0.519,485.638,390,0.536,489.471,390,0.554,493.476,389.508,0.567,496.5,388.5,0.587,500.788,390.697,0.603,503.658,391,0.616,505.943,391.971,0.636,508.163,392,0.666,510.33,393.165,0.752,511.107,395.213,0.786,509.945,397.109,0.803,508.711,400.865,0.819,503.301,404.275,0.835,499,407.5,0.856,492.459,411.906,0.87,487.96,416.04,0.888,483.373,420.627,0.91,474.931,428.06,0.923,467.081,434.788,0.936,458.933,441.772,0.952,452.573,445.618,0.974,446,453,0.99,436.692,461.308,1.002,429.557,468.443,1.019,422.712,474.406,1.037,414.078,481.932,1.058,405.101,489.786,1.073,397.442,500.003,1.087,392.077,504.923,1.102,382.144,511.892,1.125,372.204,522.396,1.142,364.804,530.895,1.153,355.419,538.896,1.169,345.323,547.713,1.188,337.419,557.747,1.209,330.901,565.282,1.221,319.985,573.345,1.236,309.714,582.81,1.264,304.559,593.015,1.277,295.745,600.17,1.29,286.443,608.557,1.304,278.385,618.505,1.32,272.86,626.196,1.337,264.824,634.176,1.363,255.933,643.953,1.378,248.928,653.901,1.396,243.364,661.163,1.409,237.053,669.921,1.42,231.075,679.279,1.437,224.573,686.427,1.453,219.852,692.185,1.471,217.656,699.033,1.487,214.203,706.859,1.508,212.228,711.929,1.527,212,713.999,1.539,212,716,1.626,214.07,716.035,1.672,218.785,716.595,1.687,222.864,717,1.708,230.422,717.803,1.729,239.469,718,1.74,248.676,718,1.754,260.126,718,1.777,275.436,718,1.795,285.63,717,1.806,299.5,717,1.822,315.557,716.317,1.839,330.634,716,1.856,121,2606,MCPR,
198,389,0,215.964,387.943,0.018,232.753,387,0.032,242.116,387,0.046,251.225,387,0.067,260.43,387,0.081,269.102,387,0.096,278.364,387,0.119,298.839,391.282,0.133,305.5,390,0.147,313.044,391.261,0.167,321.978,392.747,0.183,331.09,393,0.197,338.931,393.99,0.216,349.221,394,0.231,360.268,394,0.249,369.067,395.383,0.268,378,395,0.282,387.5,396.5,0.302,396.902,397.7,0.316,405.667,398,0.333,415.82,398.98,0.348,425.721,400.08,0.365,434.705,400,0.386,445.322,401.369,0.403,453.074,402,0.418,460.888,402.555,0.433,469.497,403,0.452,479.225,403.803,0.466,486.537,404,0.482,494.466,402.933,0.505,502.357,403,0.52,510.068,403,0.535,513.571,403,0.55,516.102,404,0.569,518,404,0.686,518.067,406.134,0.734,512.459,409.656,0.753,505.986,412.005,0.769,498.28,415.309,0.787,491.387,420.075,0.802,486.084,425.916,0.818,479.016,432.984,0.839,470.229,437.982,0.854,462.768,442.821,0.867,456.029,448.143,0.886,445.285,455.8,0.902,435.358,464.571,0.917,427.357,472.643,0.936,420.916,477.737,0.956,409.117,485.883,0.972,401.118,494.991,0.984,392.486,503.136,1.001,381.82,510.726,1.019,371.582,520.418,1.038,363.745,530.328,1.052,352.241,537.055,1.07,340.775,546.58,1.086,333.913,558.41,1.102,321.852,565.353,1.119,311.712,572.627,1.137,304.345,581.983,1.162,295.859,592.034,1.172,284.684,599.19,1.184,278.106,607.043,1.201,270.04,618.799,1.225,261.548,626.589,1.238,254.493,633.009,1.253,249.5,639,1.269,242.559,651.661,1.293,234.107,659.169,1.311,225.24,665.82,1.322,218.267,676.1,1.336,214.041,684.917,1.357,206.855,689.787,1.38,201.67,693.398,1.391,197.231,697.358,1.402,195.281,701.157,1.418,194.5,703.5,1.455,195,704.534,1.487,197.23,705.115,1.507,199.908,705,1.525,201.67,707.557,1.537,205.75,709.375,1.552,211.024,710.805,1.576,216.653,711.931,1.595,223.27,713.045,1.614,234.825,714.183,1.624,246.004,714,1.638,254.443,714,1.654,270.5,715.5,1.671,282.595,715,1.686,296.98,715,1.703,311.046,715,1.726,327.974,715,1.746,341.001,714.875,1.758,358.932,713.754,1.775,373.049,714,1.789,390.233,714,1.805,402.912,714,1.82,116,2311,MCPR,
191,402,0,210.159,403.064,0.018,229.827,404,0.034,241.462,404,0.052,252.048,403.106,0.067,262.963,402.004,0.082,273.223,402,0.104,283.333,400.741,0.121,307.377,401,0.136,314.208,399.521,0.153,325.486,400,0.169,336.254,400,0.182,346.74,400.86,0.202,359.861,401,0.216,370.818,401,0.234,383.564,401,0.254,397.538,402.378,0.271,405.993,402,0.287,415.835,403,0.304,425.272,403.659,0.317,434.489,404,0.333,446.509,404.955,0.357,455.847,405,0.368,463.268,403.819,0.386,475.337,404,0.404,483.772,404,0.42,488.834,405,0.434,493.671,405.668,0.453,499.609,406,0.467,504.831,406,0.488,508.171,407.057,0.503,510.297,408.148,0.705,507.918,410.082,0.721,502.17,412.415,0.734,497.627,415.53,0.751,492.09,419.928,0.775,487.566,424.434,0.788,481.98,431.224,0.803,474.718,438.282,0.82,466.634,441.923,0.841,460.622,446.972,0.855,455.599,452.401,0.869,447.286,460.714,0.889,439.307,467.737,0.911,432.755,472.163,0.92,427.118,477.882,0.94,422.657,485.015,0.958,411.713,492.876,0.973,403.266,500.201,0.986,396.047,506.294,1.006,386.682,513.692,1.021,378.589,521.411,1.037,369.77,529.201,1.053,365.355,533.645,1.069,359.513,539.487,1.089,351.077,546.505,1.107,343.5,551.5,1.123,338.5,560.125,1.136,332.535,565.721,1.152,324.816,572.301,1.173,316.955,579.039,1.192,310.374,586.73,1.203,305.98,593.53,1.225,300.017,597.587,1.242,292.685,604.368,1.255,285.422,611.174,1.274,279.495,618.907,1.29,274.654,625.182,1.304,270.04,629.96,1.327,264.517,636.579,1.342,260.205,641.994,1.354,254.178,649.186,1.371,248.596,654.404,1.392,246.5,659.5,1.41,242.268,663.732,1.423,236.884,669.116,1.438,232.203,673.797,1.458,227.73,679.337,1.478,223.479,683.521,1.491,220.047,686.953,1.505,216.713,690.287,1.527,215,693.5,1.547,212.696,695.304,1.571,211,697,1.59,210.732,698.536,1.624,211,700.193,1.757,211,702.052,1.875,213.02,703.01,1.906,216.449,705.299,1.929,222,705,1.946,228.31,706.552,1.959,236.532,707,1.974,245.54,707.817,1.993,253.599,708,2.018,263.344,709.038,2.043,282.334,710,2.058,294.17,708.583,2.078,306.221,709,2.095,317.136,709,2.107,329.634,709,2.123,120,2731,MCPR,
206,410,0,223.075,408.933,0.015,238.347,408,0.033,246.711,408,0.049,254.787,407.03,0.065,263.758,407,0.08,271.503,407,0.097,278.119,407,0.118,293.783,407,0.134,301.031,407,0.147,308.081,407,0.166,315.608,407.801,0.182,324.32,408,0.197,332.26,408,0.213,339.195,406.801,0.236,346.076,407,0.252,356.219,406.598,0.265,364.291,406,0.286,370.837,406,0.3,379.07,405.241,0.317,387.384,405,0.332,394.026,405,0.348,400.821,405,0.369,409.03,403.71,0.382,417.991,404,0.4,425.5,404,0.421,431.628,404,0.435,439.044,403.279,0.448,447.042,403.863,0.468,452.92,404,0.482,458.547,404,0.498,464.202,405.24,0.522,471.167,403.639,0.534,478.403,404,0.553,483.411,404,0.569,487.081,404,0.582,490.461,404.82,0.599,492.935,405,0.619,494,405,0.636,496.298,405,0.768,498.035,406.017,0.851,495.786,408.214,0.885,494.997,410.006,0.918,491.633,413.367,0.94,487.884,417.116,0.952,483.503,422.497,0.967,477.275,428.104,0.987,470.724,432.851,1.003,463.935,438.221,1.017,458.956,442.033,1.039,453.328,445.403,1.051,446.779,449.814,1.073,439.666,455.945,1.09,435.174,460.282,1.102,430.612,465.388,1.121,426.271,469.729,1.136,421.724,472.638,1.151,416.206,475.877,1.172,410.902,480.078,1.19,406.27,484.73,1.206,401.802,490.498,1.22,397.268,496.165,1.241,393.673,500.746,1.259,388.702,503.979,1.269,382.086,508.276,1.289,377.36,513.55,1.302,372.798,518.202,1.319,368.35,524.976,1.339,363.83,530.463,1.355,359.301,534.699,1.37,355,537.5,1.391,349.436,542.564,1.414,345.721,547.039,1.435,342.365,551.513,1.453,339.011,555.985,1.463,336.64,561.36,1.473,333.186,564.814,1.487,329.822,566.785,1.509,325.538,571.969,1.528,321.193,576.41,1.539,317.788,580.949,1.552,313.515,585.485,1.569,310.017,589.977,1.592,307.813,594.374,1.613,304.161,597.629,1.624,299.651,601.011,1.637,295.09,604.432,1.654,290.571,609.429,1.674,286.916,613.779,1.692,283.556,618.259,1.704,280.136,621.864,1.72,277.848,625.228,1.742,275.626,627.374,1.762,272.099,630.901,1.773,268.272,634.296,1.787,264.271,638.306,1.803,260.236,642.764,1.824,255.835,647.165,1.84,252.281,652.532,1.854,248.861,656.139,1.87,160,3469,MCPR,
204,401,0,220.659,403.082,0.017,238.88,404,0.03,248.221,404,0.049,257.285,404,0.066,267.43,404,0.082,274.789,404,0.099,284.41,402.574,0.115,308,403,0.135,311.934,403,0.149,321.589,402.268,0.165,331.843,402.871,0.184,338.978,403,0.199,347.792,401.901,0.214,357.183,402,0.235,366.15,402,0.252,373.446,402,0.266,381.773,401,0.284,390.04,401,0.301,396.172,401,0.317,402.855,401,0.331,409.431,401,0.349,417.48,401,0.371,425.549,401,0.387,430.321,401,0.401,437,401,0.416,443,401,0.435,448.928,401.786,0.448,453.684,402,0.465,457.192,403.064,0.488,460.548,403,0.499,465.22,403,0.519,468.36,403,0.537,474.213,403,0.549,478,403,0.569,483.123,404,0.585,486,404,0.599,487.047,404,0.635,489.246,405.123,0.685,491.36,405,0.785,491,407.098,0.937,489.956,410.131,0.957,486.838,412.162,0.972,483.981,415.019,0.986,480.618,418.382,1.002,474.368,422.755,1.022,469.781,427.219,1.041,462.78,433.016,1.057,458.682,438.648,1.07,452.971,441.217,1.09,445.11,445.779,1.104,437.514,450.563,1.119,431.168,455.832,1.14,425.673,462.193,1.154,419.956,468.044,1.169,410.719,471.48,1.191,401.718,474.856,1.204,397.126,479.499,1.223,391.365,484.108,1.241,385.327,489.673,1.256,378.613,494.925,1.269,373.551,498.587,1.289,369.088,501.934,1.31,365.724,505.276,1.32,360.95,508.787,1.337,356.521,513.479,1.358,350.5,518,1.377,345.671,522.33,1.392,341.217,527.479,1.403,336.658,531.506,1.419,332.145,533.928,1.436,327.646,538.354,1.459,320.866,543.945,1.474,314.746,547.568,1.489,310.07,553.413,1.505,306,558.5,1.524,302.246,562.065,1.543,297.818,565.387,1.555,292.259,570.741,1.57,287.72,574.21,1.592,283.276,579.905,1.612,280.894,584.382,1.622,276.412,589.985,1.638,273.354,593.646,1.654,270.005,596.995,1.674,265.929,601.071,1.689,260.537,606.463,1.705,255.917,611.083,1.721,252.517,615.643,1.738,249.198,621.336,1.762,246.719,625.281,1.78,243.53,628.961,1.791,240.148,633.469,1.804,235.284,638.716,1.822,230.525,644.343,1.839,225.982,650.022,1.855,221.472,654.528,1.88,218.238,659.016,1.898,214.995,663.34,1.91,211.131,667.869,1.922,147,2951,MCPR,
196,391,0,233.006,401.112,0.023,253.957,405.768,0.032,270.91,408.121,0.047,290.315,409.195,0.064,308.295,410.331,0.082,326.299,411.456,0.104,341.5,412.5,0.118,373.504,414,0.132,389.738,414.783,0.151,402.233,415.923,0.166,418.521,417.035,0.182,431.971,417,0.203,444.086,417,0.219,459.235,417,0.233,466,417,0.253,480.78,416,0.269,489.436,416,0.285,497.181,416,0.301,504.902,415.014,0.322,510.531,416.106,0.334,512.461,416,0.385,510.823,418.354,0.403,508,419.5,0.436,502.171,420,0.451,499.812,422.188,0.466,496.285,424.477,0.49,491.641,426.679,0.503,484.405,433.162,0.522,474.793,439.314,0.537,464.214,443.714,0.554,455.412,448.991,0.568,445.648,457.424,0.584,434.341,467.593,0.607,425.504,475.309,0.618,415.248,483.14,0.638,402.079,498.368,0.655,392.76,507.24,0.669,381.835,519.468,0.685,370.871,532.713,0.705,359.784,543.294,0.721,347.929,558.091,0.735,336.375,569.625,0.755,327.772,579.506,0.773,315.144,593.471,0.785,304,603.5,0.805,295.19,618.049,0.819,283.528,628.231,0.836,275.725,637.913,0.852,268.138,647.823,0.868,260.001,655.999,0.885,251.014,661.242,0.904,246.072,666.928,0.923,242,675.5,0.938,238.213,679.383,0.954,234.855,683.145,0.976,231.511,685.659,0.996,229.102,687.898,1.008,225.784,689.072,1.025,222.345,691.436,1.038,220.395,692.302,1.052,219.534,694.932,1.105,220,696.352,1.135,222.031,694.985,1.156,224.327,695,1.175,229.106,696,1.188,233.662,696,1.204,240.341,698.671,1.223,246,701.5,1.253,259.259,703.772,1.267,273.525,704.887,1.279,287.382,705,1.296,305.347,703.853,1.318,323.014,703.749,1.329,341.101,703,1.347,359.086,703,1.369,376.137,702.391,1.38,392.424,702.745,1.393,404.756,703,1.405,416.936,703,1.421,428.2,703,1.445,439.395,703,1.461,450.11,702,1.472,460.428,702,1.489,468.841,702,1.508,478.366,702,1.521,486.099,702,1.537,490.854,702,1.555,494.207,702,1.606,495.154,704.307,1.69,493.894,701.787,1.713,491.853,699.853,1.733,490.721,697.443,1.833,0,0,0,0,0,0,0,0,0,0,0,0,0,0,0,0,0,0,0,0,0,93,1833,MCPR,
212,394,0,248.599,388.267,0.018,265.974,386.003,0.033,282.648,384.89,0.047,299.739,383.751,0.07,316.894,382.607,0.088,332.219,382,0.103,354.792,382,0.115,375.842,382,0.131,390.938,382.841,0.153,402.531,383,0.164,414.909,383,0.181,428.379,384.198,0.203,439.384,384,0.215,450.553,382.545,0.236,459.767,384,0.25,468.856,384,0.265,480.214,384.821,0.286,487.572,385,0.301,493.231,385,0.315,500.2,385,0.336,506.998,385,0.355,512.298,386.433,0.368,515.177,387,0.383,517,387,0.419,518.53,388.265,0.437,518,391.013,0.466,518,394.413,0.487,516.571,396.857,0.504,515.5,402,0.517,513.14,406.48,0.536,509.017,410.237,0.552,500.967,414.516,0.569,494.133,419.889,0.584,488.413,427.822,0.605,481.526,436.966,0.621,469.596,444.383,0.634,456.777,449.374,0.655,444.628,463.578,0.672,430.593,473.605,0.684,413.232,486.326,0.701,396.689,499.449,0.723,379.589,508.752,0.74,365.533,523.467,0.751,353.359,535.641,0.769,336.316,545.297,0.786,325.879,559.121,0.802,312.738,570.196,0.818,300.923,582.693,0.837,286.951,595.196,0.859,273.609,606.326,0.876,261.008,620.494,0.888,247.535,630.598,0.903,236.617,642.383,0.919,225.409,654.914,0.938,216.944,662.732,0.957,211.142,669.629,0.969,207.282,677.342,0.985,205.955,682.181,1.005,206,685.399,1.019,207.274,687.548,1.057,210.021,689.511,1.079,214.063,691.838,1.1,221.872,693,1.11,235.973,693,1.121,248.981,692.002,1.135,266.078,690.861,1.153,284.235,689.735,1.175,300.532,688.631,1.194,321.764,688.539,1.207,342.114,688,1.22,362.667,688,1.237,385.173,688,1.253,401.497,688.964,1.27,417.522,690.109,1.291,433.078,691.22,1.312,446.118,692.624,1.325,456.529,694.882,1.336,465.753,696.594,1.353,475.933,698.387,1.371,483.012,699.802,1.386,488.66,701.864,1.406,492.224,703.075,1.43,495.469,703.313,1.441,498.851,705.567,1.471,500.54,707.54,1.539,497.997,708.001,1.677,0,0,0,0,0,0,0,0,0,0,0,0,0,0,0,0,0,0,0,0,0,0,0,0,0,0,0,0,0,0,0,0,0,0,0,0,0,0,0,87,1677,MCPR,
190,394,0,213.614,390.92,0.016,235.458,389.503,0.032,244.881,390,0.048,256.669,390.697,0.061,268.258,391.826,0.077,279.755,392.976,0.097,292.146,394.104,0.111,317.623,397.63,0.127,327.754,399.683,0.15,337.802,401.951,0.162,346,404,0.181,361.642,404.695,0.198,372.24,405.804,0.221,385.946,406.919,0.23,396.41,407,0.246,405.636,407,0.268,414.546,408.318,0.281,426.199,408,0.299,431,408,0.316,441.493,408,0.329,451.157,408,0.346,458.472,407.088,0.366,465.209,407,0.383,474.511,408.189,0.396,483.275,406.716,0.414,488.053,407,0.435,492,407,0.451,495.234,407.617,0.463,498.2,408,0.48,500.5,408,0.499,501.007,409.003,0.565,498.772,410.114,0.634,496.732,410,0.648,494.873,411.063,0.683,490.351,414.487,0.702,485.161,418.379,0.714,481.084,422.916,0.734,474.349,428.322,0.749,467.258,434.742,0.764,460.444,440.63,0.784,453.633,445.244,0.798,447.027,449.649,0.814,438.839,458.161,0.836,432.458,464.542,0.849,427.15,471.28,0.868,421.702,476.298,0.884,415.429,482.571,0.902,406.906,491.094,0.917,399.937,499.074,0.931,394.225,504.774,0.954,388.637,511.636,0.969,379.818,519.546,0.984,372.935,528.087,1.003,366.975,534.42,1.018,361.338,541.127,1.039,354.709,550.054,1.061,347.126,558.856,1.07,340.425,565.575,1.083,336.019,571.226,1.099,330.085,578.298,1.117,323.029,586.467,1.137,316.123,594.439,1.155,310.154,600.269,1.166,304.742,607.961,1.183,298.208,615.758,1.201,292.487,623.718,1.223,285.922,627.718,1.235,280.434,633.566,1.25,276.153,639.309,1.268,272.237,647.113,1.287,268.987,653.355,1.303,264.065,657.361,1.318,259.216,660.838,1.333,254.711,666.362,1.35,250.223,670.777,1.372,248.375,677.876,1.392,243.796,682.605,1.406,240.399,686.601,1.417,236.326,689.337,1.433,231.818,691.591,1.45,228.278,693.814,1.467,224.932,696.045,1.487,222.665,698.335,1.52,221.82,700.36,1.586,220.867,702.267,1.637,223.119,699.881,1.67,226.721,700,1.692,241.1,702.414,1.713,248.875,700.607,1.725,258.569,698.318,1.736,271.54,697.038,1.751,280.81,695.899,1.768,289.727,694.784,1.787,304.127,695,1.806,313.001,693.555,1.828,325.714,694,1.84,336.47,693.316,1.852,348.766,692.186,1.868,363.262,692,1.886,117,2334,MCPR,
200,399,0,218.139,400.008,0.019,234.322,401.256,0.031,243.39,401,0.05,252,401,0.069,260,402.5,0.083,268.25,402,0.098,275.148,402.858,0.119,289.144,403.939,0.131,297.574,405.082,0.148,305.454,405,0.17,312.146,406.358,0.183,321.583,406,0.202,330,406,0.22,337.045,406,0.232,344.594,406,0.249,354.632,406,0.269,362.542,407.077,0.282,369.288,407,0.303,374.675,408.335,0.32,384.556,408,0.335,392.928,408,0.35,399.287,408,0.369,406.445,408,0.386,415.581,408,0.4,422.277,408,0.42,427.687,406.863,0.436,433.448,407,0.451,440.533,407,0.471,448.5,407,0.483,452.5,407,0.5,458.13,406,0.519,462.548,406,0.533,467.971,405.006,0.552,472.581,405,0.572,475.667,405,0.587,479.059,405,0.604,480.991,405,0.647,482.531,406.266,0.752,484.134,407.067,0.903,486.107,408.054,1.02,487.062,410.124,1.153,488.052,412.104,1.188,484.199,415.801,1.205,476.892,424.108,1.221,470.207,429.828,1.236,462.231,437.769,1.256,456.835,441.932,1.273,450.158,446.228,1.285,440.148,452.408,1.307,434.595,459.972,1.323,429.288,467.067,1.336,424.78,472.22,1.356,418.451,476.699,1.371,410.743,483.221,1.387,405.004,491.394,1.408,398.059,500.588,1.424,394.431,506.354,1.438,388.5,510,1.459,381.806,519.472,1.475,374.667,527.333,1.488,369.272,533.66,1.503,365.932,538.091,1.523,360.225,544.93,1.545,354.753,553.496,1.561,348.772,560.228,1.573,342,567,1.588,337.5,568.5,1.606,334.996,576.505,1.624,328.884,583.969,1.638,322.935,592.091,1.655,315.069,597.665,1.671,309.769,601.985,1.688,306.895,610.579,1.708,300.5,620,1.723,292.21,625.592,1.739,284.024,631.554,1.755,276.952,639.73,1.775,269.254,648.709,1.796,261.543,655.261,1.807,253.501,659.857,1.821,249.61,664.39,1.846,245.134,668.867,1.87,239.767,675.792,1.887,234.698,680.641,1.906,228.169,685.22,1.929,219.843,690.105,1.939,216.443,691.186,1.957,215.739,693.522,1.977,213.183,694.409,1.993,211,695.5,2.014,208.725,696.638,2.029,207,697.5,2.21,209.045,699.089,2.241,211.239,699,2.278,215.174,701.174,2.296,219.498,702,2.309,226.052,702.842,2.328,234.48,704.87,2.347,243.479,705,2.358,129,3220,MCPR,
198,413,0,213.855,414.976,0.015,220.552,415,0.028,227.349,416.225,0.048,235.699,416,0.07,241.978,416,0.083,249.045,415.422,0.098,263.661,414.314,0.112,274.794,414,0.132,282.463,413.077,0.149,293.88,411.912,0.162,306.551,412,0.182,314.74,410.658,0.199,326.258,410.527,0.214,335.053,410,0.234,343.459,410,0.247,355.512,410,0.263,366.497,409.056,0.282,374.208,409,0.296,387.228,409,0.319,396.887,409,0.332,403.752,409,0.347,413,409,0.368,423.659,407.371,0.384,432.264,407,0.4,442.157,407.906,0.414,450.938,406.016,0.434,457.772,407.129,0.452,464.697,405.717,0.468,475.28,407.364,0.481,484,405.5,0.502,489.076,406,0.517,493.913,406,0.53,497.611,406.87,0.551,499.952,407,0.566,502.208,407,0.633,502,409.267,0.664,500.729,411.541,0.7,495.825,412,0.733,493.666,413.167,0.764,491.465,414.268,0.8,485.939,421.356,0.816,480.496,428.405,0.834,472.669,436.331,0.85,462.375,443.083,0.864,456.271,448.44,0.886,447.876,457.124,0.904,437.039,468.858,0.919,429.237,475.763,0.935,420.214,485.54,0.952,409.221,496.779,0.966,398.696,506.27,0.989,390.852,515.312,1.004,380.913,526.319,1.016,370.389,536.611,1.038,362.413,545.099,1.057,353.017,555.581,1.067,343.094,565.168,1.082,334.967,573.033,1.099,325.053,584.935,1.122,314.131,594.782,1.133,306.506,601.281,1.151,298.514,610.841,1.167,287.59,621.41,1.185,280.371,627.024,1.204,274.565,633.122,1.223,268.12,640.693,1.235,259.363,650.592,1.25,250.392,658.532,1.268,243.716,666.498,1.284,237.284,675.289,1.303,227.299,686.164,1.325,222.243,690.757,1.342,218.021,696.298,1.355,215.409,701.977,1.368,212.249,708.502,1.384,209.884,712.174,1.401,207.633,715.551,1.418,206.693,718.921,1.438,204.115,719.443,1.467,202.469,720.265,1.553,205.078,720,1.587,207.497,720,1.62,210.813,718.729,1.654,214.881,717.059,1.671,217.155,714.845,1.685,221.916,717.458,1.709,237.175,719.318,1.723,248.035,720,1.737,261.233,720,1.752,274.762,720.706,1.775,287.955,721,1.797,304.3,721,1.814,320.779,721,1.827,338.547,721,1.838,353.056,721,1.855,370.737,721,1.87,386.097,721,1.886,400.504,721,1.908,416.612,721,1.929,113,2381,MCPR,
188,399,0,210.294,402.04,0.018,232.865,403.27,0.039,249.797,404.362,0.054,267.602,404,0.069,284,404,0.089,306.471,403.307,0.104,326.356,403,0.122,363.832,403,0.134,383.904,403,0.154,401.54,403,0.171,415.33,403,0.186,430.26,404.482,0.207,442.459,404,0.22,453.089,404.677,0.235,461.732,405,0.255,470.195,405.899,0.272,478.441,406,0.285,485.074,408.358,0.303,487.918,409.306,0.321,489.846,410.423,0.355,490.269,412.538,0.404,488.823,414.354,0.421,486.849,414,0.438,484.46,415.27,0.458,482.203,417.797,0.476,476.384,425.65,0.492,468.726,434.274,0.507,461.653,441.347,0.522,453.878,447.373,0.537,442.913,458.087,0.557,432.682,469.464,0.575,423.14,477.653,0.595,410.668,492.332,0.605,397.192,505.808,0.622,385.894,517.937,0.638,374.828,531.607,0.658,366.319,543.115,0.673,357.478,558.163,0.688,346.093,567.726,0.705,337.297,581.555,0.728,328.144,593.928,0.743,317.734,600.986,0.756,307,608.5,0.775,300.69,621.31,0.793,290.076,627.962,0.805,280.545,636.455,0.825,273.768,644.27,0.845,265.572,651.794,0.854,255.297,657.502,0.874,249.495,663.088,0.893,244.242,669.31,0.91,237.484,675.87,0.922,230.334,681.888,0.938,225.404,685.697,0.959,220.809,689.143,0.981,218.755,691.245,1.007,216.615,693.385,1.023,215.5,696,1.059,212.592,696.704,1.072,211,697.5,1.191,215.201,698.067,1.226,218.812,696.729,1.248,221.08,695.973,1.278,224.549,694.817,1.298,238.356,696.839,1.315,246.252,698.542,1.328,255.11,701.037,1.342,268.505,702.808,1.358,282.17,703,1.374,298.676,703,1.39,316.843,701.822,1.407,333.454,700.703,1.424,348.873,701,1.441,368.103,700,1.457,385.586,700,1.474,401.16,700,1.49,415.755,699.096,1.515,429.224,699,1.524,441.608,699,1.541,452.534,697.747,1.558,461.098,698,1.575,471.5,699.5,1.592,481.027,698,1.617,487.757,698,1.641,496.977,698.994,1.661,499,699.5,1.681,499.228,699,1.725,499,701.358,1.766,496.468,701,1.808,494.9,699.95,2.027,0,0,0,0,0,0,0,0,0,0,0,0,0,0,0,0,0,0,0,0,0,0,0,0,0,0,0,91,2027,MCPR,
198,399,0,221.18,397.946,0.018,247.938,396.147,0.032,261.678,395.027,0.056,274.137,395,0.07,284.999,393.8,0.081,296.16,392.684,0.104,306.362,391.515,0.12,325.148,391,0.132,334.809,391,0.152,342.697,391,0.168,352.531,389.104,0.182,363.773,390.077,0.199,372.593,388.801,0.22,381.615,389,0.236,394.624,389,0.254,401.404,389,0.266,410.867,388.348,0.285,422.552,389.555,0.3,433.253,390,0.316,444.359,388.964,0.335,454.424,392.475,0.349,463.019,393.252,0.366,470.892,393,0.388,484.5,396,0.404,489.607,398.202,0.418,497.123,400.464,0.433,506.8,401.867,0.453,514.002,403,0.467,519.47,404.094,0.483,525.312,405.262,0.504,528.154,405,0.52,534.431,407.973,0.536,536.4,408,0.552,540,408,0.586,541.797,410.531,0.619,541,412.124,0.65,538.536,414.464,0.688,531.387,417.977,0.703,525.044,422.165,0.718,519.294,426.765,0.734,511.665,433.287,0.754,500.219,438.891,0.768,490.269,444.517,0.788,484.347,448.769,0.806,475,456,0.82,461.708,468.662,0.836,450.944,476.704,0.852,438.356,487.757,0.872,427.606,499.438,0.887,419.051,506.83,0.903,403.191,517.637,0.92,394.334,533.295,0.942,382.261,541.184,0.96,370.513,553.926,0.97,361.051,564.949,0.985,350.237,572.258,1.003,340.863,585.205,1.026,332.269,595.914,1.039,322.023,603.538,1.054,308.854,615.769,1.07,299.5,627,1.088,287.672,633.275,1.103,278.022,641.689,1.12,270.145,651.528,1.137,261.277,657.827,1.153,252.293,663.442,1.177,246.869,670.357,1.204,241.756,677.178,1.221,230,689.5,1.238,225.95,690.366,1.262,222.599,693.401,1.282,221.089,695.823,1.295,219.941,698.118,1.305,218.827,701.52,1.32,217.685,704.946,1.338,215.128,708.308,1.356,214.444,711.112,1.371,213.5,713,1.423,216.003,713.002,1.454,219.429,713,1.479,224.705,714.426,1.495,234.85,716.485,1.507,244.953,717,1.521,257.735,716.251,1.539,273.025,714.282,1.555,287.104,711.983,1.58,304.443,710.91,1.609,321.481,710,1.631,355.662,710,1.671,403.113,711.828,1.688,416.633,712,1.706,429.129,714.205,1.73,438.571,714,1.754,450.455,714.307,1.774,468.457,715.557,1.79,476.734,715.324,1.817,483.731,715.789,1.829,488.626,716,1.849,493.219,716,1.889,104,2071,MCPR,
203,389,0,244.474,391.087,0.013,261.294,391,0.038,272.626,391,0.059,285.171,391,0.076,297.536,390.446,0.086,308.868,390,0.098,329.111,390,0.115,339.631,390,0.136,349.642,391.071,0.151,360.851,392.185,0.166,369.547,390.682,0.186,379.934,393.874,0.203,391,393,0.22,400.033,393.629,0.233,409.111,394,0.253,419.122,394.902,0.268,427.002,395,0.282,436.233,396.154,0.305,443.96,397.28,0.317,452.846,397,0.333,457.5,397,0.355,464.579,398.596,0.369,470.594,399,0.382,476.323,399,0.403,481.009,399,0.42,484.314,400.105,0.437,486.445,400,0.469,488.502,401.251,0.502,490.525,401,0.552,492.36,401,0.585,492,403.215,0.615,492,405.535,0.652,492,407.531,0.737,489.863,408.068,0.786,487.641,408,0.836,483.762,414.476,0.856,480.189,419.081,0.871,472.713,424.906,0.886,467.079,432.408,0.902,460.956,439.044,0.924,456.168,443.832,0.94,451.65,448.35,0.955,445.219,454.781,0.974,439.415,461.702,0.992,435.172,468.242,1.003,429.349,473.651,1.024,426.574,478.377,1.036,422.086,484.497,1.052,417.888,491.928,1.072,411.515,498.701,1.101,404.265,504.779,1.112,398.758,510.242,1.123,393.015,515.985,1.136,386.137,525.484,1.152,377.78,533.22,1.17,373.5,537.5,1.19,365.672,544.994,1.207,359.306,552.476,1.219,353.404,560.435,1.236,345.641,565.205,1.258,340.165,569.668,1.277,334.939,575.326,1.288,330.364,581.045,1.303,323.751,587.708,1.323,317.779,592.577,1.341,313.005,596.247,1.353,308.451,600.549,1.374,303.974,605.026,1.399,298.499,610.501,1.424,286.279,623.721,1.442,281.632,627.895,1.455,277.205,632.393,1.475,273.897,637.505,1.49,268.807,644.87,1.504,264.057,652.9,1.521,258.415,657.468,1.543,252.748,662.002,1.56,249.351,666.299,1.573,247.039,670.922,1.593,245,676.5,1.611,241.64,680.04,1.624,240.176,683.473,1.638,238.073,685.927,1.658,235.829,688.171,1.692,232.52,689.16,1.708,230.18,690.41,1.741,225.918,691.271,1.775,224.469,692.265,1.796,222.989,693.005,1.89,221.911,695.178,1.957,219.907,695,2.041,221.107,697.214,2.109,224.184,695.939,2.145,227.815,696,2.161,230.363,695,2.174,233.525,694.158,2.194,237.755,693.061,2.213,246.349,694.044,2.224,250.753,694,2.24,127,3048,MCPR,
206,395,0,232.001,398,0.02,253.698,399.142,0.03,270.883,400.243,0.054,289.519,401.407,0.068,306.684,401,0.081,323.497,401,0.097,340.751,400.266,0.119,371.841,399.134,0.131,393.378,397.069,0.149,409.759,397,0.179,426.175,395.788,0.191,441.393,394.662,0.203,455.201,394,0.217,466.995,394,0.241,477.453,393.283,0.252,485.893,392.158,0.267,493.759,392.966,0.282,500.49,393,0.305,506.039,393,0.318,510.171,393,0.352,511.536,395.536,0.381,511,398.565,0.402,511,400,0.417,507.969,401.021,0.454,505.75,403.25,0.468,503.204,404.398,0.483,501,405.5,0.504,498.762,405.619,0.517,496.51,406,0.533,494.23,406.885,0.553,492.05,408.95,0.566,487.412,414.735,0.589,481.613,419.109,0.604,469.483,430.166,0.617,458.301,441.699,0.637,449.5,447.5,0.653,431.421,460.579,0.67,418.475,472.659,0.683,401.061,483.962,0.704,387.772,499.433,0.721,370.964,510.024,0.733,360.461,525.601,0.755,349.088,540.385,0.771,334.5,550.5,0.784,322,565.231,0.804,310.698,579.359,0.819,300.588,594.151,0.836,286.948,606.965,0.862,277.258,620.742,0.881,266.35,631.945,0.892,256.636,643.626,0.903,248.669,654.442,0.919,242.662,662.006,0.935,236.218,670.377,0.952,230.414,678.42,0.968,224.825,685.21,0.985,220.31,689.69,1.002,217.056,694.258,1.023,215.15,700.124,1.036,213,705.5,1.053,208.727,710.91,1.069,206.494,714.259,1.085,205.113,716.773,1.102,204.5,718,1.173,208.281,718.094,1.194,211.783,717.406,1.208,214.5,716.5,1.235,218.922,713.052,1.255,223.401,710.8,1.275,238.496,713.384,1.288,251.06,711.631,1.303,261.687,710.531,1.323,279.5,709.5,1.343,294,708.312,1.355,312.912,706.363,1.369,331.255,705.047,1.386,348.273,705,1.406,365.551,705,1.425,381.018,705.287,1.438,397.303,706.45,1.453,407.5,709,1.476,419.59,710.318,1.495,429.149,711.769,1.508,439.158,712,1.532,448.194,713.032,1.551,454.649,714.13,1.564,460.043,715,1.575,464.195,715,1.588,467.5,715,1.609,470.222,714.389,1.622,473.341,714,1.637,475.5,714,1.675,476.536,712.732,1.693,478.221,711.889,1.756,478,708.633,1.777,478,707,1.805,483.346,701.74,1.821,499.18,699.511,1.838,508.132,701.348,1.937,100,1937,MCPR,
205,409,0,220.506,407.966,0.016,237.303,407,0.031,246.689,407,0.049,255.412,407,0.065,264.969,407,0.082,272.614,407,0.096,280.709,407,0.12,300.884,408.368,0.132,307.546,407.557,0.147,317.916,406.408,0.167,328.741,406,0.183,336.815,405.198,0.197,345.579,405,0.213,355.654,405,0.236,364.525,405,0.249,370.789,406.298,0.265,379.211,404.541,0.281,390.56,405.57,0.303,398.026,406,0.317,404.631,406,0.331,413.329,406,0.347,422.263,406,0.365,428.968,406,0.386,434.297,407.259,0.399,442.674,405.618,0.415,450.223,407.537,0.435,455.537,408,0.447,460.749,408.75,0.467,465.509,409,0.485,473.257,409,0.501,478.544,409,0.518,484.288,409,0.533,487.167,409,0.553,490.015,409,0.568,492.19,409,0.581,494.461,409,0.598,496,409,0.634,497.537,407.732,0.65,500.284,409.095,0.803,497.938,411.062,0.82,495.091,411,0.833,493,414,0.85,489.5,416,0.869,484.876,423.906,0.882,478.618,429.485,0.899,471.789,436.211,0.918,462.87,440.565,0.936,457.753,444.997,0.95,450.475,449.684,0.967,442.5,457,0.987,435.5,464.5,1.001,429.037,470.704,1.016,423.577,475.539,1.033,417.01,479.993,1.05,410.176,486.824,1.071,403.641,493.359,1.088,396.806,501.56,1.103,391.676,506.324,1.118,383.5,511.5,1.138,374.29,521.382,1.156,367.044,529.783,1.169,358.13,535.919,1.184,348.132,543.675,1.203,340.333,551.667,1.22,332.55,562.15,1.235,324.705,567.824,1.256,314.5,572.5,1.274,308.644,582.37,1.3,302.988,590.617,1.319,289.735,602.227,1.335,282.695,609.305,1.351,277.373,618.604,1.374,271.339,626.217,1.39,264.227,632.773,1.403,256.396,640.604,1.418,249.324,649.234,1.435,244.338,656.493,1.455,236.714,662.204,1.482,229.373,669.752,1.502,216.829,684.533,1.521,214.5,689.5,1.535,210,693,1.551,204.752,696.248,1.572,202.249,698.751,1.593,201,700,1.604,200.937,701.125,1.67,203.264,701,1.822,205.107,699.946,1.94,226.345,702.135,1.963,245.792,703.649,1.987,269.757,705.876,2.004,282.441,706,2.019,294.731,707.157,2.037,308.37,707,2.06,340.275,708.411,2.079,346.89,708.492,2.092,361.571,709,2.104,376.028,709.771,2.121,391.542,710.896,2.147,117,2659,MCPR,
