185,404,0,204.392,404,0.02,211.259,404,0.036,216.854,404,0.052,221.163,404,0.073,226.071,403,0.092,231.686,403,0.106,240.575,403,0.119,247.914,403,0.136,253.53,403,0.153,260.161,404.027,0.169,269.2,404,0.188,276.907,405.272,0.215,284.762,404,0.229,292.119,404.52,0.265,305.784,405,0.329,328.2,405.76,0.368,339.478,404,0.384,345.106,404,0.391,351.478,404,0.418,358.162,403.14,0.429,364.952,403,0.446,370.574,402.885,0.458,376.178,401.764,0.47,384.513,403.359,0.489,391.374,401.518,0.505,398.049,401,0.52,404.364,401,0.537,411.096,401.849,0.556,416.868,401.026,0.572,424.644,398.816,0.593,430.077,400.215,0.605,435.703,400,0.621,439.854,400,0.638,445.765,401,0.654,450.55,400.29,0.671,454.493,400.831,0.799,482.653,400.337,0.831,489.769,400,0.854,492.102,400,0.966,506.539,402.269,0.99,509.028,402,1.039,509,404.264,1.072,507.734,406.533,1.106,503.975,409,1.123,502.878,411.244,1.14,499.263,411,1.163,497.302,413.698,1.192,494.187,415.542,1.239,490.012,420.988,1.262,488.883,423.235,1.28,486.541,425.459,1.29,485.645,429.065,1.317,483.038,432.443,1.337,480.212,435.788,1.359,476.147,439.14,1.373,466.16,446.872,1.39,461.596,452.505,1.407,455.919,458.081,1.427,450.297,466.384,1.446,442.219,470.39,1.459,436,473.5,1.475,431.193,479.807,1.492,427.485,485.192,1.509,423.192,489.808,1.526,417.839,496.193,1.542,413.257,500.743,1.562,407.352,503.989,1.577,401.79,508.768,1.594,398.737,513.263,1.609,394.232,518.46,1.625,388.942,524.869,1.642,383.325,530.675,1.659,377.754,533.098,1.675,372.255,538.745,1.692,367.796,544.505,1.711,363.303,550.121,1.732,360.5,557,1.743,352.644,561.684,1.759,347.057,565.366,1.776,342.396,570.505,1.793,338.887,575.15,1.819,334.54,579.575,1.893,312.733,597.613,1.93,299.909,611.091,1.948,295.437,617.845,1.965,288.412,620.794,1.979,284.418,624.186,1.995,280,627.5,2.012,276.449,632.551,2.028,271.964,636.277,2.054,268.349,640.534,2.074,262.974,644.032,2.095,255.375,652.625,2.114,251.833,656.167,2.144,247.031,659.477,2.179,240.798,666.202,2.207,230.099,671.984,2.219,226.573,679.427,2.232,222.082,683.918,2.254,125,3552,LSCC,
190,406,0,220.632,406.895,0.018,232.293,407,0.033,240.147,407,0.049,246.664,407,0.066,253.574,407,0.086,260,408.5,0.099,269.328,408.633,0.116,276.77,409,0.135,282.313,409,0.151,288.076,409,0.166,294.784,409,0.182,302.962,409,0.201,307.993,409,0.22,315,409,0.235,321,409,0.249,329.063,409,0.269,335.254,409,0.283,342.788,409,0.299,349.721,409,0.319,356.699,409,0.336,365.963,409,0.35,373.317,409,0.371,380.5,409,0.385,391.235,408.307,0.4,399.85,408,0.42,407.676,407.046,0.433,416.557,407,0.45,425.649,407,0.471,436.39,405.623,0.486,441.744,406,0.503,450.057,405.42,0.523,456.564,404.287,0.539,462.165,404,0.552,467.806,404,0.567,473.389,404,0.59,477.913,404,0.607,483.469,401.413,0.621,487.695,402,0.635,490.5,402,0.651,493.369,401,0.67,496.327,400.224,0.684,498.832,400,0.701,502.193,401.064,0.72,504.325,399.837,0.739,506.575,400,0.751,510.213,398.596,0.786,511.543,399,0.837,509.824,401.353,0.854,507.841,403.159,0.888,504.448,405.368,0.906,502.407,407.531,0.922,499.5,408.5,0.935,498,409.5,0.971,493.035,414.947,0.987,491.836,418.493,1.002,489.462,421.806,1.021,487.207,425.189,1.04,485,430,1.056,482.177,433.431,1.073,478.818,437.182,1.088,474.596,439.702,1.104,469.948,442.026,1.123,465.398,446.602,1.137,462.361,449.639,1.153,457.497,454.503,1.171,451.5,460.5,1.191,441.685,468.953,1.209,432.343,475.243,1.228,424.945,482.055,1.237,417.114,488.902,1.26,408.199,497.801,1.279,401.781,502.016,1.293,395.373,507.627,1.306,389.509,513.491,1.321,382.154,520.24,1.338,376.141,526.573,1.358,370.877,531.298,1.371,365.176,535.859,1.388,360.54,541.574,1.405,354.884,545.893,1.422,345.314,551.679,1.44,342.122,560.287,1.456,337.037,563.963,1.472,332.232,569.459,1.488,326.943,575.057,1.506,318.597,580.627,1.522,313.664,588.588,1.539,309.181,594.024,1.555,303.444,598.245,1.574,299.215,604.231,1.591,293.777,607.611,1.607,288.367,614.265,1.621,283.835,620.165,1.643,279.174,624.826,1.667,274.941,629.059,1.679,270.381,633.619,1.692,265.804,638.196,1.706,258.484,639.839,1.723,255,649.5,1.74,177,3360,LSCC,
192,412,0,224.221,408,0.014,234.481,407.304,0.022,252.593,407,0.041,263.879,407,0.059,277.5,405.5,0.077,288.01,405,0.093,300.285,403.952,0.106,311.439,404,0.126,321.5,404,0.141,330.102,403.225,0.158,339.089,403,0.195,353.196,404,0.214,361.224,402.71,0.242,373.044,403,0.255,382.329,404.266,0.275,389.507,403.499,0.313,405.384,403,0.342,427.814,403,0.362,451.909,404.018,0.386,460.901,404,0.402,467.418,405,0.418,475.147,406,0.435,481.838,405.041,0.452,490.801,405,0.469,496.345,406,0.486,502.5,407.5,0.513,507.096,407,0.545,511.858,407,0.628,509.834,409,0.659,506,411,0.691,497.95,416.05,0.724,493.22,418.39,0.758,487.241,422.88,0.778,483.822,425.119,0.791,481.627,428.745,0.807,473.514,435.486,0.819,469.048,438.984,0.844,463.536,442.464,0.861,455.089,449.433,0.878,444.661,454.723,0.894,436.065,463.87,0.91,430.577,469.634,0.926,423.628,473.915,0.943,416.886,479.114,0.96,409.146,482.902,0.978,401.618,491.764,0.992,396.698,498.302,1.009,390.5,503,1.026,382.285,508.857,1.043,375.31,514.517,1.06,370.173,522.24,1.077,365.676,527.987,1.093,360.187,532.813,1.11,353.385,537.307,1.127,347.798,543.202,1.143,341.715,548.927,1.16,338.108,556.675,1.177,332.608,562.392,1.193,326.864,566.757,1.209,321.5,569.5,1.241,314.016,578.984,1.263,311.525,586.475,1.282,304.794,593.206,1.298,300.295,598.558,1.316,295.807,604.289,1.332,289.326,608.011,1.349,284.416,615.753,1.365,280.338,621.662,1.381,275.852,627.222,1.398,271.361,632.958,1.416,266.302,638.132,1.432,261.376,644.437,1.449,255.834,650,1.466,250.361,656.639,1.496,245.658,662.342,1.515,241.175,666.825,1.533,233.143,673.572,1.55,228.944,679.112,1.575,224.456,683.544,1.591,219.97,687.03,1.608,211.852,694.766,1.626,206.746,700.254,1.649,200.245,705.755,1.666,194.881,711.238,1.682,192.757,715.485,1.732,195.113,717,1.766,200.177,717,1.784,204.678,716,1.803,209.164,715,1.828,214.989,714.67,1.857,230.272,714.818,1.873,241.46,714,1.916,275.517,713,1.963,384.576,705.818,2.028,441.504,706.624,2.243,506.63,712,2.262,512.675,711,2.283,520.879,712,2.354,530.352,712.676,2.376,200,5017,LSCC,
206,414,0,224.087,410.986,0.021,237.209,409.979,0.035,248.923,408.786,0.048,258.803,407.65,0.061,268,406.5,0.08,274.634,407,0.104,280.641,407,0.13,290.511,407,0.187,311.256,404.791,0.262,352.448,400.806,0.286,366.382,398.924,0.302,373.222,400,0.314,379.294,400.323,0.345,388.247,401.438,0.36,392.041,401,0.379,395.428,401.809,0.398,398.743,402,0.437,403.364,403,0.455,405.915,403,0.471,409.712,403.428,0.495,413.095,404,0.51,420.114,403.221,0.531,423.762,403,0.544,428.164,403,0.561,432.704,403,0.587,437.449,403.29,0.611,442.24,404,0.648,449.606,403.348,0.695,464.04,402,0.72,472.789,403,0.753,480.554,402.489,0.78,484.905,401.365,0.797,491.627,402,0.812,493.993,402,0.832,497.385,402,0.862,501.736,404.368,0.921,503.538,404,0.96,508.473,404.509,0.979,510.163,403.946,1.014,513.682,404.341,1.033,518,405,1.063,519.537,406.268,1.167,516.821,408.179,1.215,513.359,410.82,1.249,508.633,415.367,1.291,502.869,420.279,1.309,496.655,426.46,1.337,483.441,443.559,1.389,466.825,457.263,1.41,456.248,469.46,1.433,443.793,479.604,1.482,432.67,490.883,1.522,418.269,504.439,1.551,404.64,513.573,1.569,401.024,517.976,1.587,396.464,522.536,1.605,391.256,527.744,1.627,385.655,531.607,1.648,381.063,534.952,1.667,370.762,541.99,1.687,366.639,546.361,1.708,360.974,551.026,1.729,355.291,556.091,1.75,344.676,563.493,1.778,339.041,567.967,1.799,333.497,572.402,1.824,320.571,580.082,1.855,311.753,591.247,1.888,301.767,599.54,1.918,297.136,603.864,1.941,283.363,613.062,1.961,279.687,618.313,1.987,269.085,626.749,2.01,263.473,629.411,2.045,254.233,636.813,2.075,246.247,646.753,2.108,237.269,655.298,2.138,228.941,661.059,2.174,222.16,667.76,2.209,216.647,675.529,2.253,208.384,686.077,2.283,205.677,688.323,2.304,200.232,691.884,2.335,197.957,694.065,2.358,193.481,699.519,2.381,191.599,702.203,2.424,189.354,707.291,2.454,190,713.013,2.52,193.496,714,2.545,194.537,714,2.584,201.616,714,2.621,213.635,710.788,2.656,228.397,711,2.687,245.121,707.537,2.719,253.888,705.278,2.755,290.24,699.328,2.796,311.699,699.53,2.829,329.722,699.43,2.869,345.704,700.042,2.903,127,4317,LSCC,
185,410,0,257.531,403,0.019,263.037,403,0.034,266.588,402.706,0.045,271.052,400.474,0.056,275.414,401,0.073,278.404,401,0.09,284.472,400.382,0.106,290.518,400.753,0.124,294.646,397.472,0.141,303.019,400.007,0.166,309.594,400.119,0.181,315.353,401.225,0.194,321.792,402,0.207,327.291,402,0.224,331.958,401,0.254,336.875,401.719,0.267,342.308,402,0.284,345.964,402,0.3,351.291,403,0.317,354.934,403,0.348,364.786,402,0.365,369.26,402,0.387,373.951,402,0.409,382.798,404,0.434,386.348,403.913,0.447,390.886,402.779,0.477,395.938,403,0.5,402.667,403,0.521,406.147,403,0.536,409.386,403.795,0.556,412.573,404,0.569,416.14,404,0.582,418.386,404,0.598,423.842,403,0.614,427.717,403,0.637,432.211,403.553,0.649,436.046,404,0.661,440.197,404.799,0.681,444.811,405,0.712,454.922,402.693,0.73,460.523,404.305,0.748,465.022,404,0.768,470.631,404.526,0.794,476.257,405,0.819,490.055,405,0.834,496.19,406.038,0.855,501.768,407,0.878,507.536,406.744,0.893,513.89,406,0.91,521.942,407,0.925,524.5,407,0.999,521.95,409.101,1.036,518.497,411.503,1.059,517.461,412.539,1.078,514.204,414.531,1.11,511.189,417.811,1.156,507.053,421.237,1.183,490.989,436.011,1.208,484.667,440.889,1.22,477.986,446.179,1.242,470.34,449.854,1.259,462.671,456.658,1.284,453.664,468.669,1.302,445.733,473.867,1.323,437.864,479.545,1.348,425.786,491.214,1.362,419.195,496.838,1.379,411.409,502.422,1.397,403.39,505.69,1.427,397.912,510.74,1.446,386.5,521.5,1.462,377.351,526.649,1.483,371.913,530.452,1.501,365.587,533.706,1.521,358.845,538.052,1.553,346.477,543.914,1.589,336.87,554.13,1.608,331.648,558.682,1.623,325.988,562.407,1.638,321.301,564.85,1.654,316.81,568.142,1.671,312.597,572.269,1.688,309.135,575.154,1.708,305.807,579.193,1.737,297.788,588.212,1.767,289.266,595.734,1.796,286.058,598.942,1.824,277.259,608.235,1.847,273.843,613.543,1.867,264.127,623.497,1.893,260.04,627.22,1.919,252.107,635.866,1.941,248.82,640.361,1.964,242.988,649.35,1.987,240.21,652.79,2.008,236.212,656.788,2.031,232.832,660.168,2.055,227.016,665.984,2.08,222.856,671.216,2.098,154,3665,LSCC,
178,405,0,196.688,406,0.021,203.098,406,0.027,208.723,406,0.046,212.858,404.535,0.064,217.362,405,0.095,222.524,405,0.101,233.144,405,0.112,238.805,405,0.145,243.296,406.074,0.319,300.443,408.593,0.33,307.297,407.451,0.346,314.039,407,0.362,321.568,407.795,0.379,328.511,407.081,0.397,334.102,407,0.414,340.99,405.835,0.429,346.426,406,0.448,353.444,406,0.48,360.655,406,0.498,372.866,405.227,0.518,378.501,405,0.534,386.175,405,0.548,392.871,405,0.563,399.582,403.736,0.6,410.562,404,0.614,417.818,403.364,0.63,425.31,403,0.647,432.269,402.122,0.663,438.002,402,0.68,444.766,402,0.697,452.734,400.752,0.717,459.228,401,0.733,464.451,399.51,0.749,470.688,400.615,0.777,475.952,399.524,0.785,482.166,398.139,0.798,486.936,398,0.814,491.419,398,0.832,493.46,398,0.85,495.7,398,0.869,497.944,398,0.882,500,398,0.915,501.538,398,0.947,501,400.057,0.981,499.834,402.332,0.998,498.543,404.915,1.033,497.732,406.536,1.048,495,407.5,1.081,491.93,411.141,1.1,489.653,413.347,1.116,486.047,416.953,1.134,482.698,421.736,1.151,476.104,428.896,1.167,469.5,435.5,1.183,462.224,443.776,1.199,455.457,451.467,1.223,447.698,459.302,1.238,437.524,468.312,1.249,429.975,474.736,1.276,424.939,480.061,1.302,418,485.5,1.366,385.13,515.725,1.383,374.51,525.213,1.404,370.071,529.929,1.418,363,537,1.435,356.814,543.823,1.45,348.956,552.044,1.467,342.594,560.169,1.484,335.961,566.033,1.508,330.288,572.712,1.519,323.467,579.533,1.538,314.026,588.974,1.552,309.534,594.959,1.576,304.916,600.701,1.591,299.289,606.711,1.603,292.818,615.772,1.619,286.06,620.96,1.635,281.549,626.564,1.668,271.594,638.109,1.686,267.085,643.394,1.702,261.5,653,1.718,254.39,656.61,1.739,249.605,663.092,1.763,245.113,668.858,1.792,235.974,682.436,1.813,231.349,685.991,1.831,226.634,689.366,1.854,222.673,693.908,1.87,214.744,701.442,1.891,212.103,704.846,1.907,209.822,708.267,1.927,205.164,711.627,2.054,192.199,717.267,2.087,191.929,714.859,2.12,194.534,713.733,2.152,197.832,713,2.173,200.053,711.973,2.336,219.461,709.951,2.354,235.676,708.61,2.372,123,3278,LSCC,
173,408,0,194.497,408,0.01,203.769,408,0.026,211.677,406.618,0.043,217.814,407,0.062,224,407,0.076,232.091,407,0.092,244.129,407,0.11,252.027,407,0.126,259.761,407,0.145,268.562,407,0.163,273.731,405.654,0.187,280.201,405,0.2,285.953,405,0.212,292.992,405.713,0.229,300.046,405.159,0.245,305.788,405,0.261,312.313,405,0.28,318.191,405,0.303,324.873,406.312,0.334,331.863,406,0.355,344.201,406,0.37,350.97,406,0.385,359.594,406,0.401,366.392,406,0.428,379.773,405,0.457,386.477,406,0.469,392.798,405.44,0.495,398.403,405,0.502,403.971,405,0.513,408.71,405,0.528,414.247,406.049,0.575,424.433,405,0.584,429.632,405,0.596,434,405,0.612,438.657,405,0.629,443.904,405,0.645,450.469,404.088,0.672,455.141,404,0.698,463.862,401.785,0.712,468.688,402,0.74,473.241,401.44,0.754,478.199,400.36,0.762,483.821,400,0.779,487.664,400,0.798,491.032,398.989,0.837,496.746,398.751,0.847,500.078,397.641,0.864,502.005,398,0.882,504.247,398,0.9,506.496,398,0.917,508.747,398,0.931,510,398,0.946,511.108,399.054,0.964,511,401.443,0.999,511,403.487,1.013,509.5,406,1.047,508.301,407.849,1.063,507,408.5,1.081,504.861,410.092,1.113,501.493,411.169,1.132,497.636,412.455,1.148,496,415,1.167,493.584,418.125,1.182,491.352,420.648,1.198,489.085,423.872,1.213,486.847,427.23,1.23,484.598,431.805,1.247,479.747,436.253,1.266,476.665,437.89,1.283,472,441.5,1.297,468,443,1.317,463.754,449.057,1.331,459.253,453.747,1.348,454.753,460.371,1.364,449.076,467.109,1.381,440.831,469.93,1.399,434.421,474.719,1.416,429.79,481.762,1.433,423.949,488.051,1.448,417.215,495.583,1.465,408.652,500.674,1.482,401.778,506.185,1.499,396.175,512.99,1.515,389.264,518.446,1.534,382.578,526.825,1.55,374.5,531.5,1.565,369.72,537.28,1.583,364.102,543.677,1.601,357.599,550.401,1.618,348.817,558.16,1.635,343.272,563.728,1.65,337.669,569.331,1.668,333.433,576.35,1.685,325.419,584.093,1.701,318.179,591.185,1.716,312.213,596.787,1.733,307.474,604.171,1.75,301.978,610.022,1.767,296.364,620.144,1.783,177,3593,LSCC,
187,409,0,202.456,407.97,0.018,216.78,406.522,0.036,223.225,406,0.051,231.105,406,0.067,237.264,406,0.084,241.903,406,0.101,247.494,406,0.118,256.762,406,0.134,260.384,406,0.153,266.348,407.47,0.169,271.768,407,0.185,275.848,407.712,0.201,279.498,408,0.218,284.806,408,0.246,289.32,408,0.252,295.029,409.206,0.268,301.637,409,0.287,305.715,407.571,0.304,312.854,408,0.319,317.772,407.307,0.336,323.098,407.82,0.353,329.723,408,0.37,335.289,408,0.39,340.916,406.817,0.402,346.512,407,0.423,352.133,407,0.438,358.852,407.45,0.467,365.5,406.5,0.49,370.953,407,0.518,383.185,408.031,0.536,395.41,407,0.555,402.444,407,0.572,407.5,407,0.591,412.237,407,0.603,418.636,407,0.621,423.705,407,0.637,430.026,405.996,0.654,435.682,406,0.67,441.319,404.736,0.689,446.924,405,0.705,454,403.5,0.728,460.184,402.363,0.745,465.795,401.241,0.762,470.527,400.118,0.773,474.985,397.011,0.79,482.887,398.127,0.821,486.993,396.752,0.855,495.831,394.39,0.872,498.5,393.5,0.904,502.972,392.014,0.923,506.259,394.173,0.954,508.353,394,0.988,508,396.538,1.021,506.732,398.535,1.054,504.463,400.537,1.072,501.69,403.31,1.106,499.54,405.46,1.126,497,408,1.154,492.53,413.47,1.184,489.158,417.789,1.206,479.253,432.307,1.229,468.205,440.174,1.256,462.367,446.633,1.283,445.186,463.133,1.302,435.565,470.826,1.312,428.428,477.572,1.323,421.703,485.346,1.34,413.876,494.285,1.356,404.638,500.771,1.375,398.502,506.082,1.391,392.759,513.241,1.408,385.364,521.96,1.424,377.5,528.928,1.44,370.562,535.438,1.457,362.782,543.218,1.474,356.228,550.9,1.49,345.503,560.219,1.51,339.625,566.375,1.526,332.362,573.638,1.544,321.996,580.82,1.564,314.942,589.115,1.583,309.569,595.431,1.591,302.936,602.064,1.609,296.113,607.739,1.625,284.44,614.536,1.643,281.563,622.514,1.659,275.5,627.5,1.675,268.913,633.087,1.691,261.812,637.223,1.708,254.86,643.996,1.725,251.096,650.807,1.743,246.48,655.52,1.758,240.8,659.96,1.775,236.556,664.444,1.794,233.557,667.443,1.81,226.954,671.046,1.825,223.56,675.88,1.842,220.45,679.55,1.86,217.079,682.921,1.877,170,3496,LSCC,
188,408,0,223.481,407,0.018,238.526,407,0.034,252.035,407,0.051,265.512,407,0.068,277.708,407,0.086,290.053,407,0.102,303,407,0.119,326.713,408.701,0.135,338.242,409.824,0.151,350.419,410,0.168,362.77,411.07,0.185,375.119,411,0.202,386.052,411,0.219,398.792,411,0.236,406,412.5,0.252,417.125,412,0.269,428.799,412,0.286,440.302,411.07,0.302,451.451,411,0.319,461.534,409.83,0.336,472.934,410,0.354,484.097,408.59,0.371,495,406,0.387,503.293,406.338,0.403,513.071,405.214,0.42,521.358,404.092,0.436,526.099,402.975,0.453,530.609,403,0.47,535.11,404.278,0.488,536.8,404,0.503,539,404,0.552,535.642,406.358,0.57,533.994,407.003,0.603,530.611,409.259,0.638,527.49,411.503,0.653,524.5,412.5,0.67,520.751,417.249,0.687,516.528,421.472,0.704,511.039,425.969,0.721,502.079,434.921,0.738,494.337,438.95,0.754,485.134,444.791,0.772,477.627,453.373,0.788,466.167,460.041,0.804,457.895,468.376,0.821,449.285,475.036,0.838,438.287,481.828,0.855,431.406,488.594,0.871,425.929,496.5,0.889,417.616,503.043,0.907,406.828,508.318,0.924,399.536,516.041,0.941,392.105,523.895,0.957,384.181,530.988,0.973,376.394,535.775,0.99,368.415,543.585,1.006,361.783,550.217,1.022,352.353,560.978,1.04,343.372,563.814,1.056,338,571,1.072,332,577,1.089,321.468,585.715,1.106,314.343,591.714,1.123,308.662,597.338,1.139,303.076,604.109,1.156,297.461,609.539,1.174,294.711,616.579,1.19,284,623,1.206,280.345,625.991,1.223,275.823,630.971,1.24,271.317,635.683,1.257,267.883,639.117,1.275,261,643.667,1.29,256.853,650.72,1.308,252.351,654.649,1.326,249.5,657.5,1.34,244.365,662.635,1.357,239.882,667.118,1.373,235.384,671.616,1.393,229.865,676.108,1.409,224.287,682.856,1.424,221.192,685.808,1.444,216.425,689.181,1.461,213.487,693.018,1.478,209.476,696.262,1.491,206.479,698.521,1.514,202.473,699.882,1.525,198.981,701.006,1.543,194.491,705.509,1.558,195,708.757,1.575,192.266,709.367,1.596,191.506,711.988,1.674,194.215,709.893,1.691,197.348,708.884,1.708,199.71,709,1.728,203.421,710.474,1.741,208,708.5,1.758,213.619,708,1.777,221.759,708.845,1.792,145,2767,LSCC,
186,416,0,226.201,411.212,0.021,240.356,408.941,0.037,251.52,407.848,0.052,262.617,406.738,0.077,274.114,405.589,0.091,281.987,404.502,0.101,290,405,0.118,305.332,404.238,0.154,312.24,403.127,0.178,325.977,403,0.186,332.631,401.728,0.211,338.251,401.625,0.221,344.971,400.505,0.236,349.5,401,0.264,358.885,400.529,0.272,366.229,399.129,0.297,373.875,399,0.324,390.396,396.402,0.344,398.532,397,0.435,439.772,393.057,0.454,454.737,395.434,0.489,459.713,395,0.552,481.29,395,0.565,484.837,395,0.573,489.263,396.066,0.588,492.587,394.804,0.611,496.026,395,0.622,497.83,393.585,0.639,501.109,393.445,0.656,503.356,393,0.692,507.988,394.595,0.71,513.087,396.043,0.759,516.807,397.269,0.78,519.801,398.267,0.884,515.537,405.232,1.043,486.133,437.333,1.078,479.865,442.508,1.093,466.754,453.246,1.106,462.999,460.002,1.123,458.551,465.561,1.14,454.037,469.963,1.159,448.185,474.452,1.193,435.025,483.975,1.21,430.819,490.361,1.244,425.768,497.079,1.287,404.678,512.322,1.308,394.132,524.335,1.355,387,531,1.374,368.194,545.757,1.394,362.599,552.482,1.42,355.992,558.008,1.446,350.064,562.968,1.469,338.739,571.261,1.5,329.817,581.979,1.518,322.407,588.651,1.532,316.735,592.159,1.557,312.253,595.747,1.584,303.303,604.697,1.598,298.246,609.204,1.616,293.291,615.741,1.639,288.002,619.599,1.648,285.188,623.624,1.661,280.832,627.126,1.682,277.494,631.675,1.695,274.134,636.155,1.719,269.786,640.619,1.75,260.381,650.964,1.779,253.235,656.766,1.793,248.89,662.138,1.837,242.279,669.961,1.852,238.847,674.922,1.914,220.608,690.544,1.929,216.986,695.018,1.943,212.5,699.5,1.96,208.009,702.743,2.036,199.203,712,2.073,196.5,712,2.145,201.166,711.417,2.16,204.118,711.706,2.181,207.524,711.159,2.194,209.912,709.088,2.222,212.118,707.941,2.25,219.33,705.667,2.296,240.707,708.732,2.315,252.833,708.803,2.329,269.777,708.076,2.346,284.838,708,2.369,303.817,706.761,2.393,320.647,705.69,2.418,351.208,704,2.562,422.971,704,2.572,429.948,704,2.583,437.436,702.447,2.596,443.544,700.182,2.615,452.281,701.035,2.63,460.093,701,2.646,467.935,699.724,2.665,474.395,697.202,2.681,481.557,699,2.698,111,3244,LSCC,
172,422,0,186.24,414.88,0.022,198.764,409.894,0.037,205.695,408.23,0.072,210.579,406.484,0.105,224.484,403.129,0.12,235.004,403,0.146,239.539,401.865,0.176,248.485,400.629,0.192,252.486,400,0.205,256.419,399.395,0.223,261.944,399.789,0.238,266.435,397.424,0.255,270.602,397,0.269,274.235,397,0.286,277.505,397,0.31,281.478,396.37,0.322,285.828,397,0.342,289.589,395.411,0.358,295.146,395.382,0.37,300.396,396,0.394,304.793,396,0.418,309.529,396.106,0.444,314.758,397,0.462,324.667,394.889,0.485,330.408,396,0.503,334.814,396,0.512,339.321,396,0.527,342.814,396,0.535,348.353,394.929,0.552,353.941,393.812,0.577,360.651,396.55,0.59,364.738,396,0.604,369.958,397,0.624,374.5,397,0.64,378.425,398.808,0.653,383.655,399.931,0.671,389.37,400,0.686,394.859,400,0.706,399.105,400,0.722,404.979,400,0.739,410.5,400,0.755,414.942,401,0.771,420.713,400.214,0.837,433.458,399,0.876,446.134,397,0.911,451.608,397,0.937,461.034,396,1.414,508.732,405.536,1.451,504.456,406.848,1.537,501.463,408.268,1.588,499.643,409.179,1.823,507.806,409.269,2.275,489.385,426.615,2.325,475.715,438.228,2.362,461.259,449.306,2.408,455.477,456.523,2.446,430.837,475.162,2.488,420.838,483.162,2.552,405.376,496.968,2.592,390.996,509.004,2.618,380.573,514.571,2.653,371.914,526.565,2.682,362.959,533.281,2.712,358.434,536.675,2.756,342.69,548.31,2.779,339.845,552.541,2.795,332,559.5,2.856,319.052,569.948,2.87,313.437,574.45,2.879,311.568,577.648,2.896,307.968,581.032,2.924,306.082,585.377,2.935,303.234,589.354,2.948,299.192,593.106,2.984,291.2,598.85,3.022,283.167,606.833,3.06,280.018,611.309,3.08,274.263,619.737,3.132,261.239,629.821,3.177,250.457,641.815,3.199,245.302,648.698,3.224,242.658,652.013,3.291,229.49,661.51,3.348,221.924,669.076,3.39,215.216,678.676,3.426,208.381,684.465,3.466,199.5,689.5,3.484,197.725,692.275,3.498,195.47,693.765,3.515,192.378,696.622,3.532,189.999,699.001,3.549,187.706,701.294,3.565,186.739,703.522,3.587,185.617,705.765,3.599,184.5,708,3.615,183.5,710,3.664,182.128,713.744,3.677,181.5,715,3.714,184.15,715.075,3.765,158,5352,LSCC,
175,397,0,211.47,398,0.017,225.459,398,0.035,236.65,399.065,0.051,246.811,400.201,0.072,258.028,401.303,0.09,269.366,402.437,0.105,285.813,404.138,0.119,303.5,406,0.142,312.33,405,0.167,323.389,405.939,0.19,333.475,407,0.24,375.886,408,0.25,387.39,408,0.27,397.377,408,0.288,406.363,408,0.303,415.33,408,0.318,425.497,408,0.335,434.272,408,0.352,443.321,408,0.37,453.5,408,0.385,460.622,407,0.402,467.666,407,0.419,474.413,407,0.435,481.112,407,0.452,486.743,407,0.469,491.073,407,0.486,494.173,405.609,0.503,497.5,406,0.52,499.278,407,0.536,501,407,0.569,503.802,408.267,0.602,505.164,409.082,0.636,502.506,410.247,0.685,499.464,412.357,0.719,495.799,416.101,0.737,494.777,418.447,0.754,493.656,420.688,0.771,492.525,424.424,0.788,490.821,428.357,0.804,487.855,433.575,0.82,484.485,438.354,0.837,479.202,442.838,0.854,473.599,449.481,0.87,465.58,457.42,0.887,460.342,465.321,0.906,454.768,471.678,0.922,449.5,475,0.939,442.831,483.169,0.954,436.937,489.876,0.971,432.237,495.703,0.988,426.68,501.32,1.004,422.243,504.568,1.021,417.798,510.503,1.039,411.842,516.158,1.056,405,523,1.072,400.614,528.386,1.088,395.816,533.184,1.105,390.418,538.582,1.121,384.783,544.217,1.139,378.03,552.131,1.155,371.229,558.771,1.176,367.369,564.039,1.189,360,568,1.204,354.059,575.284,1.222,347.332,581.668,1.239,342.407,587.491,1.255,336.843,593.157,1.272,331.3,596.42,1.292,325.627,602.373,1.307,317.209,605.196,1.323,314,613,1.339,310.095,616.905,1.356,305.939,621.061,1.373,301.477,624.642,1.389,296.982,627.009,1.407,290.222,630.389,1.423,283.485,635.01,1.447,280.893,640.845,1.458,276.036,643.473,1.473,271.529,649.088,1.493,266.289,653.227,1.508,259.818,655.727,1.523,254.08,657.968,1.541,249.564,662.436,1.557,246.327,664.449,1.574,242.923,668.077,1.591,238.105,671.421,1.609,232.597,674.802,1.625,228.112,678.888,1.642,224.461,681.693,1.657,221.097,683.935,1.674,217.742,686.172,1.691,214.387,688.409,1.708,211.001,689.333,1.725,209.095,691.905,1.742,206.838,694.162,1.758,205,696,1.79,203.463,696.269,1.859,206.173,696,1.875,145,2913,LSCC,
194,404,0,210.572,405.036,0.018,226.463,405.718,0.032,234.829,406,0.049,240.718,406,0.066,246.351,407.07,0.109,252.002,407,0.117,269.45,410.89,0.139,272.5,410,0.3,328.957,409.209,0.317,334.581,409,0.334,340.164,409,0.351,345.827,407.835,0.372,350.141,408,0.385,357.449,409.408,0.405,364,409,0.421,368.5,407.5,0.5,399.339,407,0.519,404.92,407,0.536,410.5,407,0.552,415.5,407,0.67,453.461,403.508,0.684,458.5,402.5,0.7,462.944,403,0.729,466.551,402.15,0.749,469.897,402,0.758,474.39,403.097,0.77,477.68,401.773,0.791,482.384,400.654,0.801,485.397,401,0.818,487.18,401,0.837,489.427,401,0.857,492.509,401,0.868,494.907,401,0.887,496,401,0.901,498.312,401,0.969,499.133,403.267,1.001,499,405.543,1.021,496.936,407.064,1.035,495.801,409.398,1.068,492.345,410.218,1.101,489.197,412.536,1.136,485.155,416.845,1.152,482.914,419.086,1.184,479.508,422.492,1.196,475.839,426.451,1.21,471.366,432.042,1.236,466,439,1.302,452.598,452.536,1.321,447.926,455.805,1.338,444.814,460.582,1.37,433.465,470.535,1.395,429,475,1.419,424.485,480.394,1.429,419.008,484.993,1.443,411.264,492.736,1.456,404.575,498.187,1.476,399.153,503.847,1.488,393.67,509.33,1.508,387.939,516.061,1.524,380.344,523.656,1.54,373.665,530.335,1.568,367.157,534.896,1.585,360.494,542.506,1.595,354.185,548.588,1.604,345.222,556.431,1.623,340.672,561.328,1.64,335.051,566.949,1.656,328.587,572.677,1.672,321.286,575.633,1.69,316.142,583.715,1.706,311.777,589.278,1.721,306.044,593.765,1.742,301.709,596.968,1.757,295.73,603.27,1.773,289.967,606.729,1.789,284.903,612.195,1.805,281.549,616.451,1.822,278.177,620.764,1.84,273.779,624.166,1.855,269.258,626.371,1.872,266.077,631.231,1.89,261.373,634.22,1.907,255.336,637.664,1.93,252.659,642.352,1.94,249.613,647.183,1.956,246.288,650.712,1.973,242.844,655.208,1.992,239.56,657.293,2.006,234.785,660.911,2.025,231.794,665.608,2.041,225.412,667.588,2.057,222.032,670.968,2.088,220.221,675.116,2.106,214.937,681.042,2.124,211.465,684.535,2.145,209.453,686.547,2.163,206.218,688.391,2.175,204,689.5,2.212,198.574,691.713,2.244,158,3598,LSCC,
188,400,0,208.234,401.012,0.018,225.878,402.277,0.036,237.336,402,0.053,246.5,402,0.069,255.061,402,0.085,263.321,402,0.102,271.199,402,0.12,284.127,403.011,0.135,289.656,403,0.152,299.052,403,0.169,303.897,404.379,0.187,310.972,402.505,0.203,315.5,403,0.219,323.487,403.748,0.236,331.172,404,0.253,339.003,403,0.269,346.806,403,0.286,355.904,403,0.303,363.483,401.645,0.32,372.888,402,0.337,379.5,400.5,0.353,389.027,401.282,0.37,396.918,401,0.386,403.83,401,0.403,410.567,401,0.42,417.305,402.218,0.437,424.022,400.663,0.454,432.23,402.461,0.471,436.5,402,0.487,443.961,402.709,0.503,450.996,402.167,0.521,457.72,402,0.537,464.456,403.076,0.554,468.796,403,0.57,474.611,404.322,0.588,480.221,404,0.605,485.5,402.5,0.621,489.756,403,0.638,493.431,403,0.657,495.866,403.933,0.67,499.167,404,0.687,501.361,405.181,0.737,503.358,407.358,1.138,499.167,409.916,1.157,395.5,513,1.172,387.59,521.88,1.189,379.156,529.133,1.216,372.133,535.867,1.225,366.496,543.705,1.242,359.66,551.563,1.261,350.232,561.73,1.274,341.267,567.333,1.291,334.852,576.148,1.307,326.991,585.44,1.324,318.331,592.168,1.341,311.245,599.715,1.357,304.52,606.48,1.374,300.187,615.626,1.391,290.353,623.317,1.408,282.848,626.801,1.424,277,632.5,1.442,272.515,639.485,1.458,267.725,645.094,1.484,260.44,650.686,1.497,254.68,655.256,1.508,250.282,658.539,1.524,245.766,664.542,1.542,241.277,668.723,1.559,236.777,672.667,1.575,230.936,677.386,1.592,225.8,682.2,1.608,222.233,685.767,1.625,218.864,688.091,1.642,215.502,692.664,1.658,212.132,695.868,1.677,208.783,699.217,1.693,204,701,1.709,199.709,706.633,1.725,196.444,709.556,1.742,194.196,712.706,1.759,191.958,715.042,1.776,189.708,716.146,1.793,187.462,718.538,1.809,186.609,720.782,1.842,184.464,722.536,1.891,187.358,722,1.91,190.191,722,1.926,193.751,720.75,1.943,198.502,719.625,1.961,202.981,720,1.975,208.5,718.5,1.993,217.152,719,2.01,225.916,719,2.027,236.86,719.986,2.044,245.87,720,2.06,258.551,720,2.08,270.873,720,2.18,335.985,722,2.196,345.903,722,2.217,121,2857,LSCC,
189,411,0,217.627,408.259,0.018,230.461,408,0.035,239.888,408,0.052,247.779,408,0.069,256.888,408,0.085,264.474,408,0.104,272.359,409.48,0.121,285.5,410.5,0.138,290.972,410,0.156,298.027,410.838,0.169,303.847,410.031,0.186,309.375,410,0.202,315.093,410,0.222,321.982,410,0.236,328.816,410,0.256,334.886,409,0.272,341.14,409,0.288,346.293,409,0.306,352.615,409,0.32,359.439,410.073,0.455,408.288,408,0.469,414.984,408,0.486,423.114,408,0.507,429.483,408,0.522,435.732,407,0.538,440.5,407,0.637,471.216,406,0.661,477.5,406,0.678,479.5,406,0.748,491,404,0.759,493.394,405.131,0.788,495.508,405,0.912,502.179,406.06,0.94,504.536,407.268,1.004,501.821,408.089,1.022,499.781,410.219,1.098,494.288,413.712,1.118,492.75,415.25,1.144,489.944,419.113,1.193,484.117,427.324,1.288,466.362,442.855,1.296,456.251,453.936,1.319,451.178,459.125,1.348,439.252,470.649,1.389,428.833,479.167,1.433,408.236,498.611,1.46,395.613,507.591,1.493,384.143,518.214,1.547,366.945,534.044,1.574,361.427,538.573,1.594,349.657,544.781,1.628,343.977,552.558,1.65,335.992,562.008,1.717,321.523,571.358,1.733,311.187,579.45,1.761,304.571,589.429,1.788,300.076,593.193,1.827,290.166,599.875,1.847,280.084,608.916,1.881,276.592,614.408,1.902,266.605,623.395,1.952,255,632.5,1.987,245.376,642.832,2.012,238.627,650.373,2.034,232.671,654.747,2.045,229,657.5,2.071,224.533,659.645,2.092,220.22,663.78,2.11,218,666,2.295,190.5,693,2.327,189.732,694.535,2.361,190,696.538,2.403,188.923,698.154,2.412,189,700.402,2.477,192.783,701,2.495,194,701,2.512,197.267,699.933,2.528,202.024,701.256,2.546,206.529,699.618,2.563,208,698.5,2.58,211.248,699,2.596,213.497,699,2.613,216.608,698.131,2.629,218.98,698,2.646,222.332,698,2.662,225.723,698,2.68,230.452,698,2.715,240.401,700,2.731,244.889,700,2.747,250.261,699.148,2.765,255.849,698.03,2.792,262.729,697.091,2.85,286.204,695.542,2.89,311.757,693.178,2.921,327.521,694.074,2.946,333.004,694,3.032,378.544,693.065,3.057,385.493,693.062,3.133,422.898,694,3.187,113,4099,LSCC,
184,412,0,214.918,408.635,0.016,230.452,407.196,0.034,244.072,406.077,0.051,258.712,404.857,0.068,271.827,405,0.081,282.743,405,0.102,293.831,405,0.12,313.62,406,0.132,323.824,406,0.149,332.843,406.835,0.168,342.586,407,0.184,351.894,407,0.198,364.333,407,0.221,374.169,407,0.234,382.363,407,0.25,392.691,407,0.269,400,407,0.282,411.116,407,0.299,421.36,407,0.318,431.596,405.934,0.333,439.148,406,0.351,447.317,407.331,0.367,456.593,407,0.388,463.5,405.5,0.403,470.56,407,0.417,477.8,407,0.438,483.713,407,0.453,489.371,407,0.467,494.916,407,0.484,499.225,407,0.506,503.354,408,0.52,506.5,408,0.535,509.56,408,0.554,512.483,408,0.571,514,408,0.604,514.04,410.08,0.652,514,412.329,0.686,511.466,413.267,0.719,509.456,415.544,0.737,506.846,417.103,0.751,503.241,420.759,0.774,496.477,423.523,0.788,492.155,427.845,0.802,485.792,435.607,0.821,477.367,442.225,0.836,466.611,449.034,0.852,458.998,457.003,0.869,450.176,464.721,0.89,440.931,471.552,0.905,433.767,476.595,0.92,427.166,482.361,0.942,420.433,490.161,0.957,411.77,497.153,0.969,403.914,502.391,0.99,398.178,507.822,1.005,392.659,514.409,1.021,385.633,521.367,1.038,374.84,530.808,1.055,369.123,536.877,1.075,361.886,544.114,1.09,352.898,552.424,1.103,345.158,559.842,1.123,339.291,565.709,1.143,332.726,573.319,1.154,325.69,580.31,1.17,316.418,589.582,1.192,308.808,595.736,1.211,303.281,602.719,1.228,296.739,611.87,1.241,287.812,619.792,1.257,279.692,626.407,1.273,272.925,634.088,1.287,265.831,642.364,1.303,257.875,651.429,1.326,251.467,656.111,1.342,246.388,663.135,1.356,240.762,669.885,1.371,234.3,677.483,1.389,228.45,681.73,1.412,224.121,684.909,1.43,220.582,688.418,1.442,217.165,691.835,1.458,213.798,696.603,1.473,209.443,699.557,1.489,206.718,702.282,1.504,203.701,704.533,1.521,200.336,708.552,1.537,197.966,710.017,1.587,196.87,712.26,1.624,199.531,710.734,1.657,201.537,709.731,1.689,206.073,711.268,1.712,208.312,711,1.725,210.687,711,1.74,214.5,712.5,1.755,216,712,1.787,223.473,713,1.807,241.494,713.051,1.828,252.917,711.908,1.839,136,2659,LSCC,
193,406,0,232.042,405.122,0.04,245.004,405,0.075,267.408,403.759,0.139,310.613,397.277,0.166,323.92,395.04,0.194,336.116,395,0.207,339.378,394,0.227,343.878,394,0.24,347.963,392.407,0.264,352.864,391.284,0.294,362.823,393,0.314,367.321,394,0.353,376.295,392.676,0.359,380.794,392,0.391,386.394,393.131,0.412,397.272,394.818,0.443,401.757,395,0.458,413.071,396.179,0.477,415.931,394.69,0.494,426.431,397.858,0.538,436.7,397.671,0.562,445.675,398,0.595,453.166,400,0.639,462.411,400.282,0.671,484.797,400,0.686,489.583,400,0.703,494.092,401.023,0.72,498.583,401,0.743,503.073,402.268,0.821,509.071,399.814,0.853,510,401.996,0.889,508.88,404.24,0.934,506.642,406.358,0.954,503.274,408.863,0.972,502,409.5,1.002,499.676,411.324,1.009,496.334,414.666,1.031,490.256,420.744,1.044,485.105,426.895,1.077,478.237,430.786,1.122,460.283,448.757,1.149,448.987,461.013,1.198,435.302,473.698,1.226,422.534,487.853,1.264,397.58,507.36,1.298,381.839,520.852,1.334,368.685,532.763,1.371,354.427,542.388,1.396,342.709,553.167,1.456,323.174,566.615,1.507,305.925,582.075,1.6,267.61,608.937,1.628,256.244,618.756,1.652,252.445,622.555,1.697,246.774,628.226,1.73,242.302,633.698,1.793,230.662,644.338,1.839,221.335,654.443,1.905,205.279,670.721,1.955,197.114,678.914,1.98,188.365,689.952,2.016,185.628,693.372,2.035,182.299,698.402,2.063,182,703.5,2.089,179.941,705.089,2.114,176.733,707.683,2.179,171.731,715.347,2.292,168.642,718.358,2.326,171.215,718,2.344,173.029,718,2.377,175.195,718,2.393,178.606,716.798,2.411,181,717,2.426,183,715.5,2.459,187.655,715.115,2.477,189.993,715,2.494,193.371,713.876,2.51,195.513,714,2.538,201.13,714,2.561,208.453,713.387,2.605,222.033,713,2.616,229.874,713,2.634,236.588,713,2.65,246.973,710.562,2.669,257.192,712,2.698,278,710.5,2.757,287.586,711.698,2.779,321.498,713.214,2.838,346.514,712,2.917,375.339,710,2.964,409.676,708.743,2.982,414.664,706.467,3.019,429.975,707,3.041,442.076,706,3.056,446.134,706,3.071,453.39,706,3.09,458.65,706,3.119,468.5,704.5,3.152,477.627,705,3.172,113,3883,LSCC,
191,405,0,218.349,406.029,0.014,230.849,407.168,0.029,240.752,407,0.051,250.858,407.429,0.066,261.069,408.563,0.08,269.507,409,0.099,282.477,409.748,0.115,292.171,410.882,0.129,301.184,411,0.146,307.788,411,0.166,314.569,411,0.182,322.829,411,0.197,332,412.5,0.219,337.754,411,0.234,345.202,411,0.25,355.105,411,0.263,363.061,409.991,0.284,371.027,410,0.3,378.922,410,0.313,386.723,410,0.331,397.5,408.5,0.352,404.267,408.39,0.368,412.056,408,0.38,420.799,407.15,0.4,430.036,407,0.416,437.732,405.895,0.43,445.701,407.243,0.447,452.24,405.627,0.468,458.867,406,0.485,464.94,404.412,0.497,471.932,404.705,0.518,478.318,404.136,0.533,484.663,403.056,0.549,489.458,403,0.565,492.643,401.786,0.587,495.999,402,0.602,499.299,402,0.616,501,402,0.651,503.803,403.268,0.684,505.537,403,0.737,505,405.211,0.751,502,405,0.785,501.731,407.538,0.815,498.957,409.029,0.851,495.585,412.415,0.871,493.185,414.815,0.887,489.44,420.079,0.901,486.5,424,0.917,481.134,432.413,0.934,474.514,438.571,0.954,467.741,444.216,0.975,461.287,450.998,0.985,455.481,459.126,1.001,448.507,468.324,1.021,439.69,473.694,1.044,432.848,479.152,1.053,427.948,485.578,1.067,422.531,493.257,1.084,415.813,500.187,1.106,409.156,504.562,1.122,402.565,510.196,1.135,397.032,515.968,1.151,391.5,523,1.174,384.647,530.109,1.191,376.139,534.93,1.202,369.591,540.409,1.218,363.022,546.978,1.237,356.24,552.633,1.258,347.294,559.279,1.277,342.27,563.384,1.289,336.618,567.905,1.306,331.016,572.387,1.318,325.486,576.109,1.335,318.887,581.261,1.356,313.029,586.971,1.371,309.795,590.205,1.386,304.96,593.78,1.408,301.974,597.026,1.427,298.204,600.347,1.438,293.67,603.747,1.452,287.719,607.14,1.469,283.479,612.202,1.486,280.086,616.886,1.502,277.806,620.291,1.525,273.153,623.636,1.548,269.793,626.604,1.564,265.703,629.729,1.58,261.131,633.148,1.601,256.216,636.784,1.613,251.73,641.27,1.622,249.106,646.734,1.636,244.729,651.271,1.653,240.207,655.793,1.677,235.837,658.872,1.694,229.343,662.657,1.706,224.794,666.654,1.719,220.987,670.684,1.74,217.708,675.821,1.765,215.208,679.688,1.785,163,3253,LSCC,
194,397,0,220.887,395,0.016,230.879,395,0.033,236.961,395,0.049,241.37,395,0.065,244.703,395,0.088,246.714,395,0.1,248.982,395,0.117,252.802,396,0.134,255.5,396,0.148,260.283,395.179,0.174,266.718,396.906,0.183,272.426,398.085,0.198,276.79,399.198,0.22,283.584,400,0.239,290.091,400.442,0.251,297.962,401,0.271,303.866,401.716,0.285,309.071,402,0.313,313.835,402.959,0.333,325.012,404.202,0.355,329.167,404,0.369,334.325,404,0.385,338.85,404,0.405,343.744,404,0.42,348.114,404,0.435,353.47,404.894,0.46,358.109,405,0.478,363.723,405.819,0.484,368.17,404.708,0.506,372.71,406,0.52,377.056,406,0.534,381.619,406.655,0.554,385.37,407,0.574,389.597,406.101,0.584,394.134,407.034,0.616,398.418,407,0.627,401.969,407,0.636,406.397,407,0.653,409.5,407,0.669,412.949,407,0.685,416.26,407,0.702,421.364,407,0.72,425.064,407,0.736,430.696,407,0.752,433.742,407,0.77,438.562,407,0.786,444.492,407,0.803,447.462,407,0.818,452.78,407,0.836,457.476,407,0.853,462.001,407,0.87,465.257,407,0.884,470.008,408.252,0.903,474.391,408,0.922,476.48,408,0.936,481.057,407.389,0.952,485.211,407,0.977,489.402,407,0.995,491.964,407,1.002,494.17,407,1.041,496.354,408.177,1.072,499.199,408,1.117,501.841,408,1.172,504.535,408,1.195,506.304,408,1.256,508.268,409.134,1.335,506.911,411.179,1.369,504.464,412.268,1.409,499.901,414,1.437,497.705,417.443,1.465,495.163,417,1.492,492.344,421.311,1.544,485.384,429.521,1.576,470.193,441.645,1.64,446.559,464.701,1.694,436.956,471.018,1.71,430.234,478.022,1.776,423.557,483.443,1.796,417.782,491.218,1.821,404.678,500.215,1.87,397.939,506.061,1.915,384.433,515.427,1.947,377.899,520.251,1.984,372.724,528.276,2.015,362.63,536.827,2.032,359.246,540.169,2.049,355.16,541.71,2.063,351.533,544.467,2.083,346.294,548.765,2.112,343.922,552.31,2.123,342.608,556.392,2.144,340.036,558.643,2.16,337.112,561.332,2.182,330.965,567.714,2.235,317.8,577.15,2.277,309.414,587.171,2.314,303.372,594.628,2.366,285.904,607.096,2.416,279.458,614.812,2.458,167,4952,LSCC,
175,407,0,189.584,403.875,0.235,253.23,401,0.254,256.842,402.281,0.27,260.265,402,0.285,265,405,0.329,273.352,404,0.353,281.105,405.035,0.367,285.614,405,0.389,288.83,406.277,0.402,293.409,407.352,0.421,298,408.5,0.437,301.904,408,0.452,305.27,408.757,0.469,309.549,409,0.487,314.009,409,0.504,317.41,410.137,0.527,321.771,410,0.541,325.494,410.374,0.554,329.941,411.485,0.571,334,411,0.586,337.991,411,0.629,345.928,411,0.653,354.722,412,0.67,360.715,412,0.688,363.344,413.448,0.706,368,413,0.72,371.821,414,0.756,380.896,414,0.771,386.469,415.094,0.793,389.668,415,0.808,394.378,416.345,0.821,398.866,416,0.943,403,416,0.98,448.997,416,1.04,473.21,413.948,1.055,481.269,414,1.072,485.223,414,1.112,492.101,413,1.131,495.026,412.325,1.149,497.5,411.5,1.172,501.091,412,1.205,503.293,412,1.224,505.821,412,1.244,508,412,1.256,510,412,1.292,511.539,412,1.314,513.023,410.989,1.344,515.269,411,1.405,513.866,413.268,1.439,511.464,415.536,1.459,509.872,418.191,1.479,507.49,419.255,1.657,482.84,439.966,1.696,472.934,449.79,1.708,460.131,462.869,1.725,454.57,468.43,1.745,448.941,472.847,1.758,441.965,477.357,1.777,428.087,490.466,1.792,427,495,1.809,420.511,500.792,1.825,413.195,506.146,1.842,405.381,511.728,1.859,399.639,518.434,1.875,395.239,526.331,1.893,388.169,531.526,1.909,381.327,535.782,1.927,376.5,540,1.945,370.269,546.414,1.961,365.795,552.807,1.979,360.433,559.48,2.03,353.725,564.22,2.065,329.291,587.179,2.078,321.34,592.663,2.095,314.296,597.92,2.109,308.487,604.415,2.129,300.738,610.187,2.143,292.874,619.287,2.164,285.127,623.07,2.182,278.084,628.916,2.197,272.594,634.406,2.211,266,639.5,2.31,222.466,675.534,2.328,219,682,2.345,212.29,686.473,2.36,207,690,2.514,185,714,2.562,187.074,714.037,2.595,190.677,714,2.636,197.124,713,2.663,201.361,713.84,2.682,209.253,714.084,2.697,213.8,715.2,2.716,219.645,715,2.732,225.266,716.453,2.751,229,716,2.768,236.17,717.695,2.779,243.728,717.182,2.83,252.527,717,2.879,131,3873,LSCC,
176,408,0,201.482,407.21,0.016,211.843,407,0.032,222.312,405.965,0.049,231.268,406,0.066,238.945,406,0.083,246.863,406,0.101,253,406,0.116,263.196,406.639,0.134,268.074,407,0.149,271.654,407,0.168,274.034,405.983,0.183,278.522,406,0.199,281.793,406,0.219,285.157,406,0.236,288.5,406,0.252,292.48,406,0.267,297.744,406,0.284,303.367,406,0.301,308.871,405.026,0.317,313.496,405,0.337,319.196,405,0.384,331.5,404.5,0.452,357.414,404.896,0.469,364.327,405,0.488,369.774,403.645,0.503,375.348,404,0.52,380.531,404.589,0.537,385.861,405,0.562,391.194,404.161,0.574,396.778,404,0.587,402.412,404,0.604,406.792,404,0.622,411.305,405.326,0.639,415.766,405,0.656,420.28,404.43,0.671,425.485,404,0.686,431.046,404,0.703,435.754,404,0.72,441.298,405.06,0.736,445.759,403.81,0.753,451.546,402.691,0.771,457.189,401.562,0.789,462.23,401.443,0.803,466,400.5,0.82,472.215,401,0.838,475.775,401,0.855,481.195,398.922,0.871,484.493,397.836,0.888,489.181,396.705,0.924,495.594,395,0.938,498.964,393.69,0.955,501.563,393,0.971,503.805,393,1.005,506.058,391.971,1.021,510.5,395,1.14,508.997,398.005,1.158,507.878,400.245,1.189,508,402.507,1.222,505.464,404.536,1.254,502.197,405.268,1.272,500.885,406.058,1.305,498.639,408.361,1.323,497.514,410.972,1.343,495,413,1.358,491.544,417.183,1.372,488.447,421.404,1.389,485.097,426.839,1.405,481.709,431.388,1.426,474.682,438.318,1.439,470.621,441.034,1.459,464.677,447.323,1.474,461,451,1.49,456.16,458.55,1.506,452.507,464.155,1.534,446.257,469.786,1.554,440.618,473.305,1.581,434.998,478.002,1.591,426.654,489.244,1.608,420.595,494.837,1.627,413.853,499.764,1.648,407.092,503.454,1.658,401.324,509.611,1.673,395.701,514.239,1.7,390.086,521.096,1.71,380.649,523.882,1.724,375.849,531.581,1.742,370.5,535,1.757,364.648,539.682,1.774,359.035,544.965,1.795,352.478,549.681,1.814,344.741,554.148,1.827,341.506,559.823,1.856,336.609,562.834,1.867,330.965,566.221,1.875,325.5,569.5,1.892,319.421,572.934,1.908,314.187,577.051,1.924,310.298,581.602,1.941,306.956,586.058,1.959,163,4051,LSCC,
189,421,0,219.867,420,0.019,232.434,420,0.033,242.457,418.838,0.05,251.282,419,0.067,260.281,419,0.085,269,419,0.1,275.5,419,0.117,288.65,418.225,0.134,295.378,418.896,0.151,300.092,417.977,0.168,304.565,418,0.185,309.067,418,0.201,312.215,416.595,0.219,315.278,417,0.233,320,415.5,0.251,324.227,415.258,0.268,329.374,415.875,0.284,334.018,414.995,0.301,338.51,415,0.318,344.262,413.748,0.335,349.875,414,0.353,355.5,412.5,0.37,360.454,414,0.385,364.217,414,0.402,369.306,413.139,0.424,374.01,413,0.436,378.434,413,0.452,382.918,411.771,0.471,387.411,412,0.488,391.899,412,0.503,395.379,412,0.523,400.595,411.281,0.535,404.534,411,0.555,408.862,411,0.571,413.362,411,0.586,417.854,411,0.603,423.467,411,0.626,429.359,409.528,0.648,434.895,410,0.666,439.81,410,0.689,450.717,410,0.705,456.361,410,0.72,461.963,408.807,0.737,466.261,410.315,0.755,473.651,410,0.771,477,410,0.786,481,410,0.803,485.416,410,0.82,489.715,410,0.837,494.206,410,0.854,497.48,410,0.872,499.612,411.306,0.954,497.893,413.214,0.971,495.969,414.016,1.008,493.749,416.251,1.039,491.477,417.262,1.057,490.5,420,1.09,487.317,424.524,1.107,485.032,427.952,1.132,481.683,432.423,1.147,476.921,436.863,1.161,471.238,441.409,1.175,465.818,445.745,1.19,458.941,453.67,1.216,452.586,460.414,1.238,444.214,467.089,1.249,436.24,471.863,1.262,429.509,477.409,1.275,423.785,484.458,1.291,418.315,491.022,1.307,408.379,499.169,1.324,402.453,501.365,1.343,396.459,506.541,1.358,390.695,511.444,1.374,383.184,514.921,1.39,379.73,521.54,1.408,372.722,527.065,1.423,370.047,531.27,1.44,363.629,535.897,1.457,358.5,540,1.473,352.717,543.141,1.49,345.979,549.021,1.507,341.209,554.739,1.524,336.823,559.177,1.557,321.707,567.983,1.579,316.769,572.785,1.59,311.5,577,1.608,307.978,583.37,1.624,303.784,588.216,1.645,297.452,593.623,1.659,292.767,597.175,1.674,287.121,601.703,1.691,281.492,606.206,1.707,277.302,612.123,1.724,273,617.5,1.756,266.937,622.386,1.766,261.81,626.393,1.775,258.249,629.751,1.791,253.876,633.093,1.809,156,3733,LSCC,
191,409,0,210.211,407.989,0.017,225.943,406.774,0.037,235.2,407,0.054,242.409,407,0.073,248,407,0.091,255.362,407,0.1,262.933,407,0.117,275.684,407,0.134,280.342,407,0.155,284.856,407,0.194,296.751,406.541,0.219,308.507,404.299,0.234,313.314,404,0.251,319.673,404,0.269,327.522,402.925,0.285,335.377,403,0.305,341.92,403,0.323,349.56,403.445,0.344,358.535,403.433,0.358,366.111,403,0.368,372.837,403,0.402,387.379,404.054,0.424,392.88,404,0.468,402.686,403,0.484,412.349,402.67,0.542,429.138,400.972,0.589,447.391,402.398,0.611,453.64,401,0.623,459.25,401,0.667,468.539,401,0.695,473.067,401.983,0.722,481.766,399.745,0.742,487.514,399.505,0.764,490.259,399.37,0.842,500.206,400.103,0.875,503.361,401.681,0.892,505.599,402.799,0.943,507.975,403,0.953,508.358,403,0.975,506.894,405.213,1.025,503.462,407.358,1.076,498,410.5,1.104,495.886,412.076,1.155,492.376,417.624,1.217,473.445,439.703,1.241,462.162,448.671,1.287,458.803,454.497,1.372,423.911,487.107,1.395,410.049,499.394,1.413,403.556,504.037,1.432,396.845,510.155,1.493,370.922,535.078,1.542,349.241,552.971,1.577,338.5,565.5,1.624,316.059,584.912,1.64,310.395,590.605,1.657,304.858,596.142,1.678,297.73,600.513,1.698,291.087,606.446,1.709,283.939,612.673,1.726,279.826,618.623,1.742,274.717,623.427,1.758,269.08,627.936,1.775,264.67,633.413,1.795,258.827,636.704,1.827,252.948,643.753,1.847,245.052,653.358,1.858,240.13,657.153,1.876,236.492,661.344,1.892,230.22,663.927,1.908,225.663,669.421,1.926,221.161,673.839,1.943,218.005,678.327,1.96,216.089,682.821,1.976,211,687,1.992,208.5,688,2.008,205.361,691.459,2.025,202.165,693.89,2.043,198.796,696.136,2.064,195.435,700.754,2.075,192.058,703.942,2.094,190.132,707.302,2.109,189.88,710.679,2.126,188,713.5,2.143,184.402,717.397,2.159,183,719.5,2.177,180.929,721.071,2.209,181,723.298,2.259,183.357,723,2.309,186.011,721.996,2.343,189.408,719.728,2.361,191.805,720,2.381,195.5,718.5,2.393,197,717.5,2.528,242.5,712.5,2.543,249.478,713,2.561,256.194,713,2.578,262.928,713.988,2.594,270.793,712.887,2.611,129,3592,LSCC,
193,402,0,232,397.5,0.097,273.441,395.312,0.129,283.716,395.071,0.163,299.279,395.16,0.213,316.228,393.924,0.251,331.728,395,0.307,351.223,394.458,0.357,372.627,398.036,0.593,454.215,404,0.689,483.39,405,0.753,494.39,405,0.814,505.892,406.946,0.874,511.481,407,0.921,512.134,409.268,0.979,510.821,411.358,1.038,506.464,414.536,1.088,497.929,418.047,1.145,493.163,422.558,1.187,477.477,437.566,1.238,450.911,459.078,1.298,421.03,483.97,1.355,402.5,500,1.425,367.04,533.466,1.472,353.832,544.953,1.501,342.053,558.893,1.54,332.095,569.131,1.628,311.5,592.5,1.829,245.122,662.317,1.884,231.967,669.807,2.008,210.443,690.038,2.054,195.936,698.064,2.094,189.207,705.793,2.14,187.464,710.071,2.236,183,714.5,2.283,188.536,712.732,2.314,191.968,712,2.365,203.419,710,2.402,212,707.5,2.65,325.53,711.453,2.677,332.401,710,2.702,346.849,710,2.745,363.252,708,2.771,378.358,708.295,2.8,394.292,706,2.829,400,706,2.859,418.403,704,2.902,443.17,704,2.983,470.387,702.204,3.063,489.495,704,3.14,501.986,702,3.175,509.493,704,3.256,518.67,705,3.308,521.144,703.928,3.37,523.268,705.134,3.455,520.89,705,3.644,0,0,0,0,0,0,0,0,0,0,0,0,0,0,0,0,0,0,0,0,0,0,0,0,0,0,0,0,0,0,0,0,0,0,0,0,0,0,0,0,0,0,0,0,0,0,0,0,0,0,0,0,0,0,0,0,0,0,0,0,0,0,0,0,0,0,0,0,0,0,0,0,0,0,0,0,0,0,0,0,0,0,0,0,0,0,0,0,0,0,0,0,0,0,0,0,0,0,0,0,0,0,0,0,0,0,0,0,0,0,0,0,0,0,0,0,0,0,0,0,0,0,0,0,0,0,0,0,0,0,0,0,56,3644,LSCC,
182,411,0,201.926,411,0.018,223.698,410,0.035,236.855,410,0.05,250.395,410,0.071,264.288,410,0.087,274.787,410,0.103,287.289,410,0.116,309.433,411.413,0.132,315.659,411.582,0.152,326.133,412,0.168,335.431,412,0.183,344.25,412.906,0.198,356.63,413,0.221,366.789,413,0.233,376.479,413,0.249,391.341,413,0.27,401,411.5,0.283,412.164,411.349,0.3,424.85,410.195,0.319,435.864,409.114,0.333,449.106,407.991,0.349,458.356,406.831,0.371,467.444,407,0.39,474.281,407,0.405,482.051,407,0.417,487.528,406.368,0.436,491.938,406,0.45,494.733,406,0.466,497.03,407.015,0.483,499.294,407,0.518,501.327,408.164,0.551,502.272,410.544,0.601,499.645,411.178,0.619,497.889,413.111,0.641,496.739,415.522,0.66,494.309,417.691,0.67,492.016,419.984,0.705,490.266,424.469,0.723,488.333,427.501,0.737,486.05,431.901,0.752,482.704,436.394,0.77,478.396,439.453,0.791,472.547,442.872,0.81,464.078,451.075,0.82,457.509,460.073,0.835,449.446,467.86,0.852,437.875,474.148,0.872,430.268,481.688,0.886,423.497,490.671,0.901,413.711,499.146,0.919,404.041,504.849,0.942,397.218,513.782,0.967,388.589,523.514,0.975,378.961,531.355,0.985,370.296,539.519,1.002,362.555,548.366,1.019,352.889,560.135,1.036,343.318,566.051,1.052,334.495,575.505,1.071,324.105,584.462,1.089,312.596,593.303,1.103,303.626,600.703,1.128,293.83,610.17,1.141,283.832,619.261,1.16,275.652,625.304,1.168,266.65,633.181,1.185,253.917,639.682,1.204,249.926,650.733,1.22,242.269,656.132,1.238,235.076,661.924,1.265,226.768,667.895,1.279,222.293,675.315,1.292,218.931,680.091,1.302,214.408,684.592,1.319,211.195,687.805,1.337,206.445,689.778,1.354,203.5,693.5,1.372,199.455,696.273,1.388,195.709,699.291,1.409,195.884,702.652,1.425,196.5,704.5,1.468,197.094,705.189,1.502,200.804,705,1.536,207.458,704,1.553,213.941,703.01,1.57,221.776,704.111,1.587,230.848,702.769,1.604,239.839,703,1.621,248.767,704.471,1.639,259.78,704,1.653,270.336,704,1.671,281.233,704,1.687,292.629,704,1.704,305.451,702.962,1.722,319.637,701.78,1.738,331.529,699.358,1.756,341.132,698.541,1.773,353.823,698,1.792,366.034,697.297,1.806,127,2478,LSCC,
180,409,0,201.556,407.974,0.018,220.039,406.535,0.032,230.5,407,0.047,238.97,407,0.067,245.996,407,0.08,252.743,407,0.097,261.623,407,0.115,277.816,408.201,0.143,284.284,406.674,0.151,291.577,407.447,0.166,300.558,408,0.185,309.516,408,0.199,318.524,407.184,0.218,328.398,407.933,0.232,336.419,406.94,0.248,346.623,407,0.265,356.751,407,0.282,368.257,405.574,0.299,379.964,406,0.315,390.752,405.325,0.331,401.163,404.204,0.348,411.284,404.92,0.365,422.413,403.959,0.382,432.476,402.836,0.399,439.992,403,0.417,449.282,403,0.432,456.5,401.5,0.449,463.928,402,0.465,470.652,402.775,0.482,475.607,402.098,0.522,485.56,401,0.532,488.799,399.734,0.549,492.175,400,0.567,495.5,400,0.583,497.263,400,0.599,499,400,0.633,503.075,401.269,0.65,504.127,401,0.715,504,403.268,0.735,501,403,0.766,499.028,405.986,0.783,498,406.5,0.8,496.777,408.223,0.817,494.296,410.704,0.85,491.194,413.806,0.867,489.556,416.444,0.884,487.314,419.529,0.901,485.069,422.897,0.917,482.828,427.344,0.934,478.153,433.059,0.951,475.005,437.327,0.969,468.728,440.363,0.985,465,443.5,1.002,460.908,448.789,1.021,456.712,454.11,1.034,452.212,458.788,1.051,446.661,465.407,1.068,439.857,468.572,1.085,435.745,473.255,1.102,431.264,477.736,1.125,427,483.5,1.135,422.261,489.794,1.152,416.176,496.824,1.175,409.474,501.684,1.195,403.819,506.227,1.21,399.335,511.998,1.224,394.834,518.748,1.239,390.343,525.486,1.255,383,532,1.269,376.737,536.263,1.291,371.882,541.898,1.313,367.392,547.51,1.327,362.884,554.175,1.337,357.24,560.912,1.353,350.338,565.108,1.37,345.014,570.986,1.387,339.5,576.5,1.403,335.436,583.846,1.419,329.421,589.816,1.437,322.674,594.551,1.453,317.966,599.034,1.47,311.226,604.645,1.487,308.23,610.283,1.503,303.491,615.887,1.521,299,623,1.537,292.499,625.876,1.554,288.013,629.24,1.57,283.522,633.478,1.588,280.03,636.97,1.605,276.668,642.553,1.62,273.29,646.946,1.637,271.283,650.075,1.654,264.605,654.916,1.705,256.317,662.524,1.721,253.091,665.909,1.738,250.806,669.291,1.754,248.566,672.651,1.771,246.315,676.028,1.788,244.081,677.919,1.805,159,3283,LSCC,
184,409,0,224.129,406.791,0.018,234.33,407,0.044,241.673,407,0.066,247.835,407,0.09,253.469,407.694,0.122,277.361,410,0.145,282.734,410,0.163,287.859,410.31,0.184,294.588,411,0.201,300.764,411,0.224,314.614,410.198,0.245,322.513,410,0.268,339.164,408.834,0.285,348.343,407.707,0.309,359.565,407.585,0.322,370.808,406.466,0.35,380.948,406,0.359,391.042,405.218,0.386,400.249,405,0.41,417.213,404,0.438,436.159,403,0.459,442,403,0.476,449.5,403,0.502,456.5,401.5,0.568,486.893,401,0.617,490.993,401,0.637,497.5,401,0.803,507,406.357,0.822,504.783,407.109,0.847,502.326,408.337,0.928,498,411.5,0.95,496,412.5,1.02,476,437,1.065,456.336,454.597,1.104,444.943,466.705,1.124,432.877,475.698,1.154,428.836,480.164,1.176,420.648,490.919,1.272,384.5,527.5,1.327,362.675,546.325,1.415,333.047,576.441,1.468,316.672,592.597,1.517,304.377,606.831,1.552,296.604,617.396,1.597,286.82,625.18,1.633,275.613,636.387,1.658,267.98,646.7,1.678,262.597,651.403,1.699,258.641,654.179,1.727,254.892,656.405,1.751,248.135,663.865,1.768,245.844,667.235,1.784,242.603,670.795,1.798,240.048,674.952,1.817,235.813,679.187,1.869,223.59,687.607,1.931,220.195,691.74,1.948,208.165,702.835,1.963,204.241,705.552,1.993,201.325,709.376,2.016,196.5,712.5,2.075,195.642,714.358,2.264,212.804,709.464,2.293,217.965,709,2.31,220.218,709,2.351,229.311,709.33,2.384,237.475,710.496,2.411,273.36,705.41,2.429,284.84,703.032,2.445,299.416,703,2.472,311.579,701.766,2.5,322.549,700.71,2.513,340.134,702,2.53,347.304,701.283,2.55,353.23,701,2.567,360.76,703.897,2.595,365.345,705,2.611,375.675,707.67,2.631,379.826,707,2.647,386.471,707.421,2.667,392.505,707,2.687,399.734,707,2.7,405.744,707,2.712,413.489,708.07,2.73,422.502,705.624,2.755,428.884,705,2.774,436.457,705.864,2.852,461.556,705,2.863,475.047,708.349,2.879,481.769,705.41,2.898,485.67,706,2.913,490,704.5,2.94,495.624,706.656,2.955,500.924,707.785,2.965,503.809,706.191,2.982,506.054,702.919,2.997,511.761,706.457,3.013,513.554,706,3.082,524.501,706,3.101,104,3468,LSCC,
174,414,0,200.417,410.47,0.018,210.498,409.063,0.033,218.29,409,0.047,225.117,409,0.07,233.293,409,0.085,239.417,409,0.099,246,409,0.116,262.065,408,0.135,271.097,408,0.147,278.476,407.087,0.166,285.185,407,0.182,292,407,0.198,301.437,407,0.216,306.108,407,0.236,314.117,407,0.251,321.413,407,0.265,329.488,406.216,0.29,335.484,406,0.302,341.965,406,0.316,347.799,406,0.332,355.949,407.279,0.354,365.117,405.61,0.371,371.156,405.474,0.383,377.704,405,0.4,385.954,405,0.421,393.822,405,0.436,400.901,405,0.45,406.562,405,0.471,414.782,405,0.488,421.429,404,0.501,427.984,404,0.522,433.39,404,0.536,438.548,403.29,0.55,444.227,403.845,0.566,449.899,403.02,0.591,455.759,403,0.608,459.824,403,0.619,464.286,403,0.638,470.441,403.488,0.653,475.902,403.42,0.667,480.107,402.298,0.684,484.32,402.83,0.705,488.007,403,0.723,491.183,403,0.734,494.65,403,0.753,496.692,403,0.772,498.909,401.546,0.789,501.103,403,0.802,503.368,403.684,0.821,505,404.5,0.87,505.051,406.103,0.885,502.42,406,0.92,501.731,408.539,0.97,500.823,410.353,0.986,499.973,412.054,1.001,497.654,413.173,1.023,496.693,415.615,1.037,495.608,417.785,1.052,494.5,420,1.088,491.492,423.508,1.104,490.121,427.515,1.119,487.906,431.14,1.138,486.851,433.299,1.153,483.267,436.733,1.169,481.155,438.845,1.19,476,444,1.203,469.588,449.152,1.22,463.982,455.527,1.238,459.394,461.507,1.257,454.039,466.961,1.272,448.481,471.415,1.286,442.696,476.043,1.304,432.905,481.934,1.326,430.46,488.593,1.343,425.998,495.002,1.354,420.917,500.083,1.376,416.695,503.479,1.392,410.188,507.875,1.404,403.235,513.637,1.421,399.007,520.49,1.444,394.485,527.272,1.461,388.76,531.792,1.472,381.85,535.779,1.487,375.399,540.601,1.507,370.622,546.223,1.529,366.215,551.731,1.539,360.525,558.57,1.554,353.636,562.91,1.571,346.845,566.077,1.592,341.799,570.76,1.608,337.219,576.225,1.622,331.52,581.48,1.638,324.998,588.002,1.658,318.171,591.915,1.678,312.789,595.127,1.703,307.021,600.784,1.717,301.41,605.272,1.735,295.071,608.837,1.75,288.841,613.779,1.761,171,3318,LSCC,
183,404,0,370,399,0.02,383.547,398.742,0.032,396.22,398,0.049,406.874,398,0.066,417.963,397.004,0.085,428.091,395.879,0.104,439.417,396,0.126,445.817,393.704,0.293,498.65,393.45,0.336,507.76,394.88,0.353,510.166,396.083,0.375,512.405,396,0.39,514.654,396.327,0.411,516.895,397.447,0.433,518.537,397,0.462,521,398.5,0.485,523.809,399.27,0.505,526.28,400.093,0.6,529.641,401.214,0.626,534.179,405.358,0.643,532.917,407.166,0.669,530.59,408.205,0.745,528,409.5,0.805,489.61,450.014,0.819,481,460.5,0.837,469.662,470.436,0.864,459.923,479.077,0.881,450.032,488.083,0.904,427.994,505.67,0.923,420.2,515.057,0.952,406.757,522.991,0.969,399.519,530.984,0.994,391.04,537.72,1.021,367.105,560.877,1.037,359.226,566.553,1.093,335.246,590.815,1.106,325.586,597.008,1.125,316.934,603.342,1.138,309.918,611.776,1.33,245.408,672.592,1.35,240.41,677.59,1.374,230.763,686.677,1.395,226.256,690.058,1.433,218.231,697.769,1.446,215.893,701.161,1.463,212.647,705.353,1.472,210.401,707.599,1.489,208.162,711.256,1.51,204.911,714.089,1.522,203,716,1.58,199.463,718.537,1.594,197.847,719.077,1.664,200.268,720.134,1.699,202.537,720,1.728,207.263,720,1.74,209.526,718.737,1.765,211.755,718.622,1.782,214.513,717.496,1.799,217.856,717,1.813,221.932,716.267,1.845,232.962,717,1.857,239.4,717,1.88,245.191,717,1.899,252.011,717,1.919,258.886,717,1.929,266.803,716.4,1.942,274.283,716,1.958,281.855,715.164,1.997,297.649,714.907,2.019,308.95,713.783,2.032,319.022,712.664,2.05,329.603,711.079,2.062,340.27,709.414,2.075,351.029,709,2.103,361.445,706.518,2.179,398.153,702,2.192,403.834,701.433,2.214,408.722,699.639,2.232,413.239,698.19,2.269,423.258,699.948,2.292,428.891,699,2.307,440.108,697.578,2.327,444,696.5,2.364,449.674,698.332,2.393,465.075,698,2.419,469.576,697,2.435,474.402,697.28,2.476,483.921,698,2.504,493.302,698,2.521,498.471,697.106,2.549,505.421,695.86,2.559,511.323,698.529,2.593,512.746,698,2.604,516.001,698,2.617,518.25,698,2.645,520.502,698,2.658,521.875,698,2.677,523.537,698,2.71,525.246,698,2.827,101,3013,LSCC,
195,402,0,224.414,408.075,0.017,232.878,409.11,0.03,239.899,410.317,0.052,246.407,410,0.066,251.626,410,0.084,257.981,410.664,0.098,269.38,411.782,0.114,277.501,412,0.14,284.137,410.977,0.152,290.683,411,0.172,298.681,411,0.214,318,410,0.231,325.862,410,0.249,331.453,409.109,0.276,336.001,409,0.301,344.743,409,0.314,350.944,407.611,0.338,355.568,409,0.357,360.54,408.365,0.386,365.007,408,0.423,377.472,408,0.469,386.77,408,0.49,395.427,408,0.504,399.944,408,0.519,403.54,408,0.536,406.939,407.02,0.554,410.261,408.087,0.567,413.687,408,0.585,417.046,408,0.605,421.871,406.532,0.632,424.76,407,0.648,428.157,407,0.665,434.896,407,0.694,438.252,407,0.752,445.975,407,0.781,456.108,406,0.808,462.789,406,0.822,465.137,406,0.835,468.55,406,0.854,470.632,406,0.873,473.849,407,0.888,476.121,407,0.935,482.387,406.796,0.961,485.05,407,1.004,490.617,406,1.034,492.535,406,1.067,494.538,406,1.117,492.93,408.139,1.183,493,410.268,1.235,490.932,411.034,1.285,488.664,412.168,1.318,487.732,414.537,1.392,484.5,420,1.426,478.04,428.4,1.455,472.834,433.381,1.484,463.581,441.565,1.665,415.24,484.608,1.687,409.031,490.313,1.703,403.195,495.256,1.724,392.56,504.752,1.743,386.97,510.03,1.759,379.431,513.815,1.78,372.81,521.38,1.792,369.494,528.012,1.824,355.404,537.731,2.115,279.694,613.741,2.15,271.987,622.259,2.18,262.976,630.014,2.206,258.481,634.519,2.222,249.505,646.243,2.24,248,650,2.256,244.53,653.852,2.272,240.766,657.234,2.289,237.398,660.602,2.321,233.031,662.984,2.356,222.603,674.397,2.374,219.557,678.924,2.391,218.794,681.206,2.406,216.554,683.446,2.433,213.455,686.545,2.464,207.734,691.177,2.494,205.363,693.212,2.519,199.629,696.914,2.552,196.278,699.722,2.592,190.049,706.902,2.643,187,711.5,2.67,185.22,714.561,2.706,184.732,715.537,2.79,187.134,716.067,2.84,191.574,715.213,2.951,205.865,710.378,2.961,209.281,710,2.976,213.563,710,3,217.025,710,3.015,221.543,710,3.03,227.244,710.249,3.054,232.518,711,3.067,238.524,709.993,3.082,245.745,709.624,3.097,128,4392,LSCC,
