199;396;0; ;
220,189;396;0,017;;
238,544;396;0,033;;
251,25;396;0,045;;
263,222;396;0,063;;
273,447;396;0,085;;
284,849;397,185;0,099;;
296,065;398,307;0,115;;
320,258;400,869;0,135;;
331,5;401,5;0,151;;
340,704;402,268;0,163;;
353,22;403,768;0,191;;
365,055;404,906;0,206;;
376,044;406,004;0,216;;
390,959;407,151;0,231;;
401,735;407;0,249;;
410,288;408,411;0,269;;
423,274;408,527;0,282;;
434,288;408,371;0,297;;
447,09;408,758;0,318;;
457,785;408,135;0,334;;
468,634;407,037;0,349;;
482,529;407;0,365;;
492,389;404,469;0,387;;
499,737;403,609;0,404;;
507,282;403;0,419;;
513,344;402,414;0,432;;
517,14;402,713;0,452;;
519,5;403,5;0,499;;
513,813;407,187;0,514;;
507,331;411,001;0,534;;
498,622;414,448;0,554;;
488,319;420,926;0,567;;
478,248;427,726;0,581;;
465,958;436,576;0,599;;
452,783;444,544;0,619;;
433,186;456,067;0,635;;
421,004;468,996;0,648;;
400,574;480,192;0,667;;
387,217;494,338;0,687;;
369;507;0,705;;
352,808;521,217;0,721;;
336,201;535,256;0,733;;
315,305;551,038;0,75;;
302,481;565,614;0,766;;
285,407;581,42;0,79;;
272,237;594,763;0,805;;
260,952;605,66;0,817;;
248,726;618,342;0,833;;
239,839;628,806;0,854;;
228,59;640,41;0,878;;
220,772;651,713;0,893;;
213,083;660,905;0,903;;
203,966;671,164;0,917;;
192,333;680,134;0,933;;
190,843;687,699;0,955;;
186,007;693,99;0,977;;
184,406;695,781;0,997;;
183,5;698,5;1,018;;
184;699,538;1,043;;
186,087;700,043;1,061;;
190,244;699,793;1,073;;
197,341;699,334;1,085;;
205,314;700,473;1,101;;
213,641;698;1,122;;
222,212;696,62;1,14;;
236,344;694,379;1,153;;
250,406;693,05;1,168;;
269,298;690,847;1,185;;
284,646;688,622;1,202;;
302,005;689;1,218;;
317,361;689;1,235;;
335;690,5;1,256;;
352,923;691,662;1,27;;
371,766;692,798;1,285;;
391,645;694,849;1,303;;
409,74;695;1,319;;
427,789;698,523;1,335;;
447,017;701,885;1,357;;
462,195;702,443;1,375;;
476,267;704,517;1,388;;
489,186;705,648;1,403;;
499,871;705,213;1,523;;
0;0;0;;
0;0;0;;
0;0;0;;
0;0;0;;
0;0;0;;
0;0;0;;
0;0;0;;
0;0;0;;
0;0;0;;
0;0;0;;
0;0;0;;
0;0;0;;
0;0;0;;
0;0;0;;
0;0;0;;
0;0;0;;
0;0;0;;
83;;;;
1523;;;;
ASYC;;;;
208;397;0; ;
230,372;396,239;0,019;;
241,344;395,073;0,034;;
254,644;395;0,055;;
266,734;393,842;0,068;;
278,012;394;0,082;;
293,322;394;0,103;;
311,155;395,057;0,12;;
329,495;396,625;0,133;;
340,82;397;0,153;;
357,874;398,859;0,167;;
370,09;400,008;0,183;;
388,662;401,166;0,205;;
400,205;401;0,221;;
410,796;402,38;0,234;;
428;400,5;0,254;;
440,46;400;0,269;;
452,951;399,305;0,283;;
462,923;399;0,303;;
476,927;399,994;0,319;;
485,901;400;0,335;;
493,544;398,779;0,355;;
500,174;397,638;0,368;;
512,778;398;0,385;;
514;398;0,405;;
516,5;399,5;0,433;;
517,531;401,531;0,454;;
517;403,08;0,483;;
517;406,498;0,503;;
514,026;408,974;0,537;;
510,683;412,317;0,553;;
507,626;414,582;0,568;;
502,408;416,837;0,585;;
496,711;422,289;0,608;;
491,07;426,744;0,623;;
485,553;432,447;0,638;;
477,079;439,504;0,655;;
466,5;446;0,672;;
454,5;453,5;0,686;;
437,596;467,603;0,702;;
422,983;478,263;0,722;;
404,511;492,374;0,736;;
391,25;504,604;0,756;;
374,827;518,577;0,774;;
363,918;534,196;0,788;;
346,385;549,107;0,803;;
330,718;564,282;0,819;;
314,828;579,428;0,839;;
303,166;593,446;0,856;;
288,25;605,803;0,87;;
274,235;620,912;0,886;;
260,855;632,883;0,907;;
247,487;646,513;0,926;;
242,691;654,782;0,938;;
234,786;663,816;0,953;;
225,358;672,904;0,969;;
219,583;680,98;0,99;;
215,175;687,737;1,004;;
211,772;692,304;1,02;;
208,321;696,905;1,036;;
204,921;700,079;1,074;;
203,228;702,591;1,092;;
200,5;703,5;1,155;;
206,134;705,067;1,179;;
208,587;705;1,193;;
211,274;705;1,207;;
214,682;705;1,221;;
218,042;705;1,24;;
223,611;705;1,258;;
235,848;705;1,271;;
246,47;703,948;1,288;;
256,364;704;1,305;;
275,853;704;1,326;;
288,246;704;1,339;;
304,372;704;1,36;;
320,556;704,621;1,377;;
335,213;705;1,388;;
354,06;706,784;1,405;;
369,46;708,035;1,434;;
388,698;710,141;1,451;;
402,403;711,243;1,466;;
417,94;711,62;1,477;;
432,518;711;1,489;;
447,638;710,383;1,505;;
460,411;709,259;1,525;;
475,339;709;1,544;;
485,657;708,038;1,556;;
492,656;708;1,572;;
499,453;706,758;1,592;;
509,011;708,376;1,612;;
508,911;708;1,624;;
509,414;706,243;1,761;;
0;0;0;;
0;0;0;;
0;0;0;;
0;0;0;;
0;0;0;;
0;0;0;;
0;0;0;;
0;0;0;;
92;;;;
1761;;;;
ASYC;;;;
;;;;
213;398;0; ;
231,139;399,067;0,015;;
248,414;400;0,029;;
259,057;400;0,049;;
268,176;400;0,064;;
276,582;401,083;0,08;;
285,396;401;0,102;;
295,598;402,289;0,115;;
315,484;402;0,132;;
321;402;0,15;;
332,383;401;0,167;;
340,082;401;0,18;;
349,845;401;0,197;;
361,338;401;0,22;;
367,67;401;0,235;;
377,214;401;0,252;;
386,015;401;0,268;;
394,88;401;0,281;;
400,672;402,224;0,299;;
407,601;403,767;0,317;;
416,735;404;0,333;;
425,032;405,005;0,35;;
431,824;405;0,364;;
438,468;405;0,387;;
448,062;405;0,4;;
453,948;405;0,415;;
458,5;405;0,434;;
464,437;405,687;0,448;;
470,996;406,833;0,465;;
477,804;407;0,484;;
482,261;408,065;0,498;;
484,406;409,203;0,519;;
486,655;409;0,536;;
488,896;409;0,548;;
491;409;0,651;;
492,079;409;0,751;;
492;411,179;0,784;;
489,831;414,254;0,805;;
487,199;418,201;0,82;;
481,937;425,61;0,835;;
473,718;434,026;0,85;;
463,919;440,801;0,868;;
456,857;447,143;0,883;;
448,953;456,053;0,9;;
437,82;466,062;0,916;;
427,65;473,828;0,936;;
420,238;484,551;0,952;;
408,206;497,274;0,967;;
396,5;507;0,986;;
388,5;515,5;1,001;;
373,709;530,291;1,017;;
365,056;539,936;1,034;;
356,148;548,852;1,056;;
347,038;560,452;1,072;;
338,585;565,812;1,086;;
332,287;574,165;1,101;;
322,432;582,971;1,12;;
312,309;592,692;1,138;;
303,521;600,669;1,151;;
292,434;611,566;1,167;;
280,141;621,703;1,184;;
268,939;629,443;1,207;;
256,878;639,554;1,22;;
245,886;649,703;1,236;;
239,102;658,898;1,251;;
231,225;666,093;1,271;;
224,289;671,926;1,287;;
220,294;676,608;1,302;;
218,946;681,218;1,318;;
217,816;683,368;1,336;;
215,401;684,3;1,572;;
218,071;686,071;1,607;;
221,197;687,066;1,628;;
223,657;688,328;1,639;;
226,83;689,457;1,656;;
232,01;690,602;1,67;;
237,547;691,709;1,687;;
244,027;692;1,704;;
249,72;692;1,724;;
257,4;692;1,74;;
267,583;693,176;1,754;;
276,63;693;1,771;;
284,18;694,454;1,793;;
297,264;694,569;1,809;;
309,293;695;1,822;;
323,438;695,803;1,84;;
335,083;696;1,859;;
347,295;696;1,871;;
365,062;696;1,887;;
376,348;694,696;1,904;;
393,03;695;1,926;;
405,304;694,475;1,939;;
418,108;694;1,954;;
428,918;694;1,971;;
440,172;694;1,988;;
449,967;694;2,008;;
457,021;694;2,026;;
464,651;694;2,039;;
471,362;694;2,056;;
479,5;694;2,076;;
105;;;;
2367;;;;
ASYC;;;;
;;;;
198;400;0; ;
225,541;397,861;0,018;;
242,598;395,675;0,029;;
260,181;393,376;0,047;;
277,259;391,099;0,066;;
293,025;388,854;0,081;;
308,829;387,798;0,097;;
324,73;388;0,12;;
357,547;388;0,135;;
365,793;389;0,151;;
377,036;390,279;0,167;;
388,443;391,744;0,18;;
398,367;393,842;0,199;;
407,501;395,063;0,216;;
422,224;397,342;0,23;;
428,888;397;0,249;;
438,477;397;0,27;;
450,153;400,051;0,281;;
456,826;402,275;0,299;;
463,585;404,529;0,317;;
472,015;405,877;0,333;;
482,003;407;0,35;;
488,943;408,157;0,364;;
495,508;409,251;0,383;;
501,05;409;0,403;;
506,5;410,5;0,415;;
510,828;410,609;0,434;;
514,208;411,736;0,45;;
516,739;412,869;0,467;;
518,956;413,978;0,481;;
521,21;415,105;0,516;;
523,322;415;0,669;;
521,962;417,077;0,688;;
518,276;418,575;0,7;;
514,313;420,344;0,716;;
508,093;423,453;0,737;;
496,889;428,596;0,753;;
487,614;436,337;0,77;;
475,231;444,126;0,783;;
458,494;452,253;0,802;;
445,744;464,38;0,821;;
426,514;475,865;0,838;;
409,373;487,752;0,85;;
392,964;501,264;0,867;;
374,495;514,944;0,885;;
360,475;529,569;0,906;;
342,906;542,57;0,918;;
329,665;557,613;0,936;;
310,246;571,065;0,952;;
301,306;585,73;0,968;;
287,811;598,929;0,987;;
276,461;612,445;1,005;;
266,277;623,723;1,018;;
256,997;634,004;1,034;;
247,936;646,463;1,056;;
241,492;657,514;1,075;;
232,5;665,15;1,087;;
223,602;674,836;1,102;;
218,543;683,3;1,121;;
214,078;690,383;1,157;;
211,332;695,336;1,17;;
208;702,265;1,356;;
210,068;703,034;1,389;;
215,937;702,354;1,41;;
220,899;702;1,424;;
230,107;702;1,443;;
240,417;702;1,46;;
248,516;703;1,478;;
260,392;703,586;1,498;;
274,713;705,413;1,509;;
288,546;706;1,524;;
304,291;705,362;1,537;;
323,555;704,234;1,553;;
338,854;703,096;1,573;;
360,503;701,975;1,589;;
373,39;700,884;1,603;;
397,495;702,275;1,62;;
408,76;700,603;1,641;;
429,5;699,5;1,66;;
443,03;699,398;1,671;;
456,383;699,738;1,686;;
466,635;700,848;1,704;;
480,004;702;1,724;;
486,531;702;1,748;;
493,059;702;1,761;;
500,441;701,656;1,853;;
0;0;0;;
0;0;0;;
0;0;0;;
0;0;0;;
0;0;0;;
0;0;0;;
0;0;0;;
0;0;0;;
0;0;0;;
0;0;0;;
0;0;0;;
0;0;0;;
0;0;0;;
0;0;0;;
86;;;;
1853;;;;
ASYC;;;;
;;;;
209;407;0; ;
241,733;405,944;0,014;;
273;406;0,03;;
290,208;406;0,048;;
307,302;406;0,06;;
323,883;406;0,081;;
341,994;406;0,096;;
358,562;404,829;0,111;;
398,705;402,412;0,132;;
406,207;401,566;0,15;;
418,434;401,464;0,165;;
430,103;401;0,181;;
442,59;401;0,195;;
453,052;401;0,213;;
462,186;402,023;0,231;;
471,118;402;0,25;;
479,958;402;0,267;;
486,3;400,617;0,28;;
490;401;0,3;;
492,8;400;0,314;;
495,5;400;0,347;;
497,801;398,733;0,381;;
498,069;401,138;0,432;;
496,821;403,358;0,45;;
492,972;407,028;0,462;;
488,608;413,088;0,482;;
482,145;420,831;0,504;;
470,382;432,618;0,519;;
458,043;443,779;0,532;;
443,032;456,357;0,548;;
423,384;473,664;0,567;;
409,65;486,181;0,584;;
395,12;499,88;0,601;;
377,68;514,969;0,614;;
363,073;530,748;0,63;;
343,858;546,941;0,65;;
329,693;564,839;0,667;;
312,94;577,248;0,681;;
301,392;593,865;0,698;;
286,699;606,641;0,719;;
273,452;619,858;0,738;;
260,002;632,46;0,755;;
249,025;645,633;0,765;;
238,734;656,266;0,78;;
228,543;664,133;0,797;;
219,801;674,474;0,819;;
216,407;680,39;0,836;;
214,001;685,997;0,849;;
211,764;689,236;0,864;;
211;692,245;0,885;;
211;694,5;0,915;;
212,047;695,094;1,001;;
215,32;695;1,02;;
221,137;694;1,033;;
227,65;694;1,049;;
238,01;695,112;1,071;;
245,66;695;1,091;;
258,77;696;1,103;;
275,276;696,448;1,116;;
293,525;697,585;1,132;;
313,64;698;1,163;;
332,756;698;1,176;;
354,5;698;1,187;;
371,975;700,13;1,199;;
396,018;702,383;1,222;;
409,803;704,739;1,24;;
426,962;706,827;1,252;;
442,193;708,546;1,266;;
454,402;709,675;1,283;;
462,643;711,612;1,304;;
468,497;712;1,327;;
472,025;712,013;1,346;;
474,281;713,14;1,37;;
474;708,156;1,496;;
0;0;0;;
0;0;0;;
0;0;0;;
0;0;0;;
0;0;0;;
0;0;0;;
0;0;0;;
0;0;0;;
0;0;0;;
0;0;0;;
0;0;0;;
0;0;0;;
0;0;0;;
0;0;0;;
0;0;0;;
0;0;0;;
0;0;0;;
0;0;0;;
0;0;0;;
0;0;0;;
0;0;0;;
0;0;0;;
0;0;0;;
0;0;0;;
0;0;0;;
0;0;0;;
74;;;;
1496;;;;
ASYC;;;;
;;;;
208;401;0; ;
226,975;404,163;0,021;;
245,382;405,491;0,036;;
258,042;406;0,05;;
269;406;0,065;;
281,971;405;0,085;;
294,29;405,935;0,1;;
306,564;407,051;0,115;;
332,952;409,344;0,138;;
343,886;410,353;0,154;;
357,257;410;0,169;;
371,5;411,5;0,186;;
384,068;411;0,203;;
398,159;411;0,216;;
412,783;411;0,233;;
428,88;409,937;0,255;;
444,362;410;0,267;;
457,306;410;0,285;;
466,396;410;0,302;;
479,5;410;0,317;;
489,095;410;0,337;;
497,931;409,259;0,349;;
507,892;409;0,366;;
513,092;407,977;0,453;;
510,787;411,319;0,47;;
504,468;417,119;0,487;;
496,049;423,213;0,503;;
489,047;431,937;0,517;;
478,853;441,02;0,537;;
463,632;450,073;0,553;;
450,764;465,589;0,57;;
426,919;480,213;0,587;;
416,5;498;0,6;;
388,731;516,974;0,62;;
370,628;534,536;0,636;;
352,958;552,042;0,652;;
334,31;568,479;0,668;;
313,751;585,541;0,684;;
299,204;602,138;0,702;;
283,467;617,533;0,722;;
272,73;629,27;0,739;;
262,905;640,45;0,758;;
253,604;651,196;0,779;;
246,509;660,321;0,789;;
239,814;668,216;0,802;;
231,686;676,314;0,818;;
225,06;682,94;0,837;;
222,668;686,776;0,857;;
219,885;689,672;0,877;;
217,724;692,276;0,889;;
216,218;694,563;0,902;;
215,5;696;0,938;;
217,042;697,083;1,054;;
220,943;697;1,074;;
225,453;698,113;1,087;;
235,057;698;1,105;;
244,049;699,381;1,121;;
252,929;701,982;1,139;;
268,535;702,61;1,155;;
280,476;703;1,17;;
296,64;703;1,19;;
309,578;702,038;1,204;;
327,91;702;1,225;;
338,427;702;1,245;;
351,416;702,319;1,264;;
367,441;703,444;1,277;;
383,378;704,577;1,288;;
398,803;705;1,304;;
416,358;703,311;1,321;;
431,195;702,062;1,338;;
448,095;699,854;1,355;;
460,065;700;1,373;;
472,61;698,672;1,389;;
484,941;699;1,409;;
489;700,5;1,428;;
492,977;701;1,441;;
495,591;701,795;1,454;;
497;702,5;1,481;;
502,186;704,062;1,596;;
0;0;0;;
0;0;0;;
0;0;0;;
0;0;0;;
0;0;0;;
0;0;0;;
0;0;0;;
0;0;0;;
0;0;0;;
0;0;0;;
0;0;0;;
0;0;0;;
0;0;0;;
0;0;0;;
0;0;0;;
0;0;0;;
0;0;0;;
0;0;0;;
0;0;0;;
0;0;0;;
0;0;0;;
79;;;;
1596;;;;
ASYC;;;;
;;;;
207;397;0; ;
225,784;397;0,021;;
246,559;396;0,033;;
261,206;395,233;0,051;;
274,076;394,084;0,065;;
289,315;394;0,087;;
304,284;394;0,103;;
320,893;395,26;0,121;;
354,181;397,754;0,133;;
371;398,5;0,156;;
383,716;398,63;0,167;;
398,328;398,243;0,183;;
414,414;398,894;0,201;;
427,049;397,996;0,218;;
439,466;398;0,238;;
455,163;399,226;0,255;;
461,662;400,38;0,27;;
471;401,5;0,283;;
479;401;0,302;;
483,814;403;0,319;;
486,674;403,837;0,334;;
488,911;404,956;0,35;;
490;405,5;0,401;;
490,113;407,226;0,436;;
487,647;411,353;0,452;;
486,191;413,617;0,467;;
485,059;416,822;0,487;;
482,884;421,232;0,5;;
480,606;428,182;0,517;;
470,325;436,34;0,539;;
461,371;447,083;0,554;;
448,948;460,594;0,568;;
432,953;476,377;0,584;;
414,471;495,325;0,604;;
394,172;513,023;0,622;;
373,357;531,575;0,635;;
356,213;551,159;0,657;;
332,6;570,44;0,674;;
311,328;589,905;0,687;;
292,825;608,665;0,702;;
275,582;627,361;0,719;;
259,025;646,572;0,738;;
245,168;661,735;0,755;;
234,997;677,005;0,769;;
219,96;689,727;0,785;;
211,779;698,221;0,804;;
208,4;705,799;0,823;;
207,051;708,898;0,836;;
206,5;710;0,887;;
207;711,36;0,904;;
209,085;711;0,919;;
211,504;711;0,935;;
216,477;709,631;0,956;;
220,948;708,513;0,974;;
232,553;708;0,986;;
243,693;706,577;1,006;;
253,506;706;1,024;;
269,155;706,944;1,038;;
280,905;707;1,054;;
299,304;708,206;1,069;;
314,615;709,33;1,087;;
337,611;711,906;1,108;;
356,282;713;1,125;;
378,56;715,034;1,137;;
399,832;715,176;1,153;;
419,167;715;1,173;;
435,766;715;1,195;;
449,984;715;1,214;;
457,909;716;1,237;;
465,446;716,815;1,254;;
477,644;719,661;1,27;;
480,581;720,791;1,286;;
482;721,5;1,404;;
0;0;0;;
0;0;0;;
0;0;0;;
0;0;0;;
0;0;0;;
0;0;0;;
0;0;0;;
0;0;0;;
0;0;0;;
0;0;0;;
0;0;0;;
0;0;0;;
0;0;0;;
0;0;0;;
0;0;0;;
0;0;0;;
0;0;0;;
0;0;0;;
0;0;0;;
0;0;0;;
0;0;0;;
0;0;0;;
0;0;0;;
0;0;0;;
0;0;0;;
0;0;0;;
0;0;0;;
73;;;;
1404;;;;
ASYC;;;;
;;;;
208;397;0; ;
225,713;397;0,018;;
241,651;397;0,031;;
253,792;397;0,048;;
265,272;395,973;0,069;;
275,315;396;0,082;;
289,356;396;0,103;;
301,518;396;0,12;;
326,508;396;0,133;;
335,892;396;0,149;;
348,614;395,26;0,172;;
362,863;395;0,184;;
373,741;393,058;0,2;;
389,781;391,873;0,216;;
399,207;392;0,233;;
409,399;390,622;0,253;;
422,38;391;0,27;;
431,27;391,586;0,283;;
442,741;392;0,302;;
452,623;392,828;0,317;;
459,684;393,947;0,333;;
465,489;394;0,355;;
477,401;392,76;0,366;;
484,163;393;0,384;;
489,387;393;0,405;;
493,347;393,413;0,419;;
497,676;393;0,434;;
501,446;393,815;0,454;;
503,831;394,915;0,47;;
505;395,5;0,499;;
506,205;396,103;0,535;;
504,737;398,525;0,568;;
504;401,496;0,587;;
503,086;403,829;0,603;;
501,994;407,019;0,639;;
498,625;411,5;0,653;;
494,804;416,595;0,669;;
490;421;0,689;;
483,307;431,925;0,705;;
474,341;440,919;0,723;;
461,872;451,287;0,735;;
451,828;464,23;0,755;;
434,896;476,543;0,774;;
423,584;492,075;0,79;;
404,376;506,569;0,807;;
389,423;522,577;0,82;;
372,765;540,824;0,836;;
356,231;558,487;0,852;;
339,942;575,058;0,872;;
321,311;592,707;0,886;;
306,61;609,604;0,903;;
291,891;626,588;0,923;;
274,485;640,78;0,939;;
263,598;654,051;0,954;;
251,017;664,385;0,969;;
242,053;675,067;0,989;;
231,064;685,311;1,006;;
219,692;695,377;1,02;;
211,47;705,681;1,037;;
203,655;714,537;1,056;;
194,177;718,411;1,071;;
191,191;724,262;1,087;;
187;726,5;1,103;;
185,633;729,367;1,122;;
184;731;1,223;;
187,146;728,927;1,244;;
190,9;726,367;1,266;;
193,497;725,252;1,279;;
199,392;723,203;1,296;;
206,112;721,981;1,31;;
211,731;719,708;1,321;;
218,566;717,478;1,343;;
228,255;715,613;1,356;;
240,5;714,5;1,371;;
248,5;713,5;1,387;;
262,943;712,255;1,418;;
275,564;710,261;1,431;;
284,937;709,008;1,441;;
301,827;709;1,455;;
313,63;706,522;1,472;;
332,961;707;1,489;;
341,892;707;1,506;;
356,157;707,61;1,525;;
367,752;707,281;1,546;;
382,415;707;1,558;;
395,569;706,039;1,572;;
405,946;704,895;1,589;;
422,056;703,782;1,614;;
432,076;704;1,627;;
444,746;704;1,64;;
456,009;704,573;1,655;;
463,881;705;1,676;;
474,795;706,599;1,689;;
482,714;707;1,705;;
487,262;707;1,723;;
490,55;705,817;1,74;;
492,616;704,692;1,914;;
0;0;0;;
0;0;0;;
0;0;0;;
97;;;;
1914;;;;
ASYC;;;;
;;;;
211;396;0; ;
240,38;400,251;0,015;;
257,508;401,767;0,032;;
272,634;402;0,046;;
287,359;403,028;0,063;;
300,822;404,152;0,085;;
315,73;405,287;0,1;;
328,912;406,409;0,117;;
361,382;410,486;0,134;;
371,861;409;0,147;;
387,92;409;0,164;;
400,892;408,111;0,183;;
414,775;408,983;0,196;;
428,606;409;0,214;;
440,926;407,734;0,236;;
454,493;408;0,249;;
460,345;408;0,265;;
472,12;408,612;0,285;;
481,653;409;0,299;;
490,023;409;0,316;;
496,818;409,97;0,331;;
503,632;411,105;0,35;;
506,768;411;0,38;;
508,478;412,239;0,416;;
510,529;412;0,45;;
512,536;412;0,55;;
509,847;414,153;0,568;;
504,243;417,503;0,582;;
496,558;421,681;0,599;;
489,646;429,413;0,623;;
481,992;437,008;0,632;;
471,414;443,724;0,65;;
458,161;452,079;0,669;;
445,728;463,514;0,683;;
431,274;473,794;0,703;;
418,02;483,735;0,719;;
401,748;493,951;0,734;;
388,928;502,046;0,75;;
374,081;508,886;0,767;;
363,136;515,718;0,785;;
353,379;528,024;0,804;;
337,202;536,744;0,819;;
325,214;545,936;0,833;;
312,883;555,641;0,853;;
303,299;563,864;0,87;;
292,08;571,944;0,886;;
280,012;580,718;0,904;;
272,277;592,462;0,922;;
266,951;598,458;0,936;;
261,605;604,874;0,95;;
253,982;612,829;0,97;;
249,102;620,348;0,995;;
244,667;626,167;1,016;;
240,21;631,737;1,039;;
232,156;640,844;1,055;;
227,635;648,047;1,068;;
223,126;654,811;1,085;;
221,825;659,936;1,101;;
218,885;665,525;1,121;;
217,17;671,98;1,134;;
215,105;676,79;1,151;;
213,928;681,288;1,168;;
214;683,411;1,203;;
212,782;686,653;1,219;;
211,5;689;1,235;;
212;692,5;1,251;;
210,5;694;1,284;;
209,984;695,032;1,353;;
207,749;697,251;1,472;;
210,088;698,044;1,507;;
213,817;700,544;1,527;;
219,871;703,435;1,547;;
226,051;704,842;1,559;;
237,843;706,971;1,57;;
245,731;707;1,586;;
254,982;705,752;1,609;;
271,413;708,63;1,631;;
279,558;707,555;1,651;;
293,153;707,572;1,661;;
307,072;707,293;1,673;;
320,869;707;1,687;;
334,662;708,944;1,707;;
349,016;710,078;1,727;;
363,949;711,177;1,741;;
376,639;712,331;1,754;;
393,389;713,456;1,775;;
406,62;713;1,795;;
419,851;713;1,807;;
431,991;713;1,821;;
444,374;713,943;1,838;;
454,426;714;1,855;;
463,422;714;1,871;;
472,405;715,301;1,891;;
479,879;717,823;1,906;;
486;718,5;1,922;;
488,964;719;1,941;;
491,545;719;1,96;;
493,752;719;1,972;;
495;719;1,988;;
497,252;719;2,042;;
102;;;;
2195;;;;
ASYC;;;;
;;;;
206;402;0; ;
225,497;403,026;0,021;;
241,378;404,26;0,036;;
254,553;405,379;0,05;;
267,894;406,491;0,07;;
280,129;406;0,086;;
292,647;406;0,103;;
305,486;406;0,116;;
328,199;406,964;0,133;;
338,837;408,093;0,155;;
352,647;409,221;0,166;;
367,4;410,338;0,186;;
379,206;411,473;0,205;;
395,53;411,594;0,218;;
407,535;412,685;0,233;;
421,834;413;0,252;;
434,307;413;0,27;;
448,953;413;0,285;;
458,84;411,796;0,3;;
469,085;410,657;0,321;;
482,133;411;0,338;;
488,373;410,438;0,353;;
495,408;410;0,367;;
502,8;410;0,387;;
508,705;409,059;0,403;;
512,195;409;0,469;;
509,745;410,128;0,488;;
502,276;413,241;0,504;;
494,959;416,88;0,521;;
487,657;423,343;0,534;;
480,026;429,977;0,554;;
466,1;439,267;0,568;;
454,346;446,689;0,586;;
437,308;459,066;0,607;;
422;473;0,619;;
405,724;484,858;0,635;;
388,691;499,573;0,655;;
371,909;513,637;0,668;;
355,442;529,558;0,687;;
338,297;543,362;0,704;;
324,311;558,896;0,719;;
304,408;571,947;0,739;;
295;589;0,758;;
278,128;599,459;0,77;;
269,055;612,477;0,786;;
257,878;623,464;0,806;;
249,566;633,272;0,821;;
242,621;644,631;0,836;;
233,186;655,041;0,857;;
224,233;662,421;0,874;;
218,879;669,97;0,888;;
214,317;676,805;0,902;;
211,604;681,094;0,924;;
210,184;683,632;0,943;;
209,5;685;0,959;;
210;687,043;0,989;;
210;689,316;1,038;;
211,179;691,359;1,141;;
212,053;693,105;1,158;;
215;694,5;1,19;;
221,008;696,752;1,207;;
226,315;697,863;1,222;;
236,154;699,017;1,238;;
245,097;700,137;1,255;;
254,06;700;1,279;;
271,342;701;1,293;;
285,569;701,473;1,305;;
301,272;702;1,321;;
315,34;702;1,339;;
333,693;702,864;1,357;;
354,968;703;1,372;;
371,597;703;1,392;;
394,251;703;1,409;;
407,017;703;1,424;;
429,706;703;1,44;;
440,5;703;1,459;;
457,703;704;1,476;;
472,2;704;1,489;;
483,48;704;1,509;;
490,524;702,913;1,527;;
498,101;701,843;1,639;;
0;0;0;;
0;0;0;;
0;0;0;;
0;0;0;;
0;0;0;;
0;0;0;;
0;0;0;;
0;0;0;;
0;0;0;;
0;0;0;;
0;0;0;;
0;0;0;;
0;0;0;;
0;0;0;;
0;0;0;;
0;0;0;;
0;0;0;;
0;0;0;;
0;0;0;;
81;;;;
1639;;;;
ASYC;;;;
;;;;
205;403;0; ;
249,019;407,78;0,02;;
262,241;408;0,033;;
271,136;409,142;0,05;;
280,227;409;0,072;;
289,288;409;0,087;;
296,5;409;0,101;;
306,293;410,215;0,119;;
316,887;411;0,137;;
327,178;411,818;0,153;;
336,885;412;0,17;;
348,135;410,886;0,187;;
361,468;411;0,201;;
372,814;409,619;0,221;;
387;408,5;0,236;;
399,8;407,42;0,252;;
412,364;407;0,271;;
427,294;405,262;0,286;;
440,612;404,032;0,303;;
452,947;402,914;0,318;;
464,289;403;0,339;;
474,138;403;0,355;;
483,989;404,443;0,373;;
489,445;405,574;0,385;;
494,687;407,344;0,402;;
500,01;408,802;0,421;;
504,662;410,831;0,438;;
507,068;412,034;0,454;;
509,361;413,181;0,487;;
510,201;415,401;0,521;;
510;418,811;0,554;;
510;420,531;0,57;;
508,992;422,017;0,586;;
505,542;425,458;0,607;;
497,108;432,622;0,624;;
490,69;439,31;0,64;;
479,5;447,5;0,653;;
459,954;463,046;0,672;;
443,462;474,49;0,688;;
427,049;486,39;0,708;;
409,061;499,954;0,727;;
392,453;512,135;0,743;;
377,498;526,275;0,757;;
365,015;537,623;0,775;;
352,687;548,83;0,788;;
339,482;559,905;0,806;;
330,934;567,342;0,824;;
323,994;573,172;0,843;;
314,471;579,686;0,861;;
309,754;587,43;0,926;;
285,425;611,979;0,937;;
280,151;618,274;0,954;;
275,743;624,072;0,975;;
270,355;630,573;0,997;;
264,745;636,297;1,007;;
257,838;644,355;1,023;;
252,471;650,835;1,039;;
248,265;656,168;1,055;;
241;661,5;1,077;;
235,631;666,695;1,095;;
227,777;672,667;1,106;;
223,251;679,499;1,122;;
220,901;684,197;1,139;;
217,469;686,354;1,164;;
216,741;688,518;1,174;;
215,625;690,75;1,208;;
216;692,543;1,29;;
217,038;694,076;1,408;;
217;696,013;1,508;;
221,356;698,785;1,528;;
225,71;700,855;1,548;;
234,378;704,142;1,559;;
241,051;705,175;1,574;;
247,96;705;1,591;;
254,678;706,446;1,609;;
267,544;707,58;1,631;;
278,4;708;1,651;;
289,651;708;1,662;;
303,056;708,921;1,674;;
314,475;710,047;1,69;;
328,251;711,188;1,708;;
339,038;709,696;1,726;;
351,673;711,425;1,742;;
367,01;710;1,759;;
381,166;709,345;1,774;;
393,845;708,216;1,795;;
402,519;706,138;1,817;;
415,952;706,996;1,831;;
425,177;707;1,841;;
434,093;705,738;1,86;;
446,094;706;1,877;;
454,051;706,509;1,892;;
460,736;707;1,912;;
468,242;706,251;1,932;;
479,41;706,855;1,944;;
486,952;706,008;1,959;;
492,647;706;1,978;;
499,466;704,756;2,001;;
509,672;706,334;2,014;;
514,398;707,466;2,027;;
105;;;;
2264;;;;
ASYC;;;;
;;;;
215;395;0; ;
247,896;394;0,018;;
262,648;394;0,038;;
273,289;392,671;0,051;;
285,93;393;0,067;;
298,864;393;0,086;;
311,62;393,663;0,102;;
332,517;394;0,116;;
349,935;394;0,136;;
366,712;394;0,152;;
380,053;394;0,171;;
400,048;394;0,184;;
409,016;394;0,201;;
429;395,5;0,22;;
436;395;0,235;;
451,306;395,245;0,25;;
460,238;395;0,269;;
471,938;395;0,286;;
483,464;395;0,303;;
488,231;393,754;0,317;;
492,467;394;0,334;;
495,5;394;0,354;;
501,027;394;0,37;;
505,829;394;0,386;;
509;394;0,419;;
510,814;395,271;0,452;;
511,121;397,242;0,487;;
508,464;400,803;0,504;;
501,277;405,723;0,521;;
496,013;410,987;0,551;;
489,326;416,728;0,57;;
466,412;437,157;0,585;;
454,314;447,016;0,602;;
435,834;460,255;0,619;;
420,652;475,155;0,638;;
402,659;489,599;0,653;;
384,951;503,639;0,669;;
368,523;520,44;0,686;;
351,836;536,086;0,709;;
334,859;554,35;0,725;;
317,927;569,363;0,736;;
301,747;586,7;0,757;;
286,337;602,58;0,774;;
271,231;618,064;0,786;;
256,584;633,416;0,802;;
245,855;647,765;0,82;;
236,703;659,371;0,838;;
226,753;669,247;0,853;;
220,181;678,425;0,874;;
217,759;683,069;0,89;;
213,974;686,539;0,903;;
212;689,5;0,955;;
211,824;690,351;1,038;;
212;692,179;1,073;;
215,641;693,821;1,093;;
219,843;694;1,114;;
227,667;694,074;1,128;;
237,426;695;1,139;;
245,468;695;1,157;;
256,227;695;1,172;;
271,483;696;1,189;;
285,819;696;1,205;;
302,459;697,661;1,225;;
321,194;698;1,241;;
337,807;701,161;1,255;;
359,886;703,409;1,271;;
373,224;701,675;1,29;;
395,228;699,086;1,307;;
408,673;698,844;1,329;;
423,663;698;1,349;;
438,175;696,435;1,36;;
452,077;696,923;1,372;;
462,427;695,953;1,388;;
472,534;694,83;1,411;;
482,356;695;1,428;;
487,164;694;1,44;;
490,5;694;1,595;;
0;0;0;;
0;0;0;;
0;0;0;;
0;0;0;;
0;0;0;;
0;0;0;;
0;0;0;;
0;0;0;;
0;0;0;;
0;0;0;;
0;0;0;;
0;0;0;;
0;0;0;;
0;0;0;;
0;0;0;;
0;0;0;;
0;0;0;;
0;0;0;;
0;0;0;;
0;0;0;;
0;0;0;;
0;0;0;;
0;0;0;;
77;;;;
1595;;;;
ASYC;;;;
;;;;
217;402;0; ;
257,619;407,955;0,017;;
272,858;409,143;0,032;;
287,288;409;0,051;;
300,554;409;0,067;;
314;409;0,087;;
328,162;406,806;0,102;;
349,642;404,613;0,118;;
366,068;403,176;0,133;;
377,772;401,046;0,152;;
394,508;399,899;0,172;;
402,82;397,545;0,187;;
419,938;398;0,204;;
429,798;396,52;0,217;;
443,336;396;0,235;;
454,663;395,292;0,253;;
462,732;395;0,269;;
474,624;395;0,285;;
482,594;393,915;0,299;;
486,848;394;0,324;;
491,376;394;0,336;;
495,683;394;0,351;;
498,722;394;0,367;;
504,124;394,687;0,387;;
509;395,5;0,417;;
508,531;396,265;0,503;;
508;398,178;0,521;;
501,586;402,942;0,534;;
495,534;408,466;0,552;;
489,885;414,115;0,57;;
483,092;420,908;0,586;;
476,238;429,055;0,603;;
462,462;436,888;0,62;;
456,5;444,5;0,64;;
444,6;454,55;0,654;;
431,961;465,308;0,668;;
419,36;475,888;0,685;;
402,995;489,004;0,704;;
390,669;501,331;0,723;;
373,708;513,414;0,737;;
360,701;528,657;0,758;;
343,051;542,453;0,775;;
327,848;556,57;0,786;;
312,085;569,79;0,802;;
298,749;583,932;0,822;;
281,45;597,663;0,845;;
270,353;610,777;0,859;;
256,762;624,238;0,871;;
246,814;634,186;0,888;;
239,726;647,144;0,908;;
231,308;656,692;0,927;;
222,571;666,787;0,948;;
215,998;677,203;0,969;;
210,415;685,419;0,987;;
201,18;698,025;1,003;;
195,42;703,58;1,021;;
195,557;706,329;1,037;;
196;708;1,073;;
194,735;710,795;1,105;;
196,271;712,542;1,124;;
196;714,129;1,173;;
198,329;714;1,192;;
201,241;714;1,205;;
205,11;713,223;1,221;;
210,416;713;1,238;;
217,114;711,981;1,261;;
227,019;712;1,286;;
241,534;709,77;1,308;;
276,405;706,066;1,325;;
292,407;702,799;1,339;;
310,211;700,541;1,355;;
328,895;698,248;1,374;;
348,041;696,998;1,394;;
368,396;698,073;1,406;;
390,358;696,771;1,422;;
407,732;698,358;1,44;;
427,086;698;1,46;;
441,5;698;1,479;;
459,228;698;1,504;;
474,348;698;1,514;;
486,309;698;1,525;;
495,552;698;1,54;;
505,94;696,784;1,555;;
510,603;697;1,694;;
0;0;0;;
0;0;0;;
0;0;0;;
0;0;0;;
0;0;0;;
0;0;0;;
0;0;0;;
0;0;0;;
0;0;0;;
0;0;0;;
0;0;0;;
0;0;0;;
0;0;0;;
0;0;0;;
0;0;0;;
0;0;0;;
84;;;;
1694;;;;
ASYC;;;;
;;;;
200;397;0; ;
218,799;397;0,017;;
237,5;397;0,031;;
244,5;397;0,047;;
257,521;396;0,067;;
268,075;396;0,083;;
278,097;396;0,099;;
290,469;396;0,114;;
310,665;394,726;0,136;;
317,193;395;0,152;;
331,921;396,493;0,169;;
335,521;396,587;0,181;;
343,739;397,717;0,201;;
357,245;399,73;0,216;;
365,703;400;0,231;;
374,866;400;0,253;;
389,958;400;0,27;;
397,653;400;0,286;;
403,702;400;0,302;;
413;401,5;0,318;;
424,73;400,324;0,332;;
432,712;399,184;0,352;;
446,554;399,966;0,365;;
453,403;398,933;0,389;;
460,156;397,807;0,401;;
465,511;399,302;0,418;;
476,871;399;0,437;;
484,455;399;0,453;;
489,597;398,351;0,468;;
494,121;398;0,483;;
497,773;398;0,503;;
501,985;398,996;0,522;;
504;399,5;0,534;;
503,15;401,299;0,584;;
503;403,357;0,618;;
498,425;409,433;0,635;;
492,894;414,085;0,65;;
487,214;420,944;0,673;;
480,277;430,298;0,686;;
469,768;438,873;0,701;;
459,516;444,99;0,718;;
448,215;456,785;0,737;;
435,162;468,365;0,753;;
425,193;477,807;0,767;;
414,08;489,912;0,79;;
400,544;501,213;0,806;;
392,29;509,71;0,823;;
383,363;518,637;0,837;;
371,417;532,041;0,852;;
364,781;539,822;0,871;;
355,691;550,711;0,888;;
345,661;562,154;0,901;;
336,231;572,74;0,925;;
327,302;584,959;0,942;;
314,954;594,674;0,957;;
306,586;604,716;0,974;;
297,754;616,246;0,985;;
286,41;627,031;1,007;;
277,246;637,791;1,025;;
269,432;648,954;1,036;;
261,449;658,486;1,052;;
252,441;667,559;1,07;;
247,011;675,385;1,093;;
242,907;681,639;1,111;;
239,203;685,196;1,122;;
237;688,5;1,151;;
234,186;690,814;1,188;;
233,735;692,53;1,408;;
229,268;693,577;1,424;;
226,587;694,707;1,438;;
225;695,5;1,472;;
222,197;696,268;1,555;;
225,178;696;1,59;;
232,692;696;1,605;;
237,195;696;1,622;;
241,798;696;1,638;;
247,597;696;1,656;;
253,183;696;1,673;;
263;696;1,69;;
275,046;698,672;1,705;;
285,258;699;1,721;;
299,841;699,917;1,738;;
312,366;701,033;1,759;;
329,058;702,137;1,772;;
339,626;703,263;1,79;;
352,464;704,406;1,813;;
367,741;705,527;1,841;;
392,78;708,507;1,856;;
402,959;710,769;1,873;;
416,203;711;1,889;;
426,368;711;1,91;;
435,117;712,265;1,929;;
444,158;712;1,941;;
454,345;712;1,956;;
459,051;712;1,972;;
464,825;712;1,993;;
470,21;711,158;2,008;;
474,926;711;2,022;;
478,308;711;2,04;;
481,722;709,759;2,211;;
101;;;;
2345;;;;
ASYC;;;;
;;;;
197;400;0; ;
220,534;402,046;0,015;;
239,613;403,308;0,033;;
252,705;403;0,054;;
263,267;402,415;0,068;;
272,914;402;0,082;;
283,991;402,799;0,101;;
294,06;403;0,115;;
314,232;405,137;0,138;;
327,033;405;0,153;;
337,771;403,723;0,168;;
347,792;402,579;0,187;;
362,51;401;0,202;;
371,706;401;0,219;;
384,94;401,765;0,235;;
395,351;402;0,251;;
404,118;403,015;0,267;;
414,519;403;0,289;;
425,948;400,41;0,302;;
432,816;401;0,318;;
438,941;401;0,337;;
452,5;401;0,352;;
455,838;400,291;0,367;;
461,487;400;0,387;;
466,942;400;0,4;;
471,512;400;0,417;;
480,974;401,247;0,439;;
485,861;401;0,452;;
488,498;401;0,469;;
491,202;402,601;0,487;;
493;403,5;0,585;;
493,063;405,127;0,804;;
495,077;406,038;0,921;;
492,242;410,637;0,938;;
489,966;413,034;0,954;;
485,559;417,441;0,971;;
480,974;423,283;0,985;;
475,134;430,24;1,006;;
462;438,5;1,025;;
452,683;445,726;1,039;;
441,059;455,497;1,054;;
432,86;465,71;1,074;;
424,997;473,002;1,09;;
417,116;480,884;1,104;;
405,428;491,315;1,121;;
397,134;499,866;1,143;;
389,094;507,906;1,158;;
379,221;516,623;1,171;;
371,497;525,605;1,187;;
364,919;533,928;1,207;;
357,14;541,86;1,224;;
347,455;551,545;1,238;;
339,413;560,814;1,254;;
331,641;568,359;1,275;;
323,713;577,756;1,293;;
313,658;587,013;1,305;;
306,894;595,791;1,321;;
300,974;604,442;1,338;;
293,539;613,384;1,355;;
286,575;621,495;1,371;;
282,287;628,07;1,388;;
277,736;634,896;1,406;;
274,692;641,616;1,422;;
269,138;649,434;1,444;;
263,05;655,95;1,462;;
256,4;661,833;1,472;;
251,367;666,633;1,488;;
247,87;670,13;1,507;;
245,683;673,475;1,53;;
244,237;677,018;1,541;;
240,862;681,518;1,556;;
237,5;686;1,572;;
234,067;688,289;1,592;;
231,5;690;1,624;;
230,472;691,528;1,658;;
228,857;692,072;1,699;;
224,919;694,721;1,713;;
221;695,5;1,738;;
219,459;695;1,774;;
216,202;695;1,794;;
214,806;695;1,976;;
218,132;695;1,996;;
222,619;695;2,011;;
227,121;695,78;2,024;;
234,509;696;2,045;;
242,157;696;2,059;;
251,148;694,856;2,075;;
265,629;692,395;2,092;;
277,521;693;2,108;;
288;690;2,129;;
302,647;687,725;2,148;;
316,721;686,252;2,159;;
330,677;684,221;2,174;;
344,324;682,973;2,192;;
361,179;681,855;2,218;;
372,641;680,76;2,236;;
385,373;680;2,249;;
396,953;679,506;2,259;;
406,013;679;2,275;;
418,962;679,766;2,295;;
115;;;;
2796;;;;
ASYC;;;;
;;;;
217;398;0; ;
244,509;400,885;0,018;;
257,255;402,023;0,033;;
268,618;403,162;0,055;;
278,598;404,289;0,068;;
289,887;405,389;0,084;;
301;406,5;0,105;;
319,566;406,617;0,116;;
334,744;407;0,134;;
345,726;407;0,154;;
359,872;407,99;0,167;;
370,013;408;0,183;;
382,87;406,739;0,204;;
396,652;407;0,217;;
406,634;405,537;0,238;;
418,578;406;0,252;;
428,5;406;0,267;;
441,269;405;0,287;;
452,359;405,936;0,301;;
461,562;404,93;0,317;;
472,005;405;0,338;;
484,754;405;0,355;;
491,158;403,549;0,37;;
496,3;404,575;0,384;;
500,734;405;0,403;;
504,338;405,779;0,418;;
506,895;406,948;0,434;;
508;407,5;0,488;;
502,6;410,3;0,505;;
497,782;415,218;0,52;;
494;419;0,535;;
487,273;426,963;0,552;;
477,898;436,201;0,572;;
464,875;445,084;0,585;;
452,509;456,356;0,601;;
432;471,824;0,622;;
418,915;484,694;0,637;;
394;502,5;0,652;;
378,5;514,5;0,672;;
357,381;531,714;0,688;;
339,242;547,039;0,705;;
320,203;562,833;0,719;;
306,242;579,051;0,735;;
292,86;595,924;0,756;;
275,131;607,304;0,774;;
265,827;623,223;0,787;;
253,025;636,767;0,806;;
243,994;650,582;0,824;;
235,322;661,512;0,837;;
223,787;672,192;0,852;;
219,549;682,014;0,874;;
213,807;688,431;0,894;;
212,034;693,288;0,906;;
209,093;697,361;0,92;;
207;700,5;0,936;;
206,5;702;0,973;;
203,21;704,79;1,072;;
208,306;704;1,104;;
211,827;701,086;1,128;;
216,049;701;1,142;;
220,589;699,853;1,154;;
229,098;697,401;1,18;;
240,216;698,402;1,199;;
250,106;699;1,212;;
264,007;699;1,224;;
276,733;699;1,237;;
292,465;699;1,254;;
306,126;699;1,277;;
317,656;699;1,297;;
329,949;700,244;1,309;;
339,397;701,755;1,322;;
349,5;704;1,339;;
366;706;1,355;;
374,635;706,737;1,375;;
389,78;707,852;1,399;;
399,68;708;1,421;;
410,27;707;1,438;;
435,345;704,257;1,456;;
449,955;705;1,473;;
457,633;703,394;1,492;;
464,941;703;1,513;;
476,858;703;1,525;;
484,753;702,041;1,539;;
489,378;700,906;1,558;;
495,137;699,773;1,573;;
498,005;698,665;1,591;;
501,381;699;1,607;;
503;699;1,657;;
502;696,648;1,78;;
0;0;0;;
0;0;0;;
0;0;0;;
0;0;0;;
0;0;0;;
0;0;0;;
0;0;0;;
0;0;0;;
0;0;0;;
0;0;0;;
0;0;0;;
89;;;;
1780;;;;
ASYC;;;;
;;;;
215;393;0; ;
235,037;394,055;0,019;;
259,453;394;0,033;;
270,319;394;0,047;;
284,164;394;0,067;;
298,178;394;0,081;;
312,542;394,965;0,097;;
324,775;395;0,12;;
347,733;396,13;0,13;;
365,081;397,339;0,15;;
373,028;397;0,169;;
389,575;397;0,182;;
400,407;397;0,2;;
414,245;398,607;0,217;;
426,302;399,93;0,233;;
437,516;402,103;0,247;;
451,053;403,171;0,264;;
462,17;404,317;0,286;;
474,608;405,419;0,3;;
486,364;404;0,315;;
494,54;403,351;0,335;;
502,252;402,25;0,35;;
508,523;401,095;0,368;;
511,062;401;0,435;;
508,756;404,366;0,452;;
500,994;407,803;0,468;;
494,657;412,619;0,485;;
487,904;418,247;0,499;;
479,03;425,973;0,519;;
465,419;437,318;0,532;;
453,564;445,772;0,549;;
437,975;460,639;0,567;;
423,548;475,452;0,588;;
411,059;488,941;0,602;;
396,653;502,651;0,616;;
380,479;516,852;0,635;;
367,372;532,526;0,652;;
355,275;546,857;0,672;;
340,454;563,938;0,685;;
327,216;576,784;0,702;;
305,85;592,232;0,718;;
297,495;605,096;0,734;;
286,088;617,604;0,75;;
276,505;627,495;0,767;;
269,425;637,362;0,783;;
260,329;647,755;0,806;;
252,671;655,329;0,825;;
247,568;662,718;0,837;;
242,748;669,504;0,856;;
239,5;676;0,874;;
233,75;679,6;0,887;;
228,844;684,156;0,9;;
225,24;686,84;0,921;;
223,923;689,155;0,987;;
222,876;691,248;1,017;;
220,46;693,541;1,086;;
218,908;695,092;1,123;;
214,091;699,909;1,144;;
211,814;703,186;1,159;;
210;705;1,188;;
208,456;706,544;1,254;;
211,179;706;1,273;;
214,14;707;1,286;;
217,761;707;1,303;;
223,977;706,17;1,319;;
231,592;706;1,337;;
239,636;707,091;1,352;;
245,012;707;1,375;;
250,689;708,338;1,395;;
261,035;708,839;1,407;;
272,412;710,552;1,419;;
282,82;711,682;1,435;;
295,743;712,812;1,457;;
307,961;713,906;1,481;;
322,263;715;1,495;;
338,359;714,853;1,507;;
356,778;713,701;1,52;;
375,93;712,592;1,539;;
394,5;711,5;1,555;;
410,307;710;1,57;;
426,095;708,447;1,59;;
441,301;707,121;1,608;;
454,883;706,01;1,621;;
465,311;704,854;1,637;;
480,5;706,269;1,659;;
486,884;704,588;1,677;;
489,897;705;1,704;;
490,54;706,27;1,894;;
0;0;0;;
0;0;0;;
0;0;0;;
0;0;0;;
0;0;0;;
0;0;0;;
0;0;0;;
0;0;0;;
0;0;0;;
0;0;0;;
0;0;0;;
0;0;0;;
88;;;;
1894;;;;
ASYC;;;;
;;;;
203;398;0; ;
220,099;396,994;0,019;;
234,218;395,815;0,037;;
243,596;393,423;0,05;;
253,724;391,173;0,067;;
265;390,5;0,087;;
274,106;389,362;0,103;;
282,858;389;0,118;;
299,449;389,903;0,137;;
308,031;390;0,149;;
315,955;390;0,166;;
326,599;391,289;0,187;;
335,377;393,844;0,204;;
340,125;394,521;0,221;;
348,528;396,228;0,237;;
358,491;397,721;0,252;;
367,019;398,86;0,269;;
375,088;399;0,285;;
388,504;401,251;0,302;;
395,56;402,223;0,316;;
400,904;403,381;0,337;;
408;404,5;0,353;;
416,691;405,414;0,367;;
424,971;405,71;0,388;;
432,194;405,134;0,402;;
439,694;405,956;0,417;;
447,687;406;0,434;;
453,008;407,202;0,457;;
457,384;408,346;0,47;;
461,867;408;0,488;;
465,785;408,595;0,506;;
471,134;409,689;0,518;;
477,102;409,18;0,538;;
482,736;409,947;0,552;;
486,197;410;0,574;;
488,391;410;0,584;;
490,666;410;0,62;;
493,797;411,266;0,653;;
495,525;411;0,837;;
492,984;412,008;0,857;;
489,277;414,482;0,869;;
485,886;418,114;0,887;;
479,5;424,5;0,908;;
469,875;433,156;0,921;;
457,896;440,973;0,937;;
443,135;450,627;0,956;;
428,41;462,653;0,973;;
412,703;473,926;0,991;;
394,749;486,235;1,004;;
379,214;501,445;1,026;;
360,282;516,718;1,043;;
342,86;532,426;1,055;;
322,478;548,675;1,071;;
306,996;564,671;1,09;;
291,706;581,243;1,11;;
276,233;595,712;1,121;;
263,523;609,702;1,142;;
248,512;627,179;1,158;;
239,627;638,06;1,172;;
228,723;650,136;1,189;;
219,99;658,678;1,208;;
214,815;666,573;1,228;;
210,354;674,38;1,239;;
204,726;682,383;1,255;;
199,141;686,687;1,276;;
198,685;689,944;1,297;;
197,607;691,787;1,319;;
197;694,03;1,337;;
198,75;697,625;1,354;;
200,824;700,736;1,37;;
205,175;703,087;1,391;;
207,353;704,176;1,423;;
211,76;704;1,443;;
217,512;703,498;1,459;;
224,376;702,375;1,473;;
237,213;702;1,489;;
247,851;702;1,509;;
267,339;702;1,53;;
281,258;702;1,541;;
306,237;705,748;1,565;;
329,127;708,069;1,589;;
353,568;710,463;1,6;;
381,915;711;1,611;;
406,586;709,541;1,623;;
431,655;707,291;1,639;;
456,208;704,108;1,657;;
480,26;702,892;1,673;;
490,187;700,563;1,689;;
497,417;698,309;1,805;;
0;0;0;;
0;0;0;;
0;0;0;;
0;0;0;;
0;0;0;;
0;0;0;;
0;0;0;;
0;0;0;;
0;0;0;;
0;0;0;;
0;0;0;;
89;;;;
1805;;;;
ASYC;;;;
;;;;
206;398;0; ;
236,124;401,723;0,017;;
251,029;402;0,028;;
264,051;400,995;0,045;;
275,299;401;0,061;;
287,948;401;0,082;;
298,929;401;0,099;;
311,285;401;0,113;;
333,748;399,406;0,128;;
341,998;399;0,148;;
354,7;399,823;0,164;;
363,786;400,969;0,183;;
371,813;402,116;0,202;;
381,95;402;0,215;;
394,42;402;0,235;;
402,244;401,537;0,245;;
409,5;400,5;0,266;;
420,31;397,598;0,281;;
428,097;396,151;0,295;;
434,605;395,066;0,315;;
444,78;395;0,331;;
452,298;393,815;0,348;;
456,245;395,311;0,365;;
460,775;395;0,384;;
465,252;396;0,396;;
470,957;396;0,416;;
477,55;396;0,432;;
480,837;394,163;0,447;;
483,046;394;0,499;;
485,253;394;0,515;;
486,5;397;0,549;;
488,537;398,537;0,579;;
490,523;400,523;0,599;;
492,096;402,096;0,649;;
493,16;404,32;0,699;;
493;406,358;0,733;;
488,827;411,173;0,753;;
485,282;415,957;0,767;;
480,567;420,433;0,783;;
471,613;429,387;0,799;;
463;438;0,819;;
452,66;447,34;0,836;;
437,652;458,232;0,849;;
426,277;471,631;0,866;;
412,864;482,946;0,883;;
398,268;498,942;0,906;;
386,586;510,414;0,92;;
370,645;525,662;0,934;;
357,635;539,232;0,949;;
344,537;553,499;0,968;;
333,053;565,947;0,986;;
319,11;578,061;0,999;;
308,398;590,736;1,019;;
298,411;600,589;1,039;;
287,392;612,869;1,051;;
277,156;624,271;1,072;;
268,969;632,606;1,089;;
260,245;641,755;1,101;;
252,34;651,991;1,117;;
245,609;660,29;1,136;;
238,748;668,294;1,157;;
231,186;675,814;1,167;;
224,516;681,237;1,183;;
220,382;684,214;1,2;;
214,5;689;1,221;;
212,153;691,847;1,243;;
209,533;694,467;1,262;;
207,289;696,711;1,272;;
205,016;697,992;1,284;;
204;698,5;1,3;;
202,762;701,357;1,419;;
207,025;703,012;1,438;;
210,576;703;1,452;;
212,706;703;1,468;;
217,87;703;1,486;;
221,987;702,597;1,504;;
232,31;703,693;1,526;;
241,625;704;1,554;;
262,457;706,042;1,575;;
274,356;707;1,585;;
283,508;707;1,603;;
296,674;708,425;1,622;;
308,5;708;1,643;;
323,793;707,347;1,655;;
336,891;706,211;1,668;;
354,755;705,073;1,685;;
368,466;703,961;1,707;;
383,737;705,124;1,719;;
398,962;705;1,741;;
409,106;706,411;1,757;;
425,688;705,483;1,77;;
440,429;704,371;1,787;;
452,68;702,516;1,803;;
462,183;701,102;1,82;;
474,183;698,967;1,841;;
483,254;699;1,862;;
488,152;699,461;1,877;;
493,119;701,373;1,893;;
495,997;702,997;1,906;;
498;705;2,048;;
100;;;;
2048;;;;
ASYC;;;;
;;;;
203;398;0; ;
233,221;400,084;0,008;;
257,523;400;0,026;;
273,981;400;0,04;;
289,52;400;0,054;;
303,354;399,22;0,071;;
317,702;399;0,091;;
330,229;399;0,114;;
354,483;402;0,124;;
367,419;402,484;0,14;;
379,732;404;0,165;;
391,882;404,488;0,173;;
402,41;405,601;0,19;;
414,162;406;0,211;;
424,668;406,852;0,226;;
433,774;407;0,241;;
443,015;409;0,257;;
452,475;409;0,278;;
458,808;409,362;0,293;;
465,274;410;0,308;;
472,512;410,585;0,324;;
477,884;411;0,345;;
482,372;411,843;0,363;;
484,889;412;0,38;;
488,181;412;0,392;;
491,577;411,808;0,41;;
494,955;411;0,434;;
497,881;411;0,459;;
503,348;412;0,486;;
507,251;412,813;0,494;;
510,749;413;0,501;;
513,109;413;0,569;;
513;415,248;0,589;;
509,105;418,895;0,605;;
503,464;423,024;0,621;;
494,934;428,417;0,635;;
488,716;435,341;0,657;;
479,584;442,062;0,671;;
467,268;449,738;0,688;;
456,086;460,523;0,702;;
446,616;471,871;0,718;;
430;479;0,737;;
417,592;493,961;0,754;;
401,514;506,81;0,768;;
389,042;521,946;0,788;;
373,234;534,387;0,809;;
362,796;546,424;0,822;;
351,418;559,524;0,835;;
336,5;571;0,853;;
324,561;584,836;0,872;;
311,327;597,673;0,889;;
300,587;612,531;0,911;;
286,61;624,531;0,922;;
275,127;636,96;0,935;;
266,12;649,584;0,952;;
250,322;660,598;0,974;;
241,809;673,123;0,995;;
232,352;683,518;1,007;;
222,414;691,19;1,019;;
215,867;697,959;1,035;;
211,193;703,758;1,053;;
207,818;707,182;1,07;;
205,591;708,205;1,087;;
203,363;709,319;1,154;;
207,511;708;1,175;;
210,7;707,1;1,198;;
214,05;707;1,219;;
218,831;706;1,24;;
241,129;706;1,26;;
250,571;705,494;1,272;;
266,27;704,358;1,291;;
279,594;703,241;1,31;;
294,233;703;1,322;;
307,165;703;1,339;;
319,463;701,867;1,354;;
338,105;702;1,371;;
349,179;702;1,392;;
370,005;703,5;1,413;;
387,763;704;1,424;;
402,373;704,737;1,438;;
418,376;705;1,458;;
431,049;705;1,478;;
443,912;706,076;1,488;;
456,574;706;1,509;;
464,931;707,366;1,523;;
477,998;707;1,538;;
486,639;707;1,554;;
493,247;706,292;1,583;;
498,282;704,359;1,596;;
504,601;703,067;1,608;;
508;702,5;1,622;;
507,201;703;1,739;;
0;0;0;;
0;0;0;;
0;0;0;;
0;0;0;;
0;0;0;;
0;0;0;;
0;0;0;;
0;0;0;;
92;;;;
1739;;;;
ASYC;;;;
;;;;
206;399;0; ;
254,56;403,884;0,017;;
273,407;405,025;0,03;;
290,171;406,145;0,05;;
304,699;407,285;0,068;;
319,126;408,394;0,085;;
332;409,5;0,098;;
345,5;409;0,118;;
371,936;409,279;0,133;;
387,814;409;0,148;;
399,859;409;0,168;;
412,699;407,846;0,184;;
426,865;406,78;0,204;;
436,217;407;0,218;;
447,951;408,495;0,232;;
458,381;409,598;0,252;;
468,97;410,697;0,268;;
479,444;411;0,282;;
486,685;411;0,298;;
492,467;409,907;0,318;;
496,903;410;0,334;;
498,67;410;0,417;;
492,44;414,736;0,434;;
485,672;420,273;0,449;;
478,742;429,677;0,469;;
462,741;438,621;0,485;;
451,367;448,791;0,501;;
435;461,5;0,52;;
417,115;476,908;0,533;;
399,609;492,617;0,55;;
382,175;508,903;0,57;;
366,747;526,29;0,583;;
351,815;541,185;0,6;;
334,616;558,384;0,621;;
322,239;570,761;0,64;;
308,394;585,165;0,655;;
297,621;599,016;0,667;;
284,057;612,178;0,685;;
273,782;624,022;0,702;;
264,801;633,199;0,721;;
253,917;642,975;0,744;;
247,359;651,641;0,761;;
239,492;659,508;0,772;;
230,6;667,911;0,785;;
222,3;675,7;0,801;;
216,966;682,552;0,822;;
212,652;687,348;0,835;;
208,179;690,866;0,852;;
203,56;694,33;0,868;;
201,516;696,484;0,885;;
199,267;698,733;0,953;;
207,338;697;0,976;;
211,742;697;0,987;;
217,288;697;1,002;;
225,461;697;1,018;;
237,426;698,343;1,041;;
247,287;698;1,06;;
258,53;698;1,071;;
270,754;697,325;1,086;;
281,12;696,209;1,105;;
293,967;695,086;1,129;;
306,226;693,979;1,15;;
320,922;692;1,167;;
334,949;691,464;1,178;;
348,923;689,605;1,189;;
364,956;687,93;1,203;;
381,541;685,682;1,22;;
396,252;684,229;1,239;;
409,743;683,105;1,261;;
422,885;682,01;1,272;;
435,605;682;1,286;;
449,293;683,274;1,305;;
457,276;683;1,327;;
465,424;683,489;1,345;;
473,836;684,604;1,358;;
481,468;685,745;1,371;;
485,62;686;1,387;;
489,007;687,002;1,403;;
492,411;688,137;1,421;;
494,501;689,25;1,456;;
497,668;690,223;1,505;;
499,358;691,179;1,621;;
0;0;0;;
0;0;0;;
0;0;0;;
0;0;0;;
0;0;0;;
0;0;0;;
0;0;0;;
0;0;0;;
0;0;0;;
0;0;0;;
0;0;0;;
0;0;0;;
0;0;0;;
0;0;0;;
0;0;0;;
0;0;0;;
0;0;0;;
0;0;0;;
82;;;;
1621;;;;
ASYC;;;;
;;;;
211;397;0; ;
226,236;394,461;0,018;;
249,31;394,664;0,03;;
258,406;395,801;0,047;;
268,593;396;0,067;;
279,321;397,032;0,08;;
294,502;398,192;0,098;;
309,14;400,637;0,118;;
323,73;401,441;0,133;;
344,531;405,236;0,148;;
363,971;408,329;0,167;;
378,706;409,765;0,181;;
394,775;410;0,197;;
408,453;410;0,218;;
425,556;411,17;0,233;;
438,513;412,293;0,248;;
453,231;413,402;0,269;;
463,366;414,537;0,285;;
475,35;415,613;0,299;;
486,91;416;0,315;;
496,266;416;0,333;;
505,179;417,022;0,349;;
509,607;418,152;0,384;;
511,388;418;0,434;;
511;420,358;0,484;;
508,646;422,354;0,517;;
505,646;424,236;0,536;;
503,032;426,968;0,568;;
498,929;427,69;0,584;;
495,548;430,452;0,599;;
493,106;434,787;0,619;;
487,505;439,396;0,635;;
480,786;445,012;0,676;;
471,298;452,027;0,688;;
445,525;473,085;0,701;;
430,615;485,385;0,716;;
415,556;499,627;0,734;;
398,944;513,245;0,751;;
381,987;528,946;0,774;;
364,767;542,587;0,791;;
348,753;557,398;0,803;;
331,694;571,045;0,818;;
316,732;584,709;0,837;;
305,015;595,985;0,855;;
292,017;607,447;0,879;;
278,307;618,911;0,896;;
266,862;629,113;0,907;;
254,585;639,158;0,918;;
245,632;649,663;0,934;;
238,114;656,886;0,956;;
230,5;663;0,972;;
223,923;668,692;0,985;;
219,741;674,012;1,001;;
217,244;679,391;1,021;;
214,999;684,001;1,04;;
212,816;686,184;1,052;;
211,723;688,555;1,069;;
210,632;690,735;1,206;;
214,104;691,035;1,227;;
217,767;691;1,248;;
222,254;691;1,259;;
229,612;691;1,272;;
240,293;691,829;1,286;;
250,689;692,965;1,303;;
264,71;695,109;1,322;;
277,254;698,615;1,338;;
287,803;701,841;1,354;;
306,893;703,919;1,371;;
320,54;705,561;1,388;;
334,162;707,369;1,406;;
347,41;711,203;1,424;;
363,562;712,904;1,437;;
379,648;715,093;1,453;;
397,897;716,181;1,477;;
411,968;716;1,496;;
426,996;716;1,508;;
441,749;716,519;1,52;;
454,5;717,5;1,537;;
468,239;718,77;1,555;;
482,592;719;1,584;;
491,954;719;1,603;;
499,833;719;1,62;;
511,613;720,403;1,637;;
513;721,5;1,672;;
514,535;722,268;1,848;;
0;0;0;;
0;0;0;;
0;0;0;;
0;0;0;;
0;0;0;;
0;0;0;;
0;0;0;;
0;0;0;;
0;0;0;;
0;0;0;;
0;0;0;;
0;0;0;;
0;0;0;;
0;0;0;;
0;0;0;;
85;;;;
1848;;;;
ASYC;;;;
;;;;
227;398;0; ;
260,741;403,963;0,016;;
273,131;405,103;0,032;;
284,426;406,243;0,054;;
297,155;407,378;0,068;;
307,652;407;0,083;;
320,522;407,593;0,103;;
338,67;408;0,116;;
355,518;408;0,132;;
367,405;407,059;0,152;;
379,523;407;0,167;;
394,424;405,814;0,186;;
403,857;404,683;0,2;;
415,357;405;0,219;;
429;405;0,236;;
436,5;405;0,251;;
450,782;403,222;0,265;;
460,219;403;0,283;;
470,508;401,944;0,305;;
481,745;399,651;0,319;;
487,781;400;0,334;;
493,164;398,567;0,354;;
497;400,5;0,367;;
500,265;400,368;0,383;;
502;399,5;0,435;;
499,97;402,06;0,455;;
496,199;405,801;0,468;;
491,436;409,173;0,486;;
485,5;414;0,505;;
475,653;422,753;0,517;;
465,188;432,812;0,537;;
455,017;442,096;0,553;;
442,358;451,731;0,568;;
429,923;466,273;0,584;;
419,685;476,315;0,607;;
405,466;490,534;0,62;;
392,469;503,531;0,635;;
380,624;515,778;0,655;;
368,974;529,035;0,669;;
356,557;542,443;0,686;;
342,655;557,295;0,706;;
329,32;569,624;0,721;;
312,137;583,29;0,735;;
302,821;597,238;0,753;;
294,406;606,044;0,774;;
281,905;617,85;0,79;;
274,269;627,407;0,85;;
242,038;663,154;0,867;;
235,103;672,529;0,886;;
225,423;683,024;0,907;;
220;689,5;0,926;;
214,777;695,868;0,946;;
211,466;702,601;0,957;;
208,269;707,641;0,969;;
205,938;711,093;1,088;;
211,533;712;1,111;;
216,887;712;1,132;;
223,839;710,895;1,151;;
233,285;709,772;1,164;;
243,483;709;1,174;;
252,421;708,509;1,187;;
265,518;708,608;1,207;;
277,319;709,702;1,227;;
289,98;711,663;1,239;;
304,679;712;1,254;;
316,108;714,222;1,275;;
329,772;715,231;1,299;;
340,857;716,321;1,322;;
370,391;716,431;1,338;;
387,125;715,305;1,354;;
401,167;714,167;1,374;;
414,731;713,022;1,395;;
427,527;710,912;1,406;;
438,929;711;1,421;;
452,889;712,324;1,443;;
461,958;710,56;1,463;;
472,898;710,464;1,475;;
482,023;710;1,491;;
486,352;710;1,508;;
488,5;710;1,591;;
488,085;707,83;1,719;;
0;0;0;;
0;0;0;;
0;0;0;;
0;0;0;;
0;0;0;;
0;0;0;;
0;0;0;;
0;0;0;;
0;0;0;;
0;0;0;;
0;0;0;;
0;0;0;;
0;0;0;;
0;0;0;;
0;0;0;;
0;0;0;;
0;0;0;;
0;0;0;;
0;0;0;;
81;;;;
1719;;;;
ASYC;;;;
;;;;
207;399;0; ;
235,047;399;0,017;;
247,131;399;0,031;;
260,35;399;0,048;;
270,385;397,846;0,07;;
280,53;396,719;0,084;;
292,081;397;0,1;;
301,5;395,5;0,119;;
320,41;397,618;0,135;;
330,785;398;0,148;;
339,3;398,9;0,169;;
349,24;399;0,185;;
363,452;401,223;0,2;;
370,788;401;0,219;;
378,799;399,6;0,233;;
395,5;400;0,256;;
400,194;398,401;0,27;;
410,103;397,29;0,283;;
421,632;397;0,303;;
429,861;396,02;0,319;;
437,687;394,902;0,334;;
450,684;395;0,355;;
456,228;395;0,372;;
459,913;393,522;0,384;;
466,973;393,405;0,403;;
473,824;393;0,42;;
479,086;393,771;0,437;;
481,847;394;0,453;;
484,09;394;0,501;;
486,275;396,275;0,536;;
487,272;398,543;0,569;;
489,775;401,888;0,587;;
492,105;403,052;0,616;;
495,44;405,293;0,669;;
496,177;407,355;0,702;;
498,53;409,53;0,736;;
499,041;411,082;0,804;;
497,252;415,748;0,821;;
494,5;418,5;0,837;;
489,811;425,027;0,851;;
485,064;431,903;0,869;;
476,078;439,806;0,888;;
465,949;447,595;0,902;;
455,83;456,818;0,922;;
445,525;468,972;0,939;;
430,5;477,5;0,953;;
419,523;491,157;0,97;;
403,317;502,61;0,989;;
391,84;513,16;1,007;;
376,873;524,867;1,02;;
368,347;533,653;1,039;;
359,374;542,626;1,054;;
347,46;554,086;1,069;;
336,678;563,14;1,087;;
326,15;571,48;1,106;;
313,241;581,319;1,123;;
304,547;591,297;1,137;;
293,392;600,486;1,153;;
279,776;611,853;1,176;;
271,418;621,904;1,195;;
261,382;630,216;1,207;;
252,256;639,813;1,221;;
244,973;649,369;1,239;;
237,432;657,568;1,254;;
227,707;666,371;1,27;;
219,87;674,13;1,29;;
216,488;682,196;1,311;;
212,011;686,742;1,322;;
207,493;690,131;1,338;;
206;695;1,355;;
202,092;697,272;1,38;;
200,264;699,473;1,392;;
200;701,753;1,404;;
200;703;1,421;;
201,066;704,131;1,438;;
201;706,52;1,49;;
203,355;708,355;1,508;;
206,403;708,701;1,522;;
208;709,5;1,557;;
214,342;711,114;1,58;;
219,956;711;1,6;;
231,733;711;1,621;;
242,698;711;1,631;;
251,261;711,585;1,643;;
264,161;711,295;1,655;;
276,32;710,168;1,672;;
286,744;708,057;1,689;;
303,038;708;1,706;;
314,012;708;1,723;;
331,903;706,673;1,744;;
339,942;708,438;1,764;;
353,011;708;1,776;;
366,028;708;1,788;;
379,351;708;1,805;;
393,99;707,078;1,823;;
404,238;705,974;1,84;;
421,682;703,642;1,861;;
430,691;702,701;1,882;;
441,956;701,619;1,894;;
453,078;701;1,906;;
109;;;;
2169;;;;
ASYC;;;;
;;;;
203;402;0; ;
230,786;403;0,017;;
242,525;402,047;0,03;;
256,441;400,88;0,053;;
267,208;398,558;0,067;;
277,107;396,31;0,083;;
288,858;394,028;0,103;;
302,397;393,413;0,117;;
313,59;392,344;0,133;;
325,245;392;0,147;;
333,783;392;0,167;;
341,611;392;0,183;;
351,814;390,798;0,198;;
362,06;393,68;0,22;;
370,716;395,929;0,236;;
376;395;0,251;;
387,131;396,641;0,265;;
394,795;397,799;0,284;;
400,592;398;0,3;;
406,265;399,053;0,315;;
414,23;400,176;0,336;;
423,539;402,635;0,35;;
428,07;402;0,367;;
432;403,5;0,386;;
437,502;404,626;0,399;;
443,673;405,779;0,417;;
450,4;406,9;0,435;;
455,089;407;0,449;;
460,628;407;0,466;;
466,319;407;0,487;;
470,543;408,386;0,503;;
474,997;409,499;0,517;;
477,5;410,5;0,536;;
482,853;411,713;0,55;;
487,382;412,846;0,566;;
490,939;413;0,585;;
493,183;414,091;0,755;;
490,949;416,051;0,77;;
488,02;420,469;0,786;;
484,5;422;0,801;;
479,96;427,4;0,817;;
471,778;433,012;0,837;;
463,5;438,643;0,853;;
454,546;445,34;0,867;;
445,541;452,094;0,892;;
433,786;457,607;0,908;;
428,156;466,437;0,92;;
420,659;472,784;0,935;;
412,68;477,66;0,956;;
403,322;484,843;0,971;;
396,646;491,354;0,986;;
389,683;498,317;1,007;;
381,755;505,067;1,021;;
374,226;510,267;1,036;;
367,513;517,487;1,053;;
363,319;524,753;1,073;;
358,463;531,171;1,089;;
353,286;535,971;1,102;;
346,625;541,479;1,123;;
340,876;547,124;1,14;;
336,571;552,536;1,153;;
333,229;558,286;1,17;;
328,472;565,292;1,191;;
323,859;569,141;1,209;;
319,037;573,37;1,219;;
314,082;579,377;1,239;;
311,262;587,083;1,255;;
307,161;592,799;1,27;;
303,719;597,374;1,286;;
299,058;604,413;1,306;;
294,572;612,499;1,323;;
286,003;622,853;1,338;;
281,5;628;1,353;;
277,887;632,818;1,371;;
275,344;637,311;1,397;;
274,068;641,729;1,415;;
271,833;645,223;1,426;;
268,458;649,723;1,436;;
265,073;654,236;1,455;;
260,182;657,364;1,471;;
257,257;659,162;1,488;;
253,965;662,035;1,506;;
250,62;664,587;1,53;;
247,278;667,722;1,547;;
243,898;670,128;1,559;;
239,293;675,884;1,571;;
232,132;681,557;1,591;;
225,44;683,17;1,608;;
221,4;685,533;1,621;;
217,373;687,314;1,641;;
213,671;690,329;1,664;;
209,48;692,76;1,677;;
205,999;696,001;1,688;;
202,567;698,289;1,723;;
200,6;699,2;1,823;;
207,297;704,297;1,846;;
210,648;704;1,865;;
215,703;704,659;1,878;;
221,834;704;1,89;;
232,887;704;1,909;;
127;;;;
2484;;;;
ASYC;;;;
;;;;
203;391;0; ;
228,48;389,981;0,021;;
251,566;388,691;0,036;;
265,891;389;0,053;;
276,443;389;0,065;;
288,096;389,645;0,083;;
299,74;390;0,1;;
310,694;390,869;0,115;;
332,346;392,017;0,138;;
341,276;393,16;0,154;;
353,72;395,495;0,172;;
367,74;396,395;0,186;;
374,995;397,499;0,202;;
391,166;398,597;0,219;;
401,675;400,419;0,236;;
412,557;401;0,251;;
423,799;400,02;0,265;;
433,952;400;0,283;;
445,504;400;0,304;;
458,05;398,632;0,321;;
464,431;399;0,333;;
476,949;400,595;0,353;;
485,323;401;0,368;;
493,001;402,714;0,385;;
499,854;403,976;0,399;;
508,906;405,113;0,422;;
514,038;406,208;0,436;;
517,023;406;0,449;;
518,936;406;0,535;;
513,851;409,05;0,555;;
508,079;412,553;0,573;;
496,142;418,429;0,588;;
486,274;425,484;0,601;;
478;435;0,618;;
461,35;443,655;0,638;;
448,201;455,046;0,652;;
431,551;468,759;0,668;;
416,292;481,599;0,688;;
398,083;499,917;0,702;;
383,333;512,143;0,719;;
364,209;530,367;0,739;;
351,5;545;0,756;;
335,132;561,116;0,769;;
319,745;575,755;0,788;;
307,572;590,8;0,804;;
296,143;604,828;0,819;;
279,881;621,119;0,835;;
270,697;632,815;0,858;;
261,711;646,934;0,875;;
251,172;655,771;0,887;;
244,338;664,272;0,904;;
239,197;671,905;0,919;;
234,586;679,121;0,935;;
230,007;682,995;0,956;;
227,783;686,326;0,976;;
226,8;688,4;1,005;;
224,532;690,468;1,087;;
225;692,214;1,12;;
228,318;692;1,141;;
232,429;692;1,157;;
237,162;694;1,171;;
242,332;694,666;1,186;;
248,058;695;1,207;;
253,614;696,846;1,23;;
263,165;697;1,242;;
273,21;698,135;1,254;;
284,958;698;1,27;;
301,894;698;1,288;;
314;698;1,308;;
331,343;697,358;1,327;;
348,826;696,246;1,338;;
367,336;695,104;1,353;;
386,319;695;1,372;;
399,821;695;1,395;;
411,546;697,463;1,41;;
424,307;700,102;1,422;;
434,5;703,5;1,438;;
446,474;705,246;1,458;;
455,927;707,408;1,478;;
463,926;708;1,49;;
472,903;708,988;1,513;;
479,692;709;1,532;;
482,433;709;1,545;;
484,692;709;1,571;;
486,541;709;1,591;;
489;707,5;1,63;;
491,81;704,19;1,746;;
0;0;0;;
0;0;0;;
0;0;0;;
0;0;0;;
0;0;0;;
0;0;0;;
0;0;0;;
0;0;0;;
0;0;0;;
0;0;0;;
0;0;0;;
0;0;0;;
0;0;0;;
87;;;;
1746;;;;
ASYC;;;;
;;;;
208;400;0; ;
235,268;404,272;0,013;;
249,369;406,561;0,03;;
262,231;407;0,05;;
274,286;407;0,063;;
287,015;407;0,086;;
299,4;407;0,102;;
308,719;407;0,115;;
333,5;408,5;0,134;;
339,834;408;0,151;;
351,215;408,747;0,164;;
363,129;409;0,184;;
374,146;409;0,2;;
385,481;409;0,216;;
396,6;409;0,233;;
405,101;407,612;0,25;;
415,5;408;0,269;;
425,8;407;0,284;;
435,413;407;0,298;;
444,974;407;0,317;;
454,052;407;0,334;;
460,654;407;0,349;;
468,656;407;0,365;;
478,055;405,618;0,386;;
484;406;0,402;;
489,948;404,41;0,415;;
494,099;404,7;0,435;;
496,721;405;0,45;;
498,927;405,964;0,465;;
500;406,5;0,5;;
501,203;407,102;0,584;;
496,24;410,84;0,603;;
491,775;414,169;0,618;;
486,16;418,672;0,636;;
477,947;425,76;0,649;;
463,053;436,71;0,671;;
447,098;446,564;0,687;;
432,019;457,753;0,702;;
414,985;469,509;0,719;;
397,661;480,893;0,737;;
381,627;494,32;0,751;;
366,746;505,734;0,771;;
354,712;516,989;0,786;;
338,947;531,692;0,801;;
329;542;0,822;;
314,267;555,345;0,839;;
303,429;567,301;0,851;;
290,32;579,79;0,868;;
278,196;591,804;0,885;;
268,899;603,376;0,906;;
259,009;615,434;0,922;;
253,248;624,453;0,936;;
247,483;633,531;0,956;;
242,018;643,965;0,972;;
233,661;654,339;0,985;;
224,097;663,04;1,001;;
217,132;672,803;1,021;;
212,483;680,905;1,041;;
209,391;685,812;1,053;;
205,953;690,396;1,068;;
201,109;696,364;1,089;;
197,708;702,292;1,107;;
195,316;706,052;1,119;;
195,838;709,514;1,139;;
196,5;711,5;1,221;;
198,177;712,177;1,241;;
203,614;712,654;1,261;;
208,899;713;1,271;;
216,434;713;1,286;;
226,371;711,959;1,305;;
241,359;710,819;1,326;;
251,907;711;1,338;;
270,998;711;1,353;;
284,5;709,5;1,369;;
301,792;710;1,386;;
319,589;709,213;1,403;;
336,472;709;1,423;;
356,856;709;1,439;;
371,497;707,885;1,454;;
395,465;708;1,472;;
405,3;709,391;1,488;;
423,5;710,5;1,507;;
434,359;712,227;1,534;;
447,722;713;1,551;;
457,764;713;1,561;;
468,899;712,01;1,578;;
481,118;709,797;1,592;;
487,4;708,767;1,604;;
490,097;707,634;1,736;;
0;0;0;;
0;0;0;;
0;0;0;;
0;0;0;;
0;0;0;;
0;0;0;;
0;0;0;;
0;0;0;;
0;0;0;;
0;0;0;;
0;0;0;;
89;;;;
1736;;;;
ASYC;;;;
;;;;
206;402;0; ;
224,096;400,995;0,018;;
236,948;401;0,037;;
246,72;401;0,052;;
258,286;402,429;0,07;;
268,946;400,45;0,083;;
280,832;399,347;0,102;;
293,286;397,343;0,118;;
310,938;395,229;0,132;;
327,38;395;0,152;;
336,35;393,831;0,171;;
346,244;392,751;0,184;;
360,756;391,604;0,201;;
369,5;395;0,22;;
378,081;395,608;0,236;;
389,152;397,43;0,249;;
397,194;399,731;0,269;;
404,931;401,98;0,285;;
416,038;404,208;0,3;;
423,71;404;0,318;;
434,52;405,391;0,339;;
443;406,5;0,351;;
452,5;407,5;0,368;;
459,307;407,718;0,386;;
467,648;408;0,4;;
477,526;408;0,417;;
485,685;408;0,437;;
492,156;406,807;0,45;;
499,01;407;0,469;;
502,902;408,475;0,488;;
508,5;408;0,502;;
512,989;408,337;0,517;;
515,609;408;0,537;;
517,807;407,097;0,553;;
519;406,5;0,636;;
514,108;409,261;0,653;;
509,225;411,51;0,668;;
501,881;414,622;0,685;;
492,641;419,18;0,703;;
483,898;426,964;0,72;;
470,898;434,974;0,735;;
457,04;442,893;0,756;;
442,451;452,809;0,771;;
428,855;464,374;0,785;;
414,517;475,739;0,804;;
397,781;489,456;0,821;;
384,069;501,937;0,835;;
369,266;514,468;0,852;;
357,021;529,521;0,874;;
340,566;539,881;0,891;;
328,883;554,117;0,904;;
314,821;566,983;0,919;;
304,097;580,592;0,937;;
293,402;593,458;0,953;;
282,396;604,604;0,97;;
273,043;617,316;0,987;;
264,079;628,401;1,005;;
253,739;638,261;1,022;;
245,136;651,313;1,039;;
239,388;659,214;1,054;;
232,796;666,905;1,07;;
225,188;674,812;1,09;;
221,151;682,647;1,106;;
216,798;688,253;1,121;;
214,573;692,855;1,144;;
212,356;695,966;1,157;;
210,168;699,248;1,19;;
209,729;700,542;1,223;;
206,344;704,771;1,247;;
201,89;708,083;1,26;;
199,691;709,154;1,271;;
197,409;709;1,307;;
200,534;707,733;1,373;;
202,001;708;1,392;;
207,581;706,884;1,406;;
211,993;705,752;1,424;;
216,615;703,193;1,439;;
221;702,5;1,456;;
230,181;700,764;1,472;;
239,173;699,261;1,489;;
248,107;699;1,506;;
257,003;699;1,525;;
269,297;700,118;1,547;;
277,771;701,221;1,559;;
287,001;702,375;1,573;;
303,307;704,97;1,593;;
309,141;706,592;1,613;;
319,745;707,704;1,624;;
331,368;708,837;1,643;;
339,772;708,033;1,662;;
352,671;706,944;1,673;;
365,366;705,785;1,689;;
372,413;704,655;1,711;;
381,682;703,54;1,788;;
417,509;705;1,795;;
425,547;703,922;1,807;;
433,374;701,607;1,824;;
442,523;699,369;1,846;;
452,831;698,574;1,861;;
459,745;697,465;1,876;;
109;;;;
2197;;;;
ASYC;;;;
;;;;
203;400;0; ;
222,613;400;0,019;;
240,194;400;0,038;;
252,183;400;0,055;;
263,845;400,585;0,07;;
273;401,5;0,083;;
284,768;402,863;0,103;;
296,024;403;0,118;;
318,193;403;0,134;;
331,017;401,749;0,155;;
340,39;399,247;0,172;;
350,045;401,449;0,188;;
361,244;403;0,201;;
370,544;403,693;0,222;;
381,546;404;0,235;;
392,37;402,126;0,25;;
400,581;402;0,27;;
407,351;403,225;0,285;;
417,797;404,311;0,303;;
425,29;404;0,323;;
435,208;404,421;0,337;;
443,5;403,5;0,351;;
453,497;405;0,37;;
459,545;405,909;0,386;;
465,166;407,033;0,401;;
470,84;409,336;0,423;;
477,949;410,325;0,44;;
484,496;410;0,457;;
489,062;411;0,472;;
492,263;412,263;0,488;;
494;414;0,52;;
495,537;415,537;0,62;;
493,924;417,153;0,654;;
487,067;422,933;0,669;;
482,529;428,589;0,686;;
473,072;437,928;0,707;;
462,78;444,147;0,721;;
451,099;455,411;0,737;;
441;470,5;0,759;;
426,089;479,911;0,769;;
411,284;493,042;0,786;;
397,193;503,855;0,803;;
385,046;514,867;0,82;;
369,989;530,011;0,836;;
356,89;541,768;0,858;;
340,51;552,636;0,875;;
331,332;563,446;0,887;;
317,695;571,152;0,905;;
307,459;579,541;0,921;;
298,489;589,45;0,94;;
288,483;596,344;0,957;;
279,727;604,114;0,971;;
274,377;614,922;0,987;;
267,392;622,043;1,009;;
261,189;628,811;1,028;;
255,132;634,868;1,039;;
248,994;644,211;1,054;;
244,351;653,298;1,073;;
238,857;660,171;1,097;;
234,461;665,674;1,114;;
229,489;672,008;1,126;;
223,85;677,299;1,139;;
220,5;684;1,154;;
216,421;686,934;1,172;;
212,74;691,767;1,189;;
209,385;696,487;1,206;;
207,981;699,038;1,222;;
206,856;701,288;1,274;;
205,846;703,308;1,357;;
208,026;703;1,408;;
211,44;703;1,427;;
217,837;704,567;1,443;;
224,132;705,689;1,457;;
235,235;708,519;1,474;;
244,458;709,932;1,49;;
256,968;710;1,506;;
274,185;710;1,529;;
287,127;708,656;1,552;;
302,15;708;1,575;;
315,449;709,596;1,596;;
344,158;710;1,608;;
361,772;709,077;1,624;;
374,634;705,827;1,641;;
395,253;704,819;1,66;;
405,798;701,237;1,675;;
421,592;700,57;1,691;;
434;699,5;1,712;;
447,695;698,641;1,724;;
458,133;698,233;1,744;;
468,989;697,101;1,759;;
479,152;699,034;1,78;;
487,062;699;1,798;;
491,983;700,246;1,808;;
496,578;701,395;1,825;;
498;701;1,857;;
502,451;704;1,968;;
0;0;0;;
0;0;0;;
0;0;0;;
0;0;0;;
96;;;;
1968;;;;
ASYC;;;;
;;;;
206;396;0; ;
240,961;390,272;0,015;;
255,819;388,028;0,031;;
268,183;386,892;0,052;;
279,396;385,76;0,069;;
290,555;384,645;0,085;;
301,597;383,54;0,104;;
318,491;383;0,117;;
332,463;383;0,132;;
341,731;383,841;0,153;;
353,113;385,839;0,166;;
363,588;388,131;0,182;;
372,417;389,177;0,204;;
385,777;390,343;0,218;;
397,703;390;0,234;;
405,595;390;0,253;;
416,389;390,672;0,266;;
426,443;391;0,285;;
435,494;391;0,302;;
447,549;392,05;0,318;;
455,064;393,152;0,336;;
461,737;394,29;0,351;;
468,484;395,414;0,371;;
476,5;398;0,387;;
481,871;399,247;0,4;;
484,5;401;0,435;;
486,821;401,274;0,452;;
488,14;403,14;0,585;;
486,989;406,032;0,621;;
482,259;410,741;0,638;;
477,035;417,456;0,651;;
468,5;424;0,667;;
457,967;437,19;0,688;;
446,652;447,648;0,7;;
431,496;461,54;0,72;;
418,809;475,299;0,736;;
399,424;490,945;0,751;;
385,372;506,984;0,773;;
364,824;525,695;0,786;;
350,351;542,082;0,802;;
333,987;559,399;0,822;;
316,311;575,273;0,838;;
301,902;591,873;0,852;;
285,867;605,971;0,869;;
273,828;620,567;0,892;;
260,267;631,111;0,91;;
250,144;644,489;0,921;;
242,233;655,305;0,935;;
235,613;663,741;0,953;;
230,025;670,771;0,972;;
225,422;676,473;0,992;;
223,989;682,053;1,003;;
222,845;684,309;1,019;;
223;686,58;1,074;;
224,177;688,355;1,272;;
226,012;688;1,305;;
233,009;689,168;1,325;;
239,198;687,56;1,389;;
263,131;689,933;1,409;;
276,764;691,064;1,422;;
290,101;692,175;1,437;;
302,503;692;1,455;;
316,534;692;1,477;;
329,34;693;1,496;;
349,846;694,32;1,52;;
366,592;695;1,543;;
396,304;696;1,561;;
408,541;693,72;1,572;;
423,891;692,701;1,594;;
435,419;691;1,616;;
445,641;691;1,655;;
462,329;691;1,667;;
470,272;691;1,677;;
476,136;689,973;1,688;;
481,764;690;1,705;;
483,548;690;1,738;;
485,494;690;1,858;;
0;0;0;;
0;0;0;;
0;0;0;;
0;0;0;;
0;0;0;;
0;0;0;;
0;0;0;;
0;0;0;;
0;0;0;;
0;0;0;;
0;0;0;;
0;0;0;;
0;0;0;;
0;0;0;;
0;0;0;;
0;0;0;;
0;0;0;;
0;0;0;;
0;0;0;;
0;0;0;;
0;0;0;;
0;0;0;;
0;0;0;;
77;;;;
1858;;;;
ASYC;;;;
