190;401;0; 
217,314;401;0,017;
239,719;401;0,035;
251,526;401;0,052;
262,238;401;0,068;
271,631;401;0,084;
280,596;401,824;0,101;
290,524;402;0,119;
310,182;404,131;0,134;
319,697;404;0,151;
332,401;404;0,169;
341,886;404;0,186;
353,603;403;0,202;
365,725;402,328;0,218;
376,13;402;0,235;
388,974;401,086;0,252;
399,335;399,963;0,268;
409,396;398,845;0,285;
419,488;399;0,303;
431,02;397,598;0,331;
439;401;0,342;
448,483;399;0,352;
457,076;399;0,369;
464,301;399,884;0,386;
472,003;399;0,402;
478,752;399;0,419;
484,203;399;0,437;
488,472;397,632;0,453;
491,467;399,489;0,485;
492,536;399;0,552;
489,914;402,129;0,569;
487,329;403,336;0,619;
484,464;405,357;0,669;
481,465;406,178;0,687;
479,815;407,092;0,704;
477,395;409,605;0,721;
473,705;411,863;0,739;
470,5;414;0,755;
465,997;418,671;0,771;
461,843;423,157;0,787;
459,179;428,553;0,804;
454,876;433,124;0,821;
449,243;439,908;0,837;
443,638;445,362;0,856;
435,215;450,989;0,872;
430,5;458;0,889;
426,47;466,06;0,904;
420,454;473,546;0,923;
412,853;480,269;0,937;
403,997;488,003;0,955;
399,508;495,862;0,971;
393,807;503,671;0,988;
385,424;510,208;1,006;
377,633;519,848;1,023;
370,59;527,819;1,039;
363,93;536,07;1,055;
356,086;543,07;1,072;
345,304;552,727;1,089;
339,56;562,793;1,105;
331,54;570,46;1,122;
322,363;578,307;1,14;
310,478;587,618;1,157;
305,574;596,996;1,173;
296,757;604,855;1,189;
285,098;613,474;1,206;
278,327;622,477;1,222;
268,5;629,333;1,239;
258,395;634,891;1,255;
248,286;644,413;1,274;
243,896;651,946;1,291;
235,5;658;1,307;
226,373;663,305;1,323;
220,095;669,687;1,34;
215,376;675,531;1,356;
210,901;681,124;1,373;
204,129;685,581;1,389;
201,194;688,806;1,406;
197,827;690,782;1,425;
194,5;693;1,441;
193,372;694,255;1,456;
192,5;696;1,489;
190,464;697,536;1,539;
191;699,177;1,606;
192,134;701,268;1,64;
194,056;701;1,658;
196,404;702,202;1,69;
199,665;702;1,724;
203,376;700,312;1,741;
205,617;698,383;1,758;
207,862;698;1,775;
210,099;698;1,791;
212,344;698;1,808;
215,878;698;1,826;
220,662;698;1,843;
226,5;699,5;1,859;
234,254;699;1,875;
242,431;700,552;1,892;
249,389;701,898;1,909;
257,146;704,042;1,925;
266,111;705,139;1,942;
129;;;
2572;;;
JLAP;;;
;;;
195;404;0; 
210,349;402,977;0,018;
225,293;403;0,034;
233,474;403;0,051;
240,402;403;0,068;
247,15;403;0,084;
253,873;403;0,101;
261,859;403;0,118;
278,029;403;0,136;
283,5;403;0,152;
292,654;403,628;0,168;
302,003;404;0,185;
310,972;403,128;0,202;
318,974;403,996;0,218;
330,124;404;0,247;
338,844;404;0,263;
347,861;402,642;0,272;
358,815;403;0,287;
367;403;0,302;
377,495;402;0,318;
388,412;402;0,336;
398,672;401,036;0,352;
406,574;401;0,369;
418,049;401;0,386;
426,604;399,675;0,404;
436,981;400;0,421;
446,102;398,433;0,437;
454,837;397,309;0,453;
463,484;397;0,469;
471,517;397;0,487;
479,375;397;0,503;
486,043;397;0,52;
491,461;398,292;0,538;
497,067;396,587;0,555;
500,145;398;0,571;
503,314;398;0,587;
505,556;398,778;0,604;
507;399,5;0,637;
502,861;400,046;0,669;
499,426;402,383;0,687;
497;403,5;0,719;
495,465;404,267;0,753;
493,463;405,268;0,771;
491,887;406,056;0,837;
489,732;407,134;0,886;
488,821;409,358;0,904;
486,92;411,08;0,921;
485,8;413,401;0,938;
483,357;414,321;0,956;
481,106;416,894;0,973;
478,87;420,13;0,989;
475,264;423,736;1,005;
471,587;428,218;1,022;
467,285;432,715;1,039;
463,858;436,142;1,055;
460,49;440,68;1,072;
457,128;443,872;1,09;
452,343;448,657;1,107;
448;453;1,123;
439,431;459,611;1,139;
435,446;466,439;1,156;
431,422;472,472;1,172;
426,933;478,084;1,189;
421,313;483,687;1,206;
416,96;491,82;1,224;
406,931;499,685;1,241;
402,503;504,497;1,257;
396,902;511,717;1,273;
392,025;519,206;1,29;
384,105;527,033;1,306;
376,098;532,93;1,323;
370,466;540,747;1,34;
364,853;546,147;1,357;
359,25;554,45;1,374;
347,772;562,288;1,392;
342,459;567,541;1,407;
335,728;573,56;1,423;
328,994;580,84;1,44;
318,426;588,702;1,457;
311,558;594,368;1,474;
306,017;601,18;1,49;
299,096;605,269;1,509;
289,504;614,059;1,525;
283,207;620,793;1,541;
276,924;626,396;1,557;
270,198;632,002;1,574;
263,464;636,69;1,591;
253,61;643,26;1,608;
250,509;649,982;1,624;
245,851;655,436;1,642;
239,963;659,629;1,659;
234,5;664;1,676;
228,116;667,589;1,691;
222,917;672,083;1,708;
219,329;676,561;1,725;
216,975;681,05;1,741;
212,486;685,514;1,758;
209,227;688,773;1,774;
205,878;692,122;1,793;
202,508;693,995;1,81;
155;;;
2974;;;
JLAP;;;
;;;
212;399;0; 
247,304;396,212;0,018;
262,191;396;0,034;
275,596;394,867;0,051;
290,328;395;0,068;
304,751;393,635;0,086;
319,5;392,5;0,103;
342,087;393,381;0,118;
361,628;393,741;0,134;
374,455;393,14;0,151;
389,776;393;0,168;
399,942;393;0,184;
411,248;390,55;0,201;
422,46;392,346;0,22;
430,749;393,469;0,236;
440,285;391,413;0,257;
448,98;392,423;0,269;
455,935;393,823;0,285;
462,682;394;0,302;
468,372;394;0,319;
473,983;392,803;0,335;
479,573;395,629;0,352;
482,314;395;0,37;
485,5;395;0,386;
487;396,5;0,418;
488,537;397,268;0,436;
491,065;398,022;0,453;
494,498;399,166;0,485;
496,407;401,407;0,535;
496;403,357;0,569;
494,732;405,536;0,586;
493,933;407,133;0,619;
491,623;411,753;0,637;
489,007;416,985;0,654;
486,164;423,673;0,67;
482,046;429,693;0,687;
474,983;437,017;0,704;
468,108;441,928;0,72;
461,398;448,602;0,737;
457,117;455,325;0,754;
451,277;463,412;0,771;
442,754;471,246;0,788;
437;475,5;0,804;
429,463;483,951;0,821;
425,514;492,628;0,838;
418,354;500,646;0,854;
411,568;507,432;0,871;
402,482;516,518;0,887;
397,444;526,801;0,904;
388,963;534,037;0,922;
380;541,5;0,938;
371,627;552,071;0,956;
364,438;561,357;0,972;
355,653;569,429;0,99;
344,671;579,296;1,005;
336,876;589,445;1,022;
327,777;596,945;1,039;
315,951;602,024;1,057;
308;613,5;1,073;
300,881;621,839;1,089;
291,886;627,821;1,106;
282,026;635,202;1,126;
273,955;643,045;1,14;
267,237;650,89;1,156;
258,062;656,211;1,173;
251,781;660,48;1,193;
245,071;666,441;1,213;
242,174;670,434;1,224;
238,072;675,66;1,24;
235,301;679,549;1,266;
233,049;681,951;1,276;
231,906;684,189;1,307;
228,497;685,168;1,507;
232,124;686,041;1,551;
235,803;686;1,567;
238,307;686;1,579;
240,548;686;1,599;
244,177;684,608;1,614;
252,085;685,508;1,626;
262;686,5;1,642;
279,852;686;1,662;
294,353;686,873;1,681;
309,892;687;1,694;
326,727;687;1,708;
341,155;687;1,726;
358,435;687;1,744;
375,095;688,473;1,76;
392,359;688;1,776;
407,461;688,728;1,793;
421,151;689;1,809;
433,579;689,962;1,826;
444,776;691,078;1,843;
454,766;691;1,859;
462,297;692,328;1,877;
473,087;693,454;1,898;
478,401;694,134;1,91;
484,441;695;1,926;
490,869;695,811;1,942;
496,684;696,937;1,959;
502,31;697;1,985;
104;;;
2213;;;
JLAP;;;
;;;
196;404;0; 
215,789;403;0,017;
225,887;402,235;0,034;
234,188;401,116;0,051;
241,039;399,993;0,068;
247,763;400;0,084;
254,499;400;0,101;
262,594;400;0,119;
279,412;400;0,136;
283,268;398,39;0,151;
291,127;398;0,168;
299,77;398;0,185;
308,805;398,976;0,201;
318,868;397,904;0,218;
330,167;398;0,235;
338,724;398;0,253;
349,163;398;0,27;
359,649;399,581;0,294;
368,603;400;0,31;
379,208;400;0,319;
389,47;400,941;0,336;
398,51;402,064;0,352;
406,291;403,184;0,369;
415,436;403;0,387;
424,406;404,426;0,404;
431,847;404;0,42;
439,688;404;0,436;
447,542;404,792;0,453;
453,562;405;0,469;
460,198;406,033;0,486;
464,615;406;0,503;
470,356;406;0,521;
477,392;406;0,538;
480,071;406,518;0,554;
483,275;407;0,57;
485,519;407;0,587;
487,759;407;0,603;
490,005;407;0,685;
490;409,214;0,719;
487,464;410,268;0,752;
485,464;411,268;0,77;
483,787;412,106;0,803;
481,544;413,228;0,836;
477,605;415,395;0,854;
473,725;418,456;0,871;
470,183;421,817;0,902;
465,761;425,179;0,909;
462,459;429,721;0,921;
460,399;435,502;0,942;
458,157;439,687;0,956;
452,818;444,182;0,973;
448,324;448,676;0,988;
443,067;454,719;1,005;
436,54;460,55;1,022;
433,942;468,202;1,039;
429,402;473,748;1,055;
426,199;479,336;1,073;
421,422;484,973;1,09;
416,412;492,075;1,107;
409,211;498,158;1,122;
403,217;503,782;1,139;
398,496;509,379;1,156;
394,007;514,992;1,172;
389,524;522,833;1,19;
381,361;529,405;1,208;
374,829;534,809;1,224;
369,585;540,415;1,241;
365,58;545,629;1,256;
360,366;551,634;1,273;
353,083;558,072;1,29;
346,195;563,838;1,307;
341,656;568,344;1,323;
337,174;574,032;1,34;
331,348;578,321;1,358;
325,749;585,702;1,375;
317,141;590,287;1,391;
311,542;595,458;1,407;
305,929;600,257;1,423;
300,335;605,665;1,44;
294,733;610,214;1,457;
284,411;615,883;1,474;
280,804;622,794;1,492;
274,917;626,667;1,509;
269,299;631,161;1,525;
262,393;636,291;1,541;
255,314;641,124;1,557;
250,384;646,52;1,574;
246,919;651,108;1,591;
241,297;655,562;1,608;
236,943;658,792;1,626;
231,062;663,55;1,642;
225,97;666,522;1,659;
222,114;670,515;1,675;
219,497;674,254;1,691;
217,257;677,615;1,708;
215,012;679,988;1,725;
211,662;683,338;1,742;
209,539;685,461;1,76;
207,285;687,715;1,776;
205,042;689,958;1,792;
159;;;
2993;;;
JLAP;;;
;;;
191;396;0; 
204,195;397,015;0,019;
215,571;397;0,035;
220,272;397;0,052;
224,761;397;0,068;
229,234;397;0,085;
233,731;397;0,102;
238,214;398,054;0,118;
246,233;400,352;0,135;
250,177;398,706;0,153;
254,67;400,418;0,17;
260,5;400;0,186;
267,294;400,659;0,202;
272,118;401;0,219;
277,511;401,902;0,236;
283,062;400,988;0,252;
287,579;402,145;0,269;
294,569;400,738;0,288;
301,326;402,388;0,304;
305;402;0,321;
312,135;402;0,336;
317,742;402,748;0,353;
324,218;403;0,369;
329,951;403;0,386;
335,564;404,113;0,403;
341,155;404;0,42;
348,125;402,646;0,438;
354,849;403;0,454;
361,987;404;0,47;
368,3;404;0,487;
374,194;404;0,503;
380,745;404;0,52;
387,469;404;0,537;
394,205;404;0,553;
399,617;404;0,572;
406,664;404;0,589;
412,945;404;0,605;
419,427;404;0,62;
425,827;404;0,637;
432,56;404;0,654;
439,284;404;0,671;
447,191;404;0,687;
452,44;404;0,705;
458,072;404;0,722;
464,192;404;0,739;
470,92;403,347;0,754;
477,64;403,773;0,772;
482,584;403,104;0,789;
488,084;403;0,812;
491,549;403;0,826;
496,032;403;0,84;
497,756;403;0,855;
499,999;403;0,888;
501,536;403;0,954;
498,91;404,045;0,972;
496,31;405,345;1,004;
494,464;406,268;1,372;
478,838;419,132;1,39;
468,032;429,968;1,408;
462,059;435,941;1,425;
458,546;439,454;1,441;
454,064;443,936;1,457;
448,723;449,277;1,474;
442,133;454,889;1,491;
432,115;467,081;1,508;
429,35;470,867;1,524;
424,63;475,37;1,543;
418,687;481,313;1,559;
411,325;486,506;1,575;
405,182;493,931;1,591;
399,876;500,124;1,608;
394,274;505,726;1,625;
388,661;511,339;1,641;
381,883;518,117;1,658;
373,832;523,549;1,677;
370,284;530,574;1,693;
365,253;535,747;1,709;
358,973;541,356;1,725;
351,457;547,751;1,742;
345,437;554,476;1,759;
340,868;560,165;1,79;
335,224;565,621;1,8;
329,359;570,367;1,811;
322,595;576,004;1,827;
314,422;581,578;1,844;
310,083;587,834;1,86;
305,202;593,038;1,876;
299,591;598,409;1,893;
293,998;603,001;1,91;
286,139;607,492;1,926;
280,857;613,143;1,945;
277,878;618,869;1,961;
271,585;624,415;1,978;
266,951;628,439;1,993;
260,617;632,191;2,01;
255,587;636,413;2,027;
252,096;639,904;2,044;
248,722;645,463;2,061;
246,574;649,852;2,077;
241,646;654,354;2,095;
174;;;
3631;;;
JLAP;;;
;;;
184;403;0; 
225,182;401,225;0,017;
239,755;401;0,034;
250,132;401;0,052;
261,374;401;0,068;
271,299;401;0,086;
280,03;401;0,103;
290,5;401;0,119;
309,58;401;0,135;
321,906;401;0,151;
331,909;401;0,168;
342,84;401,984;0,185;
356,28;402;0,203;
368,501;402;0,221;
379,5;402;0,237;
393,613;403,468;0,253;
401,731;403,591;0,269;
412,106;404;0,286;
422,494;404,833;0,302;
431,627;405;0,319;
440,608;405;0,336;
449,554;405;0,352;
455,904;405;0,37;
462,645;405;0,387;
468,788;405;0,403;
474,397;405;0,42;
479,208;405;0,436;
481,842;405;0,453;
484,083;405;0,485;
486,289;405;0,569;
483,212;407,894;0,586;
482;408,5;0,603;
481,934;410,133;0,636;
479,626;410;0,669;
477,464;411,268;0,703;
475,465;411;0,736;
470,79;412,105;0,77;
468,657;415,515;0,789;
466,071;417,929;0,806;
463,828;420,172;0,822;
460,882;423,824;0,838;
459,171;427,486;0,854;
456,146;430,854;0,871;
453,861;435,279;0,888;
449,248;440,94;0,905;
444,752;443,936;0,923;
438,831;448,735;0,94;
434,79;453,763;0,956;
430,974;460,051;0,971;
427,617;466,765;0,988;
423,327;471,673;1,005;
418,852;476,148;1,022;
413,224;480,621;1,039;
405,028;486,409;1,057;
399,984;492,016;1,073;
397,5;499;1,09;
390,79;503,568;1,105;
384,424;508,051;1,122;
376,812;514,304;1,139;
370,957;520,043;1,156;
366,494;526,76;1,172;
359,498;533,502;1,189;
352,798;537,468;1,207;
343,087;543,446;1,224;
338,943;550,668;1,239;
332,609;558,123;1,256;
324,159;564,276;1,273;
316,183;570,843;1,29;
310,518;576,482;1,306;
304,914;584,52;1,323;
296,602;592,398;1,341;
287,324;598,757;1,358;
280,513;605,068;1,374;
274,491;612,912;1,39;
266,417;621,583;1,407;
258,371;627,735;1,424;
250,541;634,393;1,44;
246,244;641,133;1,457;
239,161;647,839;1,475;
230,991;656,009;1,492;
224,704;660,747;1,508;
219,316;666,356;1,524;
214,833;672,75;1,541;
210,35;678,563;1,557;
204,845;685,186;1,574;
200,375;688,468;1,59;
197,171;691,829;1,608;
193,803;695,197;1,626;
192;697;1,642;
191;699,281;1,657;
191;701;1,69;
188,464;703,803;1,708;
187,94;705,121;1,757;
189,162;707,325;1,807;
192,704;708;1,825;
194,94;708;1,842;
199,379;706,905;1,858;
202,638;705,787;1,875;
207,332;706;1,894;
211,829;707,457;1,91;
131;;;
2571;;;
JLAP;;;
;;;
180;410;0; 
190,136;408,986;0,018;
198,907;409;0,035;
203,937;409;0,067;
208,042;408,489;0,072;
212,511;408;0,085;
216,999;407,25;0,102;
222,377;406,125;0,119;
234,858;406;0,136;
242,825;404,882;0,153;
251,881;405;0,171;
260,866;403,642;0,187;
271,831;404;0,203;
280,813;404;0,219;
291,222;404,722;0,236;
300,732;405;0,253;
311,615;405;0,27;
323,926;405;0,286;
332,619;405;0,303;
344,255;406,326;0,32;
355,433;404,557;0,337;
366,13;406;0,354;
376,902;406;0,369;
388,105;406;0,386;
398,377;406;0,403;
407,394;406;0,42;
417,553;406;0,436;
425,045;407,292;0,455;
434,33;407;0,471;
442,297;407;0,488;
449,949;407;0,503;
456,68;407;0,52;
464,288;407;0,537;
471,125;405,979;0,563;
477,849;406;0,582;
483,321;406;0,59;
488,91;404,618;0,606;
492,513;404,496;0,622;
495,248;404;0,637;
497;404;0,67;
498,536;404;0,753;
494,732;406,178;0,786;
491,195;408,537;0,82;
489,464;408;0,853;
487,786;409,107;0,887;
485,464;410,268;0,92;
481,39;413,61;0,938;
478,225;415,85;0,955;
474,864;419,136;0,972;
470,336;422,498;0,989;
465,845;424,577;1,007;
462,763;429,649;1,023;
461;435,5;1,04;
456,405;440,595;1,055;
451,138;445,862;1,072;
444,647;452,353;1,089;
436,897;459,088;1,106;
433,594;466,947;1,122;
428,978;472,277;1,141;
424,482;479,277;1,157;
417,01;485,99;1,174;
409,292;496,326;1,189;
403,297;503,444;1,206;
397,702;511,017;1,223;
392,08;519,872;1,24;
383,163;528,837;1,256;
375,443;535,334;1,273;
368,92;543,427;1,291;
363,667;551,266;1,308;
354,704;558,708;1,324;
346,04;566,251;1,34;
339,855;572,974;1,357;
332,342;581,609;1,374;
323,408;590,592;1,39;
314,462;595,961;1,407;
308,109;602,891;1,425;
302,85;609,58;1,442;
294,999;616,89;1,458;
286,945;622,703;1,474;
281,002;628,797;1,491;
275,406;634,594;1,507;
268,765;639,156;1,524;
264,351;645,974;1,54;
253,462;651,41;1,559;
250,387;655,613;1,576;
246;660;1,592;
240,438;664,562;1,608;
235,937;669,063;1,625;
228,785;673,552;1,641;
224,968;677,032;1,658;
223,871;681,516;1,674;
220,244;684,756;1,691;
218,261;686,739;1,708;
216,014;688,986;1,741;
213,198;691,802;1,774;
211,463;693,537;1,792;
210,952;695,096;1,841;
208,693;697,307;1,925;
206,786;699,214;1,958;
205,897;701,206;2,025;
142;;;
2942;;;
JLAP;;;
;;;
178;402;0; 
192,229;404,033;0,017;
204,808;405,423;0,034;
209,741;405;0,05;
214,674;405;0,066;
219,959;405;0,083;
225,553;405;0,1;
231,187;405;0,117;
240,243;405;0,134;
242,82;403,727;0,151;
247,592;404;0,168;
253,5;402,5;0,185;
262,106;403;0,2;
268,8;402,24;0,217;
274,408;402;0,234;
280,022;402;0,252;
285,603;402;0,267;
294,929;402;0,284;
301,19;400,635;0,302;
307,922;398,026;0,319;
314,639;400;0,334;
322,827;400,728;0,351;
329,245;400,151;0,369;
333,879;400;0,384;
340,555;398,907;0,401;
348,488;399;0,418;
357,648;400,331;0,436;
363,726;398,546;0,453;
370,019;399,574;0,469;
377,183;400;0,485;
385,55;400,819;0,502;
392,623;401;0,518;
399,359;401;0,535;
407,245;401;0,552;
416,387;402,298;0,57;
422,535;402;0,586;
429;402;0,604;
437,631;402;0,619;
446,269;402;0,636;
452,531;402;0,653;
459,161;402;0,669;
465,872;402;0,685;
471,354;403,271;0,704;
476,941;404,388;0,721;
479,5;404;0,736;
481;404;0,768;
482,537;405,269;0,801;
480,961;407,078;0,835;
477,463;409,358;0,853;
473,557;409;0,886;
470,555;410;0,903;
468,317;410,841;0,92;
466,073;411,964;0,937;
461,663;415,253;0,954;
458,387;419,818;0,984;
452,359;426,97;1,005;
446,414;432,689;1,011;
439,156;438,275;1,024;
433,56;443,44;1,039;
428,779;449,026;1,054;
423,328;456,541;1,072;
416,68;463,32;1,089;
407,683;467,659;1,107;
402,556;472,155;1,124;
398,362;478,047;1,14;
392,864;485,739;1,156;
387,055;492,945;1,172;
379,529;498,126;1,189;
374,399;501,701;1,205;
369,925;507,093;1,222;
365,442;512,697;1,239;
362,221;518,298;1,256;
358,849;523,918;1,273;
353,478;528,513;1,29;
348,501;531,25;1,306;
344,755;534,245;1,322;
341,402;538,464;1,339;
339,024;541,964;1,356;
337,891;544,217;1,372;
335,547;546,453;1,407;
333,527;550,946;1,424;
331,406;553,188;1,439;
328,856;556,144;1,456;
326,327;559,509;1,473;
323,122;561,919;1,489;
320,849;563,076;1,506;
318,598;564,201;1,522;
316,357;566,643;1,541;
314,118;568,882;1,557;
310,879;572,121;1,573;
308,635;575,731;1,59;
305,582;580,224;1,606;
300,366;585,634;1,623;
291,621;592,284;1,64;
284,992;597,84;1,657;
278,271;603,441;1,675;
274,351;611,886;1,692;
270;616,5;1,708;
264,084;622,263;1,723;
258,905;626,322;1,74;
170;;;
3165;;;
JLAP;;;
;;;
201;404;0; 
222,512;406,939;0,018;
227,23;408,057;0,034;
230,534;408;0,051;
232,598;408;0,068;
234,849;408;0,101;
238,987;408;0,118;
241,566;408;0,135;
243,809;408,904;0,152;
246,05;407,975;0,184;
249,406;408;0,202;
251,771;408;0,22;
254;408;0,237;
256,881;408,627;0,252;
259,504;408,248;0,269;
261,747;408,874;0,286;
263,989;409;0,303;
266,23;409;0,319;
268,47;407,765;0,353;
270,481;408;0,371;
273,198;408;0,386;
275;408;0,418;
276,536;408;0,436;
278,082;408;0,469;
280,33;408;0,488;
282,893;408;0,503;
285;408;0,536;
288,627;408;0,553;
290,87;408;0,57;
293,107;408;0,587;
295,353;408;0,604;
298,883;408;0,622;
300,835;408;0,639;
303;408;0,655;
305,318;408;0,671;
307,559;408;0,687;
309,801;408;0,704;
313,062;408;0,721;
315,287;408;0,738;
318,8;408;0,755;
322,167;408;0,773;
325,5;408;0,789;
327,877;408,374;0,804;
330,493;408;0,821;
333,602;408;0,838;
335,984;408,992;0,855;
338,221;409;0,871;
340,462;409;0,888;
342,71;409;0,906;
344,948;409;0,923;
347,79;409,597;0,939;
350,435;410;0,955;
352,677;410;0,972;
354,923;410;0,989;
357,164;410;1,005;
359,4;408,8;1,022;
361,648;409;1,041;
365,33;409;1,057;
367,129;409,565;1,073;
370,058;409,314;1,089;
372,609;409;1,106;
374,857;409;1,123;
377,099;409;1,139;
379,344;410,172;1,156;
382,878;410;1,174;
384,837;410;1,2;
387;410;1,217;
390,5;408,5;1,24;
393,792;409;1,257;
396,033;409;1,289;
399,39;410,13;1,307;
401,766;408,617;1,325;
404;409;1,341;
406,239;409;1,357;
409,231;409,744;1,374;
411,731;410;1,39;
413,972;410;1,408;
416,218;410;1,424;
419,687;408,771;1,441;
421,7;409;1,459;
425,4;409;1,475;
427,769;409;1,491;
431,856;409;1,508;
435,504;409;1,524;
439,822;409,955;1,541;
443,228;410;1,558;
446,589;410;1,575;
449,952;408,683;1,593;
453,32;409;1,609;
455,673;409;1,625;
458,5;409;1,657;
461,853;408;1,675;
464,086;408;1,692;
466,332;408;1,708;
468,579;408;1,727;
472,225;408;1,742;
474;408;1,774;
478,313;407;1,792;
480,5;407;1,809;
481,013;405,994;1,826;
358;;;
8364;;;
JLAP;;;
;;;
186;408;0; 
198,092;408;0,017;
206,703;408;0,034;
211,808;408;0,052;
215,952;408;0,069;
222,039;408;0,084;
228,374;408;0,101;
235,084;408;0,118;
245,697;409,939;0,135;
251,463;410;0,151;
255,84;410;0,168;
261,672;410;0,186;
268,738;410;0,203;
275,45;409;0,219;
281,471;409;0,241;
287,898;409;0,261;
295,532;409;0,269;
302,347;409;0,286;
309,082;409;0,303;
315,79;407,702;0,321;
323,917;406,583;0,337;
331,266;407,456;0,354;
338,669;407;0,369;
346,502;407;0,392;
355,25;407;0,411;
363,188;407;0,42;
369,871;407;0,437;
377,896;405,729;0,455;
388,493;406;0,471;
395,567;405,49;0,488;
402,785;404,369;0,504;
410,274;404;0,52;
418,115;404;0,537;
425,96;403,006;0,554;
432,703;401,883;0,57;
438,198;402;0,587;
446,502;400,643;0,606;
451,405;399,519;0,622;
457,014;399,397;0,637;
461,893;399;0,654;
467,214;398,157;0,671;
471,854;398,964;0,687;
476,328;397,918;0,704;
479,629;399,21;0,721;
481,648;399;0,737;
483,902;399;0,77;
485,536;400,268;0,82;
481,889;403,056;0,853;
479,706;405,294;0,871;
477,169;406,416;0,904;
474,684;407;0,921;
473;407;0,954;
467,925;410,05;0,971;
464,57;413,43;0,988;
461,217;416,783;1,005;
457,835;421,554;1,023;
453;426;1,04;
447,254;433,122;1,055;
441,261;438,739;1,072;
435,652;444,347;1,089;
431,039;449,951;1,106;
427,668;457,776;1,122;
423,066;465,634;1,139;
415,875;473,479;1,157;
409,139;478,384;1,174;
403,017;485,58;1,189;
398,844;493,031;1,206;
392,978;500,86;1,223;
387,203;507,757;1,24;
379,454;516,624;1,256;
372,795;525,606;1,273;
368,715;531,928;1,291;
361,335;538,665;1,308;
354,055;546,945;1,324;
346,216;554,784;1,34;
339,97;561,836;1,357;
333,416;568,584;1,374;
325,669;574,236;1,39;
315,487;582,177;1,407;
310,546;590,035;1,425;
306,355;596,468;1,442;
299;601,5;1,458;
289,773;607,267;1,474;
282,347;613,653;1,49;
277,43;619,462;1,507;
270,899;625,084;1,524;
265,325;629,54;1,54;
257,158;632,79;1,558;
252,1;638,9;1,575;
248,011;644,486;1,592;
242,902;650,098;1,608;
238,031;654,227;1,624;
232,683;657,59;1,641;
228,056;660,958;1,658;
222,478;665,418;1,674;
219,318;668,682;1,691;
217,304;672,044;1,709;
213,588;676,883;1,726;
210,635;679,774;1,742;
206,862;683,138;1,758;
149;;;
2761;;;
JLAP;;;
;;;
203;401;0; 
238,017;402,825;0,018;
258,015;403;0,035;
277,119;403;0,051;
298,535;401,814;0,068;
321,142;402;0,086;
346,456;402;0,103;
370;403,5;0,12;
413,043;404;0,135;
432,46;404,792;0,152;
450,631;405;0,169;
464,396;406,033;0,185;
477,817;407,151;0,202;
487,493;407;0,219;
491,985;407;0,236;
493;408,5;0,284;
492;410,357;0,335;
489,877;412,123;0,352;
488,634;414,733;0,386;
483,559;421,051;0,403;
477,62;428,84;0,42;
467,492;437,806;0,445;
457,254;444,831;0,46;
437,377;455,901;0,475;
420,804;469,557;0,494;
395,981;478,681;0,505;
375,732;494,431;0,522;
358,19;507,348;0,538;
340,503;523,196;0,554;
322,053;537,024;0,571;
307,706;555,941;0,587;
292,167;568,655;0,604;
278,782;589,327;0,621;
267,976;601,629;0,639;
256,743;620,812;0,656;
247,722;633,103;0,672;
240,331;648,339;0,688;
230,907;659,305;0,705;
222,629;671,922;0,721;
216,856;684,317;0,738;
210,102;689,748;0,755;
204,651;699,158;0,773;
199,031;706,757;0,79;
196,971;711,544;0,805;
195;714,5;0,838;
198,759;715;0,855;
200,993;714,004;0,872;
203,234;714;0,888;
206,734;714;0,905;
210,085;712,638;0,923;
214,94;710,03;0,94;
217,414;707,793;0,955;
225,524;704,825;0,972;
241,519;701,465;0,989;
259,514;697,122;1,006;
279,586;695,912;1,022;
298,545;692,374;1,039;
320,367;691,665;1,057;
343,01;690,549;1,074;
366,05;689;1,09;
391;688,304;1,106;
413,51;688;1,123;
433,902;688;1,14;
449,835;688;1,156;
460,799;688;1,172;
470,709;688;1,19;
476,513;688;1,208;
480;689,5;1,224;
484,323;689,662;1,24;
486,567;690,784;1,256;
488;691,5;1,273;
489,027;692,013;1,306;
491,27;694,27;1,324;
493,782;695,391;1,341;
497,5;696,5;1,358;
502,142;698,257;1,373;
508,53;702,775;1,464;
0;0;0;
0;0;0;
0;0;0;
0;0;0;
0;0;0;
0;0;0;
0;0;0;
0;0;0;
0;0;0;
0;0;0;
0;0;0;
0;0;0;
0;0;0;
0;0;0;
0;0;0;
0;0;0;
0;0;0;
0;0;0;
0;0;0;
0;0;0;
0;0;0;
0;0;0;
0;0;0;
77;;;
1464;;;
JLAP;;;
;;;
177;401;0; 
205,303;398,978;0,018;
227,999;397,647;0,035;
241,107;396,53;0,053;
250,922;397;0,068;
262,12;396,288;0,085;
272,497;396;0,102;
282,58;395,047;0,119;
303,486;393,922;0,135;
312,745;394;0,152;
322,88;394;0,17;
334,4;394;0,187;
344,616;393;0,203;
356,479;392,32;0,219;
367,233;391,196;0,236;
376,397;391,925;0,252;
388,476;390,957;0,269;
398,494;392,166;0,286;
407,309;393,289;0,304;
417,684;394,409;0,321;
427,5;394;0,337;
437,178;395;0,353;
445,382;395,769;0,37;
452,352;396,892;0,387;
460,089;395,987;0,403;
465,677;397,135;0,42;
472,505;397;0,437;
476,51;397;0,454;
482,487;398,497;0,471;
484,858;398,619;0,487;
488,217;399;0,511;
490,5;399;0,538;
491,536;399;0,553;
493,221;399;0,602;
491,821;401,357;0,636;
489,464;403,536;0,67;
487,464;405,536;0,72;
485,782;406,109;0,77;
483,643;407,179;0,804;
481,974;408,013;0,854;
479,731;409,134;0,888;
476,706;410,647;0,905;
474,468;411,766;0,922;
472,228;414,658;0,939;
468,974;416,009;0,955;
466,738;418,262;0,972;
464,501;420,499;0,989;
462,255;424,118;1,007;
458,52;428,973;1,024;
457,773;432,453;1,039;
454,064;437,67;1,056;
450,434;441,566;1,072;
447,073;445,903;1,089;
441,519;451,481;1,106;
435,902;455,879;1,123;
431,622;461,723;1,141;
428,615;468,77;1,158;
424,084;473,333;1,173;
418,488;478,512;1,19;
412,063;484,937;1,207;
404,398;490,716;1,223;
399,728;497,408;1,24;
394,07;504,116;1,257;
385,836;509,546;1,275;
378,012;516,562;1,291;
371,814;523,28;1,308;
365,973;530,698;1,324;
359,24;536,967;1,34;
350,698;544,39;1,357;
342,768;552,232;1,374;
338,377;560,091;1,391;
331,342;567,935;1,407;
323,206;574,395;1,425;
312,5;582,5;1,442;
308,804;591,474;1,458;
301,687;597,795;1,474;
293,828;604,291;1,491;
283,978;612,017;1,508;
279,509;619,86;1,524;
272,538;626,462;1,541;
264,416;631,846;1,559;
256,619;638,898;1,576;
250,566;646,26;1,591;
246,087;652,642;1,608;
239,894;657,404;1,625;
234,141;661,887;1,642;
227,447;666,369;1,658;
223,148;670,852;1,675;
218,657;676,679;1,693;
217,093;680,814;1,71;
214,27;683,73;1,726;
211,609;686,391;1,742;
208,54;688,64;1,759;
206,122;690,878;1,776;
203,877;692,062;1,808;
200,546;695,454;1,827;
198,153;696,424;1,844;
197,5;699;1,859;
195;698;1,892;
193,464;700,536;1,909;
143;;;
2858;;;
JLAP;;;
;;;
185;391;0; 
236,646;398,895;0,017;
255,648;402,53;0,034;
269,563;404,927;0,052;
280,842;406,084;0,068;
290,818;407,202;0,085;
300,93;408,326;0,103;
311,042;409,449;0,119;
330,091;410;0,136;
340,2;410;0,152;
351,085;410;0,168;
362,327;410;0,185;
371,411;410;0,202;
382,742;410;0,219;
393,922;410;0,237;
403,766;410;0,253;
412;408,5;0,27;
423,917;408;0,286;
433,997;408;0,302;
444,101;408;0,319;
453,15;408;0,336;
460,99;406,859;0,353;
468,817;407;0,369;
479,47;405,614;0,387;
486,5;404,5;0,404;
491,12;403,376;0,419;
495,239;403;0,436;
498,603;403;0,453;
501,958;402,014;0,47;
503,5;401,5;0,486;
504,229;402;0,536;
501,643;402;0,553;
498,574;404,426;0,57;
497;406;0,602;
493,843;406;0,636;
491,679;407,161;0,686;
489,643;408,179;0,736;
487,643;409,179;0,754;
485,832;410,084;0,771;
483,428;411,286;0,789;
481,175;413,825;0,806;
477,5;416;0,823;
473,4;418,95;0,838;
468,154;422,308;0,854;
464,319;426,575;0,872;
460,956;431,059;0,888;
458,73;436,675;0,909;
452,72;442,28;0,921;
447,107;446,515;0,94;
438,547;453,959;0,956;
432,903;459,336;0,972;
428,78;467,181;0,988;
422,83;474,169;1,005;
416,108;480,892;1,022;
406,058;489,837;1,039;
402,099;500,028;1,055;
394,928;507,417;1,074;
389,667;515,266;1,09;
379,907;525,678;1,106;
372,749;534,668;1,122;
366,029;542,8;1,139;
358,355;550,645;1,156;
347,279;560,649;1,173;
339,671;568,329;1,189;
333,117;574,883;1,207;
323,512;583,052;1,224;
313,104;592,896;1,24;
305,933;600,067;1,256;
298,415;606,787;1,273;
286,852;614,458;1,304;
280,794;622,288;1,321;
272,885;628,955;1,342;
264,457;635,695;1,352;
255,568;642,432;1,361;
250,426;649,149;1,375;
245,144;655,213;1,391;
238,396;660,07;1,407;
232,558;663,665;1,424;
224,94;669,043;1,441;
220,484;674,645;1,458;
217,25;678,999;1,476;
213,891;683,479;1,493;
208,027;687,48;1,509;
203,541;690,229;1,525;
199,792;692,472;1,542;
195,57;696,43;1,558;
192,072;698,952;1,575;
189,799;701,201;1,591;
188,784;704,649;1,625;
186,537;707,695;1,657;
185,732;709,536;1,69;
184,732;711,536;1,724;
186,063;713,126;1,757;
188,432;713;1,791;
193,022;710,652;1,808;
195,585;710;1,825;
199,65;708,175;1,842;
204,149;709,037;1,859;
208,63;707,843;1,875;
211,835;708;1,892;
138;;;
2657;;;
JLAP;;;
;;;
201;405;0; 
216,184;405;0,018;
230,491;405;0,036;
238,52;405;0,052;
245,925;404,439;0,069;
254,456;404;0,085;
263,416;404;0,101;
272,383;404;0,118;
287,606;402,957;0,135;
299,826;403;0,152;
308,293;403;0,17;
318,684;401,591;0,186;
331,5;402;0,203;
340,178;402;0,218;
350,693;401,231;0,235;
361,938;401,894;0,252;
372,114;402;0,269;
382,179;400,869;0,286;
393,539;401;0,302;
403,371;401;0,32;
408,984;401;0,337;
419,693;401;0,353;
427,905;401;0,369;
435,156;401;0,386;
442,86;400,02;0,403;
449,603;400;0,419;
456,324;400;0,436;
463,068;400;0,454;
468,318;400;0,471;
474,926;400;0,487;
479,826;400;0,504;
484,306;400,827;0,52;
487,854;401,951;0,537;
491,209;400,93;0,554;
493,385;401;0,586;
495,436;402,218;0,669;
492,786;404,214;0,687;
490,84;407,24;0,719;
488,597;408,202;0,753;
486,464;409,268;0,803;
484,643;410,179;0,821;
481,809;411,064;0,838;
479,505;413,495;0,854;
477,263;417,105;0,872;
470,529;421,977;0,889;
467,951;425,439;0,905;
463,798;429,936;0,922;
461,29;436,131;0,938;
458,072;440,904;0,955;
453,614;446,482;0,972;
449,133;452,083;0,988;
443,311;459,027;1,007;
437,698;465,763;1,023;
432,672;470,91;1,039;
428,893;476,512;1,056;
423,888;482,935;1,072;
420,165;489,671;1,089;
411,491;496,382;1,105;
406,068;503,119;1,122;
399,173;508,522;1,141;
396,708;514,153;1,157;
390,794;521,308;1,174;
382,941;528,039;1,189;
376,039;533,961;1,206;
371,35;540,476;1,223;
365,834;546,166;1,239;
361,386;552,921;1,256;
353,061;560,939;1,275;
343,784;564,608;1,291;
339,5;569;1,308;
333,17;575,192;1,323;
324,911;581,566;1,34;
316,814;588,303;1,357;
309,973;594,022;1,373;
305,509;598,491;1,39;
297,28;604,229;1,406;
289,435;609,832;1,425;
280,111;615,431;1,442;
276,961;622,039;1,457;
271,355;626,916;1,474;
264,896;631,403;1,491;
257,197;636,859;1,507;
251,527;642,473;1,524;
247,141;648,073;1,54;
242,679;654,982;1,559;
238,171;658,829;1,576;
231,538;663,308;1,592;
226,201;667,799;1,608;
221,725;673,094;1,625;
217,236;677,764;1,641;
214,877;682,247;1,658;
209,09;687,91;1,674;
204,788;689,606;1,693;
200,297;694,703;1,71;
194,5;697,5;1,726;
192,666;700,334;1,742;
190,428;702,572;1,758;
189,09;704,82;1,776;
188,5;706;1,792;
186,851;708,224;1,808;
147;;;
2841;;;
JLAP;;;
;;;
188;405;0; 
226,38;402,073;0,018;
242,177;400,916;0,035;
257,833;399,798;0,051;
270,874;397,354;0,069;
285,774;396,556;0,086;
300,935;394,866;0,102;
324,838;393,314;0,118;
342,698;392,192;0,135;
358,003;392,929;0,152;
369,493;393;0,169;
381,897;390,655;0,185;
394,185;393,579;0,203;
405,172;394,417;0,22;
416;392,5;0,237;
430,202;395,655;0,252;
442,552;396,777;0,269;
453,066;397;0,286;
461,117;399,033;0,303;
467,837;399;0,319;
474,576;401,525;0,336;
482,674;401;0,354;
486;401;0,37;
490,875;402;0,386;
494,979;402,745;0,403;
497,735;403,867;0,42;
499,972;404;0,436;
501;404;0,453;
502,227;406,227;0,519;
502;408,268;0,552;
499,465;409,268;0,57;
496,883;410,039;0,603;
493,518;411,161;0,622;
491,128;413,872;0,639;
487,312;419,251;0,655;
483,954;424,41;0,671;
478,98;430,824;0,688;
471,514;436,633;0,704;
465,774;441,181;0,721;
460,182;446,818;0,738;
455,832;453,752;0,756;
449,943;461,88;0,772;
443;471;0,789;
435,104;475,896;0,805;
429,135;482,638;0,821;
422,647;492,03;0,838;
413,883;500,103;0,855;
404,938;505,664;0,872;
398,446;513,814;0,889;
391,732;523,024;0,906;
380,506;533,494;0,923;
371,04;538,34;0,939;
362,099;547,639;0,955;
350,529;557,749;0,972;
341,128;564,904;0,989;
333,269;572,731;1,005;
322,972;584,253;1,022;
311,548;592,762;1,04;
304,734;600,266;1,057;
294,696;609,893;1,072;
284,623;619,668;1,089;
276,186;626,153;1,106;
268,354;633,646;1,123;
259,407;642,593;1,139;
250,443;651,557;1,156;
245,427;657,888;1,174;
239,85;661,72;1,191;
233,096;670,346;1,207;
226,604;677,076;1,223;
221,805;682,994;1,24;
217,326;686,756;1,257;
213,87;690,13;1,273;
211,677;694,646;1,29;
208,16;699,12;1,307;
207,594;702,218;1,325;
205;705,5;1,342;
204,647;708,94;1,357;
205,5;711,5;1,389;
207,021;712;1,423;
209,252;712;1,44;
211,755;712;1,474;
214,229;712;1,491;
217,205;712;1,508;
220,572;712;1,524;
225,899;712;1,541;
232,589;712;1,558;
239,3;710,783;1,574;
246,055;711;1,593;
254,238;711;1,609;
263,682;711,415;1,625;
273,353;709,588;1,641;
285,115;709;1,658;
296,473;709,947;1,675;
308,745;706,797;1,692;
323,482;708,191;1,708;
336,759;704,06;1,727;
348,741;705;1,743;
367,1;703,445;1,759;
382,128;701,65;1,775;
396,536;701,795;1,792;
114;;;
2334;;;
JLAP;;;
;;;
193;403;0; 
214,108;406,015;0,017;
232,099;407,293;0,034;
241,907;408,391;0,052;
250;409,5;0,069;
257,578;409;0,084;
265,431;409;0,101;
272,377;409;0,118;
286,244;411,038;0,134;
295,113;411;0,151;
302,803;411;0,168;
312,046;412,381;0,186;
319,5;412;0,203;
329,342;412;0,218;
337,191;412,742;0,235;
345,923;413;0,252;
354,872;413;0,269;
363,854;413;0,285;
371,591;411,773;0,302;
380,801;412;0,32;
392,707;410,529;0,337;
399,738;411;0,352;
409,408;410,288;0,369;
419,513;409,165;0,386;
428,627;409;0,402;
438,704;407,922;0,419;
447,57;408;0,436;
453,9;408;0,454;
462,087;408;0,471;
468,923;406,44;0,487;
476,093;406;0,503;
482,014;406;0,52;
485,768;406;0,536;
488,086;406;0,553;
490,333;404,834;0,669;
487,847;405;0,702;
485,831;406,085;0,752;
484,821;408,357;0,836;
482,926;409,037;0,903;
480,732;410,134;0,953;
478,643;411,179;0,971;
475,711;414,289;1,002;
473,375;415,313;1,01;
469,134;417,866;1,024;
466,336;420,664;1,04;
463,5;423,5;1,056;
460,401;429,198;1,072;
457,244;433,675;1,09;
453,883;438,157;1,106;
449,398;441,451;1,123;
444,871;446,129;1,14;
437,593;452,006;1,157;
433,909;457,137;1,174;
430,07;463,859;1,189;
425,941;469,823;1,206;
420,57;475,43;1,223;
413,961;481,033;1,24;
406,095;488,905;1,256;
402,021;496,713;1,274;
397,504;500,496;1,291;
391,549;506,451;1,308;
384,332;513,668;1,323;
376,133;520,4;1,34;
371,434;527,133;1,357;
366,131;532,869;1,374;
359,434;538,471;1,39;
352,709;544,076;1,407;
343,276;552,384;1,426;
338,713;560,202;1,442;
332,918;565,916;1,458;
325,063;571,526;1,474;
315,588;578,765;1,491;
310,228;586,602;1,507;
303,631;593,369;1,524;
295,69;598,936;1,541;
285,218;605,855;1,559;
278,012;611,134;1,576;
273,14;618,308;1,592;
265,293;623,69;1,608;
258,235;628,177;1,625;
251,525;634,475;1,641;
246,868;640,165;1,658;
242,385;646,922;1,675;
235,341;652,382;1,693;
231,412;655,191;1,71;
227,459;657,541;1,726;
224,091;660,909;1,742;
221,485;663,515;1,758;
219,241;666,639;1,776;
217,003;669,995;1,792;
215,877;673,37;1,809;
213,518;676,723;1,827;
211,271;680,093;1,844;
206,06;683,455;1,86;
204,173;685,218;1,876;
200,818;686,727;1,892;
198,302;687,849;1,909;
196,065;688,968;1,926;
192,736;691,176;1,943;
191,789;693,423;1,959;
150;;;
3044;;;
JLAP;;;
;;;
175;404;0; 
204,384;400,147;0,018;
212,803;400;0,035;
217,369;400;0,052;
221,852;400;0,069;
227,665;400;0,087;
231,806;400;0,104;
239,607;400,576;0,119;
245,788;401,697;0,136;
251,094;402,819;0,153;
255,748;403,937;0,169;
262,332;402,945;0,186;
267,917;404,183;0,203;
272,199;404;0,221;
278,108;405,422;0,237;
282;405;0,254;
287,311;406,662;0,27;
293,721;407;0,286;
299,523;407;0,303;
305,145;407;0,32;
310,736;407;0,336;
316,338;407;0,353;
323,351;408,392;0,371;
331,5;408;0,389;
337,794;409;0,403;
345,285;409;0,42;
353,129;409;0,438;
360,988;408,002;0,454;
367,7;408;0,47;
374,438;406,76;0,487;
381,128;407;0,506;
390,855;407;0,522;
398,197;406,4;0,537;
405,33;405,278;0,555;
412,07;405;0,571;
420,725;403,069;0,588;
427,517;401,914;0,604;
431,826;402;0,622;
438,949;402;0,639;
445,713;403,452;0,656;
452,849;400,43;0,672;
457,073;400;0,688;
461,251;399,187;0,705;
464,799;398,067;0,721;
469,222;398;0,739;
478,371;398;0,755;
480,893;396,702;0,773;
484,253;397;0,789;
486;397;0,822;
488,804;397;0,854;
490,535;397;0,872;
492,141;398,071;0,938;
490,866;400,268;0,971;
489,131;403,739;0,989;
487,024;404,988;1,006;
485,891;407,218;1,024;
482,313;409,458;1,039;
478,941;413,059;1,057;
469,698;419,359;1,074;
462,626;434,934;1,091;
456,001;445,427;1,107;
447,32;456,35;1,124;
435,469;467,574;1,141;
425,297;475,547;1,157;
416,43;485,766;1,173;
403,516;499,801;1,191;
395,496;507,504;1,209;
388,63;517,054;1,224;
379,85;527,15;1,24;
371,372;534,824;1,259;
363,527;541,548;1,275;
355,713;548,246;1,291;
345,5;558,5;1,312;
339,3;564,701;1,336;
330,755;572,84;1,351;
321,257;582,27;1,374;
312,469;591,531;1,386;
303,871;598,597;1,403;
294,028;605,315;1,432;
277,223;622,777;1,443;
270,452;629,548;1,46;
263,728;636,272;1,476;
257,004;642,993;1,493;
250,9;651,1;1,509;
244,553;656,706;1,525;
238,694;663,168;1,542;
232,084;667,944;1,559;
225,387;675,716;1,576;
223,549;682,352;1,592;
218,616;687,73;1,611;
214,6;691,866;1,627;
211,821;695,768;1,643;
210,288;699,136;1,659;
209,5;701,5;1,692;
211,268;702,535;1,708;
214,292;704,195;1,741;
216,438;704;1,76;
219;704;1,777;
224,396;705,679;1,794;
234,822;706;1,809;
145;;;
2786;;;
JLAP;;;
;;;
192;388;0; 
212,62;389,031;0,019;
231,785;389;0,032;
244,44;387,712;0,048;
254,105;385,474;0,065;
263,087;385,886;0,081;
274,044;383,991;0,098;
284,123;382,875;0,115;
301,61;383;0,134;
318,508;389,836;0,15;
324,375;385;0,166;
334,481;385,609;0,182;
344,56;385,271;0,198;
352,107;385;0,215;
358,83;385;0,232;
367,703;386,088;0,248;
377,922;384,786;0,284;
388,618;385,329;0,301;
400,512;385,549;0,322;
411,156;385;0,335;
419,85;387,771;0,351;
442,518;385;0,367;
449,27;385;0,393;
458,441;385;0,418;
464,797;384,3;0,424;
471,525;384,579;0,437;
478,228;384;0,449;
484;384;0,466;
489,118;384;0,483;
491,801;384;0,501;
494,046;384;0,517;
497,43;384;0,533;
499,528;384;0,582;
500,178;386,357;0,616;
503,805;387,268;0,649;
506,803;392,071;0,716;
504,893;393,214;0,751;
501,334;396,666;0,768;
498,14;398,907;0,784;
491,595;402,202;0,801;
487,209;406,791;0,818;
480,08;411,28;0,836;
471,905;417,21;0,852;
467,757;423,485;0,869;
464;431;0,884;
451,786;433,405;0,901;
445,386;442,305;0,918;
438,74;449,26;0,935;
429,672;458,328;0,952;
425,875;464,688;0,97;
415,735;472,857;0,987;
407;479;1,004;
399,198;489,223;1,018;
389,104;494,831;1,035;
380,771;503,119;1,052;
375,958;514,106;1,068;
366,952;519,655;1,085;
360,504;526,496;1,103;
352,353;533,269;1,12;
347,544;539,947;1,137;
344;550,5;1,153;
337,064;553,936;1,169;
329,999;557,572;1,186;
326,066;565,823;1,203;
320,508;571,492;1,219;
316,113;580,774;1,24;
307,626;584,357;1,254;
304,162;588,838;1,271;
296,106;595,894;1,288;
289,793;601,506;1,303;
282,255;608,745;1,32;
276,284;613,772;1,337;
267,507;618,246;1,353;
262,078;627,475;1,37;
257,79;632,512;1,391;
253,277;642,445;1,405;
246;645;1,419;
240,317;649,338;1,438;
235,65;656,267;1,453;
230,479;661,617;1,471;
224,844;666,125;1,487;
219,243;672,908;1,504;
216,191;675,809;1,522;
212,812;680,584;1,544;
208,427;684,059;1,555;
204,096;687,269;1,571;
200,737;690,263;1,588;
197,362;694,518;1,605;
196,014;696,972;1,621;
191,519;701,481;1,638;
192;703,474;1,72;
200,361;704;1,739;
205,759;702,096;1,755;
215,786;700,913;1,772;
222,242;699,793;1,788;
236,891;696,027;1,806;
251,801;697;1,824;
266,406;694;1,839;
278,5;694;1,855;
293,93;692,188;1,873;
120;;;
2442;;;
JLAP;;;
;;;
203;411;0; 
222,891;408,234;0,018;
230,316;407,114;0,035;
235,026;405,993;0,052;
240,634;404,873;0,068;
246,239;403,752;0,085;
251,867;402,627;0,104;
260,409;401,513;0,12;
276,868;400,391;0,136;
286,569;399,27;0,152;
296,678;398,147;0,169;
308,733;398;0,186;
318,866;396,904;0,202;
331,361;397;0,219;
341,065;397;0,237;
354,033;397;0,254;
366,379;396,42;0,27;
378,697;396;0,286;
389,387;396;0,303;
400,411;395,059;0,32;
409,51;395;0,336;
418,456;395;0,353;
427,462;395;0,371;
434,995;395;0,388;
441,839;396;0,404;
449,006;396;0,42;
455,738;395,21;0,437;
461,552;395,91;0,454;
467,165;396;0,47;
471,605;397,151;0,487;
476,097;397;0,505;
479,194;398,398;0,52;
482,5;398;0,553;
486,273;398,758;0,57;
488,756;398,122;0,587;
490;397,5;0,604;
491,121;399,061;0,654;
492,162;401,325;0,671;
490,5;404;0,703;
488,299;406,85;0,721;
487;407,5;0,738;
485,91;408,045;0,77;
482,5;409,167;0,805;
479,196;411,536;0,822;
475,911;414,393;0,838;
470,1;418,267;0,856;
466,189;421,811;0,872;
461,761;427,298;0,888;
458,466;432,889;0,905;
453,785;439,822;0,924;
447,896;443,683;0,94;
442,5;449,5;0,957;
434,692;456,97;0,972;
429,859;465,282;0,989;
424,478;473,331;1,006;
417,826;481,203;1,022;
409,969;490,178;1,039;
403,375;499,167;1,058;
398,049;505,341;1,074;
391;513,5;1,091;
382,67;523,697;1,106;
374,483;531,517;1,123;
367,757;539,991;1,14;
361,022;548,97;1,157;
348,717;557,933;1,173;
342,559;565,681;1,19;
335,843;574,876;1,208;
327,633;583,847;1,225;
317,795;593,205;1,24;
310,684;601,035;1,269;
304,787;608,898;1,286;
297,255;616,745;1,307;
287,4;624,514;1,326;
275,684;636,645;1,342;
269,759;643,689;1,359;
262,433;649,425;1,375;
255,549;654,761;1,391;
249,931;659,255;1,408;
245,268;663,732;1,424;
239,743;668,205;1,441;
236,469;673,885;1,457;
225,31;678,196;1,476;
223,75;684,084;1,493;
220,5;686,5;1,51;
216,682;689,977;1,524;
213,66;693,34;1,541;
211,2;694,9;1,558;
208,954;698,069;1,575;
206,714;699,143;1,591;
205,746;701,508;1,624;
200,991;704,757;1,674;
200,821;706,357;1,708;
204,226;708;1,725;
206,462;708;1,742;
210,062;706,646;1,76;
213,398;705,534;1,777;
217,981;703,404;1,793;
225,013;703;1,809;
234,534;703;1,833;
244,634;703;1,85;
135;;;
2641;;;
JLAP;;;
;;;
198;403;0; 
228,559;403;0,017;
240,309;403,931;0,034;
250,501;404;0,051;
261,762;404;0,068;
271,643;404;0,086;
281,765;404;0,103;
291,5;405,5;0,119;
314,906;405,659;0,135;
327,58;406;0,152;
338,102;406;0,168;
351,275;407,023;0,185;
363,575;407;0,202;
373,354;407;0,219;
384,876;408,388;0,237;
396;408;0,253;
403,374;408,625;0,269;
411,982;409;0,285;
420,076;409;0,302;
426,929;409;0,319;
432,577;410,115;0,336;
440,631;410;0,352;
445,795;410;0,37;
454,31;410;0,387;
458,981;410,596;0,403;
463,864;411;0,419;
469,203;411;0,436;
473,846;411;0,453;
477,246;411;0,47;
480,601;411;0,486;
482,647;411;0,504;
484,888;411;0,52;
487;411;0,569;
488,357;411;0,586;
490,049;411;0,619;
492,295;411;0,638;
494,797;411;0,655;
497,072;411;0,672;
499,315;411;0,687;
501,552;411;0,704;
503;411;0,729;
504,017;411;0,753;
506,26;411;0,82;
508,268;411;0,92;
506,933;413,134;0,954;
501,144;414;0,972;
498,326;414,837;0,989;
496,089;415,955;1,005;
492,759;418,161;1,022;
490,613;420,387;1,039;
487,032;423,968;1,057;
485,122;427,318;1,074;
481,182;433,254;1,09;
476,261;437,739;1,106;
471,774;440,613;1,122;
467,301;444,7;1,139;
461,774;450,226;1,156;
458,495;455,842;1,172;
453,845;462,732;1,191;
447,957;469,451;1,208;
438;473;1,224;
431,107;478,893;1,24;
425,148;485,622;1,256;
418,636;494,152;1,273;
407,853;500,073;1,29;
400,055;504,54;1,306;
393,48;512,774;1,323;
383,987;520,636;1,341;
375;530;1,358;
369,9;534,1;1,374;
363,547;541,195;1,39;
355,967;549,895;1,407;
347,128;557,888;1,424;
340,373;563,522;1,44;
333,663;570,337;1,457;
326,891;578,46;1,475;
317,306;586,232;1,492;
311,053;592,947;1,508;
305,458;599,251;1,524;
299,016;606,814;1,541;
291,327;615,626;1,558;
284,57;622,43;1,574;
277,83;626,78;1,591;
273,742;633,888;1,609;
267,82;640,616;1,626;
260,654;648,346;1,642;
255,288;653,712;1,658;
250,794;658,206;1,675;
246,317;663,604;1,692;
242,876;668,165;1,708;
239,514;672,648;1,725;
236,146;678,423;1,742;
231,379;681,216;1,76;
228,5;684,5;1,776;
225,712;686,932;1,792;
222,706;689,529;1,809;
221,112;691,776;1,826;
219,989;694,021;1,858;
217,748;696,252;1,891;
216,752;698,495;1,941;
147;;;
2938;;;
JLAP;;;
;;;
194;401;0; 
225,705;402;0,018;
240,478;402;0,035;
255,126;402;0,052;
268,453;402;0,069;
281,963;403,33;0,087;
295,439;401,547;0,104;
317,439;402;0,12;
337,299;402;0,136;
354,002;402,813;0,152;
369,128;403;0,169;
385,834;404,056;0,186;
401,434;404;0,202;
414,594;405,299;0,221;
429,454;403,58;0,237;
440,5;405,5;0,254;
451,936;405,34;0,27;
460,471;405;0,286;
467,413;405;0,303;
473,125;406,025;0,32;
478,716;404,857;0,336;
480,532;405;0,369;
482,508;405;0,419;
484,357;406,179;0,452;
486,536;407,268;0,519;
488,214;408,107;0,603;
490,068;408;0,703;
492,179;410,179;0,787;
489,821;412,179;0,837;
487,643;414,357;0,855;
485,981;415,009;0,872;
483,722;416,139;0,889;
481,476;418,524;0,906;
479,234;419,383;0,924;
477;422;0,94;
476,375;424,875;0,956;
474,51;427,49;0,973;
471,403;430,597;0,989;
470,014;432,972;1,006;
468,891;435,217;1,038;
466,648;437,352;1,057;
465,527;439,946;1,074;
463,217;441,594;1,09;
461,287;444,138;1,107;
460,165;446,669;1,124;
458,089;448,911;1,14;
456,922;451,156;1,157;
454,603;454,596;1,173;
452,363;456,637;1,192;
450,12;460,32;1,208;
446,318;464,682;1,224;
443,635;467,365;1,24;
440,587;469,609;1,257;
437,22;471,853;1,274;
434,91;474,09;1,29;
431,509;477,491;1,307;
429,421;480,868;1,326;
427,181;482,819;1,342;
425;486,5;1,359;
422,704;488,944;1,374;
420,458;493,083;1,391;
417,324;496,676;1,408;
413,95;499,033;1,424;
409,46;500,135;1,441;
407,488;502,512;1,458;
405,248;503,376;1,476;
403,005;505,995;1,493;
400,76;508,24;1,508;
398,519;510,481;1,525;
397;512;1,557;
392,781;516,219;1,575;
389,334;518,444;1,592;
385,962;522,038;1,61;
382,6;523,933;1,627;
380,232;526,589;1,643;
376,874;528,417;1,659;
373,513;530,658;1,676;
370,146;532,902;1,692;
367,856;534,072;1,709;
365,625;535,188;1,726;
363,367;538,95;1,744;
361,128;540,872;1,761;
357,887;544,67;1,777;
354,291;548,709;1,793;
350,595;552,405;1,81;
347,238;555,762;1,826;
344,918;558,082;1,843;
342,676;561,486;1,86;
339,146;563,569;1,878;
337,189;564,405;1,894;
335;567;1,911;
332,068;570,932;1,927;
329,466;574,3;1,943;
326,331;576,779;1,96;
322,974;581,034;1,977;
319,62;584,38;1,993;
316,249;587,751;2,01;
314,255;591,118;2,028;
310,52;592,986;2,046;
308,776;595,224;2,06;
190;;;
3900;;;
JLAP;;;
;;;
196;403;0;
235,286;403;0,017;
254,455;403;0,034;
273,481;401,736;0,05;
293,977;400,612;0,068;
317;401;0,085;
340,122;398,75;0,1;
379,495;396,5;0,117;
403,916;395,13;0,134;
423,859;394,008;0,151;
442,957;391,77;0,168;
459,488;392;0,184;
473,676;389,281;0,203;
485,224;390;0,219;
489,983;388,403;0,235;
494,156;388;0,251;
496,5;388;0,284;
497,536;388;0,401;
497;390,134;0,418;
497;392,049;0,468;
494,723;394,277;0,518;
492,643;395,179;0,551;
491,732;397,536;0,57;
489,861;399,139;0,602;
487,627;402,56;0,624;
485;405;0,64;
482,223;409,369;0,653;
478,091;413,909;0,674;
471,919;418,387;0,69;
465,265;426,646;0,705;
458,395;434,706;0,72;
451,702;441,298;0,737;
439,456;448,126;0,755;
429,745;460,728;0,772;
422,243;470,162;0,788;
409,683;480,167;0,804;
397,633;493,878;0,821;
384,51;503,66;0,838;
372,189;517,958;0,854;
363,426;531,361;0,871;
349,16;542,2;0,889;
337,137;560,631;0,906;
324,121;573,441;0,922;
310,498;588,866;0,938;
298,174;601,826;0,955;
283,056;616,944;0,972;
270,525;627,388;0,988;
257,008;643,324;1,005;
247,444;656,408;1,023;
238,758;665,647;1,04;
228,752;678,779;1,056;
221,747;686,253;1,072;
218,456;691,859;1,089;
216,209;697,478;1,105;
214,985;702,058;1,131;
213,865;705,406;1,159;
214;707,375;1,254;
216,179;704,821;1,272;
218,225;702,775;1,289;
220,697;701,651;1,307;
222,936;700,532;1,324;
226,764;698,824;1,34;
228,709;696,583;1,356;
231,496;695,168;1,373;
236,777;695,955;1,39;
243,443;694,926;1,406;
256,137;693,806;1,423;
276,405;692,682;1,441;
292,557;691,563;1,458;
313,173;691,441;1,474;
334,227;691;1,49;
358,37;691;1,506;
384,174;691;1,524;
409,949;691;1,54;
434,607;691;1,557;
454,17;691;1,574;
471,472;692,404;1,592;
487,5;692;1,608;
496,466;693;1,624;
506,924;693;1,641;
514,329;693;1,658;
520,063;694,013;1,674;
524,524;695,131;1,69;
527,754;695;1,707;
529,751;696,375;1,773;
524,278;697;1,866;
0;0;0;
0;0;0;
0;0;0;
0;0;0;
0;0;0;
0;0;0;
0;0;0;
0;0;0;
0;0;0;
0;0;0;
0;0;0;
0;0;0;
0;0;0;
0;0;0;
86;;;
1866;;;
JLAP;;;
;;;
168;401;0;
183,288;404,058;0,019;
197,636;406,927;0,038;
203,524;407;0,052;
210,248;407,708;0,068;
216,973;408;0,085;
224,658;408;0,102;
232,487;408;0,118;
248,668;409,191;0,135;
255,193;410,313;0,153;
267,338;410;0,17;
277,009;410;0,186;
287,772;410;0,202;
298,983;410;0,219;
311,084;410;0,235;
322,393;411,039;0,252;
333,596;411;0,269;
344,826;411;0,287;
358,839;411;0,304;
369;411;0,327;
381,053;410;0,348;
391,878;410;0,355;
401,958;409,116;0,37;
413,044;407,996;0,387;
422,036;408;0,403;
430,978;406,753;0,422;
439,964;407;0,438;
448,935;406;0,455;
455,671;405,388;0,47;
462,401;404,267;0,487;
469,133;403,145;0,504;
475,855;403;0,52;
479,289;401,904;0,537;
481,434;402;0,554;
483,674;402;0,587;
485,536;402;0,652;
485;404,027;0,686;
482,689;405,156;0,72;
481,732;407,536;0,753;
479,464;408,268;1,021;
462,14;423,127;1,047;
454,89;430,11;1,065;
449,151;435,849;1,082;
443,538;440,37;1,094;
439,158;446,053;1,106;
434,654;451,682;1,124;
430,198;457,252;1,141;
421,104;469,896;1,157;
415,501;476,199;1,173;
407,434;482,925;1,19;
401,295;490,587;1,207;
397,822;498,416;1,223;
389,738;506,262;1,24;
383,182;514,121;1,258;
372,161;523,413;1,275;
368,716;531,378;1,291;
361,331;539,669;1,307;
352,711;548,289;1,324;
344,641;557,267;1,341;
337,813;565,218;1,357;
331,106;573,043;1,374;
321,858;582,141;1,392;
312,849;591,151;1,409;
306,918;598,082;1,425;
300,182;605,454;1,441;
290,43;613,299;1,458;
283,61;621,146;1,474;
278,019;626,981;1,491;
271,286;633,714;1,508;
265,815;639,185;1,526;
253,341;646,195;1,543;
251,072;654,374;1,559;
244,976;658,419;1,575;
239,376;663,624;1,592;
232,929;669,226;1,608;
225,241;673,862;1,625;
222,832;679,419;1,642;
218,161;683,839;1,659;
215,005;686,995;1,677;
210,203;690,348;1,693;
206,281;693,719;1,709;
203,61;696,39;1,726;
199,747;699,44;1,742;
196,196;700,935;1,759;
194,5;701,5;1,776;
193,824;703,176;1,824;
192,821;705,357;1,874;
194,179;707,357;1,892;
197,031;707;1,909;
200,431;707;1,926;
202,528;705,736;1,942;
206,161;704,613;1,961;
208;705;1,977;
210,255;704;1,993;
214;703,25;2,01;
218,487;703,872;2,026;
223,971;704;2,043;
229,562;704;2,059;
235,167;705,233;2,076;
242,137;705;2,095;
125;;;
2609;;;
JLAP;;;
;;;
194;422;0;
214,389;415,883;0,018;
236,185;411,84;0,036;
251;410;0,052;
265,21;408,368;0,068;
280,541;408;0,085;
297,108;407,126;0,102;
313,944;407;0,119;
347,569;407;0,135;
364,988;407;0,152;
380,094;407;0,17;
398,679;407;0,187;
411,244;407;0,202;
426,14;407;0,219;
440,143;407,845;0,236;
451,637;407,036;0,253;
460,69;407;0,269;
468,431;407;0,286;
473,665;408,333;0,304;
476,348;408;0,321;
478,144;407,428;0,336;
480;406,5;0,385;
481,357;408,179;0,452;
483,214;409,107;0,519;
481,995;411,009;0,552;
479,734;412,133;0,57;
477,234;412;0,588;
473,5;413,5;0,605;
469,868;418,132;0,62;
464,261;423,739;0,637;
459,514;429,358;0,654;
457,02;435,941;0,671;
451,447;441,553;0,687;
445,843;447,157;0,704;
438,859;452,785;0,723;
429,21;462,79;0,739;
426,019;469,578;0,755;
419,712;476,288;0,771;
411,347;483,821;0,788;
402,343;494,572;0,805;
394,439;502,561;0,821;
385,394;510,406;0,838;
373,792;520,887;0,856;
366,905;532,421;0,873;
357,941;539,497;0,889;
347,844;551,208;0,905;
338,551;561,449;0,922;
329,586;570,414;0,939;
317,48;580,425;0,955;
310,992;592,848;0,972;
304,256;600,035;0,99;
296,12;610,703;1,007;
284;623,5;1,024;
277,1;630,55;1,039;
269,59;639,956;1,056;
259,937;650,063;1,075;
251,912;657,076;1,09;
246,358;666,027;1,106;
239,501;674,999;1,123;
232,714;684,049;1,141;
224,505;689,996;1,157;
220,522;694,097;1,173;
217,517;699,708;1,19;
215,269;703,596;1,206;
215;706,958;1,223;
215;709,208;1,255;
215;711,35;1,305;
217,357;711;1,356;
219,357;709,821;1,373;
221,192;710;1,409;
224,661;708,78;1,425;
229,793;706,883;1,442;
235,383;706;1,458;
243,41;705,199;1,474;
256,049;704,079;1,491;
273,659;705,041;1,508;
286,942;703,838;1,525;
304,269;704;1,543;
316,863;704;1,559;
334,775;702,475;1,576;
351,675;701,351;1,592;
368,755;700,232;1,608;
387,982;699,112;1,625;
404,12;697,991;1,642;
423,192;698;1,659;
438,498;696,75;1,677;
454,216;697;1,693;
463,932;695,507;1,71;
477,77;695,615;1,726;
487,876;696;1,742;
496,858;696;1,759;
508,734;696,976;1,776;
517,752;698,094;1,793;
520,66;698;1,809;
522,684;698;1,874;
519,732;696,866;1,908;
517,464;697;1,926;
514,721;699,186;2,018;
0;0;0;
0;0;0;
98;;;
2018;;;
JLAP;;;
;;;
177;400;0;
198,494;402,047;0,019;
222,605;404,895;0,036;
239,577;404,572;0,052;
255,662;404,31;0,068;
271,371;404;0,085;
287,033;403,069;0,102;
303,803;403;0,118;
337,122;403;0,135;
350,148;403;0,153;
370,098;401,582;0,17;
384;403,5;0,186;
399,906;403;0,202;
412,597;403,782;0,219;
424,904;404;0,235;
436,208;405,021;0,252;
446,313;406,146;0,269;
455,125;404,734;0,286;
462,688;406,384;0,304;
469;406;0,32;
473,508;407;0,336;
477,24;407;0,353;
479,739;407;0,369;
481;407;0,418;
482,177;407;0,519;
484,023;408,012;0,652;
482,994;410,011;0,719;
480,732;411,134;0,753;
475,666;412,778;0,771;
472,299;414,801;0,788;
467,925;419,075;0,804;
464,582;424,697;0,821;
461,214;431,573;0,838;
457,868;436,886;0,856;
453;442,5;0,873;
445,631;448,496;0,888;
438,541;457,432;0,905;
431,808;466,923;0,922;
427,056;473,916;0,939;
420,348;482,87;0,955;
411,165;493,065;0,972;
402,183;501,817;0,99;
396,182;509,288;1,007;
389,866;521,496;1,023;
380,592;531,696;1,039;
371,322;541,512;1,055;
364,256;552,573;1,072;
354,299;563,779;1,089;
344,233;570,178;1,105;
336,783;582,167;1,124;
330,372;593,38;1,141;
318,384;600,493;1,157;
310,6;610,8;1,173;
303,386;620,416;1,189;
293,662;627,559;1,206;
284,639;634,271;1,223;
278,018;643,309;1,239;
271,264;651,025;1,256;
263,155;656,032;1,274;
255,5;660;1,291;
249,411;667,237;1,306;
244,917;673,625;1,323;
239,54;679,46;1,34;
232,949;684,034;1,357;
227,331;687,401;1,373;
221,72;689,512;1,39;
217,493;693,13;1,408;
214,517;696,483;1,425;
212,767;698,233;1,44;
212;700,473;1,457;
212;702;1,49;
212;703,068;1,556;
214,268;705,268;1,62;
217,903;705;1,628;
219;705;1,649;
220,19;705;1,679;
222,621;703,689;1,694;
227,096;702,452;1,71;
229,353;700,647;1,725;
233,2;699,2;1,742;
242,269;699,919;1,758;
254,43;698,961;1,775;
272,558;699;1,792;
284,137;699;1,809;
299,268;696,19;1,827;
312;698,5;1,843;
329,015;696,644;1,859;
343,968;697;1,876;
362,063;697;1,892;
377,111;695,991;1,909;
395,067;697,129;1,925;
406,748;697;1,942;
419,098;695,627;1,961;
431,391;697,49;1,977;
440,514;697;1,993;
449,127;698,465;2,01;
455,267;699,853;2,026;
459,911;700;2,043;
464,384;700;2,059;
468,869;701,217;2,077;
107;;;
2287;;;
JLAP;;;
;;;
170;413;0;
194,611;409,478;0,017;
203,174;408,118;0,034;
209,99;407,002;0,051;
215,605;405,879;0,068;
221,196;404,761;0,086;
226,84;403,632;0,102;
233,868;402,522;0,119;
245,024;400,395;0,134;
251,349;400,725;0,15;
258,082;400,153;0,167;
266,741;400;0,185;
273,529;397,824;0,201;
280,254;396,791;0,217;
286,974;395,671;0,237;
297,152;394,55;0,251;
303,859;394;0,266;
310,149;394;0,283;
318,527;392,368;0,3;
325,599;392;0,316;
331,268;390,946;0,334;
338,043;391;0,352;
344,781;389,703;0,365;
352,943;388,58;0,383;
360,5;390,5;0,399;
365,965;390;0,415;
372,68;390;0,432;
379,424;389,096;0,449;
387,174;389;0,466;
392,703;390,141;0,482;
398,337;390;0,499;
403,916;388,617;0,517;
409,5;390,5;0,535;
415,771;389,628;0,549;
420,999;390;0,566;
425,487;390;0,584;
429,969;390,992;0,599;
434,432;391;0,616;
438,928;391;0,633;
444,757;389,649;0,651;
448,891;391,473;0,667;
451,793;392;0,683;
455,159;392;0,707;
458,523;392;0,727;
462,83;392;0,743;
466,246;393;0,759;
469,597;392,801;0,776;
473,291;392,646;0,79;
476,884;394;0,807;
479,694;394;0,824;
482,371;394;0,841;
484,616;394,808;0,857;
486,854;395,927;0,876;
488;396,5;0,891;
489,168;397,084;0,935;
490,177;399,355;0,984;
488,821;401,358;1,001;
486,985;403,015;1,035;
484,742;404,129;1,069;
482,499;405,251;1,087;
479,756;406,622;1,102;
476,041;408,479;1,119;
472,411;410,726;1,135;
468,064;412,968;1,152;
462,466;417,427;1,17;
458,101;423,124;1,186;
453,619;428,727;1,204;
449,146;434,318;1,221;
442,043;439,365;1,237;
436,447;442,421;1,254;
431,676;447,986;1,269;
427,195;453,757;1,287;
421,652;460,417;1,303;
412,476;467,143;1,32;
404,826;471,242;1,338;
399,841;477,159;1,356;
392,673;485,882;1,371;
384,582;493,741;1,387;
376,426;499,185;1,405;
370,407;503,674;1,42;
363,79;510,21;1,437;
357,025;515,813;1,453;
349,077;523,923;1,473;
341,186;530,412;1,489;
338;534;1,505;
330,145;540,212;1,521;
323,412;544,294;1,537;
315,797;551,203;1,553;
311,98;556,026;1,57;
308,612;561,646;1,587;
304,021;564,734;1,604;
298,144;569,485;1,622;
295,545;573,94;1,655;
290,777;578,668;1,67;
284,887;583,922;1,691;
281,301;588,398;1,708;
273,621;596,379;1,738;
268,142;600,858;1,794;
258,799;611,829;1,817;
244,754;628,057;1,832;
160;;;
3081;;;
JLAP;;;
;;;
191;408;0;
201,162;406,984;0,007;
210,188;405,687;0,025;
215,165;406;0,042;
220,218;406;0,058;
225,386;405,323;0,074;
230,99;405;0,09;
236,603;405;0,107;
248,454;405;0,124;
254,969;405;0,141;
265,52;403,72;0,159;
274,249;404;0,175;
283;405,5;0,244;
326,184;405;0,259;
336,171;405;0,28;
346,244;405;0,293;
359,106;405;0,31;
369,439;404;0,326;
381,336;403,389;0,342;
392,592;403;0,362;
402,678;402,147;0,376;
413,778;402;0,401;
423,963;402;0,418;
434,954;402;0,425;
445,04;402;0,444;
455,144;403,46;0,459;
463;403;0,476;
474,361;404,707;0,492;
482,777;405;0,509;
489,683;405,947;0,526;
496,394;406;0,543;
500,764;406;0,56;
505,223;406;0,576;
506,866;407,433;0,658;
503,988;408,006;0,676;
501,684;410,316;0,693;
499,443;410;0,725;
497,481;411,26;0,759;
495,464;411;0,792;
493,464;411;0,826;
491,835;412,083;0,909;
489,786;412;0,943;
488,969;414,063;0,976;
486,662;416,338;0,996;
485,54;418,921;1,012;
482,842;421,158;1,029;
479,896;424,104;1,045;
475,717;429,104;1,061;
471,228;432,829;1,078;
467,809;437,255;1,095;
463,254;441,746;1,111;
460,079;446,228;1,13;
455,293;452,134;1,147;
450,806;458,29;1,162;
442,972;465,688;1,179;
435,261;471,949;1,195;
430,35;478,474;1,212;
424,835;484,165;1,229;
419,221;492,09;1,245;
409,809;501,191;1,263;
400,801;507,4;1,28;
396,5;514;1,297;
388,903;523,097;1,312;
379,927;531,313;1,329;
371,84;538,28;1,346;
365,998;546,003;1,362;
359,276;553,845;1,379;
347,533;562,974;1,398;
340,454;570,546;1,414;
334,077;576,923;1,431;
323,935;587,458;1,446;
314,185;596,088;1,463;
307,765;603,082;1,48;
300,198;610,802;1,496;
289,098;619,721;1,513;
281,526;626,263;1,529;
275,043;632,957;1,548;
266,807;638,281;1,565;
259,825;646,025;1,581;
252,519;652,481;1,597;
246,91;658,09;1,614;
242,243;662,756;1,63;
236,712;667,23;1,647;
229,933;672,89;1,663;
223,174;675,913;1,682;
220,732;680,691;1,699;
219;683,5;1,715;
216,669;686,331;1,73;
214,428;687,786;1,747;
212,187;688,906;1,764;
209,942;691,058;1,796;
207,728;693,272;1,83;
205,487;695,513;1,88;
202,464;697,357;1,914;
201,732;699,536;1,931;
199,763;701,237;1,948;
197,284;702,358;1,981;
195,464;702;2,014;
193,153;705,693;2,032;
192,5;707;2,049;
140;;;
2946;;;
JLAP;;;
;;;
180;404;0;
223,319;402;0,018;
236,67;402;0,035;
247,575;402;0,052;
258,807;402;0,07;
268,5;402;0,086;
280,2;402;0,102;
298,101;402,742;0,119;
311,672;403,867;0,136;
324,833;404;0,152;
334,999;404;0,169;
347,464;404;0,186;
361,243;404;0,204;
370,255;405,473;0,221;
381,934;405;0,236;
392,427;405,714;0,253;
402,515;405,165;0,269;
412,581;405;0,286;
421,608;405;0,303;
430,573;405;0,32;
438,236;405;0,338;
447,544;405;0,354;
452,803;405;0,371;
459,092;404,318;0,387;
464,201;404;0,403;
470,536;403,077;0,42;
476,217;403;0,437;
479,498;403;0,453;
481,573;403;0,486;
483,53;403;0,553;
483;405,005;0,57;
481,862;407,275;0,588;
479,489;407;0,604;
477,248;408,376;0,622;
475,018;409,491;0,638;
473;409;0,771;
459,166;424,893;0,789;
445,046;441,369;0,805;
438,008;449,824;0,822;
432,253;458,595;0,838;
426,651;466,489;0,855;
421,049;474,331;0,872;
412,803;482,197;0,891;
397,769;502,975;0,907;
394,118;506,882;0,923;
387,621;516,083;0,94;
378,823;525,38;0,956;
372,425;533,405;0,973;
366,803;541,275;0,99;
360,043;550,277;1,006;
350,777;561,779;1,024;
343,192;567,407;1,041;
336,386;577,182;1,058;
328,175;586,825;1,073;
318,871;594,597;1,09;
310,785;602,215;1,107;
304,968;611,052;1,123;
297,096;617,775;1,14;
285,552;625,713;1,158;
277,007;632,245;1,175;
272,549;638,941;1,192;
262,253;645,067;1,207;
255,064;651,404;1,224;
249,723;657,277;1,241;
245,105;661,895;1,257;
239,518;666,386;1,274;
233,914;669,651;1,291;
224,281;675,699;1,31;
222,079;679,302;1,326;
219,25;683,166;1,342;
215,888;686,112;1,358;
212,53;688,646;1,374;
209,171;691,829;1,391;
205,815;693,062;1,408;
203,631;695,369;1,425;
201,385;696,308;1,443;
197,719;697,427;1,458;
197,5;700;1,491;
195,463;700,268;1,524;
194,732;702,536;1,574;
197,197;705,296;1,608;
204,195;704,361;1,625;
209,038;702,481;1,642;
213,527;702;1,659;
220,002;702;1,675;
226,738;702;1,692;
238,463;702;1,709;
246,903;703,363;1,727;
258,85;704,485;1,744;
270,077;706,215;1,759;
279,827;707,728;1,776;
289,644;708,849;1,802;
299,727;709,97;1,818;
308,721;711,09;1,842;
317,884;712;1,865;
327,331;712;1,88;
345,133;712;1,912;
366,313;711,812;1,927;
375,512;711,061;1,944;
387,68;711;1,96;
115;;;
2359;;;
JLAP;;;
;;;
187;406;0;
219,774;405;0,017;
232,341;405;0,033;
243,491;403,851;0,052;
254,703;404;0,068;
265,901;404;0,086;
275,641;402,484;0,102;
292,105;402;0,117;
306,57;402;0,134;
316,917;402;0,15;
327,983;401,002;0,167;
338,071;399,881;0,187;
349,366;397,527;0,203;
360,611;396,639;0,219;
372,84;394,516;0,236;
384,64;393,396;0,251;
395,524;392,275;0,276;
404,76;392;0,284;
415,676;391,032;0,299;
425,815;389,909;0,316;
434,665;387,584;0,333;
446,323;385,335;0,351;
453,18;384,546;0,368;
461,01;384;0,384;
468,869;383,304;0,4;
476,703;382,185;0,417;
482,675;382;0,433;
487,222;380,944;0,45;
490,535;381;0,467;
492,598;381;0,483;
492;383,843;0,517;
490,676;387,324;0,534;
489,217;389,566;0,551;
487,191;390,904;0,567;
486;391,5;0,584;
483,782;392,073;0,601;
482,734;394,532;0,618;
478,825;400,959;0,635;
469,5;408;0,652;
463,239;415,388;0,668;
457,999;424,003;0,684;
451,759;432,115;0,701;
442,052;440,954;0,718;
433,083;447,688;0,735;
427,835;455,631;0,751;
419,502;466,212;0,769;
405,765;473,331;0,786;
398,22;480,78;0,802;
389,239;489,761;0,819;
376,91;498,727;0,836;
367,292;507,708;0,852;
357,282;516,638;0,868;
344,796;528,004;0,885;
337,712;536,614;0,903;
325,577;545,538;0,92;
313,04;556,091;0,936;
303,813;565,5;0,952;
292,919;574,465;0,969;
281,673;586,26;0,986;
272,606;595,394;1,002;
261,279;603,205;1,019;
251,341;616,25;1,037;
245,512;624,317;1,054;
236;633;1,07;
225,746;642,568;1,086;
219,113;651,442;1,103;
211,725;658,379;1,12;
204,887;666,131;1,136;
200,443;672,835;1,154;
193,424;678,313;1,169;
192,236;683,91;1,188;
191,5;685;1,204;
190,5;687;1,236;
191;688,536;1,269;
196,222;689;1,287;
200,916;689;1,304;
205,4;689;1,322;
211,349;689;1,338;
219,731;691,183;1,354;
229,427;693,428;1,371;
240,33;695,666;1,387;
251,535;698,86;1,404;
263,718;701,13;1,421;
277,35;702,196;1,437;
289,498;704,636;1,456;
301,809;705,437;1,473;
317,274;705;1,489;
331,193;705,683;1,505;
346,987;705,201;1,521;
362,915;704,078;1,539;
378,636;704;1,555;
394,253;704;1,571;
408,673;702,717;1,588;
421,898;701,592;1,606;
436,5;699;1,637;
448,128;698,352;1,645;
458,919;697,231;1,656;
468,136;697;1,672;
478,095;695,989;1,689;
482,543;694,864;1,706;
104;;;
1882;;;
JLAP;;;
;;;
200;402;0;
235,602;405,114;0,017;
247,563;405;0,034;
259,949;405;0,052;
270,789;403,521;0,069;
283,586;403,401;0,085;
295,922;402,28;0,101;
318,347;401,159;0,118;
332,577;398,115;0,135;
342,758;396,916;0,151;
356,428;397;0,168;
369,906;395,674;0,186;
381,876;396;0,203;
397,12;395,431;0,219;
408,569;394,312;0,235;
420,102;395,62;0,252;
428,516;396,931;0,269;
439,535;397;0,285;
447,219;397;0,302;
457,625;398,292;0,32;
464,935;399,419;0,337;
477;399;0,353;
481,929;399,655;0,369;
486,336;400;0,386;
488,5;400;0,402;
489,021;401,01;0,485;
490,107;403,214;0,518;
492,536;405,536;0,552;
494,535;406,267;0,57;
495,115;408,229;0,619;
493,821;410,357;0,652;
490,326;414,51;0,67;
488,089;418,822;0,687;
484,766;424,39;0,704;
480,205;431,192;0,72;
469,082;439,269;0,738;
461,933;442,753;0,755;
454,061;450,939;0,771;
445,533;460,15;0,787;
435,76;467,022;0,804;
428,44;472,633;0,821;
421,716;480,332;0,837;
413,843;488,157;0,854;
403,378;498,622;0,873;
396,12;504,468;0,901;
390;512,5;0,92;
379,161;521,839;0,926;
371,375;530,396;0,945;
364,637;537,363;0,955;
356,912;546,101;0,972;
345,647;557,353;0,988;
338,226;564,774;1,008;
331,723;572,656;1,023;
321,515;582,485;1,04;
312,66;591,34;1,056;
306,297;598,444;1,072;
299,82;606,044;1,089;
291,128;617,824;1,106;
282,147;623,533;1,122;
275,666;630,334;1,14;
268,907;639,79;1,157;
260,74;648,725;1,174;
253,452;654,365;1,19;
247,44;659,56;1,206;
242,668;665,998;1,223;
237,243;673,66;1,24;
231,63;682,592;1,256;
224,847;685,576;1,273;
222,046;690,272;1,291;
217,271;694,729;1,308;
215,883;698,676;1,324;
214,321;702,038;1,34;
214;705,406;1,357;
213,079;707,841;1,375;
213;710,082;1,406;
213;712,285;1,456;
214,179;714,357;1,506;
216,357;712,821;1,539;
218,168;713;1,557;
220,749;713;1,575;
222,984;713;1,592;
229,688;713;1,607;
237,156;712,263;1,624;
245,858;711,143;1,641;
257,778;711,98;1,658;
267,903;712;1,674;
279,212;709,557;1,691;
290,412;711,341;1,709;
301,625;711;1,726;
316,193;709;1,742;
329,749;707,591;1,758;
342,111;706,172;1,775;
358,21;705,053;1,792;
370,745;705;1,808;
385,45;701,435;1,825;
398,767;704,628;1,843;
407,879;704;1,86;
418,991;703,109;1,876;
427,727;703,325;1,892;
434,768;702,205;1,909;
111;;;
2309;;;
JLAP;;;
