190,395,0,234.704,392.905,0.017,254.909,391.783,0.034,271.026,390.665,0.052,289.335,389.542,0.068,304.5,388.5,0.086,325.164,387.302,0.105,360.217,386.183,0.119,385.818,386,0.145,403.141,386,0.153,423.226,386,0.169,438.177,384.702,0.186,458.317,385,0.203,467.592,385,0.219,480.413,385,0.236,487.963,385,0.252,492.665,385,0.269,496.112,385,0.302,498.278,387.278,0.351,495.643,389.357,0.385,492.229,394.657,0.402,489.987,398.019,0.419,486.619,402.509,0.436,483.25,408.249,0.453,475.794,411.103,0.471,469.053,417.456,0.488,460.706,427.521,0.503,452.852,437.619,0.52,440.734,446.844,0.537,428.243,459.735,0.553,415.916,472.084,0.57,398.681,485.655,0.587,387.27,503.087,0.604,369.062,512.625,0.621,356.27,531.984,0.637,340.126,548.99,0.654,322.802,564.723,0.67,306.739,583.102,0.687,289.982,597.882,0.704,271.951,618.43,0.721,255.332,632.046,0.738,239.925,650.943,0.755,225,663.5,0.772,210.914,678.76,0.788,196.633,689.38,0.804,188.487,699.269,0.821,183.843,707.274,0.838,181.681,711.638,0.854,182,714.842,0.887,184.526,715.263,0.92,192.613,713.231,0.938,201.993,711.224,0.955,213.086,708.983,0.972,224.315,706.737,0.988,240.484,703.253,1.005,254.89,701.248,1.023,276.733,700.515,1.04,296.881,697.16,1.055,321.963,695.262,1.072,346.007,694.143,1.089,374.477,692.04,1.106,403.674,692,1.124,431.57,692,1.139,461.013,690.653,1.157,484.179,692.463,1.174,506.857,691.584,1.19,524.495,692,1.206,541.284,692,1.222,551.611,692.951,1.24,558.432,694.072,1.256,566.345,695.192,1.289,562.559,702.323,1.383,0,0,0,0,0,0,0,0,0,0,0,0,0,0,0,0,0,0,0,0,0,0,0,0,0,0,0,0,0,0,0,0,0,0,0,0,0,0,0,0,0,0,0,0,0,0,0,0,0,0,0,0,0,0,0,0,0,0,0,0,0,0,0,0,0,0,0,0,0,0,0,0,0,0,0,0,0,0,0,0,0,0,0,0,72,1383,NFVG,
187,398,0,216.311,401.947,0.018,230.852,402,0.035,243.051,402,0.051,257.984,402,0.069,272.598,402,0.087,289.808,400.45,0.103,305,399.5,0.118,340.914,398.206,0.135,361.374,396.171,0.152,379.594,394.963,0.169,398.683,393.842,0.185,412.647,392.719,0.202,428.616,391.599,0.22,439.5,392,0.237,449.14,393,0.252,456.591,393.765,0.269,461.543,394.886,0.286,465.026,396.009,0.302,468.388,397.129,0.335,470.373,398.186,0.368,468.732,400.536,0.418,468,403.96,0.435,468,405,0.453,465.777,407.335,0.47,463.307,411.04,0.488,462.534,412.931,0.504,459.236,418.529,0.52,455.163,426.675,0.537,449.845,435.648,0.554,441.373,442.72,0.57,431.334,451.592,0.587,423.637,465.336,0.604,411.881,476.119,0.622,394.843,488.837,0.638,383,506.5,0.655,364.824,520.264,0.671,348.939,534.04,0.688,334.904,552.645,0.705,317.276,566.543,0.721,303.979,585.863,0.738,289.255,599.745,0.755,273.229,617.183,0.772,265.5,632,0.789,252.778,644.791,0.805,245.347,656.203,0.822,238.635,665.154,0.838,232.916,676.167,0.855,229.595,683.945,0.872,227.489,686.766,0.889,228,688.765,0.938,231.535,689.178,0.971,236.97,687.01,0.989,241.442,687,1.005,247.145,685.771,1.022,256.817,684.648,1.04,274.577,683.53,1.057,284.5,681,1.072,305.448,678.569,1.089,326.776,677.161,1.106,347.235,675.085,1.123,371.763,672.84,1.139,397.618,673,1.156,416.773,673,1.173,439.901,674.445,1.19,462.5,675.5,1.207,479.652,678.371,1.223,495.506,680.616,1.24,511.029,682.861,1.257,519.375,685.107,1.273,526.031,686.172,1.29,532.753,686,1.307,536.665,687.416,1.324,539.5,687,1.341,542.633,685.342,1.431,0,0,0,0,0,0,0,0,0,0,0,0,0,0,0,0,0,0,0,0,0,0,0,0,0,0,0,0,0,0,0,0,0,0,0,0,0,0,0,0,0,0,0,0,0,0,0,0,0,0,0,0,0,0,0,0,0,0,0,0,0,0,0,0,0,0,0,0,0,0,0,0,0,0,0,75,1431,NFVG,
195,408,0,235.66,402.201,0.018,259.167,399.889,0.035,286.173,397.652,0.051,315.788,394.101,0.068,349.168,392.161,0.087,382.1,391.461,0.103,430.616,391,0.119,463.068,391,0.136,484.141,391.902,0.152,500.32,393.023,0.169,512.601,395.291,0.186,516.065,397.532,0.202,516.386,401.158,0.221,516,403,0.237,513.111,409.148,0.253,506.009,414.744,0.27,493.52,426.48,0.286,480.094,438.914,0.303,459.891,451.289,0.32,437.349,472.186,0.337,414.876,488.343,0.355,385.004,512.597,0.371,362.993,536.407,0.387,340.566,559.877,0.404,315.606,586.237,0.42,297.576,606.347,0.437,277.444,627.642,0.454,264.547,646.475,0.47,248.376,661.624,0.489,242.869,671.473,0.505,236.721,681.988,0.521,232.242,687.068,0.537,229,689.5,0.57,228.464,689.268,0.588,231.174,689,0.62,235.835,687.791,0.639,241,688,0.655,250.936,689.66,0.671,267.286,690.781,0.688,283.682,691.906,0.705,306.478,693.023,0.721,334.581,693,0.738,365.274,693,0.763,398.123,693,0.774,428.718,693,0.79,457.466,692.371,0.806,484.798,692.752,0.822,511.972,693.874,0.839,528.863,695.98,0.856,544.611,696,0.872,551.667,696,0.889,554.081,696,0.998,0,0,0,0,0,0,0,0,0,0,0,0,0,0,0,0,0,0,0,0,0,0,0,0,0,0,0,0,0,0,0,0,0,0,0,0,0,0,0,0,0,0,0,0,0,0,0,0,0,0,0,0,0,0,0,0,0,0,0,0,0,0,0,0,0,0,0,0,0,0,0,0,0,0,0,0,0,0,0,0,0,0,0,0,0,0,0,0,0,0,0,0,0,0,0,0,0,0,0,0,0,0,0,0,0,0,0,0,0,0,0,0,0,0,0,0,0,0,0,0,0,0,0,0,0,0,0,0,0,0,0,0,0,0,0,0,0,0,0,0,0,53,998,NFVG,
189,399,0,224.169,401.011,0.018,238.676,402.129,0.035,251.992,402,0.052,266.816,402,0.07,279.956,402,0.087,296.587,402,0.102,324.081,401.264,0.119,344.859,401,0.136,364.639,400.02,0.152,381.508,400,0.169,399.572,400,0.186,412.095,401.341,0.204,431.53,401,0.221,444.193,402,0.237,455.647,402.706,0.253,464.629,403.829,0.27,472.659,404,0.286,479.419,405.07,0.303,482.585,406.195,0.32,484.625,406,0.352,484,408.537,0.402,482.821,410.357,0.42,480.957,412.043,0.452,475.283,417.717,0.47,471.787,424.022,0.489,467,432.5,0.505,460.1,439.9,0.521,453.36,446.64,0.537,444.863,458.706,0.554,433.853,470.147,0.571,423.761,479.101,0.588,412.45,496.825,0.604,395.647,508.206,0.623,384.5,523.5,0.639,368.194,538.806,0.655,352.868,556.359,0.671,338.618,569.651,0.688,322.209,588.749,0.705,306.475,598.98,0.721,295.736,618.849,0.738,276.343,631.242,0.756,265.81,644.662,0.773,252.675,657.142,0.789,244.002,667.14,0.805,236.99,677.516,0.822,231.213,684.745,0.839,227.766,688.234,0.871,225.679,689.161,0.938,228.268,689,1.04,230.153,691.153,1.057,235.281,691.656,1.073,243.232,692.779,1.09,253.101,693.9,1.106,270.4,694,1.123,285.973,695.141,1.14,308.018,696.264,1.157,332.081,697.385,1.175,352.5,697,1.191,383.64,697,1.207,407.966,698.497,1.224,431.222,699,1.24,452.89,699,1.257,470.801,700.113,1.273,490.048,700,1.291,500.91,701.355,1.309,513.268,701,1.325,517.998,702.6,1.341,522.156,704.437,1.357,524.5,706,1.456,0,0,0,0,0,0,0,0,0,0,0,0,0,0,0,0,0,0,0,0,0,0,0,0,0,0,0,0,0,0,0,0,0,0,0,0,0,0,0,0,0,0,0,0,0,0,0,0,0,0,0,0,0,0,0,0,0,0,0,0,0,0,0,0,0,0,0,0,0,0,0,0,0,0,0,0,0,0,0,0,0,0,0,0,0,0,0,0,0,0,70,1456,NFVG,
184,414,0,208.354,412.221,0.018,221.827,411.098,0.035,234.228,411,0.051,246.578,409.857,0.068,262.698,410,0.085,277.029,410,0.103,294.5,408.5,0.12,329.298,408,0.135,350.997,407.25,0.152,370.85,406.126,0.169,395.821,405.008,0.186,414.953,401.655,0.202,435.24,402,0.219,454.09,399.283,0.237,468.705,398.521,0.254,483.617,398,0.269,494.5,398,0.286,502.059,398.843,0.302,506.854,399.964,0.319,509.172,401.086,0.336,509,403.414,0.353,510.328,405.655,0.371,508.547,407.907,0.387,505.291,410.709,0.404,500.542,415.458,0.42,494.939,422.685,0.436,488.391,432.414,0.453,480.611,441.445,0.47,469.217,451.605,0.487,458.011,468.185,0.505,448.205,478.216,0.522,429.5,498,0.538,416.066,515.258,0.553,398.444,532.771,0.571,379.621,554.997,0.587,361.534,573.466,0.604,340.118,597.185,0.62,322.685,614.315,0.638,301.874,633.73,0.655,286.5,651,0.672,269.419,665.845,0.687,255.199,680.801,0.704,244.964,690.156,0.721,237.026,699.967,0.738,233.65,707.817,0.754,231.52,711.961,0.803,234.357,711,0.837,236.536,708.464,0.871,242.278,706.907,0.888,246.831,704.585,0.905,254.011,703.665,0.923,267.988,701.093,0.94,280.91,698.848,0.956,297.186,695.903,0.975,315.073,694.183,0.998,334.972,692.114,1.007,359.259,689.885,1.022,382.838,688.817,1.039,406.364,687.697,1.057,434.218,688,1.074,456.403,686.547,1.09,480.436,686.329,1.106,503.771,686,1.123,520.771,686,1.14,538.496,686,1.156,549.561,687.156,1.173,555.643,687,1.191,560.985,687,1.207,562,687,1.272,558.732,684.732,1.372,0,0,0,0,0,0,0,0,0,0,0,0,0,0,0,0,0,0,0,0,0,0,0,0,0,0,0,0,0,0,0,0,0,0,0,0,0,0,0,0,0,0,0,0,0,0,0,0,0,0,0,0,0,0,0,0,0,0,0,0,0,0,0,0,0,0,0,0,0,0,0,0,0,0,0,0,0,0,0,0,0,0,0,0,0,0,0,71,1372,NFVG,
192,388,0,227.58,392.948,0.018,242.225,394.094,0.035,256.796,395.215,0.052,271.355,395,0.07,287.432,396.459,0.086,304.26,396,0.103,332.016,397.401,0.119,358.279,398.823,0.136,377.09,399,0.152,397.224,400.068,0.169,414.977,401.186,0.186,434.255,401,0.203,453.307,402.43,0.22,465.5,402,0.237,482.021,403,0.253,493.934,403,0.279,504.23,403,0.289,513.264,404.033,0.303,517.623,405.156,0.32,520.835,405,0.353,522.522,405,0.402,522,407.357,0.436,519.913,409.087,0.486,517.671,411.329,0.505,513.547,414.453,0.521,507.596,419.67,0.537,500,427,0.554,491.177,435.823,0.571,483.296,442.603,0.588,471.812,450.531,0.604,457.897,466.445,0.622,447.375,476.625,0.639,429.978,489.778,0.655,414.412,502.353,0.671,398.4,517.429,0.688,383.686,532.314,0.705,367.991,544.793,0.721,353.528,563.042,0.738,337.69,571.771,0.756,324.807,591.924,0.773,308.991,602.679,0.789,296.89,617.462,0.805,282.627,627.585,0.822,271.716,640.966,0.839,261.667,653.408,0.855,250.402,659.959,0.872,246.867,667.982,0.889,242.391,677.219,0.907,239.5,683,0.923,236.712,685.288,0.939,235,687,0.971,233.463,688.537,1.072,236.153,688,1.105,240.968,688,1.123,245.409,689.102,1.14,252.34,689,1.156,271.148,690.343,1.175,286.546,688.532,1.191,314.939,689,1.207,338.188,688.291,1.224,365.605,688,1.242,396.635,688,1.257,424.849,689.074,1.274,451.613,689,1.29,469.452,690.321,1.309,495.616,691.437,1.325,509.808,691.558,1.342,522.132,692.681,1.358,531.39,693.799,1.38,536.69,695.845,1.391,539.082,696,1.549,0,0,0,0,0,0,0,0,0,0,0,0,0,0,0,0,0,0,0,0,0,0,0,0,0,0,0,0,0,0,0,0,0,0,0,0,0,0,0,0,0,0,0,0,0,0,0,0,0,0,0,0,0,0,0,0,0,0,0,0,0,0,0,0,0,0,0,0,0,0,0,0,0,0,0,0,0,0,0,0,0,0,0,0,72,1549,NFVG,
190,400,0,230.761,400,0.018,253.068,398.947,0.035,274.348,399,0.051,298.234,397.703,0.069,321.811,395.161,0.086,348.917,394.462,0.106,389.02,392.681,0.126,420.437,390.435,0.135,441.181,390,0.152,456.354,388.973,0.169,468.62,389,0.185,483.487,387.732,0.203,488.329,389.388,0.219,489,390.5,0.268,487.124,394.751,0.285,485.012,397.983,0.303,479.426,402.46,0.319,470.12,406.94,0.336,458.39,412.805,0.354,448.645,419.904,0.371,433.791,433.609,0.386,421.757,443.795,0.403,403.791,458.674,0.42,386.545,472.564,0.436,367.53,492.556,0.453,349.696,507.891,0.47,329.153,530.171,0.489,304.463,545.812,0.505,287.581,566.564,0.521,267.925,584.767,0.537,249.977,601.395,0.554,233.909,619.896,0.571,218.192,631.577,0.587,206.07,648.633,0.604,193.676,659.022,0.622,185.611,665.966,0.639,181.5,678,0.655,178.017,684.305,0.671,175.435,688.348,0.688,173.191,693.522,0.704,171.975,698.1,0.721,172,701.443,0.737,172,703.542,0.754,172,705.786,0.772,170.5,708,0.787,172.5,710,0.837,174.997,711,0.855,178.363,712.121,0.871,184.208,713.242,0.888,192.517,714.359,0.907,210.72,712.52,0.924,234.091,713.396,0.941,263.611,713.726,0.955,292.218,714,0.972,327.033,714,0.989,364.996,714,1.006,404.47,714,1.023,439.677,714,1.041,472.513,715.45,1.057,507.709,716.576,1.073,536.061,719.095,1.09,559.367,724.092,1.193,0,0,0,0,0,0,0,0,0,0,0,0,0,0,0,0,0,0,0,0,0,0,0,0,0,0,0,0,0,0,0,0,0,0,0,0,0,0,0,0,0,0,0,0,0,0,0,0,0,0,0,0,0,0,0,0,0,0,0,0,0,0,0,0,0,0,0,0,0,0,0,0,0,0,0,0,0,0,0,0,0,0,0,0,0,0,0,0,0,0,0,0,0,0,0,0,0,0,0,0,0,0,0,0,0,0,0,0,0,0,0,63,1193,NFVG,
184,391,0,219.987,394.062,0.018,235.582,395.184,0.034,249.931,395,0.053,266.001,396.429,0.069,281,396,0.086,298.046,396,0.101,326.692,396.79,0.118,347.569,397,0.135,367.558,397,0.152,386.613,395.846,0.168,403.154,394.723,0.185,419.945,393.604,0.203,435,391,0.22,449.029,393,0.235,459.85,393,0.252,470.82,393,0.269,481.04,393,0.286,487.749,393,0.302,493.229,393,0.322,496.105,394.368,0.335,497.978,395.489,0.385,496.147,398.706,0.402,495.5,400,0.419,493.906,401.094,0.452,491.66,404.51,0.471,489.079,408.381,0.489,485.257,411.162,0.504,480.474,415.526,0.52,473.249,423.572,0.537,464.44,432.56,0.554,456.509,441.561,0.57,445.123,450.502,0.587,431.322,465.984,0.605,420.672,476.328,0.622,403.293,492.807,0.638,386.902,507.405,0.654,370.864,525.318,0.678,353.363,540.893,0.695,335.404,560.671,0.712,316.975,575.648,0.721,302.407,594.699,0.743,289.176,606.432,0.759,277.285,621.239,0.773,266.587,632.413,0.788,256.127,645.928,0.805,248.662,656.118,0.822,241.949,663.051,0.838,236.355,673.161,0.855,232.011,680.731,0.873,226.144,685.856,0.89,222.015,688.489,0.907,219.765,690.852,0.922,218.262,694.214,0.939,216.285,697.573,0.955,214.044,700.934,0.972,212.901,704.296,0.989,210.552,706.448,1.022,209.768,708.464,1.088,212.268,708,1.106,215.108,706.964,1.122,220.961,708.192,1.139,231.843,709.316,1.157,247.694,709,1.174,266.131,709,1.19,287.906,707.641,1.206,313.199,705.4,1.223,338.298,702.232,1.24,370.317,698.864,1.256,402.805,695.503,1.273,430.167,694.713,1.29,458.235,693.591,1.308,479.5,695.5,1.325,504.256,696.944,1.34,522.814,699.545,1.357,540.221,702.666,1.374,556.177,705.025,1.466,0,0,0,0,0,0,0,0,0,0,0,0,0,0,0,0,0,0,0,0,0,0,0,0,0,0,0,0,0,0,0,0,0,0,0,0,0,0,0,0,0,0,0,0,0,0,0,0,0,0,0,0,0,0,0,0,0,0,0,0,0,0,0,0,0,0,0,0,0,77,1466,NFVG,
195,401,0,224.667,399.022,0.018,240.376,399,0.035,259.641,399,0.051,277.404,397.662,0.069,296.895,398,0.086,319.058,398,0.102,355.774,398,0.118,386.964,398.825,0.135,408.013,399,0.152,430.356,399,0.168,450.393,399,0.185,465.32,400.309,0.203,486.737,400,0.22,496.63,401,0.236,508.058,401.673,0.252,514.183,402,0.269,516.833,402.917,0.286,518,403.5,0.302,517,405.158,0.335,515.798,407.404,0.369,512.064,410.291,0.386,507.939,411.765,0.403,502.57,414.658,0.42,496.968,420.032,0.436,490.225,426.775,0.453,484.751,435.999,0.469,475.042,442.218,0.488,461.53,448.984,0.505,448.447,466.331,0.52,431.961,479.095,0.537,415.107,495.752,0.553,395.325,509.783,0.57,374.011,530.989,0.587,355.169,544.929,0.604,333.44,568.905,0.621,309.265,582.49,0.638,290.062,602.822,0.654,269.673,620.327,0.671,250.879,637.459,0.687,234.682,654.269,0.704,218.964,665.74,0.721,206.886,681.69,0.738,195.82,690.862,0.755,187.496,696.628,0.772,185,706,0.788,183.319,710.723,0.805,182.198,713.605,0.821,181.5,715,0.87,184.144,714,0.921,186.308,712,0.945,190.095,712,0.955,197.247,711.108,0.972,209.139,711,0.989,221.488,708.729,1.005,243.913,706.483,1.022,263.802,702.866,1.04,291.344,701.014,1.057,318.139,699.379,1.072,345.775,699,1.089,377.036,699,1.106,404.665,699.986,1.123,433.768,702.213,1.139,459.229,703.227,1.156,480.891,705.689,1.174,500.453,706.47,1.191,519.121,708.593,1.207,533.283,709,1.223,544.516,709.835,1.24,550.777,710,1.256,555.321,710,1.289,558.489,708.837,1.38,0,0,0,0,0,0,0,0,0,0,0,0,0,0,0,0,0,0,0,0,0,0,0,0,0,0,0,0,0,0,0,0,0,0,0,0,0,0,0,0,0,0,0,0,0,0,0,0,0,0,0,0,0,0,0,0,0,0,0,0,0,0,0,0,0,0,0,0,0,0,0,0,0,0,0,0,0,0,0,0,0,0,0,0,72,1380,NFVG,
188,414,0,214.26,411.899,0.018,241.5,410.5,0.035,264.246,409.355,0.051,286.335,408.233,0.068,310.494,407.114,0.085,336.197,405.991,0.101,360.843,404.871,0.118,411.832,403.748,0.135,432.504,404,0.152,453.864,404,0.169,470.393,405,0.185,485.084,405,0.202,494.001,405.857,0.219,500.88,405.02,0.235,503.197,406.098,0.286,499.535,409.465,0.303,495.664,411.752,0.319,489.747,415.835,0.336,480.54,424.46,0.352,466.634,435.513,0.369,453.137,444.575,0.386,432.541,459.498,0.403,418.928,475.385,0.419,394.281,492.539,0.437,377.5,511.5,0.454,356.463,534.216,0.47,339.824,555.966,0.486,322.3,573.781,0.503,307.463,593.744,0.52,294.061,610.424,0.537,276.801,628.479,0.553,265.556,642.252,0.571,249,661,0.588,238.939,671.345,0.604,226.554,683.679,0.62,218.66,690.45,0.637,213.949,696.063,0.654,209.476,700.524,0.753,210,697.821,0.837,212.156,698,0.92,256.676,701,0.937,280.071,701,0.955,306.129,699.69,0.974,332.047,698.563,0.99,360.898,699,1.007,387.606,699,1.022,430.107,700.596,1.039,455.571,701,1.055,474.701,701,1.072,490.229,702.159,1.089,500.858,702,1.105,509.235,702,1.124,515,703.5,1.222,0,0,0,0,0,0,0,0,0,0,0,0,0,0,0,0,0,0,0,0,0,0,0,0,0,0,0,0,0,0,0,0,0,0,0,0,0,0,0,0,0,0,0,0,0,0,0,0,0,0,0,0,0,0,0,0,0,0,0,0,0,0,0,0,0,0,0,0,0,0,0,0,0,0,0,0,0,0,0,0,0,0,0,0,0,0,0,0,0,0,0,0,0,0,0,0,0,0,0,0,0,0,0,0,0,0,0,0,0,0,0,0,0,0,0,0,0,0,0,0,0,0,0,0,0,0,0,0,0,0,0,0,0,0,0,0,0,0,54,1222,NFVG,
176,393,0,197.575,393,0.018,218.393,393,0.036,234.953,393,0.053,251.748,393,0.069,268.567,393,0.085,286.219,392.174,0.102,304.187,392,0.119,338.1,390.932,0.136,358.574,391,0.152,377.256,391,0.17,400.695,389.565,0.187,416.982,389.445,0.203,435.782,389.674,0.219,452.142,389.204,0.236,465.998,389,0.253,482.588,389,0.269,491.279,387.84,0.286,500.24,390.56,0.303,506.424,390,0.319,507,391.5,0.352,507.268,393.535,0.385,503.989,398.021,0.403,501.737,400.263,0.42,499.493,402.507,0.437,495.891,406.109,0.455,492.502,409.498,0.472,488.154,412.846,0.487,483.302,418.437,0.504,475.983,428.596,0.521,466.162,437.856,0.537,457.161,444.629,0.562,443.413,461.69,0.57,425.409,475.193,0.589,411.998,490.002,0.606,387.826,509.821,0.621,367.906,528.806,0.638,345.55,549.788,0.654,324.84,566.346,0.671,304.668,590.628,0.688,285.656,603.36,0.705,267.922,628.664,0.723,252.91,637.785,0.739,242.514,655.925,0.756,232.868,666.495,0.772,224.36,678.863,0.788,218.366,686.561,0.805,215.901,689.099,0.822,214.835,691.331,0.854,213.794,693.412,0.921,216.268,693,1.002,218.153,690.847,1.018,223.033,691,1.03,233.474,691,1.056,246.973,690.252,1.073,285.81,689.012,1.09,311.449,689,1.106,338.626,689,1.123,368.208,689,1.141,395.771,689,1.158,420.34,689.598,1.174,447.2,690.717,1.19,470.742,691.837,1.207,490.378,692.963,1.224,511.515,695.159,1.24,522.032,696.203,1.257,531.905,698.646,1.275,539.089,698,1.29,540.5,699.5,1.411,0,0,0,0,0,0,0,0,0,0,0,0,0,0,0,0,0,0,0,0,0,0,0,0,0,0,0,0,0,0,0,0,0,0,0,0,0,0,0,0,0,0,0,0,0,0,0,0,0,0,0,0,0,0,0,0,0,0,0,0,0,0,0,0,0,0,0,0,0,0,0,0,0,0,0,0,0,0,0,0,0,0,0,0,0,0,0,0,0,0,0,0,0,69,1411,NFVG,
194,398,0,226.513,403.208,0.018,246.435,404.858,0.034,265.624,405.978,0.051,286.911,407.101,0.068,310.593,407,0.085,332.837,407,0.103,358.241,407,0.12,405.12,407.415,0.136,425.706,407.706,0.152,446.744,407.171,0.169,460.441,407.949,0.186,477.046,406.93,0.202,486.693,408.188,0.219,490.247,409.312,0.236,493.31,410.437,0.285,490.205,414.589,0.303,486.319,419.601,0.32,478.711,427.289,0.336,466.223,436.292,0.353,455.148,443.997,0.37,439.779,453.213,0.388,424,469.5,0.404,407.136,483.291,0.42,387.765,500.471,0.437,368.018,520.87,0.453,345.788,538.159,0.47,326.773,562.882,0.487,303.963,580.03,0.528,286.961,600.794,0.537,267.092,619.414,0.554,234.75,654.518,0.571,220.689,670.029,0.588,208.243,684.713,0.617,194.793,693.805,0.633,187.894,704.77,0.644,183.311,712.723,0.656,181.065,718.338,0.671,180.5,719,0.737,184.402,716.866,0.755,188.389,715.903,0.771,195.892,716,0.79,211.221,713.13,0.806,226.019,712.33,0.822,246.907,708.962,0.838,271.361,705.605,0.855,296.253,701.318,0.872,324.032,697.876,0.889,348.554,693.354,0.905,381.059,691.424,0.922,411.053,690.591,0.94,437.5,691,0.957,458.389,691,0.972,479.417,691.771,0.989,492.922,692,1.006,507.191,692,1.023,513.797,693.133,1.039,516.762,694.254,1.13,0,0,0,0,0,0,0,0,0,0,0,0,0,0,0,0,0,0,0,0,0,0,0,0,0,0,0,0,0,0,0,0,0,0,0,0,0,0,0,0,0,0,0,0,0,0,0,0,0,0,0,0,0,0,0,0,0,0,0,0,0,0,0,0,0,0,0,0,0,0,0,0,0,0,0,0,0,0,0,0,0,0,0,0,0,0,0,0,0,0,0,0,0,0,0,0,0,0,0,0,0,0,0,0,0,0,0,0,0,0,0,0,0,0,0,0,0,0,0,0,0,0,0,0,0,0,58,1130,NFVG,
208,402,0,225.522,405.092,0.019,243.587,406.43,0.036,259,406,0.052,276.76,404.327,0.068,294.675,402.416,0.085,313.546,401.086,0.102,333.595,399.967,0.118,375.765,397.688,0.135,395.528,396.724,0.152,412.341,395.604,0.17,433,396,0.187,447.326,395,0.202,459.596,395,0.219,471.699,395.882,0.236,481.019,396,0.252,487.739,397.123,0.269,494.459,397,0.286,498.458,398.364,0.304,501.452,399.484,0.319,500,402,0.352,493.447,408.553,0.369,487.169,412.887,0.386,478.261,419.554,0.403,464.449,431.126,0.42,452.329,443.671,0.438,429.785,457.477,0.455,409.305,478.233,0.47,384.605,498.995,0.487,363.263,523.831,0.504,340.238,546.821,0.52,313.519,569.234,0.537,296.088,591.639,0.554,272.885,610.197,0.571,259.011,630.7,0.589,245.5,642.5,0.605,236.978,657.022,0.62,227.695,667.093,0.637,221.448,676.283,0.654,214.827,684.202,0.671,210.384,688.616,0.687,205.913,690.544,0.708,204.198,692.802,0.721,200.5,695,0.82,203.035,696.07,0.854,206.727,699.727,0.873,210.418,701.813,0.889,215.632,705.179,0.905,223.762,707.691,0.922,237.605,709.939,0.938,253.265,712.181,0.955,278.632,712,0.972,297.969,710.668,0.989,325.314,711,1.007,351,712.5,1.024,386.575,711,1.039,413.012,709.363,1.056,438.6,709,1.072,459.114,710.062,1.089,476.874,710,1.106,492.251,712.607,1.123,499.406,713.426,1.14,509.5,713,1.157,513.001,714.667,1.246,0,0,0,0,0,0,0,0,0,0,0,0,0,0,0,0,0,0,0,0,0,0,0,0,0,0,0,0,0,0,0,0,0,0,0,0,0,0,0,0,0,0,0,0,0,0,0,0,0,0,0,0,0,0,0,0,0,0,0,0,0,0,0,0,0,0,0,0,0,0,0,0,0,0,0,0,0,0,0,0,0,0,0,0,0,0,0,0,0,0,0,0,0,0,0,0,0,0,0,0,0,0,0,0,0,0,0,0,64,1246,NFVG,
198,399,0,237.283,397.151,0.018,256.486,396.03,0.035,273.355,394.91,0.051,291.409,393.787,0.068,310.581,394,0.086,329.806,392.541,0.103,360.196,392.423,0.119,388.926,392,0.135,407.276,392,0.152,425.025,392,0.169,440.863,392,0.185,454.188,392,0.202,463.745,392,0.22,475.257,393.426,0.237,479.194,394,0.253,482.338,394.669,0.271,484,395.5,0.302,484.268,397.536,0.319,482.923,399.154,0.351,481.801,402.596,0.37,479,405,0.387,476.723,407.277,0.403,472.956,410.283,0.42,467.591,413.645,0.436,463.987,419.022,0.453,458.374,426.876,0.47,452.774,434.717,0.486,444.455,442.545,0.504,429.082,450.452,0.521,418.673,465.106,0.537,403.732,475.601,0.554,390.59,490.832,0.57,373.354,503.757,0.587,362.015,521.577,0.604,343.46,538.319,0.62,329.555,557.812,0.638,309.188,573.893,0.655,296.252,593.582,0.671,280.85,612.373,0.687,267.927,627.898,0.704,255.603,647.013,0.721,246.44,659.77,0.738,238.683,674.446,0.754,229.51,687.735,0.772,220.545,692.591,0.789,218,703.5,0.805,215.652,710.369,0.821,214.203,715.19,0.838,213.5,718,0.855,214,718.039,0.921,216.264,719.132,0.939,219.293,719.647,0.955,223.846,720,0.972,234.729,719.115,0.989,246.106,716.979,1.006,262.933,714.742,1.022,282.282,713.748,1.039,304.132,709.874,1.057,328.378,708.012,1.073,355.629,705.768,1.089,386.681,704.261,1.106,414.622,703.141,1.123,443.425,702.022,1.139,468.212,700.899,1.156,494.021,701,1.173,515.907,699.655,1.19,528.04,701.465,1.207,539.267,701,1.223,547.244,701.707,1.24,550.658,702,1.256,552,702,1.364,0,0,0,0,0,0,0,0,0,0,0,0,0,0,0,0,0,0,0,0,0,0,0,0,0,0,0,0,0,0,0,0,0,0,0,0,0,0,0,0,0,0,0,0,0,0,0,0,0,0,0,0,0,0,0,0,0,0,0,0,0,0,0,0,0,0,0,0,0,0,0,0,0,0,0,0,0,0,0,0,0,0,0,0,72,1364,NFVG,
198,401,0,217.117,403.012,0.018,233.496,404.178,0.035,246.587,405.299,0.053,262.875,405,0.07,276.021,406,0.086,291.252,406,0.102,306.964,406,0.119,334.415,407.809,0.135,354.422,408,0.152,371.219,409.148,0.169,391.819,409,0.185,405.019,409,0.204,424,409,0.22,437.787,409,0.237,452.023,409,0.252,462.003,409,0.269,474.98,409,0.286,486.167,410.117,0.303,491.185,410,0.319,496.791,410,0.338,500.924,411.481,0.353,502,412.5,0.402,502.179,414.357,0.42,498.874,417.126,0.437,497.793,419.414,0.453,495.345,424.31,0.471,491.64,428.813,0.488,486.708,434.865,0.505,481.539,440.461,0.521,473.499,446.063,0.537,463.569,456.368,0.554,453.501,467.555,0.571,441.039,476.426,0.587,426.149,490.555,0.606,415.775,505.493,0.622,394.5,516.5,0.638,380.436,535.583,0.654,364.036,554.88,0.671,345.593,571.689,0.688,325.553,592.472,0.704,305.38,609.184,0.721,285.125,628.604,0.738,266.92,644.365,0.756,257,655,0.774,235,680,0.804,218.735,695.142,0.822,214.015,703.971,0.838,210.649,710.701,0.855,209.76,713.719,0.871,210,715.721,0.921,212.358,715,0.971,218.278,711.907,0.989,225.261,709.58,1.005,235.96,707.342,1.028,251.345,705.094,1.04,269.329,701.705,1.071,290.179,699.306,1.079,313.143,696.551,1.09,338.553,695.063,1.107,368.615,693.94,1.123,400.05,692.82,1.14,424.908,693,1.158,452.119,694.422,1.175,472.473,694.546,1.191,491.338,695.667,1.207,508.609,697.576,1.224,519.266,699.817,1.24,530.31,705.155,1.333,0,0,0,0,0,0,0,0,0,0,0,0,0,0,0,0,0,0,0,0,0,0,0,0,0,0,0,0,0,0,0,0,0,0,0,0,0,0,0,0,0,0,0,0,0,0,0,0,0,0,0,0,0,0,0,0,0,0,0,0,0,0,0,0,0,0,0,0,0,0,0,0,0,0,0,0,0,0,0,0,0,0,0,0,0,0,0,0,0,0,0,0,0,69,1333,NFVG,
192,400,0,231.47,400,0.018,249.271,398.796,0.034,267.197,399,0.052,285.138,397.554,0.069,305.848,397.429,0.085,327.113,397,0.101,365.489,397,0.118,394.456,397,0.135,415.001,397,0.152,436.349,398.176,0.168,456.381,396.701,0.189,471.746,398,0.211,486.963,398,0.219,499.255,398,0.235,509.291,398,0.252,514.626,398.906,0.269,517.054,399,0.318,517,401.261,0.352,515.364,404.271,0.369,513.489,406.511,0.386,510.367,408.755,0.403,506.007,410.997,0.42,498.153,414.363,0.436,492.804,421.435,0.453,485.843,430.876,0.471,477.591,439.896,0.488,464.342,448.053,0.503,450.551,461.449,0.52,433.416,473.49,0.537,417.452,490.484,0.554,396.241,506.296,0.57,376.254,525.538,0.587,358.651,540.681,0.605,334.972,565.028,0.622,315.052,581.524,0.638,294.415,599.089,0.654,275.841,618.626,0.671,259.797,632.374,0.687,247.276,650.053,0.704,239.712,659.657,0.72,230.585,671.018,0.739,224.423,682.295,0.756,219.5,688.5,0.772,219.329,691.013,0.788,219,694.375,0.804,219,696.5,0.821,219,697.033,0.87,221.268,697,0.905,230.483,697,0.921,240.627,695.475,0.938,250.973,694.114,0.955,270.116,692.994,0.972,283.523,691.873,0.988,307.059,692,1.005,326.642,692,1.023,348.333,692,1.04,379.895,692,1.055,405.401,693.467,1.072,431.573,694,1.089,458.517,694.98,1.106,488.71,696.1,1.122,515.309,698.442,1.139,534.24,700.693,1.157,555.697,701.458,1.174,569.023,703,1.194,578.931,703.704,1.211,585.959,704.827,1.374,0,0,0,0,0,0,0,0,0,0,0,0,0,0,0,0,0,0,0,0,0,0,0,0,0,0,0,0,0,0,0,0,0,0,0,0,0,0,0,0,0,0,0,0,0,0,0,0,0,0,0,0,0,0,0,0,0,0,0,0,0,0,0,0,0,0,0,0,0,0,0,0,0,0,0,0,0,0,0,0,0,0,0,0,0,0,0,0,0,0,0,0,0,0,0,0,68,1374,NFVG,
177,399,0,206.649,395.29,0.018,222.605,394.171,0.035,237.366,394,0.052,252.977,392.93,0.068,268.697,393,0.085,285.699,393,0.103,303.974,393,0.12,339.92,394.557,0.136,355,395.5,0.152,381.168,395.798,0.169,400.65,396,0.186,418.694,397.043,0.202,436.656,397,0.219,453.26,397,0.236,465.863,398.405,0.254,482,398,0.27,488.887,399.648,0.286,495.616,400.769,0.303,499.67,401.89,0.32,503.032,402,0.352,504.128,404.256,0.393,501.502,406.997,0.404,499.769,408.615,0.42,496.042,411.219,0.437,491.548,414.589,0.454,487.064,419.92,0.47,480.386,427.717,0.488,469.972,435.577,0.504,458.513,443.441,0.522,450.258,451.274,0.539,435.517,465.483,0.554,423.88,476.408,0.571,408.535,491.465,0.587,394.537,504.508,0.604,377.892,522.182,0.621,362.281,537.719,0.638,343.913,556.087,0.656,327.4,572.6,0.672,304.59,591.289,0.689,284.401,609.919,0.705,265.194,626.405,0.721,249.03,644.75,0.738,236.502,657.498,0.755,223.065,669.774,0.771,215.971,682.189,0.79,210.943,688.88,0.806,207,690.5,0.823,204.705,694.942,0.839,204,697.542,0.855,203.106,699.788,0.872,202.5,701,0.889,203,702.133,1.005,207.98,701.01,1.023,213.531,699.894,1.039,225.294,700,1.056,247.251,698.653,1.074,270.475,697.526,1.091,298.022,694.407,1.107,328.295,692.571,1.123,361.877,691.165,1.14,395.723,690.043,1.157,425.031,688.922,1.173,456.553,689,1.19,481.407,690.322,1.208,507.148,690,1.225,526.879,690.563,1.241,541.902,691.685,1.257,553.258,692.806,1.274,561.487,695.78,1.365,0,0,0,0,0,0,0,0,0,0,0,0,0,0,0,0,0,0,0,0,0,0,0,0,0,0,0,0,0,0,0,0,0,0,0,0,0,0,0,0,0,0,0,0,0,0,0,0,0,0,0,0,0,0,0,0,0,0,0,0,0,0,0,0,0,0,0,0,0,0,0,0,0,0,0,0,0,0,0,0,0,0,0,0,0,0,0,0,0,0,70,1365,NFVG,
189,400,0,210.938,398.955,0.018,236.863,398,0.033,254.472,398,0.05,270.631,398,0.067,287.343,398,0.084,305.291,398,0.1,323.267,396.733,0.119,364.674,395.616,0.135,379,394.5,0.158,398.777,393.373,0.17,416.03,392.248,0.184,431.31,392,0.201,446.919,392.994,0.218,457.034,394.115,0.235,462.163,396.465,0.251,467.771,397.354,0.269,470.431,399.954,0.286,471.601,402.202,0.301,472.5,404,0.334,472.034,407.931,0.351,471.5,409,0.368,469.793,411.31,0.385,467.345,413.655,0.403,463.631,418.825,0.426,459.285,427.003,0.436,454.525,435.56,0.451,446.483,442.073,0.469,435.611,452.389,0.485,426.54,467.805,0.502,414.017,477.623,0.519,396.565,499.322,0.537,382.431,512.569,0.554,362.5,538.5,0.57,342.378,557.95,0.586,318.741,581.474,0.603,298.562,599.622,0.62,276.377,624.716,0.636,258.649,641.204,0.653,244.384,660.729,0.67,235.477,672.697,0.688,222.5,690.5,0.704,218.455,693.454,0.72,216.241,700.554,0.736,216,704.639,0.753,216,706.5,0.77,218.121,706.06,0.786,219.246,703.508,0.803,223.099,701.267,0.821,232.381,699.034,0.838,245.488,696.171,0.854,259.234,692.807,0.87,274.915,690.298,0.887,291.636,688.049,0.904,311.697,685.811,0.921,335.456,684.788,0.937,355.106,680.982,0.955,382.59,679.079,0.972,407.019,677.42,0.988,429.094,677,1.004,451.464,677,1.021,471.067,677,1.038,489.088,678.068,1.054,504.633,678,1.071,517.742,679.312,1.089,525.448,679,1.106,535.983,677.554,1.197,0,0,0,0,0,0,0,0,0,0,0,0,0,0,0,0,0,0,0,0,0,0,0,0,0,0,0,0,0,0,0,0,0,0,0,0,0,0,0,0,0,0,0,0,0,0,0,0,0,0,0,0,0,0,0,0,0,0,0,0,0,0,0,0,0,0,0,0,0,0,0,0,0,0,0,0,0,0,0,0,0,0,0,0,0,0,0,0,0,0,0,0,0,0,0,0,0,0,0,67,1197,NFVG,
210,390,0,231.218,391.01,0.018,251.177,392.261,0.035,266.427,392,0.053,279,392,0.07,294.176,392,0.093,310.256,392,0.102,326.205,392,0.119,358.758,393.984,0.138,374.64,394,0.153,395.141,394,0.169,408.578,394,0.187,427.645,394,0.204,438.794,395,0.219,451.222,395,0.236,460.743,395,0.253,470.673,395.964,0.269,478.589,396,0.286,485.241,397.207,0.303,487.983,397,0.321,491.351,398.45,0.336,493,401,0.369,493.268,402.536,0.402,491.732,404.536,0.42,492,407.271,0.452,490.788,409.424,0.486,488.464,411.536,0.519,485.18,417.641,0.537,482.942,423.145,0.554,479.545,428.758,0.571,473.651,435.619,0.587,468.035,442.358,0.605,459.5,447.5,0.622,452.291,459.343,0.637,440.678,469.052,0.654,429.223,477.144,0.671,419.015,490.978,0.688,404.454,502.19,0.704,392.342,510.933,0.721,378.685,528.034,0.739,363.602,539.413,0.756,353.153,552.451,0.771,340.707,563.834,0.788,328.676,576.171,0.805,314.369,590.631,0.821,303.076,599.739,0.838,290.661,615.977,0.855,275.591,629.07,0.873,266.883,635.202,0.89,254.218,650.782,0.906,245.087,659.211,0.922,236.447,668.372,0.939,226.513,679.43,0.956,219.617,686.383,0.972,214.068,690.746,0.989,208.451,696.549,1.008,201.426,703.574,1.025,198.355,709.194,1.04,195.655,713.017,1.056,194,715.5,1.088,193.732,716.536,1.139,196.199,716,1.178,200.557,715,1.19,205.805,714.239,1.206,212.301,714.884,1.223,220.074,713.989,1.24,233.492,714,1.257,248.255,712.75,1.273,264.147,711.632,1.292,284.349,712,1.308,302.99,711,1.324,325.477,710.263,1.341,345.577,709.143,1.357,367.558,708.022,1.374,392.168,708,1.391,409.54,706.779,1.407,431.548,707,1.426,449.831,705.539,1.442,463.592,706,1.458,478.195,706,1.474,488.615,706,1.491,495.684,706,1.508,502.433,706,1.525,506.769,706,1.541,508.626,706,1.591,509.179,703.643,1.696,0,0,0,0,0,0,0,0,0,0,0,0,0,0,0,0,0,0,0,0,0,0,0,0,0,0,0,0,0,0,0,0,0,0,0,0,0,0,0,0,0,0,86,1696,NFVG,
186,404,0,207.034,405.002,0.018,226.341,406.138,0.035,240.215,407.247,0.052,257.684,407,0.069,273,407,0.086,290.276,407,0.101,309.359,406.258,0.118,342.441,405.138,0.135,366.68,404.016,0.152,390.193,404,0.168,406.38,402.775,0.185,427.313,403,0.203,441.548,403,0.224,454.741,403.593,0.259,462,404.5,0.278,479.776,403.955,0.288,482.5,404.5,0.355,480,406.214,0.385,477.463,408.537,0.419,471.843,412.104,0.436,469.689,414.311,0.458,464.836,417.873,0.472,461.763,424.061,0.488,457,431,0.503,450.726,439.929,0.52,440.466,447.431,0.537,430.904,459.644,0.554,421.831,472.232,0.571,407.191,484.531,0.587,392.586,504.465,0.604,378.034,517.966,0.622,359,541.5,0.636,344.5,557.5,0.654,320.054,582.44,0.671,301.958,601.042,0.688,280.278,624.694,0.704,263.369,641.631,0.721,246.483,660.986,0.737,235.082,677.343,0.755,221.314,692.633,0.772,216.002,698.996,0.788,212.56,708.761,0.804,211.157,713.529,0.821,210.5,715.5,0.854,213.137,715.068,0.903,215.358,712.642,0.937,216.268,710.464,0.971,233.717,705.88,0.988,248.313,703.644,1.005,270.719,700.097,1.022,290.59,698.157,1.04,317.5,696,1.057,350.487,694.34,1.074,385.164,693.214,1.089,416.376,693.903,1.106,449.81,695.027,1.122,478.776,696.145,1.139,509.258,698.538,1.156,531.211,700.782,1.174,554.5,703,1.19,568.484,704,1.206,580.776,704.753,1.223,590.864,705.874,1.24,596.992,705.002,1.256,599.5,704.5,1.273,599.237,703.881,1.307,597.76,700.279,1.323,595,699.5,1.459,0,0,0,0,0,0,0,0,0,0,0,0,0,0,0,0,0,0,0,0,0,0,0,0,0,0,0,0,0,0,0,0,0,0,0,0,0,0,0,0,0,0,0,0,0,0,0,0,0,0,0,0,0,0,0,0,0,0,0,0,0,0,0,0,0,0,0,0,0,0,0,0,0,0,0,0,0,0,0,0,0,0,0,0,0,0,0,0,0,0,0,0,0,69,1459,NFVG,
196,384,0,217.123,389.281,0.018,241.997,394.25,0.034,259.948,396.494,0.05,280.481,397.867,0.067,301.812,398.99,0.084,323.105,400.111,0.101,348.137,400,0.117,406.513,401.351,0.135,418.021,399.525,0.152,443.522,399,0.168,462.772,399,0.185,482.099,399,0.201,494.615,399.962,0.218,506.904,401.082,0.235,512.024,402.205,0.251,513.646,403.323,0.268,514.449,405.898,0.3,512.732,408.802,0.334,507.196,411.935,0.352,502.786,414.107,0.368,497.119,419.881,0.385,488.922,429.375,0.403,483.902,438.357,0.42,474,444,0.436,460.398,456.243,0.452,446.08,469.58,0.469,429.439,481.945,0.486,412.626,500.423,0.502,393.491,513.771,0.519,374.484,534.782,0.536,358.112,546.711,0.554,337,569,0.57,319.656,581.344,0.587,303.947,595.544,0.603,287.018,610.234,0.619,274.019,623.98,0.637,263.95,630.7,0.653,252.654,644.815,0.67,246.83,655.617,0.688,244.551,659.415,0.704,239.592,663.01,0.72,235.826,668.624,0.737,233.314,674.216,0.754,231.065,677.903,0.77,229.912,680.177,0.787,228.792,682.417,0.804,229,684.659,0.853,232.398,685,0.871,235.451,685,0.888,240.705,685.941,0.905,248.417,686,0.921,265.664,686,0.938,282.563,686,0.954,305.088,684.574,0.972,328.5,683.5,0.987,357.01,681.333,1.004,388.066,679.424,1.021,412.997,678.095,1.038,437.685,678,1.054,459.987,678,1.071,481.224,678,1.088,496.926,678,1.106,512,679.5,1.123,519.175,680,1.138,524.041,680,1.155,527.634,680,1.171,529.5,680,1.262,0,0,0,0,0,0,0,0,0,0,0,0,0,0,0,0,0,0,0,0,0,0,0,0,0,0,0,0,0,0,0,0,0,0,0,0,0,0,0,0,0,0,0,0,0,0,0,0,0,0,0,0,0,0,0,0,0,0,0,0,0,0,0,0,0,0,0,0,0,0,0,0,0,0,0,0,0,0,0,0,0,0,0,0,0,0,0,0,0,0,0,0,0,0,0,0,68,1262,NFVG,
200,402,0,217.273,403.016,0.022,234.023,404.309,0.037,247.853,404,0.051,261.5,404,0.068,278.416,403.306,0.084,295.225,403,0.101,312.928,402.067,0.119,346.724,402,0.134,368.477,400.826,0.151,387.047,399.703,0.168,403.263,401.418,0.185,418,399.5,0.202,437.64,400.335,0.218,452.438,400,0.235,464.989,400,0.251,476.289,400,0.268,485.178,401.147,0.285,489.081,402.27,0.302,492.164,402,0.318,494,403.5,0.367,491.821,405.358,0.401,484.516,411.242,0.418,476.308,417.208,0.435,463.022,425.531,0.453,453.708,434.815,0.47,436.958,444.425,0.486,420.839,457.435,0.51,401.78,470.301,0.523,382.946,484.276,0.536,365.356,500.604,0.59,345.908,516.298,0.612,294.424,563.759,0.619,276.638,580.053,0.636,258.978,595.58,0.653,244.437,613.12,0.684,226.386,628.499,0.72,200.5,661.5,0.739,184.5,681,0.756,177.388,688.294,0.77,169.62,695.38,0.788,164.478,702.283,0.805,162.974,705.051,0.838,163,708,0.855,165.374,707,0.889,174.997,705.375,0.904,185.647,703.471,0.921,199.284,701.264,0.938,214.89,698.023,0.954,236.097,698,0.973,257.445,695.532,0.992,287.044,694.638,1.021,313.93,695,1.028,341.836,695,1.05,369.739,694.279,1.059,398.116,694,1.078,426.189,694.968,1.09,451.975,696.086,1.106,471.724,697.207,1.124,494.592,698.33,1.14,511.204,699.45,1.157,521.503,698.563,1.172,529.702,699.672,1.189,534.461,700,1.206,536.836,700,1.223,539.113,701.056,1.322,0,0,0,0,0,0,0,0,0,0,0,0,0,0,0,0,0,0,0,0,0,0,0,0,0,0,0,0,0,0,0,0,0,0,0,0,0,0,0,0,0,0,0,0,0,0,0,0,0,0,0,0,0,0,0,0,0,0,0,0,0,0,0,0,0,0,0,0,0,0,0,0,0,0,0,0,0,0,0,0,0,0,0,0,0,0,0,0,0,0,0,0,0,0,0,0,0,0,0,0,0,0,66,1322,NFVG,
198,412,0,233.959,412,0.018,252.943,412,0.034,270.82,412,0.052,291.344,410.703,0.07,311.5,411,0.086,332.805,411,0.103,367.748,411,0.118,394.279,411,0.135,413.373,411,0.152,430.405,411,0.183,448.356,411,0.19,459.951,411,0.204,470.882,409.612,0.221,482.045,410,0.237,486.894,410,0.253,489.509,410,0.269,491,410,0.354,487.84,412.16,0.371,484.789,414.817,0.386,481.101,420.349,0.403,474.918,427.929,0.42,467.226,436.741,0.437,459.352,442.463,0.453,450.315,451.685,0.47,436.093,468.558,0.489,423.938,477.141,0.505,407.205,495.219,0.521,390.252,510.356,0.537,372.059,529.581,0.554,353.974,546.148,0.57,336.013,566.11,0.587,313.4,586.24,0.604,297.405,602.595,0.622,274.928,627.922,0.639,259,638.5,0.655,243.64,659.691,0.671,228.966,677.974,0.688,217.807,689.283,0.704,207.721,702.372,0.721,198.789,715.816,0.737,193.625,720.375,0.754,190.809,721.794,0.787,190.733,723.534,0.837,193.358,723,0.871,195.162,720.838,0.906,198.731,719.756,0.923,210.105,719.389,0.938,220.601,717.533,0.955,238.367,715.293,0.972,258.528,711.105,0.989,282.074,706.605,1.005,307.984,702.133,1.023,333.816,696.301,1.041,358.064,693.628,1.057,387.559,691.835,1.073,412.751,690.298,1.089,433.016,689.175,1.106,453.013,689,1.123,467.799,689,1.14,484.802,689,1.156,491.168,687.69,1.173,496.159,689.432,1.19,498.5,687.5,1.255,493.921,682.921,1.363,0,0,0,0,0,0,0,0,0,0,0,0,0,0,0,0,0,0,0,0,0,0,0,0,0,0,0,0,0,0,0,0,0,0,0,0,0,0,0,0,0,0,0,0,0,0,0,0,0,0,0,0,0,0,0,0,0,0,0,0,0,0,0,0,0,0,0,0,0,0,0,0,0,0,0,0,0,0,0,0,0,0,0,0,0,0,0,0,0,0,0,0,0,0,0,0,0,0,0,0,0,0,0,0,0,65,1363,NFVG,
187,388,0,214.291,392.043,0.017,238.088,394.409,0.042,259.884,396.654,0.052,280.016,398.891,0.069,300.5,401,0.085,325.523,402.383,0.101,349.1,404.629,0.118,394.138,407.805,0.135,419.211,409.058,0.152,439.208,410.178,0.168,462.019,410,0.185,480.069,410,0.203,495.5,411.5,0.22,509.963,411,0.235,518.726,411.788,0.252,523.626,412,0.269,530.174,413.029,0.285,532.299,414.15,0.318,532,416.393,0.337,529,419,0.354,525.471,424.161,0.369,520.21,430.548,0.386,513.732,436.39,0.403,503.017,440.993,0.419,491.79,446.605,0.436,481.825,458.417,0.453,464.938,470.977,0.471,450.642,477.424,0.488,430.296,494.491,0.503,408.716,506.55,0.52,386.895,523.409,0.537,364.608,536.666,0.553,339.968,557.755,0.57,314.156,570.527,0.587,293.608,592.055,0.605,266.503,603.477,0.622,250.339,621.929,0.637,232.827,635.38,0.654,218.155,649.665,0.671,206.589,657.646,0.687,196.446,663.308,0.704,192.261,670.109,0.72,190.386,674.229,0.737,189.572,675.856,0.77,192.535,676.268,0.803,196.743,676.914,0.821,200.105,678.035,0.838,206.921,680.307,0.854,213.674,682.558,0.871,221.814,686.206,0.889,238.5,686.5,0.906,258.158,688,0.922,278.747,688.764,0.938,304.266,689.886,0.955,333.169,691.007,0.972,363.426,691,0.988,396.186,692.248,1.005,423.263,693.371,1.023,455.583,694.485,1.04,479.315,697.225,1.056,505.18,699.471,1.072,522.981,702.567,1.089,540.645,704.956,1.106,550.885,707.197,1.122,558.517,709.433,1.139,565.072,710.345,1.157,568.822,711.456,1.25,0,0,0,0,0,0,0,0,0,0,0,0,0,0,0,0,0,0,0,0,0,0,0,0,0,0,0,0,0,0,0,0,0,0,0,0,0,0,0,0,0,0,0,0,0,0,0,0,0,0,0,0,0,0,0,0,0,0,0,0,0,0,0,0,0,0,0,0,0,0,0,0,0,0,0,0,0,0,0,0,0,0,0,0,0,0,0,0,0,0,0,0,0,0,0,0,68,1250,NFVG,
187,379,0,208.838,382.12,0.02,234.332,385.042,0.036,252.9,386.641,0.051,272.7,388.522,0.068,292.908,389.884,0.085,315.089,392.009,0.101,337.543,394.254,0.118,387.3,397.736,0.135,407.106,398.368,0.153,431.827,399.492,0.17,450.414,399.613,0.185,470.185,400,0.202,486.973,400,0.218,500.686,400,0.235,513.086,400,0.252,518.096,400,0.269,519.684,400,0.318,520.179,402.357,0.351,518.732,405.804,0.369,516.93,407.07,0.401,513.527,410.473,0.42,511.14,411.43,0.437,505.227,414.664,0.454,498.269,420.731,0.47,491.203,430.995,0.486,483.556,440.365,0.503,470.53,448.274,0.52,455.895,467.753,0.537,437.48,477.825,0.555,418.061,503.164,0.571,389,513,0.588,367.054,541.357,0.603,342.317,562.376,0.624,314.7,586.624,0.646,293.847,603.119,0.654,272.463,627.938,0.67,256.229,637.514,0.687,244.849,661.171,0.705,240.016,662.984,0.722,238.383,671.317,0.737,238.738,676.952,0.754,239.861,679.723,0.771,240.5,681,0.788,242.105,681.052,0.804,244.456,679.772,0.837,247.702,680,0.856,255.738,680,0.872,267.544,680,0.888,280.163,680,0.905,300.15,679.045,0.922,321.4,677.926,0.938,343.991,676.8,0.955,375.751,675.676,0.973,410.237,674.559,0.989,437.5,675,1.006,471.191,677.371,1.022,500.111,679.609,1.039,523.573,682.786,1.055,545.989,686.148,1.072,560.206,688.339,1.088,573.489,690.581,1.105,579.915,690,1.124,581.5,691.5,1.139,583,691,1.188,583.025,685.95,1.28,0,0,0,0,0,0,0,0,0,0,0,0,0,0,0,0,0,0,0,0,0,0,0,0,0,0,0,0,0,0,0,0,0,0,0,0,0,0,0,0,0,0,0,0,0,0,0,0,0,0,0,0,0,0,0,0,0,0,0,0,0,0,0,0,0,0,0,0,0,0,0,0,0,0,0,0,0,0,0,0,0,0,0,0,0,0,0,0,0,0,0,0,0,0,0,0,0,0,0,0,0,0,66,1280,NFVG,
203,392,0,222.311,390.984,0.015,243.595,391,0.034,264.088,391,0.051,285.335,391,0.067,308.406,391,0.083,334.266,391,0.099,361.119,390.12,0.116,408.016,390,0.133,431.589,390,0.15,452.621,390,0.166,465.7,390,0.185,481.833,391.488,0.201,484.829,392.61,0.217,487.5,393.5,0.249,487,397.947,0.267,485.906,401.283,0.283,483.565,407.088,0.3,478.663,410.003,0.318,471.244,413.378,0.335,462.938,420.223,0.351,455.097,431.704,0.367,444.775,440.757,0.384,431.683,452.374,0.401,419.276,470.053,0.417,399.83,483.238,0.434,385.981,507.184,0.452,362.778,525.356,0.469,344.503,549.812,0.485,319.205,574.436,0.501,295.917,595.289,0.518,273.673,621.909,0.535,252.255,641.667,0.551,236.828,660.638,0.568,221.027,678.54,0.586,212.371,692.242,0.603,207,696,0.619,206,705.493,0.635,206,710.294,0.652,207.772,711.886,0.669,210.017,712,0.685,213.388,710.871,0.702,216.757,711,0.718,222.873,712.375,0.737,235.943,710.506,0.754,251.99,710.385,0.769,271.761,710,0.793,294.185,709.141,0.811,319.538,707.04,0.826,343.107,704.799,0.843,375.428,702.557,0.862,406.303,700.308,0.88,433.642,698.534,0.89,458.136,698,0.904,480.854,698,0.92,499.46,698,0.937,514.341,699.899,0.954,521.432,700,0.97,526.975,701.195,0.992,531.269,701,1.088,0,0,0,0,0,0,0,0,0,0,0,0,0,0,0,0,0,0,0,0,0,0,0,0,0,0,0,0,0,0,0,0,0,0,0,0,0,0,0,0,0,0,0,0,0,0,0,0,0,0,0,0,0,0,0,0,0,0,0,0,0,0,0,0,0,0,0,0,0,0,0,0,0,0,0,0,0,0,0,0,0,0,0,0,0,0,0,0,0,0,0,0,0,0,0,0,0,0,0,0,0,0,0,0,0,0,0,0,0,0,0,0,0,0,0,0,0,0,0,0,60,1088,NFVG,
204,397,0,238.523,400.109,0.017,254.176,400,0.034,268.551,400,0.05,284.547,400,0.068,300.858,400,0.084,316.989,400,0.101,346.052,400,0.117,366.286,400,0.134,385.289,401.076,0.151,400.788,401,0.168,415.109,402.316,0.184,432.614,403.441,0.202,444,401.5,0.218,455.463,403.683,0.235,465.258,404,0.251,474.399,404,0.268,483.379,404,0.285,487.682,404,0.302,490.878,404,0.318,494.215,404,0.401,493,406.215,0.452,490.81,408.19,0.485,489.732,410.537,0.519,486.262,415.607,0.536,483.036,421.929,0.553,478.566,429.76,0.57,471.623,437.606,0.586,462.205,444.096,0.605,456.158,450.842,0.621,442.301,464.922,0.637,429.865,473.995,0.654,416.144,487.691,0.67,398.714,501.465,0.687,380.786,514.91,0.704,362.853,534.343,0.72,342.3,546.8,0.739,326.342,568.99,0.756,307.236,583.145,0.772,291.088,598.502,0.788,277.137,615.697,0.804,264.806,628.267,0.821,254.574,642.615,0.838,247.992,656.017,0.855,243.827,661.76,0.871,239.358,671.285,0.889,233.5,680,0.906,232.042,683.611,0.921,229.5,687,0.954,229.732,687.536,1.071,232.134,685.933,1.104,241.555,687.111,1.122,249.602,688.229,1.139,268.281,689.352,1.157,289.509,690.473,1.174,319.45,690.594,1.19,347.137,691.714,1.206,379.887,692,1.223,409.89,692.957,1.239,441.243,691.92,1.256,467.759,693.198,1.272,496.104,693,1.291,519.705,694.441,1.308,527.2,695.564,1.324,536.784,697.367,1.34,541.418,698.806,1.357,543.5,699.5,1.373,542,704.124,1.463,0,0,0,0,0,0,0,0,0,0,0,0,0,0,0,0,0,0,0,0,0,0,0,0,0,0,0,0,0,0,0,0,0,0,0,0,0,0,0,0,0,0,0,0,0,0,0,0,0,0,0,0,0,0,0,0,0,0,0,0,0,0,0,0,0,0,0,0,0,0,0,0,0,0,0,0,0,0,0,0,0,0,0,0,0,0,0,0,0,0,0,0,0,0,0,0,68,1463,NFVG,
171,388,0,212.949,390.115,0.019,230.769,390,0.037,244.621,390,0.054,261.197,390,0.07,277.024,390,0.086,292.37,390,0.103,319.553,390.841,0.119,336.525,391,0.136,354.345,392.084,0.152,371,390.8,0.171,389.219,392.326,0.188,405.693,390.554,0.204,419.399,391.431,0.22,431.922,391,0.236,444.751,391.813,0.253,455.396,391.067,0.27,463.374,391,0.287,473.586,393.352,0.305,481.06,393,0.322,485.255,394.418,0.338,488.621,395.54,0.354,491.326,397.326,0.369,493,399,0.402,494.536,401.803,0.424,495.073,403.145,0.435,493.729,405.543,0.453,494,407.78,0.47,492.5,410,0.487,490.727,413.909,0.502,487.734,418.022,0.519,483.489,424.266,0.536,478.029,431.96,0.552,469.028,439.851,0.569,460.107,445.183,0.586,452.498,456.217,0.604,438.666,469.334,0.621,425.923,480.293,0.636,411.823,495.177,0.653,396.113,507.49,0.669,380.452,524.483,0.686,364.704,539.204,0.712,347.829,556.96,0.72,330.953,572.711,0.738,309.893,592.657,0.755,293.8,607.775,0.771,277.192,624.108,0.787,262.325,640.317,0.803,248.708,655.233,0.82,235.312,668.688,0.837,221.807,683.376,0.854,212.249,692.751,0.873,200.781,704.219,0.891,194.759,711.782,0.904,190.019,716.981,0.92,188.212,720.363,0.938,187.5,722.5,0.955,186.986,723.029,0.988,189.263,724.132,1.022,195.193,725.239,1.039,206.679,726,1.054,215.31,725.241,1.071,228.466,725,1.087,246.006,724,1.104,266.214,722.877,1.121,286.386,720.513,1.137,312.123,718.262,1.156,341.228,717.511,1.173,368.981,714.787,1.188,398.284,713.269,1.205,427.987,712.149,1.222,456.345,711.026,1.239,486.55,711,1.255,511.879,709.788,1.271,531.105,710,1.294,548.916,710,1.308,562.37,710,1.323,572.615,710.702,1.339,577.467,711,1.356,581.781,711,1.45,0,0,0,0,0,0,0,0,0,0,0,0,0,0,0,0,0,0,0,0,0,0,0,0,0,0,0,0,0,0,0,0,0,0,0,0,0,0,0,0,0,0,0,0,0,0,0,0,0,0,0,0,0,0,0,0,0,0,0,0,80,1450,NFVG,
194,404,0,218.035,405.045,0.019,242.5,406.5,0.036,259.679,406,0.051,277.268,406,0.068,296.094,406,0.085,316.228,406,0.101,336.32,404.871,0.118,379.162,405,0.135,398.867,405,0.153,413.459,405,0.17,433.859,404,0.185,451.063,404,0.202,465.29,403.142,0.219,480.746,403,0.243,489.821,403,0.252,497.542,403,0.269,502.696,403,0.285,506.874,403,0.334,506.179,405.357,0.368,502.926,409.148,0.386,500.607,410.197,0.403,497.048,412.635,0.421,493.671,414.886,0.438,488.761,423.918,0.454,484.267,432.467,0.47,476.581,440.617,0.486,466.678,448.473,0.503,457.637,462.59,0.52,446.32,473.68,0.537,429.995,488.719,0.554,419.848,506.227,0.571,403,515,0.588,385.209,535.832,0.604,369.173,555.467,0.62,351.725,572.491,0.637,334.749,593.318,0.654,315.665,605.511,0.67,302.91,627.892,0.687,288.004,634.075,0.705,275.008,654.989,0.722,268.044,660.097,0.738,259.794,669.437,0.754,253.673,678.923,0.771,250.03,684.95,0.788,247.783,688.326,0.82,246.823,690.354,0.954,249.072,691.036,0.989,251.536,689.732,1.007,265.257,690,1.022,277.085,690,1.039,295.755,689.069,1.07,314.911,689,1.079,339.825,689,1.102,368.027,689,1.112,393.7,689,1.13,418.891,689,1.147,444.45,689.657,1.157,462.134,690.78,1.173,481.203,691.9,1.19,493.229,694.046,1.207,503.271,695.141,1.223,509.569,697.523,1.248,511.772,698.386,1.258,514.017,701.034,1.35,0,0,0,0,0,0,0,0,0,0,0,0,0,0,0,0,0,0,0,0,0,0,0,0,0,0,0,0,0,0,0,0,0,0,0,0,0,0,0,0,0,0,0,0,0,0,0,0,0,0,0,0,0,0,0,0,0,0,0,0,0,0,0,0,0,0,0,0,0,0,0,0,0,0,0,0,0,0,0,0,0,0,0,0,0,0,0,0,0,0,0,0,0,0,0,0,0,0,0,0,0,0,0,0,0,65,1350,NFVG,
200,400,0,237.573,404.714,0.017,256.624,405.978,0.034,273.145,407.076,0.05,288,407,0.068,309.11,407,0.087,328.48,408.44,0.103,339,408,0.134,401.388,409.799,0.169,433,410,0.184,452.087,410,0.201,462.126,410,0.219,474.741,410,0.236,486.5,410,0.252,492.068,410,0.268,498.79,410,0.285,504.594,410,0.301,508.124,411.041,0.401,504.732,413.179,0.434,496.949,418.025,0.451,492.468,422.532,0.469,487.984,429.524,0.486,480.74,434.883,0.505,472.561,441.947,0.52,462.106,448.894,0.541,451.64,460.096,0.552,436.975,470.731,0.569,424.199,481.819,0.586,408.534,496.361,0.603,392.846,507.253,0.62,377.166,525.179,0.637,362.895,539.105,0.654,348.142,554.449,0.67,333.456,568.832,0.687,315.839,586.161,0.703,302.514,598.533,0.72,285.86,616.216,0.737,272.64,628.163,0.753,261.86,640.454,0.771,252.05,654.266,0.788,247,661,0.804,243.956,669.132,0.821,240.588,677.628,0.854,235.917,686.083,0.87,234.841,688.318,0.887,232.434,689.283,1.087,235.082,687.959,1.171,260.408,686.941,1.189,292.873,685.527,1.206,319.62,683.408,1.222,346.089,682.288,1.239,373.025,681.166,1.255,400.935,681,1.272,427.869,682.078,1.289,471.551,685.596,1.306,490.334,687.633,1.322,499.906,689.892,1.34,516,692,1.356,517.054,693.37,1.372,519.5,695,1.405,519.016,697.047,1.543,0,0,0,0,0,0,0,0,0,0,0,0,0,0,0,0,0,0,0,0,0,0,0,0,0,0,0,0,0,0,0,0,0,0,0,0,0,0,0,0,0,0,0,0,0,0,0,0,0,0,0,0,0,0,0,0,0,0,0,0,0,0,0,0,0,0,0,0,0,0,0,0,0,0,0,0,0,0,0,0,0,0,0,0,0,0,0,0,0,0,0,0,0,0,0,0,0,0,0,0,0,0,0,0,0,0,0,0,0,0,0,0,0,0,0,0,0,61,1543,NFVG,
