204,416,0,227.523,418.138,0.02,252.445,419,0.031,266.5,419,0.05,283.046,419,0.067,298.928,419,0.081,316.4,417.975,0.098,332.333,416.833,0.119,371.219,417,0.138,382.987,415.601,0.15,402.5,414.5,0.165,417.534,412.364,0.184,433.344,410.522,0.201,448.946,409.147,0.219,461.132,407.987,0.234,473.32,406.88,0.252,485.877,405.738,0.265,492.849,404.593,0.286,499,403.5,0.302,503.938,404.588,0.317,508.5,405.5,0.402,502.835,407.11,0.42,500.014,408.493,0.433,493.5,412.5,0.45,484.061,420.939,0.466,471.914,431.405,0.485,460.263,440.79,0.501,446.031,451.745,0.516,427.506,468.057,0.535,412.147,481.16,0.553,389.236,497.458,0.567,371,510.5,0.583,357.5,526.5,0.6,335.817,544.371,0.618,317.508,560.67,0.634,303.602,573.365,0.65,288.568,589.62,0.666,273.93,601.444,0.688,265.074,612.362,0.705,252.858,624.142,0.722,245.162,632.478,0.734,238.301,641.266,0.754,230.785,650.103,0.778,225.029,655.971,0.792,220.521,662.599,0.801,216.011,668.236,0.817,212.786,674.023,0.839,210.416,680.112,0.867,207.766,684.468,0.877,205.536,688.195,0.888,204.131,690.739,0.902,202.975,693.05,0.937,203,695.21,0.986,205.359,695,1.021,209.719,697.859,1.044,213.808,699.904,1.06,219.348,700,1.07,227.523,701.218,1.089,240.879,701,1.104,248.741,701,1.124,261.96,701,1.145,273.396,700.326,1.162,284.763,700,1.174,299.192,700,1.187,309.556,700,1.204,326.999,698.8,1.229,336.872,699,1.253,350.121,699,1.271,378.216,699.658,1.287,391.831,699.197,1.307,402.957,699,1.323,417.164,700.013,1.337,427.507,701.167,1.353,437.646,702.294,1.376,449.911,702.416,1.391,457.561,703.509,1.404,464.5,704.5,1.42,479.791,706.755,1.441,487.338,707,1.461,495.808,707.976,1.472,505.028,709.129,1.488,511.592,710.265,1.51,516.986,710,1.529,519.424,711,1.541,522.812,711,1.557,526.136,711,1.576,528.674,711,1.59,530,711,1.656,525.713,707.713,1.77,0,0,0,0,0,0,0,0,0,0,0,0,0,0,0,0,0,0,0,0,0,0,0,0,0,0,0,0,0,0,0,0,0,89,1770,MLCHC,
215,405,0,256.299,406.632,0.018,269.392,406.076,0.032,294.178,407.051,0.049,303.86,405.793,0.071,320.334,406,0.085,337.169,404.589,0.103,358,405,0.12,378.899,404.359,0.136,410.424,404,0.151,432.426,404,0.169,449.586,404,0.183,461.746,404,0.205,474.421,404,0.218,486.413,405.401,0.235,491,405,0.254,496.453,405.613,0.271,499.432,406.716,0.287,501,407.5,0.335,496.825,408.058,0.352,494.281,410.719,0.37,489.039,414.471,0.389,482,423.5,0.4,469.413,435.871,0.42,457.324,446.808,0.436,442.337,460.687,0.451,427.435,475.565,0.471,410.275,492.725,0.485,392.534,510.466,0.502,374.178,530.311,0.519,358.148,548.033,0.539,341.759,565.924,0.554,324.046,584.763,0.569,307.666,602.286,0.585,292.91,620.342,0.605,278.284,633.507,0.624,269.377,647.789,0.637,256.439,659.561,0.657,250.247,665.854,0.674,245.364,673.612,0.686,239.988,681.617,0.703,234.323,686.742,0.722,229.886,691.114,0.741,224.263,695.589,0.753,219.757,700.243,0.774,215.369,704.631,0.791,212.973,707.541,0.803,209.409,710.943,0.819,205.68,714.32,0.839,201.423,716.788,0.858,198.041,717.986,0.87,195.678,719.161,0.938,198.264,720.132,0.957,202.155,720,0.975,208.919,720,0.989,217.936,718.016,1.004,231.379,715.77,1.027,247.505,712.249,1.044,263.507,708.623,1.056,279.736,704.566,1.072,295.651,701.794,1.091,311.814,699.598,1.104,328.568,698.162,1.12,343.525,697.036,1.139,361.402,697,1.163,374.965,697.185,1.175,392.819,698.301,1.188,402.564,699.456,1.204,419,702,1.221,430.969,701.697,1.244,444.986,702.785,1.258,455.273,704.818,1.275,464.488,705,1.294,478.984,707.305,1.306,484.835,708.306,1.328,490.056,709.411,1.341,495.127,710.532,1.355,498.317,711,1.374,500.56,711,1.397,502,711,1.421,504.135,713.09,1.528,0,0,0,0,0,0,0,0,0,0,0,0,0,0,0,0,0,0,0,0,0,0,0,0,0,0,0,0,0,0,0,0,0,0,0,0,0,0,0,0,0,0,0,0,0,0,0,0,0,0,0,0,0,0,0,0,0,81,1528,MLCHC,
171,398,0,189.371,398,0.02,207.428,398,0.035,221.5,399.5,0.049,237.023,399.617,0.068,252.865,400.724,0.084,268.536,401,0.101,286.006,401,0.116,319.984,402.096,0.131,337.776,400.778,0.152,354.868,402.391,0.172,374.333,402,0.185,391.234,402.588,0.2,406.127,403,0.218,421.394,403,0.234,436.326,403,0.254,452.087,401.922,0.266,463.188,400.781,0.29,477.439,400,0.3,488.768,400,0.317,497.979,401,0.332,507.606,401,0.352,514.736,401.789,0.37,519.753,402,0.383,522.174,403.087,0.403,524.415,403,0.485,520.499,405.75,0.503,518.217,406.891,0.516,514.904,408.032,0.535,505.689,412.655,0.555,490.307,419.704,0.568,480.159,430.457,0.584,461.5,442,0.605,445.548,452.763,0.621,427.934,466.591,0.636,407.552,479.523,0.651,388.793,497.207,0.672,368.159,512.052,0.686,353.872,530.798,0.703,333.187,545.21,0.72,316.187,562.771,0.736,301.5,575.5,0.754,286.194,592.645,0.769,272.581,606.275,0.784,259.12,621.86,0.804,247.77,633.23,0.827,240.013,645.186,0.844,229.071,656.929,0.856,220.223,667.166,0.869,214,676.5,0.885,206.717,686.996,0.902,199.23,694.77,0.923,193.322,701.613,0.939,189.834,709.388,0.953,186.39,716.22,0.981,184.697,718.909,0.993,183.574,722.277,1.018,182.73,723.541,1.07,185.353,724.176,1.09,188.216,722.928,1.109,192.369,723,1.122,198.1,723,1.137,212.5,721.5,1.16,219.899,719.034,1.186,233.581,716.488,1.205,261.009,710.998,1.22,276.059,708.683,1.241,286.667,706.467,1.263,302.698,705.63,1.275,316.443,705,1.287,330.873,705,1.303,342.462,705,1.321,359.899,706.753,1.34,371.19,709.042,1.354,385.613,710.124,1.371,398.833,712.472,1.388,411.106,713.373,1.405,426.265,714.482,1.423,438.234,716,1.438,450.917,717.439,1.454,462.52,718.852,1.471,477.6,719.971,1.496,486.495,721.062,1.513,496.144,722.195,1.527,507.327,723,1.539,515.168,723,1.56,518.361,724,1.587,522.717,724.679,1.604,527.187,725,1.614,531.783,725,1.629,536.22,725,1.641,541.891,725,1.655,548.912,722.363,1.766,0,0,0,0,0,0,0,0,0,0,0,0,0,0,0,0,0,0,0,0,0,93,1766,MLCHC,
188,400,0,205.068,402.134,0.017,224.112,403,0.033,236.751,403.796,0.049,251.62,404,0.065,266.201,404,0.082,279.463,404,0.097,295.946,404,0.117,330.875,404,0.134,340.5,404,0.15,356.513,404,0.163,372.545,404,0.183,390.088,404,0.201,402.615,404,0.215,418.315,404,0.231,431.913,402.674,0.251,443.933,403,0.269,455.981,401.447,0.282,464.5,400.5,0.301,478.141,399.169,0.317,485.574,398.071,0.331,491.22,396.956,0.347,496.808,395.838,0.369,503.622,397.27,0.381,506.12,397,0.398,508,398.5,0.45,505.272,400,0.467,504,400,0.484,502.872,403.192,0.499,497.988,406.759,0.515,493.419,411.581,0.534,487.56,417.44,0.553,481,424,0.568,475,433,0.585,462.314,443.85,0.602,453.341,453.617,0.616,439.59,467.41,0.633,428.68,477.088,0.65,417.479,488.521,0.671,401.535,504.465,0.686,391.332,512.668,0.701,378.008,525.992,0.72,366.886,537.114,0.737,355.788,548.212,0.75,343.477,560.523,0.767,334.464,569.536,0.784,325.369,579.96,0.802,312.047,591.503,0.821,306.5,599,0.839,298.706,608.294,0.851,288.85,618.945,0.867,279.641,627.439,0.883,271.665,636.382,0.906,262.623,646.549,0.923,253.391,654.877,0.936,246.412,663.019,0.951,239.355,672.232,0.973,231.255,680.469,0.994,224.269,686.731,1.015,219.516,692.355,1.027,215.023,697.971,1.037,211.586,701.414,1.05,210.723,706.107,1.068,208.2,709.2,1.089,206,711,1.118,207,712.529,1.186,209.084,712,1.22,211.471,710.765,1.237,217.977,711.405,1.252,226.458,710.282,1.268,238.984,708.336,1.286,247.606,706.113,1.305,262.03,704.921,1.33,275.586,703.648,1.347,287.502,701.7,1.359,302.334,700.567,1.37,315.369,700,1.39,329.207,700,1.412,340.879,699.212,1.435,356.536,699.902,1.452,383.41,701.185,1.473,394.831,702.257,1.487,404.585,703.398,1.504,417.5,704.5,1.519,428.5,704,1.537,443.757,705.784,1.556,454.091,706,1.578,462.031,706,1.588,475.779,707.148,1.603,486.636,707,1.624,490.977,707,1.645,498.41,708,1.657,505.091,708.618,1.67,509.231,709,1.687,511.777,708.112,1.704,513,707.5,1.758,512,705.847,1.875,0,0,0,0,0,0,0,0,0,97,1875,MLCHC,
191,404,0,211.16,404,0.022,234.854,404,0.036,252.372,404,0.051,270.882,403.257,0.066,289.422,402.152,0.081,310.887,401.006,0.102,330.131,399.875,0.117,375.552,398.749,0.135,393.269,397.637,0.149,409.956,398,0.169,427.5,396.5,0.184,443.407,397.306,0.199,456.425,397,0.218,469.245,397.937,0.232,481.99,398,0.249,489.555,399.222,0.27,496.038,400.34,0.285,499.854,401.464,0.3,502.181,402.59,0.319,504,403.5,0.368,499.959,405.027,0.383,498.813,407.375,0.4,495.003,409.665,0.418,488.974,416.026,0.438,479.948,426.613,0.454,469.054,436.051,0.47,458.137,446.626,0.487,444.11,459.976,0.501,429.314,472.58,0.519,416.913,486.276,0.534,401.276,502.99,0.552,387.996,516.004,0.568,372,533.5,0.588,361.64,546.268,0.604,347.566,560.688,0.618,335.112,574.665,0.643,322.561,589.519,0.663,311.068,600.281,0.678,301.862,612.85,0.691,291.288,624.97,0.706,280.79,634.736,0.719,272.76,645.057,0.734,264.096,654.904,0.752,255.038,663.092,0.773,248.18,670.79,0.786,243.656,679.687,0.802,237.73,686.524,0.818,233.512,691.86,0.837,227.549,697.451,0.854,224.794,699.808,0.869,222.588,703.118,0.886,220.346,705.654,0.903,220,708.824,0.919,220,710.5,0.937,220,711.214,1.004,222.267,711,1.039,227.781,711.927,1.064,235.163,712.973,1.076,241.928,711.845,1.087,250.122,710.697,1.104,260.94,709.562,1.121,274.465,707.442,1.141,284.656,705.669,1.164,299.539,705,1.175,312.925,704.098,1.186,329.373,704,1.203,340.523,704,1.221,362.113,705.284,1.238,370.955,705,1.258,392.5,706.5,1.279,406.139,706.609,1.292,422.483,707.749,1.305,438.288,709.755,1.321,453.137,711.011,1.337,465.524,712.138,1.355,480.341,713.257,1.376,489.351,714.372,1.399,497.724,714.466,1.42,505.567,715,1.437,512.5,716.5,1.489,507.855,714.952,1.595,0,0,0,0,0,0,0,0,0,0,0,0,0,0,0,0,0,0,0,0,0,0,0,0,0,0,0,0,0,0,0,0,0,0,0,0,0,0,0,0,0,0,0,0,0,0,0,0,0,0,0,0,0,0,82,1595,MLCHC,
206,401,0,226.321,401,0.019,242.574,401,0.034,249.864,401,0.047,256.017,401,0.067,261.706,401,0.081,267.225,402.045,0.101,271.663,402,0.119,281.418,403.302,0.136,286.104,403,0.152,291.5,403,0.168,298.123,403,0.181,303.815,403,0.2,308.542,403,0.215,315.191,403,0.231,320.729,403,0.253,328.774,404.253,0.266,332.508,402.623,0.284,338.5,403,0.302,345.639,402.393,0.318,353.777,402,0.335,360.273,402,0.351,365.859,402,0.365,371.473,402,0.382,375.821,402,0.404,381.83,402,0.42,387.273,402,0.433,390.378,401.405,0.453,394.137,401,0.467,396.657,401,0.482,399.897,401,0.499,404.363,401,0.521,407.64,401,0.535,411.085,401,0.551,418.977,401,0.567,420.5,401,0.587,424.059,400,0.602,428.184,400.796,0.619,431.749,401,0.634,435.142,401,0.651,438.614,401,0.672,441.901,401,0.684,448.026,402.405,0.701,450.5,402,0.722,453.902,402,0.736,456.523,402,0.752,459.758,402,0.768,463.149,402,0.787,465.352,402,0.805,467.507,402,0.821,471.201,402,0.835,473,402,0.851,477.258,402,0.871,479.445,402,0.886,482.625,401.125,0.902,484.972,401,0.917,487.279,401,0.934,489.524,401,0.954,491.788,401,0.984,493.53,402.265,1.086,490.91,402,1.154,488.732,404.268,1.523,476.771,418.267,1.541,468.643,428.946,1.553,464.833,433.167,1.57,462.268,435.732,1.588,461.024,437.951,1.605,460.5,439,1.621,458.774,440.226,1.637,454.997,444.003,1.67,453.458,446.812,1.703,450.211,449.789,1.738,447.186,452.814,1.756,443.566,456.434,1.775,441.315,460.028,1.789,439.155,461.845,1.81,436.847,465.153,1.824,434.682,466.659,1.839,433.199,468.602,1.856,431.171,470.829,1.876,430,472,1.889,427.743,474.257,1.912,425.419,476.581,1.922,423.147,480.28,1.939,421,482,1.96,418.738,484.893,1.977,415.011,488.242,1.99,411.369,491.631,2.007,407.993,495.007,2.026,404.632,498.368,2.04,402.466,500.534,2.057,400.187,501.407,2.074,399.5,504,2.094,397,504.5,2.123,395.467,506.533,2.143,394.998,508.005,2.159,392.813,510.187,2.193,390.63,512.37,2.223,388.461,514.539,2.258,384.616,517.589,2.275,251,5578,MLCHC,
200,408,0,218.755,408,0.02,237.769,408,0.035,251.5,408,0.051,266,408,0.067,282.711,408.714,0.084,299.681,409,0.1,318.105,409,0.114,352.315,407.893,0.135,370.762,406.72,0.151,389.147,405.638,0.168,405.152,406,0.185,417.5,404.5,0.199,433.682,404.276,0.215,448.098,403.146,0.231,457.855,403,0.248,466.839,401.895,0.265,478.3,402,0.282,484.101,402,0.303,489.461,402,0.322,492.168,402.584,0.332,494.403,403,0.35,496,403,0.401,496.041,405.083,0.436,492.319,407.454,0.455,487.191,413.371,0.466,482.5,419,0.485,469.474,431.939,0.504,458.003,442.098,0.519,441.656,455.275,0.535,424.158,471.653,0.549,407.553,485.854,0.57,387.867,504.713,0.586,369.5,516,0.601,352.243,535.859,0.617,335.315,553.975,0.637,316.971,568.609,0.655,305.077,584.884,0.673,292.709,598.409,0.685,277.35,611.088,0.701,269.862,626.098,0.721,259.5,634.5,0.74,249.745,645.079,0.753,242.656,654.792,0.768,234.983,663.017,0.788,225.109,670.915,0.811,219.567,679.519,0.822,213.801,686.439,0.835,209.534,690.466,0.857,206.126,695.874,0.886,202.269,700.885,0.902,198.187,708.439,0.919,197.5,710.5,0.935,198,711.108,0.972,200.336,711,0.993,203.285,711.428,1.011,207.165,712.541,1.022,213.111,713,1.035,222.469,712.17,1.054,236.579,711.032,1.073,247.259,707.922,1.086,263.237,706.84,1.102,279.235,704.395,1.12,289.416,700.675,1.142,306.932,700.461,1.159,322.305,700,1.171,335.814,699.219,1.19,350.7,699.907,1.207,365.139,700,1.22,379.974,700,1.237,397.071,700,1.258,407.126,701.413,1.276,423.425,701.493,1.288,437.796,702.628,1.307,451.166,703,1.326,461.781,703.865,1.338,476.947,704,1.354,486.069,705.134,1.371,492.629,706.271,1.389,501.978,708.745,1.406,511,709.5,1.421,511.5,710.5,1.437,514.452,711.726,1.458,516,712.5,1.49,517.043,713.022,1.628,0,0,0,0,0,0,0,0,0,0,0,0,0,0,0,0,0,0,0,0,0,0,0,0,0,0,0,0,0,0,0,0,0,0,0,0,0,0,0,0,0,0,0,0,0,85,1628,MLCHC,
201,409,0,214.349,405.663,0.019,249,401.5,0.032,249.559,403,0.049,263.287,402.286,0.065,279.349,402,0.081,298.478,401.031,0.101,318.832,401,0.114,338.776,401,0.131,384.806,401,0.152,404.601,401,0.169,419.845,402,0.183,439.894,402.679,0.197,457.269,403,0.218,474.899,403.931,0.234,489.038,402.914,0.248,501.098,404.191,0.268,512.188,405.319,0.285,517.542,406.424,0.301,519.5,407.5,0.348,516.821,409.357,0.366,509.86,414.1,0.381,497.345,420.903,0.402,483.676,431.493,0.417,467.36,443.028,0.433,449,452.5,0.45,429.718,465.645,0.466,411.393,477.559,0.497,393.758,492.359,0.512,373.969,507.034,0.519,359.28,522.852,0.532,340.895,537.335,0.552,325.805,551.824,0.568,308.663,567.847,0.584,296.678,581.543,0.6,282.333,595.18,0.616,270.361,608.367,0.633,258.175,621.809,0.65,249.145,631.962,0.666,241.516,641.908,0.683,232.203,654.845,0.701,224.719,661.281,0.717,217.442,671.337,0.733,210.667,681.5,0.779,197.266,695.734,0.786,192.68,701.4,0.801,190.603,704.595,0.834,191,706.427,0.883,195.418,705,0.902,205.327,705,0.918,213.242,701.896,0.935,224.677,697.329,0.95,243.661,695.417,0.967,257.273,691.783,0.985,280.5,690,1.003,297.095,687.347,1.018,318.581,687,1.034,336.49,686.101,1.051,358.211,684.989,1.068,378.446,686.136,1.084,400.097,687.268,1.101,417.393,688.4,1.119,435,689.5,1.142,451.93,691.61,1.161,469.338,693.452,1.173,484.311,695.719,1.195,500.7,696,1.21,513.999,699.111,1.22,524.106,700.234,1.235,535.59,698.641,1.256,545.247,701.944,1.371,0,0,0,0,0,0,0,0,0,0,0,0,0,0,0,0,0,0,0,0,0,0,0,0,0,0,0,0,0,0,0,0,0,0,0,0,0,0,0,0,0,0,0,0,0,0,0,0,0,0,0,0,0,0,0,0,0,0,0,0,0,0,0,0,0,0,0,0,0,0,0,0,0,0,0,0,0,0,0,0,0,0,0,0,0,0,0,71,1371,MLCHC,
205,414,0,247.64,409.939,0.021,286.309,405.086,0.036,315.266,401.97,0.049,343.866,398.631,0.068,370.79,395.201,0.084,394.703,392.663,0.099,419.267,390.355,0.115,453.11,389.059,0.134,464.738,389,0.15,473.503,391.376,0.167,477.253,391,0.186,478.856,392.428,0.215,479.269,394.539,0.251,475.192,399.712,0.267,472.966,403.051,0.284,467.182,408.818,0.298,460.199,417.101,0.318,451.96,427.908,0.336,437,442,0.35,423.5,452.5,0.365,405.836,472.123,0.383,390.372,490.206,0.402,373.964,506.033,0.418,361.721,523.86,0.433,347.632,539.929,0.449,335.663,556.914,0.471,325,573.5,0.487,310.582,587.03,0.5,299.617,602.598,0.518,285.702,618.167,0.534,274.017,629.983,0.551,263.869,641.256,0.568,250.051,653.703,0.585,242.146,661.854,0.602,233.194,670.806,0.618,224.968,677.852,0.639,220.248,683.752,0.656,217.368,686.632,0.668,215.074,687.963,0.685,214,688.5,0.719,215,690.183,0.786,213.865,692.27,0.836,216.094,692,0.871,219.553,692,0.89,231.715,692.517,0.902,244.468,692.353,0.921,260.389,692,0.94,276.389,691.115,0.958,293.973,691,0.97,310.094,691,0.985,329.778,692.281,1.003,344.686,692,1.025,365.908,693.494,1.041,385.515,695.212,1.053,404.193,697.492,1.079,422.912,699.754,1.109,442.933,702.989,1.121,476.797,708.712,1.137,492.273,712.13,1.155,507.905,712.493,1.178,518.736,714,1.196,526.207,714.701,1.21,532.208,715,1.221,540.741,715.968,1.317,0,0,0,0,0,0,0,0,0,0,0,0,0,0,0,0,0,0,0,0,0,0,0,0,0,0,0,0,0,0,0,0,0,0,0,0,0,0,0,0,0,0,0,0,0,0,0,0,0,0,0,0,0,0,0,0,0,0,0,0,0,0,0,0,0,0,0,0,0,0,0,0,0,0,0,0,0,0,0,0,0,0,0,0,0,0,0,0,0,0,0,0,0,0,0,0,0,0,0,0,0,0,0,0,0,65,1317,MLCHC,
202,404,0,220.142,406.016,0.019,234.522,407.21,0.039,245.337,407,0.078,255.564,407,0.085,274.558,407,0.102,285.225,407,0.119,303.035,407,0.136,314.616,407,0.152,325.872,408.187,0.169,335.759,408,0.188,343.015,408,0.204,356.077,408,0.22,366.5,408,0.236,376.959,407,0.253,389.082,407,0.269,398.28,407,0.286,408.445,407,0.303,419.826,405.717,0.321,428.225,406,0.338,438.725,405.475,0.354,448.173,405,0.37,456.374,404.232,0.386,464.228,403.11,0.403,473.101,401.987,0.42,482.066,402,0.437,487.267,402,0.455,491.498,400.625,0.471,494.995,401,0.487,497,401,0.552,493.959,402.02,0.589,491.691,403.154,0.624,489.458,405.542,0.641,487.334,407.333,0.654,486.5,409,0.745,469.188,428.659,0.761,460.247,440.362,0.772,451.735,451.581,0.792,442.897,461.865,0.808,434.741,472.047,0.824,426.869,483.187,0.839,416.359,493.641,0.86,394.521,516.784,0.874,389.043,526.066,0.89,380,534,0.907,370.524,541.476,0.924,362.838,550.637,0.939,354.789,560.099,0.959,344.944,566.031,0.981,338.318,573.796,0.997,330.681,580.758,1.007,323.611,590.186,1.028,315.878,594.081,1.046,310.613,598.984,1.063,305.43,604.57,1.074,299.721,611.99,1.094,291.739,619.224,1.112,284.469,625.455,1.124,278.822,631.178,1.142,273.199,636.801,1.159,267.612,642.388,1.178,260.971,650.878,1.194,253.85,656.459,1.207,248.636,662.205,1.223,244.195,667.756,1.246,239.614,674.579,1.264,233.916,680.903,1.275,227.023,686.647,1.29,223.171,690.83,1.312,219.865,694.703,1.331,217.027,697.315,1.341,214.404,700.394,1.361,212.16,702.84,1.377,209.946,705.054,1.494,210,702.847,1.528,212.082,701.959,1.558,214.39,700.805,1.676,232.487,699.973,1.692,250.877,698.652,1.715,264,697.5,1.733,273.303,696.411,1.744,284.123,696,1.766,295.273,696,1.788,306.452,695.055,1.801,328.94,696.097,1.811,335.437,696,1.826,344.763,696,1.844,356.666,697.467,1.861,365.5,697,1.881,372.497,697,1.902,383.808,697.801,1.913,392.579,698,1.927,400.529,698,1.943,409.544,698,1.967,419.562,698,1.98,426.845,699.406,1.994,434.812,699.544,2.011,444.63,700.663,2.031,451.749,701.75,2.046,458.319,702.886,2.06,112,2346,MLCHC,
169,386,0,199.194,395.452,0.016,215.49,399.248,0.033,231.455,402.669,0.047,247.942,404.992,0.063,266.126,407.266,0.083,285.532,409.533,0.101,304.695,410.394,0.117,350.5,414.5,0.132,361.696,414,0.151,383.39,414.719,0.164,400.881,414.151,0.181,419.69,414,0.201,437.497,412.906,0.214,454.591,411.761,0.232,466.135,410.624,0.252,481.178,411,0.266,488.138,408.409,0.281,495.218,407.297,0.298,499.541,407,0.318,501.964,407,0.334,503,407,0.403,499.786,407,0.434,497.466,409.534,0.468,489.845,420.232,0.49,484.081,429.47,0.505,477.314,440.811,0.524,462.963,450.844,0.539,449.113,464.836,0.55,432.759,478.921,0.568,416.305,494.695,0.586,396.961,510.475,0.601,377.891,528.103,0.617,360.557,541.954,0.634,341.017,561.984,0.655,323.569,576.192,0.673,306.509,591.491,0.685,289.538,606.001,0.7,275.497,620.004,0.719,263.329,631.792,0.743,250.165,643.849,0.757,242.269,656.149,0.768,233.039,664.961,0.784,221.266,675.36,0.803,216.468,685.039,0.818,210.99,691.612,0.834,206.819,697.635,0.854,202.774,703.033,0.871,200.109,707.782,0.885,197.765,711.353,0.901,198,713.455,0.937,198,715.419,0.971,200.545,717.545,1.004,203.85,717.075,1.028,207.133,718.044,1.04,211.674,719.168,1.052,216.29,719,1.069,223.735,719,1.09,234.5,717.5,1.11,246.206,715.698,1.123,259.28,713.419,1.136,272.998,712.083,1.152,285.638,708.826,1.169,302.711,706.639,1.186,313.024,704.395,1.205,331.011,702.199,1.221,340,701.5,1.237,359.096,701.35,1.252,373.272,700.227,1.269,389.138,700,1.286,402.141,698.987,1.309,418.115,700.151,1.334,428.579,700.234,1.35,441.665,701,1.362,453.408,701.487,1.373,462.539,702.615,1.388,474.875,703.74,1.403,484.017,704.86,1.42,490.977,705.996,1.442,498.833,708.238,1.46,505.04,708.416,1.472,510.784,710.714,1.494,513.372,710.915,1.505,516.5,713,1.54,518.789,713.263,1.665,0,0,0,0,0,0,0,0,0,0,0,0,0,0,0,0,0,0,0,0,0,0,0,0,0,0,0,0,0,0,0,0,0,0,0,0,0,0,0,0,0,0,0,0,0,85,1665,MLCHC,
194,408,0,247.118,410.88,0.015,269.596,411,0.03,291.132,411,0.052,312.584,411,0.066,332.496,411,0.082,354.5,411,0.102,384.793,411,0.117,410.634,411,0.131,427.912,410.149,0.151,444.641,410,0.166,456.804,408.927,0.182,469.055,409,0.197,481.709,409,0.219,486.831,409,0.236,490.878,408,0.248,494.352,408,0.268,496,408,0.3,497.534,409.267,0.35,494.802,410.099,0.384,489.496,415.13,0.4,482.791,422.209,0.415,471.036,433.058,0.435,458.592,443.334,0.449,445.198,454.502,0.465,425.253,472.188,0.483,411.854,483.354,0.504,392.588,501.882,0.518,376.153,517.232,0.533,360.372,532.628,0.549,343.885,548.241,0.569,330.045,563.948,0.585,313.519,577.185,0.6,302.788,593.097,0.617,289.779,603.837,0.636,274.5,615,0.65,269,626.5,0.667,257.12,634.731,0.686,247.175,645.531,0.709,239.346,655.556,0.724,230.406,662.446,0.736,220.07,670.501,0.75,213.853,681.22,0.768,208.621,688.331,0.788,203.051,693.538,0.808,197.564,699.436,0.828,192.81,704.988,0.847,192,709.681,0.858,190.957,713.13,0.885,192.146,715.292,0.936,196.936,716.645,0.952,201.842,717.768,0.968,207.577,718,0.986,214.274,716.954,1.002,222.143,715.837,1.021,232.639,714.707,1.041,245.043,712.265,1.053,254.5,710,1.068,270.047,707.719,1.085,280.942,705.457,1.105,296.445,704.104,1.131,307.739,703.026,1.144,325.054,701,1.161,337.241,700.751,1.187,352.479,700,1.203,378.5,700,1.219,397.986,700,1.236,413.653,700,1.254,425.82,700,1.27,440.522,700,1.29,454.908,701.224,1.305,464.015,702.335,1.324,483.5,702,1.337,490.343,703,1.353,502.338,703.695,1.369,512.584,704,1.389,519.682,704.947,1.407,525.211,705,1.42,530.989,706.198,1.437,540.686,708.672,1.454,540.901,708,1.49,539.402,708.701,1.618,0,0,0,0,0,0,0,0,0,0,0,0,0,0,0,0,0,0,0,0,0,0,0,0,0,0,0,0,0,0,0,0,0,0,0,0,0,0,0,0,0,0,0,0,0,0,0,0,0,0,0,0,0,0,82,1618,MLCHC,
196,398,0,217.034,402.207,0.02,238.5,406.5,0.033,253.405,408.201,0.047,269.25,410.464,0.067,286.279,412.771,0.081,302.849,413.99,0.097,319.638,416.218,0.117,353.876,419.711,0.135,368.765,420.36,0.15,382.134,421.472,0.166,397.991,423.599,0.185,410.911,424,0.198,423.563,424,0.214,434.651,424.965,0.234,447.792,423.934,0.248,456.62,424,0.265,465.631,422.671,0.286,477.45,423,0.3,485,420,0.315,490.06,419.323,0.331,496.928,418.179,0.352,503.55,417.075,0.368,508.177,415.956,0.382,511.548,416,0.398,513.598,416,0.566,510.912,417.044,0.601,506.721,419.519,0.617,501.582,423.534,0.632,493.998,429.002,0.654,487.246,434.628,0.668,478.055,441.459,0.683,464.97,446.832,0.702,454.25,455.325,0.718,442.131,464.843,0.733,430.431,473.109,0.75,419.434,480.996,0.767,406.337,490.747,0.784,395.275,499.58,0.805,386.407,507.394,0.818,373.337,515.331,0.838,365.492,525.947,0.852,356.846,534.009,0.87,345.994,541.904,0.885,337.344,551.272,0.902,329.392,561.496,0.919,317.231,569.489,0.935,309.714,577.286,0.952,304.464,587.764,0.969,297.433,596.422,0.986,289.5,603.5,1.002,280.624,613.752,1.025,274.225,623.367,1.038,267.488,631.43,1.052,260.777,639.26,1.068,254.221,649.168,1.085,248.559,655.729,1.103,244.387,661.016,1.122,240.9,667.625,1.136,237.074,673.852,1.152,232.197,679.803,1.169,227.436,684.564,1.186,223.968,687.021,1.202,221.743,690.386,1.219,219.49,692.51,1.236,217.241,694.759,1.253,216.5,697,1.27,214.377,699.246,1.292,213.5,701,1.319,212.732,702.536,1.369,215.176,704.176,1.404,217.536,705.268,1.42,222.573,708.144,1.436,229.798,709.828,1.453,238.656,711.914,1.47,246.53,712,1.488,256.792,713.199,1.504,269.506,713,1.521,278.933,713,1.537,290,711.5,1.552,303,712,1.57,314.93,712,1.587,328.126,712.927,1.604,337.328,713,1.621,349.856,714.169,1.637,363.402,715.284,1.654,369.871,715,1.672,382,716.5,1.687,393.5,717.5,1.703,402.993,717,1.721,414.822,717,1.737,425.151,717,1.754,437.508,717,1.771,448.678,717,1.787,458.457,715.616,1.806,468.412,714.51,1.821,480.993,715,1.837,489.245,714.251,1.854,497.989,714,1.871,505.917,714.988,1.888,103,2095,MLCHC,
179,400,0,199.439,400,0.017,225.598,400,0.032,245.578,400,0.045,263.653,400,0.062,285.069,398.944,0.085,304.977,397.835,0.096,325.618,396.688,0.117,379.635,394.091,0.134,391,393.5,0.15,411.056,392.365,0.166,430.293,392,0.18,450.199,391.1,0.2,465.673,389.948,0.215,483.208,391.138,0.23,492.709,389.699,0.271,504.232,391,0.299,514.91,392.637,0.308,517.5,393.5,0.33,518.539,395.539,0.347,516.928,397.143,0.374,517,399.506,0.384,515.647,401.707,0.404,510.529,407.471,0.414,505.5,412.5,0.431,493.442,420.83,0.448,484.053,431.684,0.469,471.162,441.196,0.485,456.021,452.753,0.498,438.964,467.631,0.519,423.045,479.893,0.536,405.705,495.322,0.549,387.5,510,0.57,370.789,527.211,0.585,354.69,544.118,0.599,338.695,561.256,0.621,322.863,574.974,0.633,307.32,593.062,0.655,293.87,606.13,0.673,278.426,621.574,0.684,266.5,633.5,0.703,252.033,647.957,0.72,242.758,659.022,0.733,234.462,668.472,0.749,225.385,678.692,0.772,218.834,685.166,0.789,214.918,690.623,0.8,210.39,697.415,0.816,207.5,702.5,0.836,207,705.985,0.86,205.48,709.279,0.877,204,711.5,0.9,207.089,711.044,0.932,209.385,712.193,0.956,213.5,712,0.972,221.787,712.402,0.985,233.878,710.52,1,245.851,707.345,1.018,261.091,704.987,1.035,276.716,700.51,1.061,291.357,697.79,1.076,309.826,696.315,1.09,328.138,694.524,1.113,346.42,694,1.125,363.813,693.299,1.137,382.138,693.832,1.151,396.731,694,1.167,412.348,695.096,1.186,425.606,697.434,1.208,438.921,698.302,1.221,451.477,699.435,1.235,461.815,700.581,1.251,474.239,701.687,1.272,482.778,702.796,1.287,490.454,704.844,1.302,497.26,705,1.319,508.905,707.381,1.336,512.177,707,1.352,515.281,707,1.385,516.532,707,1.437,513.997,709.003,1.458,510.618,707.872,1.596,0,0,0,0,0,0,0,0,0,0,0,0,0,0,0,0,0,0,0,0,0,0,0,0,0,0,0,0,0,0,0,0,0,0,0,0,0,0,0,0,0,0,0,0,0,0,0,0,0,0,0,0,0,0,82,1596,MLCHC,
184,407,0,199.265,407,0.021,214.978,407,0.037,232.088,408.339,0.05,247.733,408,0.067,266.631,407.398,0.087,285.266,406.319,0.101,306.919,406,0.116,343.423,405.045,0.133,366.147,405,0.155,389.216,405,0.165,405.944,403.691,0.184,427.349,404,0.204,443.153,404,0.219,456.451,403.355,0.233,468.627,403,0.253,479.855,403,0.267,486.158,403,0.283,490.76,403,0.302,492.609,404.305,0.402,486.999,409.001,0.42,482.48,414.65,0.44,472.877,421.592,0.45,459.98,433.655,0.47,449,443.5,0.488,432.528,455.656,0.502,417.626,469.374,0.517,398.608,484.972,0.533,381.025,501.975,0.553,364.366,519.743,0.57,346.652,537.348,0.584,329.661,554.339,0.606,311.388,572.612,0.62,298.4,589.184,0.635,283.144,604.152,0.655,271.632,619.462,0.672,259.606,632.394,0.686,248.042,646.15,0.701,240.509,657.131,0.724,231.27,667.071,0.741,222.297,676.406,0.753,218,685,0.769,212.248,690.44,0.785,208.579,696.034,0.806,206.136,699.797,0.822,204.971,703.087,0.836,206.193,706.58,0.857,202.109,708.594,0.875,203,710.766,0.902,204.272,712.543,0.935,206.524,712,0.955,209.044,713.015,0.971,212.354,714.118,0.986,218.441,712.712,1.003,228.089,711.614,1.025,241.5,710.5,1.042,252.053,706.184,1.053,268.73,704.251,1.07,281.685,702.263,1.091,298.907,701.006,1.115,313.561,700.908,1.134,331.533,700,1.145,347.206,700,1.161,364.745,700,1.18,381.016,700.589,1.191,396.59,701.716,1.203,412.669,702.845,1.22,426.615,704.936,1.24,439.924,706.077,1.261,455.912,709.191,1.271,467.4,710.34,1.288,482.974,711.46,1.308,491.308,711.59,1.326,501.021,712.669,1.339,510.596,713,1.358,516.59,713.918,1.372,521.235,714,1.388,525.743,714,1.406,527.636,715.318,1.429,529.782,715,1.594,0,0,0,0,0,0,0,0,0,0,0,0,0,0,0,0,0,0,0,0,0,0,0,0,0,0,0,0,0,0,0,0,0,0,0,0,0,0,0,0,0,0,0,0,0,0,0,0,0,0,0,0,0,0,0,0,0,0,0,0,80,1594,MLCHC,
203,401,0,223.618,404.093,0.017,246.012,405.438,0.034,264.5,406.5,0.047,283.734,406,0.067,304.332,405.246,0.082,325.045,404.109,0.097,347.419,404,0.117,392.739,402.857,0.133,407.4,401.725,0.151,428.096,399.212,0.165,446.5,400,0.185,461.999,397,0.2,477.746,395.567,0.214,490.666,394.133,0.232,505.976,394,0.251,513.962,394,0.268,519.249,394,0.281,522.101,394,0.303,524,395.5,0.317,526,398,0.367,522.646,398.177,0.385,519.851,401.149,0.399,516.261,407.231,0.42,510.189,411.448,0.435,503.286,420.166,0.451,489.5,427.5,0.47,481.304,440.357,0.485,466.93,452.367,0.499,455.374,467.476,0.516,438.736,479.927,0.533,424.369,497.036,0.552,407.473,508.32,0.569,389.437,526.153,0.583,375,539.5,0.6,360.302,556.705,0.619,344.304,570.577,0.635,330.267,585.522,0.65,312.123,598.603,0.666,301.23,612.124,0.685,284.778,626.921,0.706,272.502,636.748,0.721,262,651,0.735,248.12,660.227,0.756,239.546,670.012,0.767,228.915,680.177,0.784,220.841,688.159,0.801,215.274,694.871,0.818,209.643,701.628,0.84,205.387,709.823,0.859,198.576,713.424,0.871,196.392,716.217,0.884,195.5,718,0.953,198.081,718.041,0.99,201.621,716.793,1.008,207.879,717.424,1.02,213.551,716.29,1.035,220.848,715.165,1.055,231.534,713.093,1.078,242.472,712.882,1.09,251.663,710.584,1.102,264.626,708.341,1.121,277.074,707.539,1.137,285.251,706,1.155,297.104,706,1.17,306.668,705.19,1.195,318.027,705.912,1.216,331.602,707.05,1.231,340.041,708,1.245,353.621,708.302,1.254,367.014,709.418,1.27,378.033,710,1.291,391.882,710.657,1.303,403.971,711,1.32,417.864,711.913,1.336,429.268,713.027,1.363,441.285,714.117,1.375,453.715,715.247,1.389,462.319,715,1.405,473.248,715.525,1.425,481.685,716,1.438,487.71,716,1.454,493.48,716,1.472,498.026,717.006,1.496,501.258,717,1.656,502.028,714.944,1.724,499.733,713.866,1.844,0,0,0,0,0,0,0,0,0,0,0,0,0,0,0,0,0,0,0,0,0,0,0,0,0,0,0,0,0,0,0,0,0,0,0,0,0,0,0,87,1844,MLCHC,
199,401,0,215.152,405.038,0.018,233.402,407.454,0.037,252.708,409.672,0.05,271.792,410.458,0.066,295.573,410,0.086,318.088,409.329,0.103,342.679,408.231,0.117,391.149,406.164,0.133,417.464,403.861,0.152,439.428,402.829,0.166,457.834,400.431,0.185,473.228,399.555,0.205,485.549,398,0.219,492.271,398,0.233,495.575,398.787,0.25,497,399.5,0.285,494.953,401.093,0.301,492.449,403.551,0.32,488.78,408.626,0.337,479.5,414.5,0.353,466.648,428.352,0.367,452.245,440.504,0.387,435.285,454.144,0.404,420.131,471.839,0.417,397.029,492.674,0.44,377.07,510.382,0.455,358.996,534.417,0.47,337.162,553.797,0.485,321,574,0.502,301.212,594.182,0.521,284.095,613.774,0.537,272.364,627.563,0.551,259.638,641.486,0.569,249.825,653.659,0.587,243.814,660.551,0.605,238.569,665.431,0.62,233.622,670.378,0.636,231.298,673.404,0.655,230.5,675,0.72,233.12,674,0.756,238.202,677.101,0.775,243.278,678.656,0.793,249.673,679.779,0.804,262.077,680,0.823,276.964,678.926,0.843,294.793,676.69,0.852,315.428,674.397,0.868,339.665,670.762,0.891,360.607,669.939,0.91,384.67,669,0.921,406.064,668.232,0.937,426.155,669.795,0.953,446.787,671.044,0.974,458.863,672.169,0.991,471.79,676.93,1.005,485.95,678.825,1.021,490.563,680.513,1.042,494.813,682.208,1.059,497.447,683.724,1.07,499,684.5,1.273,496.978,686.043,1.373,495.911,688.179,1.404,498.213,691.32,1.517,0,0,0,0,0,0,0,0,0,0,0,0,0,0,0,0,0,0,0,0,0,0,0,0,0,0,0,0,0,0,0,0,0,0,0,0,0,0,0,0,0,0,0,0,0,0,0,0,0,0,0,0,0,0,0,0,0,0,0,0,0,0,0,0,0,0,0,0,0,0,0,0,0,0,0,0,0,0,0,0,0,0,0,0,0,0,0,0,0,0,0,0,0,0,0,0,0,0,0,0,0,0,0,0,0,0,0,0,64,1517,MLCHC,
190,404,0,229.192,406.011,0.018,248.465,407.145,0.031,267.766,407,0.053,288.207,407,0.071,309.283,407,0.086,330.761,406.392,0.099,370.914,405.222,0.118,398.287,404.129,0.136,419.043,404,0.149,437.13,404,0.169,454.941,404,0.185,467.322,402.64,0.2,484,404.5,0.222,490.178,403,0.235,497.165,403.694,0.249,502.446,404,0.269,505,404,0.286,505.083,405.041,0.335,501.566,407.289,0.369,498.187,410.813,0.387,490.131,418.643,0.402,483.499,428.252,0.418,472.501,439.499,0.434,461.009,448.593,0.455,449.643,461.693,0.47,431.911,474.871,0.486,420,488,0.501,400.075,504.278,0.517,384.072,519.709,0.535,368.445,533.762,0.555,353.783,549.234,0.57,338.113,563.752,0.585,324.406,576.294,0.607,306.939,592.657,0.623,296.455,602.538,0.636,283.021,614.979,0.652,272.108,625.126,0.672,262.439,633.721,0.69,252.148,641.885,0.712,246.454,650.874,0.73,241.076,657.155,0.742,236.568,662.791,0.753,232,668.5,0.775,227.606,674.992,0.787,224.546,679.909,0.803,223.152,683.543,0.819,223,685.956,0.836,221.918,688.163,0.872,222,690.353,0.921,224.355,692.355,0.955,234.498,694.928,0.974,242.4,696.057,0.987,253.714,694.829,1.004,271.964,693.669,1.021,285.928,691.088,1.039,306.195,689.425,1.058,324.876,688.34,1.076,342.563,688,1.089,363.524,688,1.104,382.941,688,1.121,400.781,688,1.141,420.347,690.629,1.16,434.259,691.376,1.175,450.688,693.517,1.188,464.945,695.278,1.204,480.846,696,1.223,492.247,696.916,1.238,505.251,699.042,1.258,514.101,700.138,1.275,519.127,701.225,1.29,522.194,701,1.31,525.5,702.5,1.373,520.065,702.967,1.479,0,0,0,0,0,0,0,0,0,0,0,0,0,0,0,0,0,0,0,0,0,0,0,0,0,0,0,0,0,0,0,0,0,0,0,0,0,0,0,0,0,0,0,0,0,0,0,0,0,0,0,0,0,0,0,0,0,0,0,0,0,0,0,0,0,0,0,0,0,0,0,0,0,0,0,0,0,0,74,1479,MLCHC,
181,399,0,201.934,403.187,0.014,229.5,407.5,0.03,248.128,408.674,0.05,267.093,409.77,0.066,288.545,410.923,0.081,311.359,411,0.096,333.731,411,0.113,383.313,412.3,0.134,405.19,412,0.151,423.644,411.492,0.164,445.087,411,0.181,462.721,410.234,0.201,480.616,410,0.215,493.823,410,0.231,509.135,410,0.252,515.984,410,0.271,519.55,411.387,0.283,520.97,412.485,0.315,520,414.541,0.347,515.047,418.953,0.368,509.355,424.645,0.385,499.128,436.081,0.398,487.568,444.746,0.416,474.5,458.5,0.433,456.612,474.19,0.45,437.88,490.739,0.466,419.652,507.525,0.484,399.429,526.646,0.502,382.057,543.943,0.516,363.371,565.082,0.535,348.224,579.776,0.551,332.82,599.505,0.567,318.807,614.364,0.587,306.349,628.981,0.602,294.32,643.258,0.616,281.547,656.453,0.632,272.406,666.669,0.656,262.38,677.799,0.674,252.991,685.722,0.686,244.966,692.601,0.7,239.664,698.224,0.72,233.034,703.305,0.74,227.158,708.842,0.752,224.191,711.809,0.766,221.922,714.078,0.868,224.177,715.089,0.903,229.929,714.976,0.925,236.634,715,0.939,246.037,714.774,0.952,256.374,713.625,0.968,272.451,712.504,0.989,284.779,709.803,1.008,299.829,707.596,1.021,314.176,707,1.034,330.697,706.02,1.054,342.065,706,1.077,362.499,707.194,1.094,372.06,707.312,1.108,386.38,708.897,1.119,398.823,710.582,1.135,411.394,711.7,1.152,423.137,713.627,1.168,435.325,714,1.185,448.793,715.066,1.202,456.271,716.182,1.218,466.862,716,1.241,477.133,716,1.263,484.671,717,1.29,495.087,717,1.307,499.586,717.896,1.32,502.076,718,1.34,506.511,719.128,1.371,509.618,717.794,1.402,511.533,718,1.642,0,0,0,0,0,0,0,0,0,0,0,0,0,0,0,0,0,0,0,0,0,0,0,0,0,0,0,0,0,0,0,0,0,0,0,0,0,0,0,0,0,0,0,0,0,0,0,0,0,0,0,0,0,0,0,0,0,0,0,0,0,0,0,0,0,0,0,0,0,0,0,0,0,0,0,75,1642,MLCHC,
178,404,0,196.01,406.119,0.016,214.026,407.639,0.029,227.527,408,0.046,239.192,408,0.063,251.759,408,0.079,264.069,409.188,0.102,276.424,409,0.118,303.595,410.391,0.132,311.5,410,0.147,326.453,409.65,0.166,336.927,409.259,0.182,349.751,409,0.196,363.053,409,0.216,374.459,407.854,0.234,389.689,408,0.25,399.771,406.623,0.264,408,405.5,0.285,420.744,404.407,0.299,430.448,403.284,0.313,441.54,402.146,0.332,451.556,401.049,0.349,458.553,401,0.367,466.649,399.764,0.384,475.844,398.645,0.399,484.822,399,0.419,488.392,398.402,0.434,492.774,398.693,0.448,497.295,399,0.464,500.859,399,0.484,502.5,399,0.566,498.822,401.178,0.616,495.459,404.541,0.639,492.737,407.263,0.653,489.145,409.57,0.67,485.726,413.274,0.683,482.5,418,0.704,478.062,422.584,0.719,472.461,428.539,0.732,466.408,435.511,0.752,460.785,440.172,0.765,456.391,445.761,0.784,450.58,451.42,0.803,445.043,456.957,0.821,435,467,0.833,430,470.5,0.849,424.238,477.515,0.866,416.743,484.363,0.886,408.157,492.843,0.902,400.25,499.643,0.917,393.411,505.325,0.939,385.493,512.149,0.957,374.713,520.226,0.975,366.883,528.529,0.986,358.921,535.353,1,348.586,542.048,1.017,340.169,549.831,1.034,333.341,559.989,1.051,325.432,565.12,1.069,314.812,573.48,1.086,307.67,581.33,1.102,301.809,590.592,1.12,294.075,597.925,1.139,285.539,604.845,1.16,278.3,613.6,1.17,271.633,623.55,1.185,265.98,630.224,1.201,256.46,636.905,1.225,250.745,646.347,1.246,246.354,653.646,1.27,241.392,659.26,1.287,231.513,672.385,1.301,225.727,678.273,1.321,222.434,683.944,1.335,219.091,686.909,1.351,217.169,690.247,1.373,215.46,692.081,1.399,214.367,694.267,1.413,213.5,696,1.435,214,697.542,1.504,215.094,699.187,1.554,217.357,697.821,1.586,222.317,699.106,1.605,227.074,699,1.619,236.848,700.356,1.636,244.288,698.53,1.653,248.5,699,1.674,261.358,697,1.692,271.441,696.195,1.704,279.654,695.049,1.719,290.742,693.926,1.74,300.933,694,1.761,309.651,692.705,1.772,319.818,691.576,1.788,330.038,692,1.804,337.778,691.317,1.824,347.073,691,1.841,357.089,691.899,1.856,365.326,692,1.871,373.246,692,1.893,123,2511,MLCHC,
202,403,0,219.948,405.244,0.019,238.152,406,0.03,253.595,406,0.049,268.4,406,0.067,284.914,406,0.084,301.655,404.89,0.098,319.747,403.766,0.114,360.711,401.29,0.131,375.6,399.044,0.151,396.925,397.171,0.168,415.114,395.31,0.183,432.772,394.215,0.2,450.315,392.211,0.217,465.151,390.904,0.231,482.087,391,0.248,491.034,391,0.268,499.854,389.518,0.284,505.722,391.574,0.299,508.5,392.5,0.35,508.177,394.355,0.372,504.733,395.089,0.387,500.999,399.001,0.399,496.369,405.039,0.421,489,410.5,0.438,482.513,419.128,0.449,472.052,430.743,0.466,461.797,440.292,0.486,450.735,451.265,0.499,435.824,467.344,0.52,423.847,477.866,0.538,412.006,491.357,0.552,394.958,507.042,0.567,379.563,522.437,0.583,364.715,538.059,0.604,348.482,554.518,0.62,334.307,567.716,0.636,314.457,581.795,0.658,301.788,597.748,0.674,287.066,610.23,0.685,271,624,0.701,260.738,632.447,0.721,250.49,642.887,0.74,242.211,652.616,0.751,234.216,660.784,0.768,226.147,666.609,0.79,220.845,674.617,0.809,218.046,680.59,0.821,215.107,685.786,0.835,213,690,0.852,210.609,693.086,0.868,210,695.621,0.888,210,697,0.905,210,698.045,0.955,212.272,699.136,0.977,214.064,701.532,0.998,217.614,703.307,1.008,222.948,704.79,1.02,235.914,706.833,1.035,244.346,705.951,1.052,253.393,704.826,1.075,272.892,705,1.092,281.16,703.622,1.104,295.677,703,1.12,310.018,703,1.139,326.129,703.758,1.159,338.693,704,1.17,358.119,705.007,1.186,369.441,706.144,1.203,390.791,708.532,1.225,400.569,708.703,1.248,415.647,710,1.271,444.241,712.711,1.287,454.842,714.71,1.314,467.586,715,1.335,480.577,717,1.348,489.095,717.209,1.36,500.103,718,1.371,510.354,718,1.388,515.359,719.59,1.404,519.85,720,1.421,524.264,720.816,1.437,528.834,721,1.455,531.184,722.092,1.473,533.411,722,1.585,0,0,0,0,0,0,0,0,0,0,0,0,0,0,0,0,0,0,0,0,0,0,0,0,0,0,0,0,0,0,0,0,0,0,0,0,0,0,0,0,0,0,0,0,0,85,1585,MLCHC,
195,402,0,218.313,405.179,0.018,245.443,407.673,0.034,263.497,408,0.051,282.327,408.958,0.067,299.887,409,0.081,318.127,409,0.1,335.005,409,0.121,369.301,407.55,0.137,386.35,407,0.15,400.921,406.34,0.165,415.362,405.203,0.184,428.047,405,0.2,439.338,403.966,0.217,451.938,404,0.231,459.003,402.714,0.252,467.151,401.55,0.27,477.369,400.454,0.284,484.062,399.388,0.299,488.318,398.227,0.318,492.477,398,0.332,496.02,399.007,0.35,498.305,400.153,0.435,494.557,403.443,0.452,491.317,407.577,0.468,486.008,413.99,0.482,479.184,423.088,0.499,468.645,434.617,0.517,457.201,444.419,0.534,446.068,455.932,0.554,428.286,472.12,0.566,411.108,487.493,0.584,393.057,503.217,0.603,374.437,518.64,0.618,360.693,534.525,0.634,342.41,547.693,0.655,329.954,563.72,0.675,314.769,573.795,0.69,303.445,586.833,0.701,291.042,598.202,0.718,279.749,609.057,0.74,270.247,620.691,0.757,260.675,629.289,0.768,251.313,638.687,0.786,243.836,650.092,0.805,237.444,658.408,0.823,227.731,667.742,0.836,219.019,678.635,0.854,212.21,687.588,0.868,205.499,695.418,0.886,198.803,703.23,0.917,193.653,709.694,0.94,189.26,715.74,0.968,190,717.537,1.02,192.354,718.177,1.038,194.11,718,1.074,197.602,719.201,1.094,203.849,719.475,1.105,210.035,719.393,1.119,216.432,718.261,1.135,225.686,716.292,1.153,237.712,715.026,1.173,249.261,712.748,1.192,262.835,710.393,1.205,278.986,706.932,1.22,288.729,703.581,1.239,308,700.5,1.258,324.835,698.608,1.27,339.921,695.52,1.286,358.02,694.058,1.302,374.123,691.84,1.327,393.298,692,1.345,406.88,691,1.359,423.321,690.557,1.371,439.205,690.575,1.389,454,691.5,1.405,464.652,691,1.432,478.837,691.911,1.448,489.276,693.028,1.461,500.558,694.173,1.471,510.582,695.287,1.489,516.508,696.418,1.505,522.831,697.547,1.521,531.838,697.351,1.638,0,0,0,0,0,0,0,0,0,0,0,0,0,0,0,0,0,0,0,0,0,0,0,0,0,0,0,0,0,0,0,0,0,0,0,0,0,0,0,0,0,0,0,0,0,0,0,0,84,1638,MLCHC,
200,398,0,216.137,400.017,0.014,233.975,402.397,0.031,253.744,403.338,0.053,273.226,403,0.069,295.518,401.424,0.085,314,400.5,0.1,339.109,399.233,0.115,383.477,398.082,0.131,402.815,399.054,0.15,423.358,399,0.164,436.913,400.301,0.185,454.461,402.861,0.203,461.5,402,0.219,473.345,404.635,0.234,481.581,405.763,0.251,486.606,406.902,0.268,490.101,408.034,0.284,493.453,408,0.298,495.568,409.284,0.318,497.847,409,0.351,499.53,410.265,0.417,496.958,411.021,0.451,493.436,413.376,0.472,490.031,417.461,0.488,483.867,424.133,0.503,473.33,433.972,0.516,461.519,443.785,0.535,449.223,454.797,0.551,430.986,470.762,0.566,416.867,483.892,0.583,397.107,501.2,0.606,384.011,514.989,0.621,367.768,532.365,0.634,353.325,548.366,0.654,339.264,564.359,0.67,324.875,580.058,0.684,311.202,594.865,0.704,302.45,607.131,0.722,291.188,621.656,0.735,279.705,632.295,0.752,272,641.5,0.769,262.875,653.444,0.789,254.502,662.284,0.802,246.566,672.272,0.818,240.783,682.39,0.835,233.945,689.055,0.852,224.625,694.484,0.87,219.858,700.142,0.887,216,707,0.903,214.032,711.624,0.922,211.487,714.513,0.936,210,716,0.953,208.973,717.027,1.003,211.224,717,1.039,213.54,717,1.061,218.895,717.724,1.074,225.924,718,1.086,238.829,717.014,1.102,248.061,715.867,1.125,262.115,713.481,1.142,276.702,710.99,1.155,291.338,708.022,1.171,305.462,705.825,1.186,322.014,705,1.203,334.728,704.141,1.223,349.303,704,1.243,364.856,704,1.255,376.096,704,1.269,397.896,706.655,1.292,408.712,706.907,1.312,423.516,708,1.323,437.561,708.683,1.337,451.89,709.824,1.353,463.329,710.933,1.378,478.511,712.036,1.397,489.558,712.156,1.409,501.411,713.284,1.422,515.316,714.443,1.438,520.911,714,1.455,527.934,714.656,1.47,535.441,715,1.488,540.609,715.902,1.512,543.009,717.004,1.539,545.257,717,1.669,0,0,0,0,0,0,0,0,0,0,0,0,0,0,0,0,0,0,0,0,0,0,0,0,0,0,0,0,0,0,0,0,0,0,0,0,0,0,0,0,0,0,0,0,0,85,1669,MLCHC,
181,409,0,223.297,411.915,0.017,242.855,412,0.033,262.174,412,0.049,281.051,410.703,0.066,300.547,409.556,0.085,320,408.5,0.102,348.407,407.37,0.115,372.5,405.467,0.135,392.326,404.093,0.151,407.368,402.972,0.165,423.976,401.868,0.181,438.734,402,0.2,453.306,402,0.22,462.454,401.545,0.236,473.526,402,0.248,483.091,402.727,0.269,489.488,403,0.283,493.905,403.976,0.299,497.416,405.139,0.335,499.389,406.194,0.401,497.867,408.266,0.434,490.595,417.607,0.456,483.791,425.411,0.472,471.836,438.481,0.485,457.585,448.061,0.501,440.947,462.871,0.517,423.652,477.279,0.537,403.349,494.303,0.55,380.548,511.839,0.567,360.971,533.15,0.587,338.147,551.082,0.604,317.636,569.799,0.621,299.207,585.993,0.641,280.152,603.848,0.658,263.378,619.98,0.669,248.583,634.417,0.688,236.644,650.098,0.708,224.974,660.021,0.718,215.692,669.308,0.734,210.546,679.617,0.755,202.065,686.935,0.777,196.478,691.522,0.795,192.159,696.454,0.809,189.492,701.771,0.82,187.225,707.438,0.834,184.954,713.115,0.851,183.854,716.437,0.887,182.815,718.369,0.936,185.353,718,0.968,191.918,719.98,0.985,200.914,721.114,1.005,212.305,721,1.03,223.204,720,1.046,237.768,719.556,1.058,253.622,718.425,1.069,270.698,717.287,1.086,286.977,717,1.103,303.227,717,1.119,320.097,717,1.143,336.999,717,1.165,352.708,717.294,1.185,369.789,718,1.196,386.742,718.546,1.207,402.135,719.678,1.219,418.259,720.817,1.236,432.999,721.923,1.254,448.458,723.033,1.27,459.653,723,1.286,474.859,721.703,1.309,488.193,723.433,1.328,499.078,723,1.34,510.153,723,1.353,517.666,723,1.374,523.465,722.107,1.399,529.895,722,1.411,534.474,722,1.436,536.4,722,1.522,533.788,720.894,1.573,531.824,718.824,1.762,0,0,0,0,0,0,0,0,0,0,0,0,0,0,0,0,0,0,0,0,0,0,0,0,0,0,0,0,0,0,0,0,0,0,0,0,0,0,0,0,0,0,0,0,0,0,0,0,0,0,0,0,0,0,0,0,0,0,0,0,80,1762,MLCHC,
186,394,0,203.746,398.175,0.018,223.377,402.366,0.035,236.5,404,0.052,252.667,404,0.067,269.634,404,0.081,286.863,404,0.099,304.863,404,0.117,339.583,404,0.136,358.366,402.702,0.154,375.666,401.583,0.168,396,402,0.182,410.114,401,0.2,425.503,400.208,0.214,440.939,400,0.234,453.634,400,0.251,462.005,400,0.27,470.978,400,0.284,481.316,401.368,0.3,485.5,399.5,0.317,487.245,401.623,0.335,489,402.5,0.365,490.532,403.266,0.419,487.84,405.16,0.438,486.5,408,0.45,482.5,411.5,0.466,471.871,420.99,0.486,462.238,433.143,0.521,433.754,457.934,0.533,421.554,476.558,0.55,405.043,493.311,0.567,386.595,509.942,0.591,370.393,527.948,0.609,355.566,546.455,0.628,340.638,563.956,0.638,324.815,582.068,0.651,308.879,598.121,0.667,298.086,612.489,0.69,281.77,628.23,0.708,272.378,640.231,0.724,261.224,652.726,0.735,250.703,663.622,0.752,242.59,674.728,0.768,232.895,685.105,0.785,224.733,691.191,0.801,219.348,696.652,0.819,214.818,701.182,0.854,213.475,702.525,0.887,216.535,704.535,0.921,220.001,706.001,0.948,225.293,707.108,0.956,238.056,707.743,0.967,247.157,706.605,0.989,257.5,705.5,1.009,275.914,703.817,1.02,291.621,701.547,1.036,307.297,700.131,1.052,325.902,699.006,1.072,338.861,697.928,1.098,358.621,698.202,1.124,393.421,699,1.137,403.93,700.577,1.153,418.762,701.697,1.172,431.493,702.849,1.186,447.599,704.947,1.203,455.57,705,1.219,464.626,705,1.241,476.187,706.319,1.263,484.1,707,1.283,488.605,707,1.294,493.353,708.341,1.305,497.5,710,1.355,493.966,706.932,1.375,491.477,707,1.492,0,0,0,0,0,0,0,0,0,0,0,0,0,0,0,0,0,0,0,0,0,0,0,0,0,0,0,0,0,0,0,0,0,0,0,0,0,0,0,0,0,0,0,0,0,0,0,0,0,0,0,0,0,0,0,0,0,0,0,0,0,0,0,0,0,0,0,0,0,0,0,0,0,0,0,0,0,0,74,1492,MLCHC,
191,398,0,209.327,400.036,0.014,226.943,400,0.035,240.14,400,0.052,253,398.5,0.067,266.723,396.778,0.081,280.748,395.25,0.101,294.508,394.124,0.114,323.779,392.016,0.132,336.388,392,0.148,351.337,390.743,0.17,369.011,391,0.183,379.416,391,0.2,394.068,391,0.214,405.955,391,0.234,420.35,391,0.251,431.076,391,0.265,444.287,392.107,0.287,454.272,392,0.303,459.906,392,0.319,469.569,390.554,0.338,479.493,392,0.35,484.757,392,0.37,488.47,392,0.384,490.917,392,0.399,493.173,393.087,0.451,491.863,395.273,0.486,490.342,398.315,0.503,487.705,402.06,0.516,484.277,406.631,0.536,479.76,410.18,0.552,473.008,416.992,0.566,462.489,423.674,0.588,456.349,434.976,0.603,447.604,442.297,0.617,437.002,450.089,0.633,427.632,462.203,0.653,418.879,472.121,0.67,405.995,482.003,0.683,397.887,494.75,0.705,388.827,504.445,0.721,377.537,515.463,0.735,367.506,526.993,0.751,359.658,537.583,0.771,349.599,548.401,0.791,340.204,559.495,0.802,332.114,568.87,0.824,320.513,580.487,0.841,312.504,590.496,0.851,304.346,598.654,0.874,297.141,606.859,0.892,288.43,615.57,0.902,279.359,623.936,0.919,272.024,630.976,0.935,264.214,637.817,0.958,255.48,646.52,0.969,248.763,653.237,0.985,243.335,658.665,1.008,237.368,662.754,1.027,230.168,667.19,1.039,223.599,672.401,1.052,218.726,678.092,1.069,214.197,682.803,1.089,210.903,686.097,1.109,206.395,689.454,1.119,203.095,692.905,1.139,195.547,696.227,1.154,194.895,699.658,1.174,192.72,702.92,1.189,192,705.545,1.204,192.911,707.822,1.219,193.5,709,1.256,195.161,709.081,1.287,198.754,710.251,1.316,205.019,711.208,1.329,212.163,713.475,1.343,220.972,714,1.357,236.005,713,1.37,249.422,711.881,1.387,265.519,710.749,1.41,280.245,709.646,1.429,294.475,708.537,1.441,309.135,708,1.454,323.973,708,1.471,335.553,708,1.488,348.562,708.964,1.505,362.172,710.098,1.521,371.928,710,1.541,384.574,711.325,1.556,397.11,712.465,1.571,404,712,1.589,417.611,712.692,1.611,428.218,713,1.626,438.235,713,1.638,449.545,713,1.655,457.423,713,1.678,467.961,713,1.7,477.607,713.401,1.717,486.125,713.479,1.729,492.919,713,1.742,108,2038,MLCHC,
203,411,0,222.331,412.017,0.019,241.377,413.292,0.033,259.354,414.397,0.051,275.5,414,0.071,295.491,414,0.087,315.392,414,0.099,337.58,413.121,0.117,378.4,410.979,0.14,400.875,409.856,0.157,419.567,408.731,0.172,436.654,407.647,0.185,457.731,408,0.203,467,406.5,0.22,483.169,406,0.234,491.669,406,0.251,498.887,406,0.267,502.272,407.091,0.35,498.619,410.381,0.37,494.792,414.208,0.386,490.174,419.783,0.401,484.55,427.63,0.422,476.448,439.216,0.438,463.513,446.219,0.452,454.03,458.411,0.469,438.79,473.451,0.488,425.728,487.916,0.507,409.591,502.307,0.518,394.053,518.785,0.534,378.363,534.637,0.551,363.69,551.665,0.568,347.954,568.335,0.584,333.737,582.263,0.601,321,601,0.617,305.452,613.168,0.635,292.022,625.676,0.654,279.332,636.789,0.67,269.124,648.849,0.685,256.491,658.098,0.703,246.409,666.015,0.723,239.183,675.219,0.741,231.171,682.393,0.754,222.752,688.035,0.773,216.459,692.833,0.787,211.542,697.458,0.806,208.047,700.953,0.829,205.831,703.169,0.853,204.817,705.366,0.905,207.352,705,0.936,210.824,706.274,0.953,214.177,707.044,0.97,218.873,707,0.992,228.713,705.661,1.014,245.725,701.711,1.031,261.216,698.374,1.042,277.872,694.953,1.053,294.969,691.568,1.07,311.344,689.094,1.088,331.138,686.874,1.104,345.429,684.626,1.124,366.516,685,1.145,380.722,684,1.157,396.801,684.527,1.171,411.195,685,1.188,425.458,685.788,1.208,439.856,686.912,1.222,452.931,688.988,1.241,464.381,690.138,1.262,480.329,692.476,1.274,489.286,693.365,1.289,498,696,1.306,506.733,697.622,1.332,511.948,699.474,1.345,514.704,700.852,1.356,516,701.5,1.388,516.079,703.157,1.588,0,0,0,0,0,0,0,0,0,0,0,0,0,0,0,0,0,0,0,0,0,0,0,0,0,0,0,0,0,0,0,0,0,0,0,0,0,0,0,0,0,0,0,0,0,0,0,0,0,0,0,0,0,0,0,0,0,0,0,0,0,0,0,0,0,0,0,0,0,0,0,0,76,1588,MLCHC,
200,402,0,216.279,406.07,0.02,235.236,410.122,0.035,248.97,411.919,0.052,266.046,412,0.065,282.192,411.321,0.084,299.539,410.216,0.099,317.578,409.089,0.115,356.039,406.884,0.137,374.447,404.594,0.148,396.867,403.707,0.166,411.109,399.691,0.187,430.5,398,0.199,441.5,396,0.217,458.758,394.224,0.235,474.215,393.119,0.249,485.061,391.993,0.265,493.105,392,0.283,503.551,393.283,0.304,509.493,393,0.318,512.993,394.498,0.332,515.5,394,0.368,516.53,396.53,0.386,516,398,0.436,514.885,400.229,0.454,512,404.5,0.469,506.482,409.345,0.484,497.622,415.961,0.5,488.13,425.728,0.52,478.107,436.881,0.537,464.024,446.676,0.556,451.916,459.083,0.573,432.859,475.499,0.59,419.317,486.809,0.602,399.383,504.894,0.621,381.156,520.45,0.634,365.538,534.658,0.653,347.12,548.21,0.672,332.365,563.683,0.69,313.137,575.852,0.702,301.368,593.953,0.726,286.106,605.052,0.742,272.607,618.472,0.754,259.864,630.78,0.768,248.764,642.844,0.786,240.446,654.363,0.805,231.672,662.287,0.823,222.961,669.909,0.841,217.942,679.587,0.854,213.338,686.493,0.873,209,690,0.888,206.074,695.567,0.903,202.695,700.073,0.919,200.224,703.664,0.936,198.987,706.025,0.972,199,708.222,1.003,202.744,709.248,1.037,208.091,711.697,1.056,213.196,712.839,1.077,220.676,712.046,1.088,232.056,710.894,1.103,244.641,708.52,1.119,252.927,704.902,1.144,268.47,704.088,1.169,280.178,701.849,1.189,306.117,699,1.203,322.478,698.035,1.221,334.895,698,1.237,347.354,698,1.258,364.965,699.331,1.276,376.921,700.433,1.288,391.613,701.561,1.305,401,702.5,1.324,419.724,704.697,1.337,431.31,705,1.353,447.676,707.09,1.372,457.621,708.18,1.398,469.548,709.546,1.426,492.57,712.016,1.445,503.955,713.632,1.457,513.392,714.77,1.471,521.274,715.896,1.489,529.277,716,1.507,537.1,717.157,1.531,542.958,715.755,1.628,0,0,0,0,0,0,0,0,0,0,0,0,0,0,0,0,0,0,0,0,0,0,0,0,0,0,0,0,0,0,0,0,0,0,0,0,0,0,0,0,0,0,0,0,0,85,1628,MLCHC,
195,411,0,234.277,411,0.018,255.002,410.111,0.035,274.614,408.964,0.049,293.834,407.833,0.068,315.845,405.385,0.084,334.948,403.228,0.1,356.5,401,0.121,395.394,396.602,0.135,414.758,393.552,0.15,433.235,391.235,0.169,451.268,389.983,0.184,463.334,387.757,0.199,480.92,388,0.221,489.603,388,0.238,495.965,388,0.251,501.988,388.598,0.269,506.5,389.5,0.302,505.267,391.533,0.319,502.908,393.092,0.334,500.561,394.22,0.35,495.568,402.148,0.368,489.606,408.873,0.389,480.28,417.72,0.403,470.199,429.161,0.417,458.792,440.388,0.433,447.568,451.432,0.453,431.878,468.202,0.47,419.805,480.195,0.484,402.544,497.456,0.501,388.323,510.24,0.519,370,524.5,0.538,359.099,540.901,0.556,343.31,556.69,0.574,329.235,569.868,0.585,312.177,585.768,0.608,301.152,598.033,0.625,289.063,608.937,0.637,276.505,621.495,0.652,267.5,630.5,0.672,256.513,640.487,0.696,249.263,649.979,0.707,243.657,657.212,0.719,238.873,664.191,0.735,235.557,669.738,0.753,230.927,676.61,0.776,228.643,682.43,0.787,227.524,686.904,0.803,226.392,690.432,0.819,226,695.002,0.837,226,698.599,0.853,226,700.997,0.87,227.121,704.363,0.887,228.244,706.487,0.903,234.798,710.079,0.924,238.96,713.47,0.944,245.439,714.573,0.957,255.796,714.291,0.97,269.856,714,0.987,282.645,711.097,1.003,301.618,707.714,1.021,313.411,705.562,1.043,334.921,703.342,1.063,346.558,701.16,1.076,363.079,699.447,1.089,378.956,699,1.105,393.686,699,1.129,406.017,698.089,1.141,420.458,699.035,1.154,430.531,700.17,1.17,443.399,700,1.189,455.75,701.432,1.205,461.891,702.543,1.222,470.5,703.5,1.242,482.541,705.757,1.256,488.487,706.897,1.271,496.231,709.066,1.288,501.794,710.159,1.305,504.816,711.272,1.325,508.202,712.401,1.423,504,709.649,1.545,0,0,0,0,0,0,0,0,0,0,0,0,0,0,0,0,0,0,0,0,0,0,0,0,0,0,0,0,0,0,0,0,0,0,0,0,0,0,0,0,0,0,0,0,0,0,0,0,0,0,0,0,0,0,0,0,0,81,1545,MLCHC,
178,394,0,201.088,398.015,0.022,223.121,400.329,0.038,241.119,402.64,0.052,260.516,403.442,0.067,277,403,0.085,297.859,402.376,0.101,317.373,400.544,0.116,355.969,395.645,0.132,377.344,392.957,0.152,396.999,391.889,0.166,411.391,389.478,0.183,427.593,390,0.205,439.078,389,0.221,449.75,389,0.237,457.097,389,0.249,465.118,389.874,0.269,472.014,391.002,0.285,476.437,392.109,0.3,478.508,393.254,0.385,479.107,395.214,0.436,480.044,397.087,0.47,480,399.435,0.487,481.5,402,0.519,483.54,403.54,0.55,488.097,407.097,0.57,490.404,408.202,0.584,492.592,409.296,0.603,494.884,410.442,0.618,497,411.5,0.653,498.523,412.261,0.686,499.271,414.542,0.703,500.069,416.139,0.756,496.531,417.156,0.773,493.157,420.843,0.788,488.337,427.128,0.802,480.121,436.739,0.822,465.44,444.78,0.836,451.76,457.137,0.853,430.531,472.228,0.875,415.951,485.328,0.894,394.998,502.601,0.912,377.679,517.156,0.923,361.623,531.656,0.936,344.988,544.542,0.952,331.264,560.67,0.974,313.443,571.973,0.995,304.233,585.356,1.01,290.121,597.232,1.022,276.059,608.951,1.037,268.5,617.5,1.056,258.098,628.522,1.075,248.594,636.605,1.087,241.325,648.404,1.103,233.441,656.559,1.121,224.351,664.443,1.146,219.118,671.352,1.158,215.732,679.536,1.17,212.5,686,1.187,209.633,689.734,1.204,207.395,694.209,1.221,206.107,697.68,1.238,203.908,703.231,1.255,202.833,706.502,1.276,201.715,708.569,1.291,202,710.749,1.321,203.271,712.541,1.356,207.74,714.87,1.379,209.98,715.99,1.402,213.334,716.111,1.421,224.077,719.692,1.439,238.5,719,1.455,252.365,718.386,1.471,267.979,717.268,1.489,281.331,717,1.514,298.388,716.038,1.525,312.337,714.889,1.545,331.849,713.774,1.565,344.557,712.673,1.576,361.958,712,1.59,378.508,711.406,1.608,394.189,711,1.634,407.779,710.185,1.648,422.432,710.956,1.659,435.909,711,1.677,451.856,711,1.689,459.708,711,1.708,473.088,711,1.728,484.528,711,1.748,492.726,711,1.762,501.44,711,1.773,509.502,711,1.789,514.24,711,1.806,518.764,711,1.827,523.305,711,1.846,525.803,711,1.858,528,711,1.908,529.356,711,1.942,530.04,706.841,2.055,0,0,0,99,2055,MLCHC,
