185,402,0,204.528,404.056,0.018,224.515,406.735,0.036,239.876,407.491,0.053,256.152,408.61,0.068,272.268,409.733,0.086,289.683,410.855,0.102,308.692,411,0.119,340.976,412.103,0.136,360.019,413.223,0.152,377.536,411.654,0.17,398.453,412,0.186,414.053,411.409,0.203,433.079,410.289,0.219,451.323,409.167,0.236,465.487,407.086,0.253,481.122,405.92,0.269,487.205,404.799,0.286,492.617,403.677,0.304,493.894,404,0.32,496,404,0.385,492.732,405.134,0.419,490.798,407.202,0.469,488.642,409.358,0.587,470.886,431.376,0.605,451.902,452.098,0.621,441.113,463.652,0.637,431.882,474.008,0.655,421.905,485.106,0.671,412.915,495.221,0.688,403.973,505.281,0.704,385.266,529.263,0.723,376.016,535.485,0.739,367.637,546.857,0.755,358.297,559.192,0.771,346.458,571.542,0.788,337.095,584.857,0.805,325.869,597.244,0.822,310.998,609.54,0.838,301.813,623.249,0.856,288.744,635.256,0.873,276.809,647.389,0.889,267.505,656.773,0.906,256.551,666.604,0.93,249.206,674.759,0.954,244.647,682.618,0.966,239.963,687.037,0.983,233.352,692.986,0.993,224.842,700.158,1.007,218.119,707.457,1.024,211.106,713.496,1.04,207.359,716.641,1.056,206.057,718.886,1.073,205.5,720,1.156,210.357,718.321,1.173,212,717.5,1.206,214.803,716.732,1.224,217.246,714.836,1.241,226.01,715,1.257,239.472,715,1.274,250,716.5,1.291,266.78,717.652,1.307,282.074,718.775,1.324,301.129,719.896,1.341,320.319,720,1.357,339.405,721.141,1.374,360.98,722.262,1.39,379.555,722,1.408,401.5,722,1.425,414.03,721,1.441,429.004,721,1.458,443.353,721,1.475,455.959,720.004,1.491,469.403,718.883,1.508,485.355,719,1.525,495.631,716.274,1.542,506.851,715.515,1.559,514.028,714,1.575,518.919,712.54,1.592,521.702,712,1.608,523,712,1.674,519.815,712,1.77,0,0,0,0,0,0,0,0,0,0,0,0,0,0,0,0,0,0,0,0,0,0,0,0,0,0,0,0,0,0,0,0,0,0,0,0,0,0,0,0,0,0,0,0,0,0,0,0,0,0,0,0,0,0,82,1770,LEPD,
173,409,0,213.663,409,0.018,233.375,408.096,0.035,252.423,408,0.052,270.362,406.852,0.068,288.292,405.732,0.085,306.3,404.606,0.102,324,403.5,0.118,356.739,400.737,0.136,373.541,399.247,0.165,391.005,398.125,0.174,402.902,396.02,0.186,419.834,396,0.202,432.955,394.754,0.219,442.272,393.636,0.237,455.425,394,0.254,459.663,393,0.27,467.159,392.263,0.287,475.874,392,0.303,481.9,392,0.32,485.309,392,0.419,483.911,394.179,0.469,481.899,396.101,0.503,482,399.673,0.553,479.372,402.628,0.57,477.13,404.87,0.587,472.761,410.299,0.604,465.933,419.423,0.621,460.508,428.387,0.639,456.31,437.38,0.655,450.5,443,0.672,448.5,446,0.688,444.631,451.159,0.705,437.627,456.552,0.721,431.835,465.265,0.738,426.243,471.908,0.759,420.54,478.752,0.774,415.004,483.996,0.789,408,491,0.806,403.44,497.2,0.822,396.618,504.382,0.839,388.871,512.129,0.855,376.813,521.136,0.878,371.344,530.05,0.895,365.219,536.781,0.918,357.358,544.642,0.928,347.005,555.995,0.942,338.054,565.564,0.959,329.071,574.188,0.973,318.346,582.058,0.989,312.07,591.874,1.007,305.348,598.652,1.023,298.638,607.815,1.04,286.5,618.15,1.058,278.186,628.291,1.074,269.809,635.79,1.096,260.505,645.495,1.107,252.951,653.049,1.123,247.192,659.769,1.14,240.482,666.518,1.158,234.978,672.022,1.186,229.349,678.321,1.198,224.649,682.802,1.208,221.5,687,1.223,215.212,692.485,1.24,209.898,698.102,1.263,205.236,702.764,1.274,200.745,707.255,1.291,196.262,707,1.308,198.314,710.942,1.341,195.464,710,1.426,198.054,710,1.441,200.57,708.715,1.474,202.536,707.732,1.507,209.308,707,1.525,214.442,707.888,1.542,224.133,709.015,1.559,238.786,709,1.575,249.606,709,1.591,263.594,709,1.61,280,707.5,1.624,289.5,708,1.642,307.254,705.25,1.659,323.949,703.256,1.685,336.936,703,1.7,354.863,700.767,1.723,372.285,699.524,1.733,391.072,697.275,1.744,406.79,695.03,1.761,422.303,693.814,1.784,439.539,692.279,1.797,455.038,690.302,1.81,468.636,688.061,1.827,483.201,688,1.843,490.491,686.787,1.86,496.986,685.669,1.878,500.841,687.46,1.893,502,687,2.069,0,0,0,0,0,0,98,2069,LEPD,
190,404,0,212.235,405.059,0.019,235.935,406.467,0.037,253.514,407,0.052,270.72,407,0.069,289.283,407,0.085,309.272,407,0.102,328.396,405.918,0.119,373.909,404.797,0.135,389.811,403.677,0.154,408.701,402.547,0.171,423.981,400.43,0.187,439.691,398.616,0.204,453.786,396.369,0.219,465.39,395.061,0.236,475.537,393.94,0.253,485.663,392.815,0.269,491.814,390.395,0.288,495.714,391,0.304,500,389.5,0.321,503.338,391,0.336,505.583,391,0.353,507.836,391,0.37,509,391,0.387,510.16,391,0.459,510,393.268,0.503,507.992,395.008,0.521,505.721,396.139,0.553,502.426,399.574,0.572,497,403.5,0.589,491.263,409.737,0.604,483.755,417.245,0.621,473.338,426.796,0.638,463.052,436.948,0.654,454.062,444.82,0.671,443.889,453.876,0.688,431.021,466.979,0.706,424.64,476.32,0.723,413.976,486.627,0.738,402.742,498.258,0.755,392.377,509.47,0.772,379.364,523.606,0.788,369.187,535.994,0.805,360.276,548.371,0.822,347.336,561.997,0.84,336.406,571.134,0.857,322.847,586.153,0.873,309.251,600.453,0.889,294.433,615.567,0.906,279.685,629.368,0.922,267.23,642.84,0.939,253.659,655.146,0.955,244.162,664.838,0.974,236.955,674.915,0.991,228.654,682.789,1.007,222.586,688.414,1.023,219.395,693.21,1.04,217.155,695.845,1.07,215.952,698.095,1.088,214.832,700.336,1.109,212.589,702.411,1.189,215.009,702,1.239,218.396,703.132,1.258,221,704.5,1.275,234.949,707.263,1.291,246.592,709.518,1.307,261.295,710,1.325,278.036,711.002,1.34,293.723,711,1.358,314.469,711,1.388,336.055,712.371,1.401,356.344,711,1.425,402.706,710.268,1.442,424.15,710,1.464,443.625,709.022,1.477,461.649,709,1.492,480.753,707.779,1.509,495.892,708,1.527,510.053,706.534,1.543,519.157,706,1.559,527.003,704.571,1.576,534.021,704,1.593,540.745,702.085,1.609,544.24,700.92,1.675,541.732,701,1.771,0,0,0,0,0,0,0,0,0,0,0,0,0,0,0,0,0,0,0,0,0,0,0,0,0,0,0,0,0,0,0,0,0,0,0,0,0,0,0,0,0,0,0,0,0,85,1771,LEPD,
190,402,0,211.212,405.03,0.018,231.031,407.504,0.035,243.529,408.377,0.053,256.968,408,0.069,269,408,0.085,282.875,408.74,0.101,295.516,409,0.118,319.679,409.986,0.135,333.305,410,0.152,343.065,410,0.168,359.93,410,0.186,372.709,410,0.203,387.365,410,0.219,400.182,410,0.235,412.268,410,0.252,424.599,410,0.269,435.885,410,0.286,448.271,410,0.302,461.955,408.67,0.32,475.475,407.544,0.337,488.741,406.426,0.353,497.894,406,0.369,506.55,406,0.386,510.823,406.941,0.403,512.5,407.5,0.468,508.785,408.107,0.521,506.468,408,0.537,505.988,410.025,0.77,477.971,436.276,0.788,468.026,446.846,0.804,459.046,456.948,0.821,448.966,464.804,0.838,440.099,472.663,0.855,432.473,480.527,0.873,424.619,489.864,0.889,404.567,503.622,0.905,395.905,511.095,0.922,388.895,519.806,0.938,377.31,527.803,0.955,369.353,534.554,0.972,361.494,542.506,0.988,354.985,549.015,1.021,345.702,557.298,1.028,340.674,562.907,1.04,334.773,570.636,1.056,328.877,580.421,1.073,318.509,589.593,1.089,309.458,598.542,1.106,301.666,607.524,1.123,296.417,616.532,1.142,285.82,622.744,1.158,279.641,628.919,1.174,272.912,637.451,1.19,263.764,648.844,1.207,253.678,657.473,1.223,242.547,669.498,1.24,230.121,678.367,1.257,221.699,687.301,1.275,215.527,690.649,1.292,214.926,692.074,1.307,213,694,1.608,216.054,693,1.648,218.536,691.732,1.658,224.671,693.112,1.675,240.152,695.692,1.692,250.576,696.458,1.709,264.279,696.591,1.725,277.848,697,1.742,293.552,697.837,1.759,311.318,698,1.775,331.442,698,1.792,349.212,696.799,1.809,372.524,697,1.826,393.421,698.443,1.843,409,696.5,1.859,430.065,697,1.876,448.029,697,1.892,461.305,697,1.909,474.69,698.058,1.926,484.604,698,1.943,489.518,698,1.959,493.695,699.424,1.976,495,699,2.075,496.08,697.96,2.251,0,0,0,0,0,0,0,0,0,0,0,0,0,0,0,0,0,0,0,0,0,0,0,0,0,0,0,0,0,0,0,0,0,0,0,0,0,0,0,0,0,0,0,0,0,85,2251,LEPD,
181,398,0,201.23,399.065,0.018,224.587,400.639,0.033,241.386,401.759,0.05,259.108,402.882,0.066,277.039,404.002,0.083,296.206,405.13,0.1,317.748,406.25,0.116,358.387,408.751,0.143,377.335,408,0.157,396.835,409,0.167,417.042,409,0.184,434.083,409,0.201,450.761,409,0.218,460.942,407.895,0.234,471.046,408,0.251,481.058,406.66,0.269,488.337,408.477,0.285,492.382,408,0.301,496.884,407.279,0.318,499.682,407,0.335,501.927,407,0.351,503,407,0.484,500.994,409.013,0.518,498.691,410.155,0.618,479.888,429.112,0.636,463.733,445.267,0.652,448.016,458.415,0.669,435.137,470.458,0.687,422,482.5,0.704,407.192,494.506,0.72,392.925,507.3,0.736,368.494,532.402,0.753,352.756,547.226,0.77,339.327,560.673,0.787,327.117,571.621,0.805,312.06,584.18,0.821,300.5,598,0.839,287.517,610.107,0.853,275.476,622.524,0.87,264.28,632.848,0.887,253.078,645.907,0.904,244.097,656.016,0.921,235.076,663.684,0.943,226.14,671.503,0.967,221.068,677.415,0.982,216.582,682.418,0.991,212.816,685.456,1.005,211.151,687.698,1.026,209.068,688.966,1.045,208,689.5,1.056,206.796,692.307,1.088,204.537,694.463,1.17,206.107,696.215,1.188,208.192,696,1.221,215.308,699.654,1.24,228.262,701.117,1.256,242.849,702,1.272,259.891,702,1.289,277.828,701.073,1.306,297.89,701,1.322,319.232,699.83,1.339,343.204,700,1.357,372.387,698.585,1.374,393.5,697.5,1.39,415.808,697.658,1.406,435.498,698,1.423,453.495,698.906,1.447,465.29,699,1.456,481.095,701.299,1.473,487.874,702.268,1.492,494.363,703.394,1.508,496.5,703,1.526,499.272,703,1.54,501.502,702.249,1.559,503,701.5,1.591,507.25,698.75,1.623,510.557,699,1.726,0,0,0,0,0,0,0,0,0,0,0,0,0,0,0,0,0,0,0,0,0,0,0,0,0,0,0,0,0,0,0,0,0,0,0,0,0,0,0,0,0,0,0,0,0,0,0,0,0,0,0,0,0,0,0,0,0,0,0,0,0,0,0,0,0,0,78,1726,LEPD,
178,397,0,188.828,398.083,0.019,199.635,399.454,0.036,208.623,401.578,0.052,218.997,402.7,0.068,231.865,403.822,0.085,245.342,404.945,0.101,261.987,405,0.118,294.279,406.189,0.135,315.184,406,0.153,339.13,406,0.17,360.781,405,0.186,387.931,405,0.202,411.967,405,0.219,435.372,404.078,0.235,456.823,401.913,0.252,476.952,399.672,0.269,494.587,398.713,0.287,506.922,396.18,0.304,514,395.5,0.319,513,396,0.351,508.2,397,0.369,507,397,0.386,504.791,399.139,0.418,502.615,400.193,0.502,497.999,404.001,0.52,493.507,407.37,0.537,486.556,414.444,0.553,477.101,425.261,0.571,462.144,439.856,0.588,451.931,453.89,0.603,438.485,466.319,0.62,427.322,476.678,0.637,417.2,488.756,0.654,401.652,499.963,0.67,389.612,509.954,0.687,371.861,524.111,0.705,362.374,537.551,0.722,347.381,550.619,0.738,333.512,563.073,0.754,317.566,575.118,0.771,305.488,590.317,0.788,289.934,603.914,0.804,274.281,619.719,0.821,261.159,632.841,0.839,247.719,646.281,0.856,240.925,657.639,0.872,229.46,668.854,0.888,221.151,679.273,0.905,212.57,686.573,0.922,206.742,692.258,0.938,203.476,695.524,0.955,201.406,698.891,0.971,199.171,700.829,1.071,202.043,698.978,1.105,205.593,699,1.124,208,697.5,1.141,210.917,698,1.156,215.803,698,1.173,224.971,698.886,1.189,240.12,701.017,1.206,251.289,701,1.222,271.247,703.5,1.239,284.88,704.375,1.258,305.42,705.495,1.274,325.078,708.615,1.289,345.303,709.739,1.307,368.093,710.862,1.323,392.603,711.982,1.34,411.856,712,1.356,434.588,712,1.373,455.69,712,1.392,471.046,712,1.408,487.572,711.403,1.424,499.884,710.283,1.44,509.71,710,1.457,514.846,710.961,1.474,517,711.5,1.49,517.205,709.898,1.649,0,0,0,0,0,0,0,0,0,0,0,0,0,0,0,0,0,0,0,0,0,0,0,0,0,0,0,0,0,0,0,0,0,0,0,0,0,0,0,0,0,0,0,0,0,0,0,0,0,0,0,0,0,0,0,0,0,0,0,0,0,0,0,79,1649,LEPD,
185,403,0,204.199,405.021,0.018,224.831,407.451,0.035,241.261,408.351,0.053,261.002,410.941,0.07,280.275,411.593,0.086,301.595,412.716,0.102,322.13,413.841,0.119,362.422,416.879,0.136,384.518,418.08,0.152,404.613,418,0.169,424.97,419.332,0.187,440.709,417.553,0.204,457.876,418.427,0.22,474.098,417.306,0.236,487.979,416.184,0.253,498.432,415.063,0.269,508.537,413.94,0.286,513.902,412.82,0.303,515.611,411.694,0.335,517.537,410.732,0.385,514.642,412.179,0.419,512.893,413.053,0.452,509.402,415.398,0.471,499.5,422.5,0.488,492.112,428.536,0.504,485.378,435.622,0.521,476.848,441.47,0.537,463.799,449.117,0.554,453.766,459.234,0.571,436.091,474.387,0.603,422.239,487.377,0.62,405.449,501.538,0.637,389.877,514.498,0.657,374.552,528.701,0.666,361.416,542.455,0.673,345.118,558.883,0.688,332.761,571.239,0.705,317.932,587.304,0.723,306.029,600.332,0.74,293.71,615.252,0.757,277.717,630.283,0.772,262.823,644.45,0.789,250.53,656.47,0.805,239.283,667.717,0.822,225.865,678.946,0.839,217.283,687.717,0.856,210.985,692.679,0.874,204.249,696.834,0.89,199.257,700.743,0.906,196.587,703.413,0.923,194.346,705.654,0.939,193,707,0.972,196.127,707.063,1.005,199.655,704.564,1.024,208.028,704.441,1.04,217.451,704,1.056,228.822,704,1.073,242.142,704,1.09,253.473,705.047,1.106,270.48,706.165,1.123,286.162,707.297,1.141,306.098,707,1.158,326,708.5,1.174,350.808,708,1.19,375.219,708.783,1.207,399.852,709,1.224,423.567,710.027,1.24,444.805,708.852,1.257,463.639,709,1.276,481.288,707.607,1.292,494.5,709.5,1.307,498.5,707.5,1.373,491.922,709.026,1.407,489.627,706.627,1.5,0,0,0,0,0,0,0,0,0,0,0,0,0,0,0,0,0,0,0,0,0,0,0,0,0,0,0,0,0,0,0,0,0,0,0,0,0,0,0,0,0,0,0,0,0,0,0,0,0,0,0,0,0,0,0,0,0,0,0,0,0,0,0,0,0,0,0,0,0,0,0,0,0,0,0,75,1500,LEPD,
170,402,0,190.15,403.061,0.019,210,404.5,0.036,225.329,404.666,0.052,241.839,405.789,0.069,260.48,406.911,0.086,280.558,408.031,0.102,299.654,408,0.119,345.308,410.542,0.135,361.56,410,0.153,381,410,0.17,401.966,409,0.187,420.765,408.235,0.202,437.402,407.114,0.219,453.148,407,0.236,464.312,405.869,0.253,475.488,403.502,0.269,488.168,404,0.287,492.959,402.507,0.304,496.475,401,0.32,499.481,399.519,0.336,501,398,0.436,502.153,401.153,0.503,499.965,403.035,0.52,496.375,407.834,0.538,490.365,416.288,0.555,480.374,425.626,0.572,470.5,435.5,0.588,461.423,442.182,0.604,449.994,450.55,0.621,435.768,462.351,0.638,425.426,471.51,0.656,414.156,481.659,0.671,397.663,494.408,0.689,387.731,506.695,0.705,372.5,515.5,0.721,363.941,527.732,0.738,352.263,538.148,0.755,341.77,550.974,0.771,331.646,563.432,0.788,319.267,573.418,0.804,308.169,586.115,0.821,299.774,597.032,0.839,288,606.5,0.856,274.822,620.12,0.872,262.73,631.725,0.889,251.059,644.729,0.905,240.85,657.184,0.922,231.901,666.099,0.938,220.42,676.322,0.955,217.466,682.302,0.98,214.995,685.005,0.994,212.75,686.625,1.006,211,687.5,1.039,209.004,690.993,1.056,206.771,692.114,1.105,204.678,693.161,1.189,206.107,695.215,1.222,208.227,696.113,1.257,211.804,698.536,1.274,218.235,700.412,1.29,228.252,703.476,1.306,241.388,704.949,1.323,253.791,707.144,1.341,274.466,707,1.357,289.424,707,1.375,310.936,707,1.406,327,707,1.423,346.618,707,1.44,366.414,707.801,1.457,388.341,707.083,1.476,428.443,707,1.491,445.685,705.707,1.508,462.275,704.582,1.526,474,705,1.541,486.282,704,1.56,493.696,704,1.574,502.221,704,1.592,510.175,702.975,1.608,515.738,703,1.625,520.083,701.729,1.641,521.786,700.607,1.801,0,0,0,0,0,0,0,0,0,0,0,0,0,0,0,0,0,0,0,0,0,0,0,0,0,0,0,0,0,0,0,0,0,0,0,0,0,0,0,0,0,0,0,0,0,0,0,0,0,0,0,0,0,0,82,1801,LEPD,
194,401,0,217.459,404.06,0.025,239.891,405.421,0.035,255,406.5,0.051,269.996,407,0.068,285.028,407.788,0.085,299.859,408,0.101,315.434,409.031,0.118,346.15,410.154,0.135,361.116,410,0.152,375.162,410,0.169,391,410,0.185,404.09,409,0.201,417.927,408.236,0.219,433.427,406.225,0.237,448.058,404.996,0.252,460.45,402.736,0.268,474.023,401.748,0.285,487.504,399.249,0.303,496.448,400,0.328,504.562,398.382,0.338,510.969,398,0.352,514,398,0.401,509.885,399.057,0.435,507.527,400.236,0.468,505.463,402.537,0.686,488.649,421.392,0.704,471.878,438.122,0.721,463.5,446.5,0.738,455.631,455.698,0.754,446.636,462.773,0.77,438.597,469.488,0.788,431.764,476.236,0.804,418.053,493.434,0.821,408.438,498.708,0.839,401.143,504.041,0.855,395,511,0.872,388.747,518.555,0.888,379.266,526.414,0.904,370.742,534.258,0.921,362.883,542.117,0.938,355.055,551.081,0.955,343.368,560.106,0.971,336.301,567.699,0.989,328.5,577,1.006,320.379,584.997,1.022,311.747,593.253,1.039,303.028,601.972,1.055,297.019,611.966,1.072,284.714,619.818,1.095,278.556,625.203,1.116,271.86,630.784,1.133,266.58,637.42,1.143,259.769,644.231,1.158,253.371,650.629,1.173,247.746,657.104,1.189,242.131,664.816,1.206,236.529,670.471,1.223,234.57,677.29,1.239,224.275,681.362,1.258,222.619,684.381,1.274,220.833,686.167,1.29,219,688,1.322,217.464,689.536,1.34,216.964,691.072,1.407,215.866,694.402,1.424,211.952,699.731,1.44,211,703.422,1.457,211,705.5,1.474,208.951,704,1.557,211.662,702.677,1.574,212.5,701,1.606,216.058,702.029,1.624,219.448,702,1.641,232.945,704.535,1.657,246.76,705.397,1.676,254,705,1.693,271.636,706,1.708,284.344,706.759,1.725,300.226,706.118,1.741,313.026,707.002,1.758,329.877,707,1.775,341.731,705.752,1.791,360.928,707.37,1.81,378.858,708.491,1.827,395.98,708,1.842,410.549,708,1.859,425.19,707.139,1.876,439.739,707,1.892,456.539,705.897,1.909,466.009,704.777,1.926,482.844,703.654,1.969,490.17,704,1.988,492,704,2.285,0,0,0,0,0,0,0,0,0,0,0,0,0,0,0,0,0,0,94,2285,LEPD,
176,412,0,194.52,413.029,0.023,211.98,413,0.035,222.756,413.614,0.051,235.14,414,0.068,249.25,414.865,0.085,263.715,415,0.111,278.337,415,0.117,310.3,415,0.134,320.15,415,0.153,339.743,413.516,0.17,353.547,413.403,0.185,369.435,413,0.202,388.135,412.159,0.219,403.526,411.036,0.235,419.969,409.935,0.252,434.773,408.787,0.269,446.596,407.673,0.289,460.475,406.544,0.306,470.229,405.434,0.32,481.233,405,0.335,488.908,404.182,0.352,493.726,404,0.37,496.129,404,0.386,498.358,404,0.435,500.358,404,0.502,497.731,404,0.52,495.838,405.081,0.552,493.595,407.405,0.586,491.463,409.537,0.619,488.219,412.671,0.637,481.887,419.113,0.653,475.163,425.837,0.67,467.165,433.835,0.688,460.686,438.928,0.705,457,444.5,0.721,449.246,452.754,0.738,440.989,460.26,0.754,433.759,467.241,0.771,428.019,474.974,0.787,419.065,482.819,0.804,408.843,493.157,0.823,400.096,500.541,0.839,392.605,506.91,0.854,387,513,0.871,376.161,522.839,0.888,367.192,530.957,0.905,357.236,540.764,0.921,344.939,549.772,0.938,339.902,558.757,0.954,332.994,565.006,0.974,324.749,571.786,0.99,315.332,581.085,1.005,308.453,589.675,1.022,301.186,597.814,1.039,294.292,605.659,1.055,284.353,613.503,1.073,280.23,622.541,1.088,271.774,628.908,1.106,266.81,638.504,1.123,259.634,644.927,1.14,253.576,652.109,1.155,247.967,658.839,1.172,242.366,665.561,1.189,236.753,671.247,1.206,229.98,676.85,1.222,225.829,681.171,1.242,224.167,684.249,1.258,222,686,1.274,219.681,687.319,1.291,217.437,689.563,1.306,214.293,692.707,1.323,210.944,696.056,1.339,208.702,699.447,1.456,209,705.003,1.473,209,709.5,1.506,211.373,711.373,1.525,212.492,713.984,1.54,215,713,1.573,224.013,713,1.591,239.699,713.98,1.608,252.104,712.9,1.624,270.619,711.774,1.64,284.453,710.657,1.66,300.547,709.532,1.676,318,710,1.692,337.294,708.285,1.708,356.938,706.322,1.725,372.447,705.042,1.742,393.565,703.918,1.759,407.605,701.599,1.775,426.218,702,1.794,439.8,702,1.813,454.709,701.429,1.841,467.972,701.69,1.853,480.876,701.193,1.865,488.573,700.071,1.877,493.215,698.946,1.895,495.362,700.181,2.008,501.026,702.009,2.113,100,2113,LEPD,
160,402,0,190.908,404.744,0.018,206.227,405.864,0.035,222.791,406.986,0.052,239.601,407,0.068,258.9,407,0.085,277.997,407,0.103,300.079,407,0.121,341.755,405.805,0.135,364.112,405,0.152,386.015,404.157,0.169,402.519,403.034,0.185,419.294,401.914,0.202,433.658,400.796,0.219,445.633,399.67,0.237,457.953,398.55,0.254,462.885,398,0.27,467.785,397.304,0.286,472.274,396.182,0.302,476.764,395.059,0.319,481.255,395,0.336,484.56,393.813,0.352,487.92,392.693,0.379,489.856,393,0.403,491.536,391.732,0.469,491,394.066,0.519,488.643,396.357,0.552,486.225,399.551,0.57,478.815,408.083,0.587,464.729,418.188,0.604,454.727,431.698,0.62,439.565,442.642,0.639,426.348,453.877,0.655,417.5,468,0.672,398.84,479.532,0.687,382.752,493.748,0.705,369.371,507.504,0.721,358.037,522.948,0.738,343.424,534.212,0.754,333.825,546.658,0.771,318.335,561.665,0.789,305.156,573.357,0.806,292.884,590.293,0.821,278.972,604.488,0.903,233.168,661.832,0.913,221.929,674.797,0.924,215.259,687.025,0.94,205.489,697.267,0.961,196.634,705.951,0.989,193.178,712.933,1.013,188.928,721.216,1.034,187.805,724.389,1.044,186.683,726.952,1.057,185.562,730.314,1.123,188.268,727.866,1.139,190.049,726.975,1.156,192.349,727,1.188,194.418,725.791,1.208,197,724.5,1.225,209.304,725,1.239,218.269,724.216,1.256,231.782,723.094,1.273,245.349,721.971,1.291,262.205,722,1.306,281.693,722,1.323,300.703,722,1.343,323.357,721,1.358,347.106,720.359,1.38,371.744,719.239,1.397,396.528,718.112,1.409,419.089,716.996,1.424,441.548,715.873,1.441,461.451,716,1.46,480.312,716,1.476,496.933,715,1.493,511.361,714.387,1.508,521.173,713.261,1.526,527.298,713,1.541,530.946,713,1.558,535.419,711.895,1.585,537.45,713.225,1.627,535.822,710.644,1.842,0,0,0,0,0,0,0,0,0,0,0,0,0,0,0,0,0,0,0,0,0,0,0,0,0,0,0,0,0,0,0,0,0,0,0,0,0,0,0,0,0,0,0,0,0,0,0,0,0,0,0,0,0,0,82,1842,LEPD,
172,411,0,192.726,408.927,0.019,213,407.5,0.036,226.325,408,0.058,239.412,408,0.068,252.63,408,0.085,266.053,408,0.102,279.581,408,0.119,308.046,409.252,0.136,318.461,409,0.153,330.459,410.496,0.17,339.55,409,0.186,349.656,409,0.203,361.497,409,0.219,370.872,409,0.236,379.854,409,0.253,392.528,409,0.27,399.445,407.651,0.287,408.79,408,0.304,417.359,407,0.32,425.305,406.282,0.337,432.045,405.159,0.353,438.769,405,0.37,446.605,406.086,0.387,454.431,406,0.403,463.621,404.672,0.421,475.542,403.546,0.438,489,404,0.454,496.17,403,0.47,502.888,402.185,0.487,507.755,402.939,0.504,510.128,403,0.553,508.857,405.285,0.586,506.465,405,0.636,504.981,407.019,0.67,502.717,407,0.823,480.158,429.843,0.839,460,450,0.856,453.008,457.992,0.872,444.762,466.238,0.889,436.913,474.087,0.906,430.035,482.954,0.922,422.196,491.919,0.939,402.005,509.525,0.956,395.151,515.493,0.973,389.108,526.338,0.991,376.789,532.609,1.006,368.92,540.806,1.023,361.918,550.623,1.04,350.333,558.788,1.064,341.277,565.542,1.073,334.722,573.492,1.089,325.438,579.921,1.108,314.823,591.177,1.125,308.525,596.475,1.141,300.385,604.615,1.157,289.776,614.402,1.174,281.37,621.682,1.19,273.54,628.394,1.207,263.281,637.528,1.223,250.577,646.49,1.242,245.396,655.471,1.259,236.131,662.316,1.275,227.587,668.383,1.291,221,674.8,1.307,217.226,680.623,1.324,212.827,684.13,1.341,209.508,687.492,1.357,206.132,689.579,1.374,204.181,691.819,1.391,202,694,1.423,197.93,696.802,1.507,201.129,696,1.526,198,699,1.543,191.5,711.5,1.558,188.491,714.509,1.575,188,717.611,1.592,188,719.5,1.652,190.181,719.091,1.679,193.588,718,1.695,195.45,717.275,1.721,197.695,717,1.779,213.039,715.792,1.814,247.896,715.425,1.856,280.523,715.177,1.892,320.16,716.068,1.905,340.113,717,1.921,362.894,717.31,1.936,384.514,718,1.952,405.978,718.554,1.967,426.842,719,1.983,445.904,719,2.004,460.17,719,2.026,472.364,719,2.05,483.625,719,2.071,489.804,720.402,2.21,487.949,717.898,2.261,506.214,712.674,2.446,0,0,0,0,0,0,98,2446,LEPD,
202,402,0,220.177,404.02,0.018,240.333,404,0.036,259.584,404,0.053,277,404,0.069,296.805,404,0.085,316.654,404,0.102,336.871,404,0.119,373.082,405.002,0.135,393.293,406.127,0.152,404.726,404.752,0.169,418.322,405,0.187,430.436,405,0.204,436.055,404.389,0.219,441.67,404,0.236,446.414,404,0.253,450.919,404.98,0.269,454.302,405,0.286,458.883,403.779,0.303,463.389,404,0.321,466.406,402.531,0.338,470.354,401.412,0.353,473.424,401,0.37,477.338,401.834,0.387,480.878,402.959,0.403,484.234,403,0.42,488.813,403,0.437,493.305,404.326,0.455,497.781,404,0.472,499.138,404,0.487,501,404,0.569,498.95,406.1,0.67,496.989,407.005,0.72,493.599,409.267,0.739,488,415,0.758,478.827,428.759,0.778,465.979,440.709,0.79,454.099,451.901,0.805,440.849,463.126,0.822,428.534,473.199,0.839,418.719,483.281,0.857,401.637,496.214,0.874,392,505.5,0.89,378.887,516.865,0.906,368.014,528.483,0.922,357.305,539.695,0.939,343.102,551.914,0.956,332.984,564.241,0.973,317.971,576.563,0.99,306.105,588.895,1.008,296.672,599.808,1.024,283.972,610.028,1.04,274.92,620.532,1.057,266.222,629.778,1.073,255.324,639.709,1.09,248.458,650.903,1.107,241.734,658.477,1.123,236.318,665.018,1.141,232.175,670.282,1.158,224.837,676.907,1.174,222.592,681.815,1.19,220.35,684.65,1.207,219.055,686.89,1.224,218.5,688,1.24,216.809,691.382,1.257,210.434,700.193,1.275,206.264,709.471,1.292,199.879,709.243,1.307,198,713,1.373,201.067,712.034,1.424,203.358,712,1.442,207.635,711.659,1.47,212.897,712.779,1.479,221.188,713,1.491,235.244,713,1.508,251.046,714.146,1.525,269.259,714,1.543,287.223,714,1.56,309.72,714,1.584,331.027,714,1.607,355.389,714,1.619,377.714,713.12,1.64,401.007,713,1.651,423.215,713.877,1.659,443.387,712.756,1.676,462.277,713,1.694,478.336,713,1.711,492.139,712.386,1.726,504.08,711.265,1.743,513.858,711.857,1.762,518.912,711.022,1.782,521.197,709.902,1.825,518.687,710,1.858,517.715,705.425,1.983,0,0,0,0,0,0,0,0,0,0,0,0,0,0,0,0,0,0,94,1983,LEPD,
173,400,0,205.512,400.978,0.017,211.492,401,0.034,220.753,401,0.051,236.444,402.342,0.069,252.475,403.463,0.086,269.809,404,0.102,288.035,404,0.118,322.902,404.831,0.135,347.112,405,0.152,372.749,405,0.168,398.524,406.197,0.185,416.43,404.681,0.203,438.417,405,0.22,455.327,404.436,0.236,470.587,403.315,0.252,484.698,403.808,0.269,494.43,403.071,0.286,502.36,403,0.302,507.861,403,0.319,510.884,404.295,0.351,512.537,404,0.401,508.183,404,0.419,507,404,0.436,505.851,405.075,0.453,503.454,406.273,0.486,500.223,408.518,0.504,494.794,411.924,0.52,489.194,417.567,0.537,482.686,425.199,0.553,471.976,435.021,0.57,461.833,444.038,0.587,453.001,454.249,0.603,439.933,467.067,0.621,427.563,476.448,0.638,414.388,489.997,0.654,400.125,502.396,0.671,387.503,514.497,0.687,372.252,527.784,0.704,359.824,540.176,0.721,341.363,554.955,0.737,330.149,568.201,0.755,310.516,583.081,0.772,297.716,598.101,0.788,281.236,612.329,0.805,266.095,626.066,0.821,251.526,640.474,0.838,241.279,653.961,0.854,232.377,663.825,0.871,222.065,671.283,0.889,219.219,680.562,0.906,216.86,683.71,0.922,214.613,686.387,0.938,213.187,688.625,0.955,212.5,690,0.972,211.971,692.086,0.988,209.634,694.366,1.005,207.394,697.909,1.022,206.577,699.846,1.121,209.046,696.954,1.139,211.561,697,1.157,213.812,697,1.174,220.5,697,1.19,238.648,699,1.206,255.478,699.765,1.224,275.011,700,1.24,294.25,701.015,1.256,314.436,699.865,1.273,337.212,700,1.289,359.502,701.375,1.308,383.486,699.501,1.325,407.819,701,1.34,427.66,701.745,1.357,446.742,702.867,1.373,460.882,703.99,1.39,474.276,705.106,1.406,486.607,706.237,1.423,490.781,706,1.442,494.916,706,1.459,496.805,705.398,1.473,499.5,704.5,1.506,500.536,703.732,1.573,498.908,700.725,1.669,0,0,0,0,0,0,0,0,0,0,0,0,0,0,0,0,0,0,0,0,0,0,0,0,0,0,0,0,0,0,0,0,0,0,0,0,0,0,0,0,0,0,0,0,0,0,0,0,0,0,0,83,1669,LEPD,
175,397,0,212.417,395,0.018,231.539,397.181,0.035,251.709,398.206,0.052,270.649,400.665,0.07,291.196,402.911,0.087,311.964,403.577,0.102,347.965,404.699,0.119,374.773,405.821,0.136,397.762,406.941,0.152,420.319,407,0.169,441.543,408.186,0.186,460.256,408,0.204,476.491,408,0.221,492.63,407,0.237,507.453,406.325,0.253,518.367,405.204,0.27,524.593,404.081,0.286,528.124,404,0.335,525.727,404,0.369,523.463,405.268,0.402,520.195,406.268,0.42,518.981,407.009,0.452,514.471,410.397,0.47,508.08,412.768,0.489,493.5,419.5,0.505,483.703,430.297,0.521,468.722,440.015,0.537,455.368,449.88,0.554,439.056,462.955,0.571,425.597,475.286,0.587,408.406,490.115,0.604,394.28,503.357,0.622,382.665,515.335,0.639,369.53,529.685,0.654,357.965,542.765,0.674,343.913,557.939,0.697,332.262,571.686,0.715,315.243,585.135,0.737,306.243,598.636,0.749,292.591,612.07,0.781,269.355,635.225,0.803,258.229,646.771,0.816,249.214,656.612,0.831,240.39,665.61,0.855,232.496,674.36,0.873,222.046,684.272,0.891,218.68,687.32,0.909,216.876,689.686,0.927,214.636,693.728,0.94,212.389,697.417,0.956,210.143,698.929,0.973,209,699.5,0.99,208.914,701.172,1.072,211.215,699.893,1.105,213.019,698.99,1.123,215.299,699,1.139,220.1,699,1.156,232.922,703.177,1.175,251.5,703.5,1.191,269.863,705.639,1.208,288.947,706.762,1.223,310.672,707.884,1.24,333.171,709.009,1.257,355.492,710.125,1.274,378.007,712.501,1.29,403.213,713.373,1.309,421.805,714.489,1.326,445.308,717.231,1.34,464.062,718.737,1.357,482.607,719.859,1.375,495.824,720,1.391,510.361,720,1.407,520.028,720,1.424,527.455,720,1.442,533.788,718.535,1.459,539.187,719,1.474,541,719,1.523,540,716.958,1.541,536.385,707.361,1.634,0,0,0,0,0,0,0,0,0,0,0,0,0,0,0,0,0,0,0,0,0,0,0,0,0,0,0,0,0,0,0,0,0,0,0,0,0,0,0,0,0,0,0,0,0,0,0,0,0,0,0,0,0,0,0,0,0,0,0,0,80,1634,LEPD,
171,403,0,204.975,408.997,0.021,220.634,409,0.034,236.39,409,0.055,250.71,409,0.085,265.845,409.487,0.109,303.284,410.731,0.131,322.771,411.851,0.138,337.685,412,0.152,356.64,412,0.173,373.288,412,0.188,394.117,412,0.204,407.013,410.537,0.221,421.027,411,0.236,431.664,411,0.252,440.631,411,0.269,449.609,411,0.286,454.296,411,0.303,459.973,411,0.32,464.269,411,0.338,471.628,412.438,0.353,475,412,0.419,470.732,413.134,0.452,479.787,414.098,0.471,497.364,411.175,0.488,510,409,0.504,513,408.5,0.552,505.946,410.027,0.573,503.7,411.15,0.603,502.805,413.391,0.653,500.642,414.179,0.688,498.997,415.001,0.736,495.625,416.125,0.754,493.009,417.495,0.787,491.259,419.482,0.805,490.136,421.727,0.821,489.016,423.968,0.838,486.782,428.436,0.855,478.394,439.065,0.871,469.183,445.113,0.89,458.745,454.782,0.907,451.037,465.77,0.922,439.107,474.741,0.939,430.114,483.727,0.955,423.243,495.555,0.972,411.072,503.591,0.989,397.512,515.073,1.005,389.363,528.955,1.024,380.398,535.152,1.04,370.989,543.011,1.056,363.12,553.668,1.072,349.543,564.365,1.089,336.649,576.351,1.106,322.226,589.715,1.122,310.021,597.26,1.139,304.146,605.163,1.156,297.439,611.561,1.176,291,619.5,1.206,279.316,629.684,1.225,252.002,659.915,1.24,242.685,672.433,1.257,236.043,682.436,1.273,233.166,684.834,1.29,232.596,686.808,1.324,230.463,691.073,1.341,219.125,702.424,1.357,216.211,708.472,1.374,213.966,711.034,1.473,213.246,714.508,1.491,212.5,716,1.523,213,717.534,1.541,215.238,717,1.59,217.358,715.821,1.623,220.701,715,1.64,223.915,715,1.658,238.201,716.092,1.674,250.366,717.215,1.691,262.723,717,1.709,276.526,718.46,1.726,283,718,1.743,300.61,718,1.758,316.576,717.173,1.775,334.188,717,1.792,353.226,715.928,1.809,374.606,716,1.825,397.386,716,1.843,414.041,714.56,1.86,434,715,1.877,447.217,714.685,1.893,456.643,714.194,1.909,463.584,714,1.926,471.36,714,1.943,478.016,714,1.959,482.184,715.296,1.976,485.261,713.58,2.009,486.536,714,2.109,489.169,709.774,2.229,0,0,0,0,0,0,0,0,0,97,2229,LEPD,
182,404,0,223.043,406.002,0.017,238.751,406,0.034,254.44,406,0.052,270.158,406,0.069,285.891,406,0.086,301.565,405.388,0.101,326.817,405,0.118,344.308,404.141,0.135,359.719,404,0.151,371.026,402.897,0.168,383.401,401.782,0.185,398.516,400.653,0.203,407.227,401,0.22,420.505,399.409,0.235,431.408,399,0.252,441.512,398.165,0.269,450.659,398,0.285,456.401,396.92,0.302,459.602,397,0.319,464.305,397,0.337,467.339,397,0.353,470.5,398.5,0.369,479.758,398,0.385,485.061,398,0.402,489.739,397.065,0.419,492.115,397,0.436,495.535,397,0.502,495,399.268,0.552,492.643,400.179,0.569,491.922,402.156,0.626,489.481,405.037,0.641,487.754,407.246,0.654,485.5,409.5,0.67,484.11,411.781,0.687,481.983,415.026,0.704,477.456,419.544,0.721,472.986,425.267,0.737,462.987,432.26,0.755,461.5,440.5,0.772,456.522,444.478,0.787,452.027,448.973,0.804,447.53,454.337,0.821,438.107,459.94,0.838,434.668,467.775,0.854,427.611,474.389,0.871,422.225,483.839,0.889,416.616,492.815,0.906,405.422,497.981,0.921,398.673,503.606,0.938,391.1,510.9,0.955,378.389,519.741,0.971,372.57,528.688,0.988,366.955,535.254,1.005,360.022,541.978,1.023,354.739,548.714,1.037,342,555,1.055,338.809,563.191,1.073,330.463,571.537,1.089,317.685,581.486,1.106,310.604,591.593,1.122,302.681,599.319,1.139,294.836,607.164,1.156,282.652,616.478,1.173,279.5,625,1.19,270.249,635.108,1.206,260.815,646.782,1.223,253.488,655.431,1.24,245.828,664.197,1.256,238.985,672.184,1.273,234.853,680.007,1.29,226.114,685.061,1.307,224.5,686,1.324,222.695,688.653,1.34,220.446,691.331,1.357,217.299,696.501,1.374,212.908,704.16,1.39,208.435,708.565,1.407,203.943,711.792,1.424,198.062,713.775,1.523,202.179,714.089,1.541,204.239,712.88,1.558,206.732,713,1.591,209.804,711.732,1.608,213.199,711,1.625,217.419,710.145,1.641,223.867,710,1.658,236.059,711.096,1.675,252.069,711,1.692,269.098,711,1.709,286.027,711,1.726,302.796,710.414,1.742,321.069,709.29,1.758,336.798,708.169,1.775,358.106,706.089,1.793,372.988,704.924,1.808,393.577,706.199,1.826,404.543,704.678,1.842,421.148,705,1.86,433,703.5,1.876,113,2269,LEPD,
196,397,0,217.98,401.187,0.018,241.279,405.183,0.036,256.96,406.711,0.05,272.639,407.831,0.067,289.328,408.955,0.085,306.204,409,0.101,323.012,410.201,0.133,356.981,412.641,0.144,370.788,412.445,0.159,387.088,413,0.168,400.867,413,0.185,413.737,413,0.203,424.396,413,0.219,434.442,413,0.235,446.924,413,0.257,456.701,413,0.269,466.795,413,0.287,476.909,412,0.309,484.97,411.338,0.321,490.144,411,0.335,493.731,411,0.351,496.062,411,0.384,498.263,411,0.451,500.269,411,0.534,498.938,413.123,0.568,495.201,414.266,0.601,493.46,415.27,0.635,488.787,420.32,0.653,480.394,428.606,0.673,469.997,436.336,0.687,462.628,439.927,0.717,458.031,446.563,0.83,404.279,499.721,0.839,397.562,507.011,0.853,389.469,514.84,0.87,378.848,525.152,0.911,361.595,541.405,0.928,354.923,550.436,0.953,344.91,559.388,0.972,336.561,568.439,0.986,315.5,589.5,1.003,302.067,601.14,1.021,287.169,612.165,1.041,277.686,622.353,1.054,268.702,631.298,1.083,261.008,638.992,1.092,252.114,648.264,1.106,245.889,655.111,1.122,239.148,661.852,1.151,231.601,669.399,1.159,224.637,674.575,1.172,221.971,680.073,1.188,218.587,683.413,1.205,215.228,686.772,1.23,211.847,688.769,1.255,211.732,690.536,1.321,204.507,695.37,1.338,198.9,697.44,1.355,194.523,701.107,1.405,196,702.357,1.438,198.537,700.732,1.455,200.095,701,1.488,202.338,699.831,1.523,205.804,698.732,1.539,208,697.5,1.572,213.853,696.049,1.589,222.592,696,1.606,238.691,697.192,1.623,251.816,695.682,1.641,266.694,696,1.657,283.5,694.5,1.673,300.583,695,1.689,321.277,695,1.706,339.825,695.927,1.723,363.038,696,1.74,386.572,697.17,1.756,407.563,697,1.773,430.326,698.416,1.791,447.5,698,1.807,463.247,698,1.823,477.154,699.562,1.84,485.414,700.902,1.857,490.083,701,1.874,492.292,702.146,1.89,494.532,702,1.923,496.515,702,1.973,498.358,700.821,2.007,504.259,702.043,2.111,0,0,0,0,0,0,0,0,0,0,0,0,0,0,0,0,0,0,0,0,0,0,0,0,0,0,0,0,0,0,0,0,0,89,2111,LEPD,
177,398,0,194.072,401.201,0.017,211.243,403.724,0.034,224.139,404.845,0.051,238.579,405.968,0.068,256.413,407.088,0.084,273.165,407,0.101,292.592,408.329,0.119,338.039,410.917,0.135,351.669,411.576,0.152,373.61,412,0.168,395.449,412.822,0.185,417.903,413,0.202,438.223,413,0.218,457.239,411.809,0.235,472.32,412,0.253,489.521,410.565,0.27,494.882,410.445,0.286,501.393,410,0.302,507,410,0.319,509.845,410,0.336,512.087,410,0.442,508.442,412,0.452,507,412,0.469,504.981,414.013,0.487,502.719,415.14,0.502,500.471,417.529,0.52,494.076,419.77,0.537,487,432.5,0.554,476.971,439.772,0.57,465.701,447.281,0.587,456.87,454.254,0.603,446.017,463.985,0.62,433.692,472.952,0.637,423.825,484.417,0.653,409.652,498.348,0.671,396.18,508.85,0.689,382.1,522.292,0.704,369.681,533.587,0.72,357.615,545.385,0.737,343.314,558.71,0.754,330.938,571.062,0.771,312.494,583.41,0.787,305.303,597.045,0.805,296.309,606.153,0.822,285.748,617.836,0.838,277.049,627.659,0.854,268.369,638.289,0.871,258.439,649.512,0.888,250.482,657.518,0.905,245.039,665.345,0.921,239.424,671.892,0.939,236.683,675.755,0.956,230.5,680,0.972,229.635,682.365,0.988,227.388,684.612,1.005,225.147,687.78,1.022,220.794,691.155,1.038,217.491,694.509,1.071,215.582,696.418,1.171,218.043,694.979,1.205,219.198,692.605,1.222,222,693,1.255,231.855,692.523,1.273,243.724,693.884,1.29,256.049,695.004,1.307,271.78,696.127,1.323,283.726,697.248,1.339,301.599,699.747,1.358,315.294,700.484,1.374,334.007,703.232,1.39,355.238,705.476,1.407,373.919,708.584,1.423,395.639,710.964,1.44,413.639,712.102,1.456,437.689,713.223,1.473,457.327,713,1.491,473.015,713,1.509,487.934,713.407,1.524,497.009,713.716,1.541,503.185,713.163,1.557,505.915,713,1.574,507,713,1.657,505.088,707.129,1.753,0,0,0,0,0,0,0,0,0,0,0,0,0,0,0,0,0,0,0,0,0,0,0,0,0,0,0,0,0,0,0,0,0,0,0,0,0,0,0,0,0,0,0,0,0,0,0,0,84,1753,LEPD,
172,400,0,204.333,405.511,0.017,220.266,406.876,0.035,235.005,408,0.052,249.573,408,0.07,265.376,409.241,0.084,279.638,409,0.103,297.366,410.491,0.119,329.75,411.609,0.135,347.702,412,0.152,365.682,412.855,0.169,383.645,413,0.186,401.573,413,0.203,418.326,411.778,0.219,435.159,412,0.237,449.039,410.535,0.253,460.881,410,0.27,472.108,409.289,0.286,484.163,408.167,0.303,493.642,407.045,0.319,500.468,405.922,0.336,504.795,404.801,0.353,509.286,405,0.37,510.89,405,0.469,508.975,407.05,0.487,506.408,405.704,0.536,504.642,408.358,0.72,470.848,444.177,0.738,459.67,455.33,0.755,449.714,464.032,0.771,440.987,470.26,0.789,435.035,476.965,0.806,429.28,484.96,0.821,414.383,498.39,0.838,403.077,507.193,0.855,394.111,514.903,0.872,385.112,526.11,0.888,373.711,532.373,0.905,365.161,540.484,0.923,354.727,549.799,0.94,344,559.5,0.956,335.243,566.757,0.972,325.432,575.727,0.989,314.345,586.655,1.006,305.31,595.69,1.022,296.348,603.446,1.039,283.367,612.642,1.057,278.286,623.071,1.073,268.981,629.445,1.09,261.805,634.797,1.106,254.257,641.743,1.123,250.171,648.658,1.14,245.745,653.255,1.156,241.264,656.552,1.173,239.385,658.615,1.19,235.711,662.289,1.207,232.5,665.5,1.223,226.953,669.024,1.239,222.612,672.388,1.256,220.167,673.917,1.273,218.961,676.079,1.289,219,678.32,1.322,216.594,679.203,1.356,214.696,682.304,1.374,212.452,684.548,1.391,211,686,1.407,209.981,687.019,1.507,206.518,691.224,1.525,204.274,693.726,1.541,203,695,1.574,201.844,696.156,1.674,205.268,694.911,1.707,207.142,692.858,1.741,210.692,691.769,1.775,216.54,692.708,1.792,226.265,693.827,1.809,241.261,694.947,1.826,253.793,696.072,1.842,270.853,697.19,1.859,283.791,698.316,1.877,303.022,699.439,1.894,318.5,702,1.91,339.241,702,1.926,361.698,703.609,1.943,387.268,704.925,1.959,406.879,705,1.978,431.914,706.178,1.993,456.558,706,2.011,469.644,707.403,2.028,494,707,2.044,506.882,708.659,2.06,518.252,709,2.077,524.511,709,2.093,528.087,710.029,2.193,525.821,710,2.303,0,0,0,0,0,0,0,0,0,0,0,0,0,0,0,95,2303,LEPD,
188,409,0,218.678,408,0.017,234.89,408.849,0.034,252.58,409,0.051,269.417,410.094,0.068,287.395,411.212,0.084,306.719,411,0.102,327.307,412.461,0.12,365.482,414,0.135,387.793,414,0.151,407.192,414,0.168,428.034,413.051,0.185,448.257,411.93,0.211,463.081,410.807,0.23,479.767,409.686,0.252,492.818,408.124,0.268,505.704,407,0.287,515.071,405.643,0.301,520.965,404.207,0.31,523.848,404,0.322,525,404,0.418,521.847,406.153,0.452,513.865,410.081,0.469,505.967,414.59,0.486,495.59,419.071,0.503,488.258,426.35,0.524,480.5,437.5,0.544,466.017,445.079,0.556,455.169,456.349,0.57,442.444,467.797,0.587,430.997,479.003,0.604,423.201,492.37,0.62,409.058,504.697,0.637,396.961,517.039,0.655,389.063,533.89,0.672,371.882,548.177,0.687,359.15,563.588,0.704,342.28,579.005,0.721,327.287,594.691,0.747,308.287,610.411,0.764,293.185,625.693,0.781,275.898,640.128,0.8,261.469,654.665,0.811,248.696,665.893,0.822,237.9,677.81,0.838,227.521,686.817,0.855,219.314,693.731,0.872,214.696,698.304,0.888,210.194,702.806,0.905,209.674,704.652,1.004,212.179,702.911,1.022,214.178,700.822,1.038,216.613,699.694,1.057,221.68,698.58,1.073,232,699,1.09,246.003,698,1.106,261.636,698,1.122,278.656,698,1.139,298.672,698,1.156,317.603,698,1.172,340.633,699.282,1.193,364.365,700.398,1.207,383,701.5,1.224,406.27,704.284,1.239,425.018,706.532,1.256,442.24,708.765,1.273,457.193,711.03,1.289,472.862,711,1.306,487.335,713.513,1.323,495.03,713,1.341,502.495,713,1.356,505,713,1.439,503,710.923,1.457,511.158,705.561,1.56,0,0,0,0,0,0,0,0,0,0,0,0,0,0,0,0,0,0,0,0,0,0,0,0,0,0,0,0,0,0,0,0,0,0,0,0,0,0,0,0,0,0,0,0,0,0,0,0,0,0,0,0,0,0,0,0,0,0,0,0,0,0,0,0,0,0,0,0,0,0,0,0,0,0,0,0,0,0,74,1560,LEPD,
194,409,0,213.409,411.043,0.018,233.633,412.29,0.034,250.043,412,0.051,268.629,411.461,0.069,287.189,410.342,0.084,305.549,409.216,0.101,322.567,408.096,0.117,356.797,408,0.134,374.324,406.855,0.152,394.839,405.731,0.168,406.725,404.606,0.185,421.677,402.973,0.202,435.636,400.727,0.218,451.402,397.72,0.234,463.802,394.359,0.251,478.031,391.995,0.266,485.892,390.873,0.283,488.751,391,0.299,490.734,389.633,0.334,493.233,391,0.35,495,391,0.423,491.91,392.045,0.439,489.298,393.351,0.488,488.147,398.706,0.499,487.731,399.537,0.516,483.128,406.745,0.533,479.759,410.241,0.549,475.189,416.014,0.566,472.03,421.617,0.583,462.877,428.677,0.6,461.5,439.5,0.617,452.842,449.237,0.633,448.552,457.712,0.65,440.488,464.634,0.667,435.761,470.298,0.683,430.1,477.08,0.7,424.482,487.732,0.716,417.446,497.831,0.734,405,506,0.751,400.641,513.703,0.767,395.825,521.557,0.784,389.501,530.332,0.8,381.74,538.26,0.817,371.561,549.599,0.834,364.055,560.779,0.851,353.389,572.012,0.868,340.5,581.5,0.885,334.492,591.796,0.902,325.085,601.147,0.919,313.191,611.918,0.942,303.916,623.105,0.962,294.644,632.085,0.979,284.455,641.06,0.996,278.107,649.272,1.014,272.999,655.002,1.032,267.89,660.11,1.048,263.015,666.478,1.067,255.06,674.072,1.082,250.039,680.941,1.1,245.446,686.554,1.117,240.3,691.934,1.134,237.29,695.71,1.151,235.04,697.96,1.186,233.154,700.691,1.203,225.243,705.848,1.22,219.571,714.687,1.236,211.606,721.195,1.252,207.66,725.34,1.269,206.091,725.454,1.352,209.023,725,1.386,211.309,723.846,1.426,213.536,722.732,1.453,215.537,721.731,1.496,223.634,720,1.512,238.826,719.668,1.521,251.153,717.427,1.546,264.922,716.59,1.564,282.917,716.468,1.586,299.422,716,1.603,316.6,716,1.621,334.334,715.104,1.629,352.301,713.981,1.639,371.41,712.858,1.662,394.244,710.469,1.699,431.066,707,1.709,446.826,705.739,1.722,458.044,704.244,1.739,467.007,703.124,1.755,477.983,703.998,1.772,484.712,702.881,1.789,490.198,704.24,1.808,491.736,704,1.823,493.978,704,1.959,498.259,704,2.079,0,0,0,0,0,0,0,0,0,0,0,0,0,0,0,95,2079,LEPD,
207,410,0,228.441,411.021,0.02,251.335,412.458,0.036,264.37,412.579,0.052,277.421,413,0.069,290.047,413,0.085,302.418,413.947,0.102,315.841,414,0.119,341.183,415.19,0.136,352.67,415,0.154,369.14,415,0.171,379.5,415,0.186,395.45,415.323,0.203,407.818,415,0.219,422.972,415,0.236,436.518,413.957,0.253,453.495,412.834,0.269,466.464,410.423,0.286,484.184,409.588,0.305,493,410,0.32,496.624,409,0.336,499.559,409,0.356,501,409,0.378,502.023,409,0.469,499.821,410.089,0.503,497.998,411.001,0.536,495.754,413.246,0.636,473.161,439.798,0.654,467.497,447.704,0.671,463.107,454.339,0.688,459.968,461.063,0.706,455.142,467.787,0.722,446.5,477,0.738,432.771,493.359,0.755,425.669,502.163,0.772,422.134,506.821,0.789,416.609,511.312,0.805,407.43,519.374,0.822,399.764,528.555,0.84,393.324,534.676,0.856,388.5,539.5,0.872,381.879,545.434,0.889,375.139,552.671,0.906,368.415,560.516,0.922,359.554,569.446,0.939,347.088,580.738,0.955,338.603,589.397,0.974,329.644,596.937,0.99,321,604.5,1.006,311.006,611.66,1.023,304.271,620.305,1.039,295.734,627.45,1.056,284.668,636.265,1.074,276.924,644.076,1.089,272.894,651.935,1.106,269.809,655.588,1.139,267.962,657.038,1.157,258.903,666.573,1.174,249.899,676.876,1.197,237.906,688.085,1.214,224.429,698.178,1.241,218.243,704.01,1.256,215.623,707.753,1.264,214.007,709.993,1.274,212,712,1.363,215.077,709.961,1.406,217.358,707.642,1.44,219.536,704.196,1.474,222.177,703,1.491,237.679,706.618,1.508,249.656,706,1.526,259.044,707.449,1.542,277.5,707,1.559,289.739,707,1.575,306.27,706.182,1.592,326.881,706,1.608,340.741,704.938,1.625,363.64,705,1.642,378.317,703.692,1.66,403.964,704,1.676,411.5,702.5,1.691,430.42,703,1.708,445.889,703,1.725,457.247,703,1.742,469.386,703,1.758,481.762,701.84,1.775,486.403,703.281,1.792,489.21,703,1.841,490.358,704.179,1.925,495.319,700.808,2.022,0,0,0,0,0,0,0,0,0,0,0,0,0,0,0,0,0,0,0,0,0,0,0,0,0,0,0,0,0,0,90,2022,LEPD,
176,403,0,199.139,408.025,0.018,209.135,409.126,0.047,218.123,409,0.056,229.828,410.383,0.069,241,410,0.086,254.538,411,0.102,276.153,412.492,0.119,294.194,413.871,0.137,307.858,414,0.152,322.529,414,0.169,335.821,414,0.186,350.631,415.356,0.203,371.192,415,0.219,386.227,415,0.236,401.727,415,0.252,416.838,415,0.275,431.605,415,0.286,447.234,415,0.303,460.531,413.789,0.345,488.971,414,0.358,496.623,413,0.377,504.199,412.3,0.394,508.471,412,0.42,510.5,412,0.486,506.821,413.089,0.553,504.732,414.134,0.72,486.597,433.425,0.738,470.299,451.092,0.757,461.5,461,0.773,452.409,468.97,0.788,442.228,477.267,0.805,433.845,486.034,0.822,425.997,494.003,0.838,409.253,509.631,0.855,399.797,516.713,0.873,393.743,526.009,0.89,382.607,536.393,0.906,367.5,544,0.922,360.125,554.875,0.939,350.301,562.133,0.955,341.161,568.879,0.973,334.424,577.768,0.989,324.005,589.217,1.006,312.554,596.412,1.023,304.283,605.717,1.04,297.5,618.5,1.058,281.616,626.675,1.072,273.183,634.817,1.09,266.281,644.579,1.107,254.164,652.532,1.124,246.657,661.534,1.141,236.162,671.838,1.157,227.442,679.113,1.173,220.5,686.5,1.19,215,690.5,1.207,208.974,696.026,1.224,203.348,700.722,1.24,194.589,705.206,1.264,191.826,708.523,1.276,190.703,711.891,1.291,188.159,713.841,1.391,191.042,711.979,1.409,193.537,712,1.44,195.522,710.739,1.462,200.554,709.361,1.484,205.801,709.76,1.497,210.528,710,1.512,216.022,711.004,1.526,223.89,711,1.545,236.67,711,1.558,250.465,713.744,1.577,265.385,713,1.592,281.385,713,1.609,297.704,713.732,1.626,315.706,714,1.643,334.692,714,1.658,354.844,712.898,1.676,375.064,714.226,1.692,398.015,714,1.709,416.054,712.526,1.726,438.675,713,1.743,455.313,712.284,1.759,470.748,711.161,1.776,486.405,711,1.793,498.905,709.918,1.809,512.405,710,1.826,519.288,708.673,1.844,521.345,709,1.86,523,709,1.943,518.909,709,2.056,0,0,0,0,0,0,0,0,0,0,0,0,0,0,0,0,0,0,0,0,0,0,0,0,0,0,0,91,2056,LEPD,
200,402,0,230.824,403.845,0.018,243.622,404,0.034,254.796,402.92,0.05,266.103,403,0.068,275.942,403,0.085,285.544,403.454,0.102,301.925,405.15,0.132,317.652,406,0.139,330.8,406.817,0.151,342.41,407,0.168,357.863,407,0.188,368.8,407,0.203,381.421,407,0.219,395.706,407.572,0.237,408.068,407,0.253,422.424,406.327,0.268,435.755,405.204,0.286,448.998,405,0.302,459.372,403.959,0.318,470.596,404,0.337,483.137,404,0.354,490.843,403.594,0.371,498.71,403,0.386,507.195,403,0.402,513.085,403,0.42,515.791,403,0.438,517,403,0.452,513.869,404.065,0.484,511.616,405.192,0.516,509.463,407.537,0.567,507.642,408.179,0.585,503.766,410.117,0.617,499.294,413.53,0.636,492.565,421.922,0.653,488.569,430.254,0.668,481.901,438.827,0.684,472.356,448.644,0.701,463.226,456.802,0.718,458.622,466.85,0.736,450.477,473.305,0.753,443.961,480.039,0.77,431.395,489.684,0.786,423.733,500.682,0.802,412.235,509.647,0.818,400.731,519.442,0.835,390.458,529.542,0.852,378.185,536.445,0.869,369.443,544.362,0.886,364.427,552.203,0.904,355.949,561.487,0.92,343.944,570.618,0.937,335.206,581.163,0.952,323.322,591.258,0.969,312.659,600.414,0.986,305.691,608.361,1.002,298.996,619.673,1.019,289.653,625.761,1.037,280.669,635.331,1.054,273.5,644,1.07,264.713,655.626,1.086,256.529,663.471,1.103,251.39,670.415,1.119,247.906,676.156,1.136,245.701,679.448,1.153,243.47,684.06,1.169,238.422,689.973,1.187,229.5,701.5,1.204,214.629,715.371,1.221,201.916,725.056,1.237,191.948,733.17,1.255,188.991,735.004,1.336,191.215,735,1.386,193.358,735,1.404,194.052,732.895,1.421,196.451,733,1.438,198.69,731.655,1.456,200.933,732,1.473,207.914,732,1.488,219.141,732,1.505,235.383,732.836,1.522,248.533,733,1.538,264.062,734.076,1.555,279.885,734,1.572,296.843,734,1.59,315.139,732.554,1.607,334.936,731.433,1.623,348,730.5,1.638,376.597,729.189,1.655,397.761,727.13,1.682,416.924,725.885,1.691,434.924,723.634,1.706,452.763,724,1.724,465.095,721.151,1.741,480.556,720.454,1.757,491.353,719.331,1.773,500.318,718.21,1.79,509.314,718,1.818,514.106,717,1.835,517.481,717,1.925,101,2102,LEPD,
202,401,0,214.386,403.064,0.019,226.728,405.829,0.033,238,406.5,0.051,249.262,407.66,0.072,261.597,408.782,0.091,273.947,409,0.099,287.249,409,0.115,314.5,409,0.132,328.727,407.734,0.15,341.667,408,0.168,353.5,406.5,0.192,370.621,406.365,0.203,387.104,406,0.217,401.556,405.12,0.233,415.978,405,0.267,440.667,406,0.283,453.053,407.368,0.301,460.912,408.489,0.318,469,408,0.333,479.552,409.728,0.351,485.4,410,0.366,488.927,410,0.383,490.5,410,0.467,489,412.179,0.516,486.642,414.358,0.535,485.902,416.196,0.567,483.552,420.895,0.585,479.5,432,0.602,457,450.5,0.618,443.657,468.722,0.635,432.621,480.31,0.652,423.571,492.59,0.668,411.061,503.763,0.685,400.031,513.672,0.703,391.62,528.07,0.719,377,541,0.736,365.675,556.322,0.751,357.5,566.285,0.768,346.898,575.282,0.785,337.769,585.26,0.802,326.459,597.695,0.819,310.122,608.77,0.838,302.807,619.991,0.854,292.5,629.5,0.871,281.568,638.432,0.885,275.957,645.564,0.903,272.354,651.41,0.923,265.961,658.039,0.942,253.602,669.271,0.962,245.251,681.248,0.971,237.407,691.334,0.988,231.059,696.941,1.005,227.16,699.613,1.023,224.5,700.5,1.052,223.462,702.538,1.069,222.948,705.157,1.086,220.55,711.124,1.103,218.292,714.063,1.119,217.528,715.944,1.22,220.179,715,1.24,222.321,713.84,1.27,224.537,712.732,1.303,228.615,713,1.32,231.775,713,1.338,237.291,713,1.354,246.446,713,1.371,256.68,713,1.389,271.105,711.575,1.413,282.484,710.452,1.424,296.386,707.989,1.439,308.954,705.409,1.455,323.779,704.087,1.472,337.396,701.934,1.491,354.306,700.846,1.506,371.225,701,1.524,386.617,701,1.541,402.298,700.475,1.557,414,699.5,1.588,451.434,700,1.605,463.167,701.017,1.622,477.755,702.135,1.639,487.322,702,1.655,493.306,704.769,1.673,494,704,1.754,495.039,704,1.822,497.268,705.134,1.973,0,0,0,0,0,0,0,0,0,0,0,0,0,0,0,0,0,0,0,0,0,0,0,0,0,0,0,0,0,0,0,0,0,0,0,0,0,0,0,87,1973,LEPD,
187,401,0,225.565,403.841,0.018,243.593,405.037,0.035,262.717,406.16,0.052,283.144,407.286,0.07,304.577,407,0.089,325.5,408.5,0.102,359.25,409.646,0.119,387.448,410.772,0.136,403.622,411,0.152,422.284,412.017,0.169,437.956,412,0.185,456.153,412,0.204,467.219,412,0.22,482.5,412,0.237,489.383,411,0.253,495.759,410.248,0.269,500.487,410,0.286,504.993,409.002,0.303,508.357,409,0.32,510.473,409,0.352,512.489,407.756,0.435,509.968,410.032,0.469,506.487,411.171,0.489,501.174,412.457,0.505,489.325,424.26,0.521,477.547,435.044,0.537,463.211,446.299,0.554,451.526,457.474,0.57,437.034,469.817,0.587,426.053,479.752,0.604,414.826,495.126,0.622,396.474,505.35,0.639,385.258,518.742,0.655,373.824,530.176,0.672,363.738,541.876,0.688,349.953,555.121,0.704,338.484,566.516,0.722,326.159,577.674,0.737,309.893,591.521,0.756,301.227,600.773,0.773,290,612,0.79,278.058,622.942,0.804,267.952,633.832,0.822,256.033,645.967,0.839,246.784,656.242,0.854,237.803,665.197,0.871,230.09,674.183,0.888,223.647,680.353,0.908,220,685.5,0.923,217.723,687.277,0.945,216.239,689.521,0.956,215.5,691,0.988,213.914,692.086,1.105,216.153,692,1.155,218.176,690.912,1.173,223.891,692.473,1.239,262.379,695.931,1.257,283.593,697.084,1.273,306.097,698.205,1.29,327.172,698,1.308,351.246,698,1.324,374.46,698,1.34,410.884,698,1.357,438.517,698,1.375,456.057,696.126,1.391,473.922,696,1.407,488.408,694.815,1.425,497.745,695,1.441,506.422,695,1.459,509,693.5,1.474,510,695.5,1.661,0,0,0,0,0,0,0,0,0,0,0,0,0,0,0,0,0,0,0,0,0,0,0,0,0,0,0,0,0,0,0,0,0,0,0,0,0,0,0,0,0,0,0,0,0,0,0,0,0,0,0,0,0,0,0,0,0,0,0,0,0,0,0,0,0,0,0,0,0,0,0,0,0,0,0,0,0,0,0,0,0,0,0,0,72,1661,LEPD,
184,402,0,204.757,405.114,0.019,229.5,408,0.036,247.174,408.621,0.052,266.652,409.744,0.069,287.443,410.865,0.085,309.761,411.988,0.102,329.994,412,0.119,376.126,414.468,0.135,392.715,414,0.153,409.645,414,0.17,428.987,415,0.186,446.532,415,0.202,459.464,414.154,0.219,470.656,414,0.236,480.794,414,0.253,487.254,414,0.269,490.003,412.666,0.287,493.363,413,0.303,495,411.5,0.335,496.536,412,0.419,493.855,412,0.587,464.168,438.521,0.604,448.92,452.305,0.621,436.121,463.981,0.638,421.756,477.225,0.654,406.019,491.839,0.671,388.99,506.475,0.688,374.981,522.405,0.713,346.866,549.134,0.725,331.149,562.955,0.738,313.174,578.317,0.755,295.862,594.262,0.772,278.995,609.005,0.789,267.793,623.57,0.814,254.161,633.129,0.839,247.172,644.291,0.857,233.74,658.434,0.872,225.88,663.657,0.889,220.595,670.108,0.906,217.073,675.879,0.922,213.717,681.471,0.938,209.121,684.659,1.056,212.017,685.008,1.222,232.544,687.054,1.24,257.537,688.419,1.258,274,689.5,1.275,294.27,690.663,1.291,314.95,691.787,1.307,338.036,692.906,1.324,362.638,694.029,1.341,410.285,694,1.357,434.598,695.275,1.374,458.754,696.398,1.392,478.5,697.5,1.409,499.9,697.641,1.424,515.177,698,1.441,523.326,698,1.458,527.032,698,1.507,524.749,698,1.541,522.463,698,1.635,0,0,0,0,0,0,0,0,0,0,0,0,0,0,0,0,0,0,0,0,0,0,0,0,0,0,0,0,0,0,0,0,0,0,0,0,0,0,0,0,0,0,0,0,0,0,0,0,0,0,0,0,0,0,0,0,0,0,0,0,0,0,0,0,0,0,0,0,0,0,0,0,0,0,0,0,0,0,0,0,0,0,0,0,0,0,0,0,0,0,0,0,0,0,0,0,0,0,0,0,0,0,0,0,0,0,0,0,0,0,0,0,0,0,0,0,0,61,1635,LEPD,
191,402,0,210.379,404.153,0.014,229.597,405.691,0.023,239.559,406,0.041,248.5,406,0.056,258.496,407.055,0.073,268.68,407,0.089,278.722,407,0.108,306.249,408.44,0.125,310.5,406.5,0.146,322.532,407,0.168,333.225,407,0.181,344.266,406.073,0.191,357.569,406,0.207,371.042,406,0.224,384.488,406,0.247,399.386,406,0.258,412.409,406,0.275,425.889,406,0.291,438.562,406,0.307,451.822,406.902,0.324,464.297,405.973,0.341,476.623,407.148,0.365,487.143,406.732,0.374,496.164,405.605,0.392,503.5,407.5,0.408,511.175,407,0.425,515.276,407,0.442,517.5,407,0.524,513.836,408.082,0.574,511.642,409.179,0.607,509.933,410.034,0.745,492.853,425.13,0.758,478.615,435.788,0.776,469.082,443.269,0.796,463.336,449.664,0.81,458.5,456,0.827,451.862,462.448,0.843,443.486,468.886,0.86,429.846,482.154,0.876,423.723,490.388,0.893,414.571,498.251,0.91,405.614,502.193,0.929,396.597,509.552,0.945,391,516,0.961,386.5,526.5,0.977,372.469,534.531,0.994,363.776,544.127,1.01,355.752,554.319,1.027,342.102,563.266,1.044,332.523,572.202,1.062,322.375,582.625,1.078,309.5,594,1.094,302.848,602.152,1.111,293.882,611.882,1.128,285.785,620.215,1.144,278.949,627.051,1.161,272.199,637.202,1.178,266.743,647.263,1.195,252.849,657.397,1.212,245.022,667.476,1.228,239.896,675.345,1.245,231.307,681.719,1.262,225.544,686.456,1.278,222.054,690.928,1.295,218.686,695.419,1.312,215.317,699.911,1.328,211.925,705.792,1.346,207.093,709.907,1.361,203,714,1.378,202,712,1.444,205.083,712,1.495,207.358,710.821,1.528,210.64,708.18,1.546,212,707.5,1.612,231.634,709.086,1.631,252.5,709,1.646,267.76,710.674,1.663,282.32,711.794,1.68,296.02,712.918,1.697,309.47,713,1.713,322.972,714.164,1.73,345.309,714,1.751,356.481,714,1.764,368.5,714,1.78,380.165,713.349,1.797,391.713,713,1.814,400.271,712.104,1.831,408.132,712,1.847,418.252,712,1.863,427.122,712,1.88,436.095,710.613,1.898,445,711,1.915,457.032,709.371,1.931,466.015,708.248,1.947,475.88,708,1.964,483.988,707.002,1.981,487.357,707,1.997,491.957,708.239,2.014,495.089,708,2.031,104,2260,LEPD,
184,407,0,217.422,409.961,0.019,234.23,410,0.035,252.205,410,0.051,270.175,410,0.07,291.048,410,0.086,311.847,410,0.102,347.663,410,0.119,374.686,409.184,0.136,396.739,409,0.152,416.958,407.947,0.169,436.126,408,0.185,456.395,408,0.204,469.557,406.573,0.22,491,407,0.237,504.036,405.331,0.254,516.141,405,0.269,523.487,404.086,0.286,527.111,404,0.371,524.785,404,0.419,522.643,406.357,0.452,519.742,407.086,0.47,514.488,411.134,0.536,490.545,429.841,0.553,477.142,439.893,0.571,464.731,450.038,0.588,449.97,461.331,0.607,438.112,471.181,0.622,427.191,481.328,0.639,410.009,496.192,0.655,394.783,510.939,0.671,381.861,524.139,0.687,369.357,536.643,0.704,358.096,550.084,0.722,340.835,564.743,0.737,327.963,576.701,0.757,308.793,593.307,0.773,293.17,608.095,0.8,277.596,622.404,0.817,264.215,635.785,0.838,253.585,648.285,0.853,245.49,657.51,0.862,236.509,666.491,0.872,226.218,676.782,0.89,220.403,684.029,0.907,216.893,687.661,0.923,214.645,689.677,0.939,213,690.5,0.972,214,692.537,1.005,211.807,693.096,1.105,214.179,693,1.138,217.268,694.089,1.156,223.912,696.765,1.174,237,699,1.192,249.276,699.628,1.206,265.809,700.753,1.223,282.288,701.878,1.24,303.966,703.997,1.257,326.288,706.229,1.273,346.414,707.245,1.29,373.253,707,1.309,394.66,707,1.325,416.745,707.607,1.34,438.147,708,1.357,457.498,708.853,1.382,476.589,709,1.39,492.351,709,1.407,504.384,709,1.426,515.433,710.343,1.44,517.858,710,1.506,514.089,712,1.524,513,712,1.552,511.803,708.705,1.645,0,0,0,0,0,0,0,0,0,0,0,0,0,0,0,0,0,0,0,0,0,0,0,0,0,0,0,0,0,0,0,0,0,0,0,0,0,0,0,0,0,0,0,0,0,0,0,0,0,0,0,0,0,0,0,0,0,0,0,0,0,0,0,0,0,0,0,0,0,0,0,0,0,0,0,0,0,0,0,0,0,73,1645,LEPD,
