185,393,0,;208.742,397.129,0.017,;236.171,399.817,0.035,;261,400.5,0.052,;285.359,399.347,0.068,;310.834,398.225,0.085,;337.505,397.104,0.102,;363.431,397,0.118,;407.437,397,0.135,;428.45,394.481,0.152,;445.047,392.244,0.169,;463,390,0.186,;473.72,390,0.202,;485.73,390,0.219,;495.778,390.864,0.235,;504.888,391.986,0.252,;511.652,392,0.269,;515.918,392,0.285,;519.056,392,0.335,;518,394.357,0.368,;513.116,403.769,0.385,;504.379,410.465,0.403,;493.062,419.551,0.42,;484.418,435.196,0.437,;469.731,448.269,0.454,;452.5,465.5,0.471,;431.021,484.293,0.487,;407.366,501.963,0.504,;383.492,519.863,0.52,;365.177,534.669,0.537,;346.114,545.698,0.554,;329.569,562.136,0.57,;305.747,574.952,0.588,;297.5,592.5,0.605,;279.76,606.556,0.621,;267.403,619.597,0.637,;253.295,631.004,0.654,;242.794,641.206,0.671,;229.306,653.553,0.687,;218.332,662.134,0.704,;212.679,668.321,0.722,;209,675,0.738,;203.501,682.124,0.754,;199.75,687.749,0.771,;199,692.479,0.788,;198.006,695.983,0.805,;196.887,698.225,0.822,;197,700.462,0.838,;197,702.714,0.856,;198.474,704.948,0.872,;202.987,708.792,0.889,;210.037,712.159,0.905,;218.743,714.686,0.922,;237.344,715.964,0.939,;257.513,716,0.955,;284.917,716,0.972,;317.248,716,0.99,;348.523,717.447,1.007,;384,717,1.023,;415.289,717,1.039,;441.689,716.187,1.056,;459.993,716.933,1.073,;480.04,718.058,1.089,;489.561,718,1.106,;494.511,718,1.122,;500.094,716.581,1.14,;505.5,714,1.157,;509.654,713.336,1.173,;514.144,711.428,1.19,;517,710,1.292,;0,0,0,;0,0,0,;0,0,0,;0,0,0,;0,0,0,;0,0,0,;0,0,0,;0,0,0,;0,0,0,;0,0,0,;0,0,0,;0,0,0,;0,0,0,;0,0,0,;0,0,0,;0,0,0,;0,0,0,;0,0,0,;0,0,0,;0,0,0,;0,0,0,;0,0,0,;0,0,0,;0,0,0,;0,0,0,;0,0,0,;0,0,0,;0,0,0,;0,0,0,;0,0,0,;70,,,;1292,,,;JCCCH,,,
195,403,0,;228.981,406.186,0.016,;271.168,408.557,0.033,;303.721,409,0.049,;339.478,409,0.066,;374.601,409,0.082,;407.315,409,0.099,;436.316,409,0.116,;492.202,407.719,0.133,;497.279,406.594,0.15,;508.5,407,0.166,;510.5,405.5,0.217,;503.992,408.004,0.245,;491.922,412.809,0.257,;482.993,419.505,0.269,;463.007,434.495,0.285,;445.59,450.924,0.301,;427.313,469.548,0.317,;405.627,491.628,0.334,;381.821,512.582,0.35,;361.324,533.658,0.367,;335.489,555.074,0.384,;308.554,572.631,0.4,;292.399,587.901,0.418,;268.585,602.12,0.435,;254.687,615.719,0.455,;241.854,627.432,0.468,;227.286,637.531,0.484,;218.284,649.553,0.501,;212.6,656.48,0.518,;206.996,662.004,0.536,;202.706,667.617,0.552,;201.112,671.777,0.569,;198.873,676.255,0.585,;197.314,680.745,0.601,;196.19,683.62,0.618,;195.5,685,0.651,;198.115,685.057,0.668,;201.869,687.579,0.686,;210.92,689.834,0.702,;217,693.5,0.718,;235.518,696.977,0.735,;257.527,700.329,0.751,;280.899,703.7,0.768,;310.561,707.062,0.785,;342.018,709.287,0.802,;380.895,711.523,0.819,;417.792,711,0.837,;450,711,0.853,;471.819,712,0.869,;489.755,712,0.885,;501.7,711.13,0.902,;507.951,710.01,0.919,;510.221,710,0.951,;507.643,708.822,1.068,;0,0,0,;0,0,0,;0,0,0,;0,0,0,;0,0,0,;0,0,0,;0,0,0,;0,0,0,;0,0,0,;0,0,0,;0,0,0,;0,0,0,;0,0,0,;0,0,0,;0,0,0,;0,0,0,;0,0,0,;0,0,0,;0,0,0,;0,0,0,;0,0,0,;0,0,0,;0,0,0,;0,0,0,;0,0,0,;0,0,0,;0,0,0,;0,0,0,;0,0,0,;0,0,0,;0,0,0,;0,0,0,;0,0,0,;0,0,0,;0,0,0,;0,0,0,;0,0,0,;0,0,0,;0,0,0,;0,0,0,;0,0,0,;0,0,0,;0,0,0,;0,0,0,;0,0,0,;55,,,;1068,,,;JCCCH,,,
193,402,0,;218.493,402,0.021,;247.285,402,0.052,;276.118,402,0.069,;308.046,401.481,0.092,;343.115,399.72,0.12,;413.168,394.247,0.143,;493.548,389.879,0.171,;511.212,390,0.206,;520.977,390,0.237,;508.156,400.277,0.254,;493.31,408.823,0.271,;480.919,418.885,0.287,;458.882,438.684,0.306,;436.204,456.436,0.327,;408.586,486.026,0.344,;379.032,513.968,0.361,;352.108,539.484,0.381,;325.212,563.314,0.435,;302.967,585.982,0.471,;224.685,650.884,0.491,;208.98,668.69,0.508,;203.021,675.775,0.529,;200.163,681.593,0.547,;197.922,685.078,0.561,;195.838,687.323,0.58,;194.437,689.563,0.597,;192.594,692.219,0.614,;191.5,695.5,0.644,;192,696.535,0.671,;214.138,698,0.687,;236.666,699.133,0.729,;298.65,700.744,0.74,;335.354,702.495,0.757,;373.218,703.617,0.771,;408.463,704,0.788,;441.029,704,0.804,;469.551,703.018,0.821,;493.155,700.795,0.838,;510.604,702.225,0.855,;517.79,700.651,0.92,;510.663,697.331,1.015,;0,0,0,;0,0,0,;0,0,0,;0,0,0,;0,0,0,;0,0,0,;0,0,0,;0,0,0,;0,0,0,;0,0,0,;0,0,0,;0,0,0,;0,0,0,;0,0,0,;0,0,0,;0,0,0,;0,0,0,;0,0,0,;0,0,0,;0,0,0,;0,0,0,;0,0,0,;0,0,0,;0,0,0,;0,0,0,;0,0,0,;0,0,0,;0,0,0,;0,0,0,;0,0,0,;0,0,0,;0,0,0,;0,0,0,;0,0,0,;0,0,0,;0,0,0,;0,0,0,;0,0,0,;0,0,0,;0,0,0,;0,0,0,;0,0,0,;0,0,0,;0,0,0,;0,0,0,;0,0,0,;0,0,0,;0,0,0,;0,0,0,;0,0,0,;0,0,0,;0,0,0,;0,0,0,;0,0,0,;0,0,0,;0,0,0,;0,0,0,;0,0,0,;42,,,;1015,,,;JCCCH,,,
191,403,0,;229.534,404.541,0.016,;257.523,406.322,0.032,;288.698,407.783,0.049,;322.981,408,0.066,;361.872,406.975,0.082,;398.794,404.709,0.099,;433.253,401.201,0.117,;505.44,395.066,0.134,;505.127,395.489,0.147,;517,394.5,0.166,;518.5,392,0.216,;512.762,397.238,0.233,;506.842,404.389,0.251,;494.43,411.142,0.264,;483.15,422.365,0.281,;467,439,0.303,;437.13,462.241,0.317,;409.713,484.06,0.334,;381.858,507.279,0.351,;358.095,533.086,0.367,;331.005,553.954,0.385,;301.43,576.592,0.402,;280.842,597.705,0.419,;260.65,617.35,0.442,;246.023,634.07,0.454,;234.85,649.411,0.466,;224.567,660.433,0.483,;218.701,668.418,0.504,;215.453,676.277,0.528,;212.099,682.802,0.55,;210,687,0.566,;209.732,687.536,0.616,;215.093,690.031,0.633,;224.23,692.307,0.65,;248.488,694.549,0.669,;277.875,695.395,0.689,;313.603,694.482,0.701,;353.573,692.726,0.717,;395.086,691.241,0.734,;434.789,691,0.751,;467.067,692.002,0.767,;495.02,694.242,0.784,;519.306,695.241,0.804,;524.943,696.368,0.817,;527.956,694.511,0.951,;0,0,0,;0,0,0,;0,0,0,;0,0,0,;0,0,0,;0,0,0,;0,0,0,;0,0,0,;0,0,0,;0,0,0,;0,0,0,;0,0,0,;0,0,0,;0,0,0,;0,0,0,;0,0,0,;0,0,0,;0,0,0,;0,0,0,;0,0,0,;0,0,0,;0,0,0,;0,0,0,;0,0,0,;0,0,0,;0,0,0,;0,0,0,;0,0,0,;0,0,0,;0,0,0,;0,0,0,;0,0,0,;0,0,0,;0,0,0,;0,0,0,;0,0,0,;0,0,0,;0,0,0,;0,0,0,;0,0,0,;0,0,0,;0,0,0,;0,0,0,;0,0,0,;0,0,0,;0,0,0,;0,0,0,;0,0,0,;0,0,0,;0,0,0,;0,0,0,;0,0,0,;0,0,0,;0,0,0,;46,,,;951,,,;JCCCH,,,
193,404,0,;235.275,399.225,0.033,;264.179,395.864,0.042,;299.655,393.501,0.063,;338.125,390.421,0.071,;376.588,388.588,0.087,;412.43,388,0.106,;467.507,388,0.123,;509.948,389.552,0.141,;530.337,392.688,0.156,;545.271,395.042,0.172,;552.278,398.278,0.189,;553.48,400.52,0.205,;550.474,403.145,0.222,;542.462,407.014,0.239,;524.559,412.11,0.256,;499.053,422.226,0.272,;470.44,438.016,0.29,;440.375,455.778,0.307,;410.955,478.501,0.324,;379.738,504.798,0.34,;349.105,532.835,0.361,;317.733,559.898,0.378,;287.011,585.028,0.398,;261.66,606.189,0.414,;245.118,623.557,0.431,;228.579,637.537,0.449,;216.329,650.587,0.47,;194.472,666.245,0.484,;189.335,671.221,0.501,;189.431,673.707,0.517,;188.306,677.083,0.533,;187.187,680.439,0.55,;187,682.866,0.567,;187,684,0.583,;188.087,686.261,0.6,;190.594,688.594,0.618,;197.088,690.835,0.635,;214.5,693,0.665,;239.183,694.661,0.672,;273.858,694.216,0.683,;313.487,694,0.701,;357.83,692.979,0.717,;403.991,693,0.734,;441.12,694.268,0.75,;475.056,695.389,0.769,;509.5,698,0.785,;526.816,699.889,0.805,;538.786,701.754,0.818,;545.5,702.5,0.869,;538.88,700.94,0.991,;0,0,0,;0,0,0,;0,0,0,;0,0,0,;0,0,0,;0,0,0,;0,0,0,;0,0,0,;0,0,0,;0,0,0,;0,0,0,;0,0,0,;0,0,0,;0,0,0,;0,0,0,;0,0,0,;0,0,0,;0,0,0,;0,0,0,;0,0,0,;0,0,0,;0,0,0,;0,0,0,;0,0,0,;0,0,0,;0,0,0,;0,0,0,;0,0,0,;0,0,0,;0,0,0,;0,0,0,;0,0,0,;0,0,0,;0,0,0,;0,0,0,;0,0,0,;0,0,0,;0,0,0,;0,0,0,;0,0,0,;0,0,0,;0,0,0,;0,0,0,;0,0,0,;0,0,0,;0,0,0,;0,0,0,;0,0,0,;0,0,0,;51,,,;991,,,;JCCCH,,,
194,407,0,;220.558,407,0.017,;243.899,407,0.033,;269.399,406.2,0.05,;299.777,404.159,0.067,;333.235,400.877,0.083,;369.106,396.362,0.1,;401.118,393.16,0.118,;465.861,388.395,0.135,;475.594,388.473,0.152,;493.12,388,0.167,;504.693,388,0.184,;512.351,388,0.2,;516,388,0.252,;511.906,391.282,0.284,;502.038,397.476,0.3,;492.491,404.897,0.308,;482.367,413.159,0.341,;452.337,441.637,0.358,;428.841,461.851,0.369,;409.027,480.753,0.386,;384.778,506.566,0.403,;359.201,526.333,0.42,;336.237,548.763,0.436,;313.783,568.373,0.452,;293.006,587.994,0.477,;274.839,604.265,0.49,;257.885,621.115,0.5,;245.832,635.562,0.517,;233.546,650.082,0.535,;221.173,660.388,0.56,;216.186,666.377,0.582,;211.95,673.1,0.592,;206.183,679.817,0.617,;200.387,685.613,0.634,;190.336,696.83,0.658,;188.426,700.574,0.679,;186.166,702.834,0.701,;185.732,704.536,0.767,;192.17,705.028,0.785,;207.108,703.741,0.801,;222.024,702.614,0.819,;244,701.5,0.836,;270.59,698.753,0.851,;299.482,698,0.868,;329.484,698.87,0.885,;358.798,699.992,0.902,;389.844,702.203,0.919,;416.711,704.476,0.935,;442.192,705.356,0.954,;466.47,707.952,0.971,;481.757,708.597,0.986,;492.733,709.717,1.002,;501.697,710.837,1.019,;507.797,711,1.036,;512.32,713.16,1.085,;510.851,710.702,1.104,;507.018,707.862,1.202,;0,0,0,;0,0,0,;0,0,0,;0,0,0,;0,0,0,;0,0,0,;0,0,0,;0,0,0,;0,0,0,;0,0,0,;0,0,0,;0,0,0,;0,0,0,;0,0,0,;0,0,0,;0,0,0,;0,0,0,;0,0,0,;0,0,0,;0,0,0,;0,0,0,;0,0,0,;0,0,0,;0,0,0,;0,0,0,;0,0,0,;0,0,0,;0,0,0,;0,0,0,;0,0,0,;0,0,0,;0,0,0,;0,0,0,;0,0,0,;0,0,0,;0,0,0,;0,0,0,;0,0,0,;0,0,0,;0,0,0,;0,0,0,;0,0,0,;58,,,;1202,,,;JCCCH,,,
189,401,0,;223.145,401,0.016,;242.118,402.125,0.033,;263.622,403.243,0.05,;287.694,403,0.068,;315.763,401.51,0.084,;347.039,399.783,0.1,;394.596,396.804,0.117,;425.953,394.29,0.133,;446.493,393.028,0.15,;461.227,391.906,0.167,;477.046,392,0.183,;488.708,390.663,0.201,;492.292,391,0.218,;494.164,392.582,0.234,;495.702,394.404,0.251,;496.5,396,0.284,;497.07,399.14,0.301,;498.183,401.367,0.334,;499.218,404.653,0.368,;494.603,410.038,0.385,;486.607,415.795,0.402,;470.333,425.25,0.418,;453.379,438.497,0.435,;428.543,449.571,0.451,;411.428,467.286,0.47,;385.21,483.993,0.49,;360.451,509.499,0.503,;337.069,531.931,0.519,;313.007,554.448,0.535,;292.833,574.167,0.552,;275.811,593.214,0.569,;264.69,608.834,0.585,;253.435,625.848,0.604,;244.987,638.52,0.62,;236.005,654.991,0.637,;227.05,661.331,0.653,;220.299,669.181,0.669,;212.969,678.754,0.686,;206.096,686.888,0.703,;197.183,694.715,0.719,;193.097,698.903,0.736,;191.298,700.702,0.801,;192,702.268,0.852,;197.241,706.161,0.87,;212.555,709.639,0.894,;225.087,707.557,0.905,;243.581,705.309,0.921,;268.768,702.633,0.947,;297.153,700.388,0.968,;327.896,697.225,0.986,;360.416,696,1.011,;417.423,698.584,1.022,;443.463,699.411,1.038,;465.5,699,1.055,;481.166,701,1.075,;492.207,701.776,1.087,;499.377,703.792,1.104,;504.075,704,1.171,;498.362,700.617,1.267,;0,0,0,;0,0,0,;0,0,0,;0,0,0,;0,0,0,;0,0,0,;0,0,0,;0,0,0,;0,0,0,;0,0,0,;0,0,0,;0,0,0,;0,0,0,;0,0,0,;0,0,0,;0,0,0,;0,0,0,;0,0,0,;0,0,0,;0,0,0,;0,0,0,;0,0,0,;0,0,0,;0,0,0,;0,0,0,;0,0,0,;0,0,0,;0,0,0,;0,0,0,;0,0,0,;0,0,0,;0,0,0,;0,0,0,;0,0,0,;0,0,0,;0,0,0,;0,0,0,;0,0,0,;0,0,0,;0,0,0,;60,,,;1267,,,;JCCCH,,,
194,401,0,;221.901,408.78,0.017,;237.664,412.142,0.033,;259.096,414.326,0.052,;283.033,415.287,0.068,;312.089,413.596,0.085,;342.84,411.94,0.101,;390.011,409.692,0.117,;425.798,407.452,0.134,;450.754,406.102,0.151,;465.2,403.967,0.167,;483.157,402.865,0.184,;488.551,403,0.401,;487,405.077,0.442,;482.832,410.168,0.452,;480.586,412.414,0.467,;474.389,415.966,0.485,;467.305,420.796,0.502,;454.743,430.551,0.518,;441.01,439.532,0.534,;428.878,450.934,0.551,;413.938,465.129,0.567,;397.164,480.78,0.585,;380.362,501.165,0.6,;364.769,518.835,0.619,;350.568,539.522,0.636,;335,556,0.652,;318.436,572.583,0.668,;305.173,589.524,0.685,;287.594,603.875,0.701,;273.651,620.436,0.718,;260.264,630.302,0.735,;247.957,641.766,0.753,;239.846,655.731,0.77,;226.5,663,0.786,;219.818,671.727,0.802,;212.69,681.827,0.819,;203.097,690.147,0.835,;195.012,697.988,0.852,;189.395,702.484,0.868,;186.26,706.987,0.888,;182.911,710.089,0.903,;178.084,709,0.919,;175.5,709,0.951,;174.463,710.268,1.001,;177.109,710,1.036,;179.46,708.77,1.054,;184.91,708.418,1.07,;191.917,705.893,1.086,;202.208,704.179,1.103,;214.438,703.051,1.12,;226.697,704.063,1.136,;245.022,704,1.153,;260.29,705.306,1.171,;281.79,707.866,1.188,;298.498,707.553,1.204,;320.477,707.326,1.22,;339.727,707,1.237,;360.452,706.081,1.254,;376.549,706,1.27,;393.394,704.84,1.287,;405.114,705,1.304,;418.829,705,1.322,;432,703.5,1.338,;442.091,705,1.354,;452.13,704.234,1.371,;459.34,704.89,1.388,;465.053,705,1.404,;472.933,703.867,1.421,;479.524,704,1.437,;486.264,704,1.456,;489.973,704,1.473,;496.077,704,1.488,;501.69,704,1.505,;504.723,704,1.521,;506,704,1.588,;506.094,701.813,1.736,;0,0,0,;0,0,0,;0,0,0,;0,0,0,;0,0,0,;0,0,0,;0,0,0,;0,0,0,;0,0,0,;0,0,0,;0,0,0,;0,0,0,;0,0,0,;0,0,0,;0,0,0,;0,0,0,;0,0,0,;0,0,0,;0,0,0,;0,0,0,;0,0,0,;0,0,0,;0,0,0,;77,,,;1736,,,;JCCCH,,,
194,398,0,;211.95,400.112,0.018,;242.702,402.623,0.033,;267.418,403.746,0.05,;294.686,404,0.067,;323.69,404,0.084,;355.109,404,0.101,;385.236,402.769,0.118,;447.818,403,0.135,;462.356,401.529,0.152,;474.296,399.407,0.168,;485.741,399,0.184,;492.185,399,0.201,;496.83,398.043,0.218,;499.156,398,0.284,;499,400.268,0.318,;497.189,403.623,0.335,;494.201,406.799,0.36,;490.733,411.267,0.378,;483.943,417.714,0.394,;469.933,429.195,0.421,;453.793,441.965,0.435,;415.52,474.852,0.45,;394.94,494.06,0.467,;372.054,512.435,0.484,;351.552,532.448,0.501,;333.634,551.514,0.517,;311.963,569.242,0.534,;300.358,584.416,0.551,;284,600,0.568,;274.588,611.563,0.584,;266.719,622.79,0.601,;257.119,632.005,0.618,;251.008,640.987,0.65,;247.531,650.586,0.668,;238.573,661.784,0.685,;234.076,667.405,0.702,;227.992,674.609,0.718,;223.091,681.363,0.735,;219.453,686.396,0.752,;216.097,689.903,0.768,;213.819,693.271,0.785,;210.367,696.633,0.802,;205.687,699.985,0.818,;201.187,701.907,0.851,;200.464,703.536,0.901,;205.064,703,0.919,;213.274,701.818,0.936,;222.462,702,0.952,;238.523,702,0.97,;255.5,702,0.987,;279.398,701,1.002,;303.258,701,1.019,;329.948,701,1.036,;355.806,701,1.053,;382.739,701,1.069,;405.792,699.724,1.086,;425.25,700,1.104,;437.5,701.5,1.12,;449.752,701.361,1.136,;456.813,701,1.153,;461.542,701,1.17,;465.026,701,1.242,;478.798,701.641,1.249,;483.961,701.49,1.258,;488.445,702,1.271,;492.199,702,1.287,;494.711,702,1.304,;496,702,1.321,;499.193,702,1.338,;501.424,700.788,1.361,;505.022,700,1.372,;508.39,700,1.471,;0,0,0,;0,0,0,;0,0,0,;0,0,0,;0,0,0,;0,0,0,;0,0,0,;0,0,0,;0,0,0,;0,0,0,;0,0,0,;0,0,0,;0,0,0,;0,0,0,;0,0,0,;0,0,0,;0,0,0,;0,0,0,;0,0,0,;0,0,0,;0,0,0,;0,0,0,;0,0,0,;0,0,0,;0,0,0,;0,0,0,;0,0,0,;73,,,;1471,,,;JCCCH,,,
188,396,0,;207.102,396,0.017,;228.179,396,0.034,;246.947,397.291,0.052,;268.911,397,0.068,;294.425,396.46,0.085,;320.829,395.34,0.101,;348.579,394.217,0.118,;397.405,391.287,0.135,;425.573,391,0.151,;447.859,392.143,0.168,;465.144,390.741,0.186,;487.435,389.609,0.202,;494.077,390.51,0.226,;500.514,391,0.239,;503.5,391.75,0.252,;505,392.5,0.284,;504,394.081,0.3,;504,396.473,0.317,;502.648,400.056,0.335,;498.576,404.899,0.351,;487.775,413.225,0.367,;477.016,423.984,0.384,;462.113,438.038,0.401,;445.514,452.554,0.42,;426.461,471.539,0.435,;403.83,489.336,0.451,;386.649,510.019,0.469,;364.367,527.27,0.485,;347.64,544.633,0.502,;326.713,561.49,0.518,;308.658,576.697,0.535,;289.024,594.09,0.551,;273.109,608.827,0.568,;257.418,623.397,0.585,;245.674,632.721,0.602,;238.999,641.429,0.619,;227,650,0.634,;222.631,656.043,0.652,;218.626,662.748,0.67,;216.175,669.474,0.686,;212.888,678.298,0.702,;210.689,683.777,0.719,;208.452,686.822,0.737,;204.8,691.6,0.754,;199.921,697.079,0.77,;196.718,701.565,0.786,;193.706,705.294,0.803,;193.886,707.772,0.819,;196.009,706.996,0.852,;198.248,707,0.87,;204.853,708.37,0.887,;216.448,708,0.904,;232.041,708,0.932,;250.777,708,0.948,;273.001,707.143,0.969,;293.53,707,0.987,;340.867,708.221,1.003,;366.848,712.024,1.022,;389.65,713.919,1.038,;413.289,715.585,1.054,;434,716.706,1.07,;453.086,717.829,1.087,;468.34,718,1.104,;482.935,718,1.12,;489.156,718,1.137,;493.261,718,1.171,;494.536,716.732,1.188,;496.728,711.59,1.294,;0,0,0,;0,0,0,;0,0,0,;0,0,0,;0,0,0,;0,0,0,;0,0,0,;0,0,0,;0,0,0,;0,0,0,;0,0,0,;0,0,0,;0,0,0,;0,0,0,;0,0,0,;0,0,0,;0,0,0,;0,0,0,;0,0,0,;0,0,0,;0,0,0,;0,0,0,;0,0,0,;0,0,0,;0,0,0,;0,0,0,;0,0,0,;0,0,0,;0,0,0,;0,0,0,;0,0,0,;69,,,;1294,,,;JCCCH,,,
168,396,0,;188.958,396,0.018,;212.472,397.36,0.035,;237.566,399.482,0.052,;264.507,400.604,0.067,;293.555,401.724,0.084,;323.868,401.153,0.1,;356.91,399.073,0.117,;418.956,395.734,0.134,;445.368,394.794,0.152,;466.605,392.34,0.169,;489.348,393,0.186,;504.448,393,0.201,;514.87,392.304,0.218,;518.633,392,0.234,;520,392,0.283,;520.076,394.152,0.32,;511.182,401.182,0.334,;500.64,407.014,0.35,;489.907,413.729,0.367,;479.79,424.122,0.384,;465.598,437.371,0.4,;449.814,449.717,0.417,;424.032,469.611,0.435,;403.44,484.57,0.451,;385.5,504.5,0.468,;365.006,521.922,0.489,;345.501,539.447,0.501,;326.855,558.913,0.518,;308.896,574.085,0.534,;293.191,592.067,0.551,;276.291,606.214,0.568,;263.587,619.413,0.586,;251.586,631.414,0.602,;245.304,640.159,0.618,;237.132,650.602,0.635,;228.145,658.142,0.651,;222.111,663.889,0.668,;218.698,667.302,0.685,;217.781,669.437,0.702,;216.655,674.381,0.719,;214.073,677.391,0.736,;212.825,683.349,0.752,;210.584,687.124,0.769,;208.343,691.314,0.785,;206.101,694.848,0.802,;202.79,698.21,0.819,;200.625,701.563,0.85,;199.687,704.94,0.858,;198.564,708.308,0.918,;206.623,708.925,0.936,;215.346,710.043,0.953,;227.774,710,0.969,;249.181,710,0.986,;269.318,708.593,1.004,;292,710.5,1.02,;319.665,710,1.036,;345.751,710,1.053,;372.456,710.894,1.07,;400.367,711,1.087,;424.971,712.135,1.117,;447.172,712,1.136,;464.437,713,1.156,;493.523,714,1.173,;502.933,713.258,1.187,;507.591,713,1.204,;509.5,713,1.286,;506.911,710.821,1.32,;504.639,709,1.42,;0,0,0,;0,0,0,;0,0,0,;0,0,0,;0,0,0,;0,0,0,;0,0,0,;0,0,0,;0,0,0,;0,0,0,;0,0,0,;0,0,0,;0,0,0,;0,0,0,;0,0,0,;0,0,0,;0,0,0,;0,0,0,;0,0,0,;0,0,0,;0,0,0,;0,0,0,;0,0,0,;0,0,0,;0,0,0,;0,0,0,;0,0,0,;0,0,0,;0,0,0,;0,0,0,;0,0,0,;69,,,;1420,,,;JCCCH,,,
186,402,0,;216.104,404,0.02,;235.006,404,0.037,;257.374,402.881,0.053,;281.022,400.522,0.071,;310.008,398.279,0.088,;340.096,396.03,0.105,;384.161,392.587,0.12,;420.796,391,0.137,;442.325,391,0.154,;457.659,389.052,0.171,;472.17,390.09,0.187,;485.557,388.787,0.205,;489.682,389,0.222,;492.373,390.458,0.239,;495.731,391,0.255,;498.399,391.7,0.271,;500,392.5,0.303,;502.804,393.268,0.363,;503,399.268,0.38,;497.708,405.292,0.387,;490.969,412.703,0.404,;481.066,422.934,0.42,;466.142,436.939,0.437,;450.481,451.482,0.454,;425.528,470.683,0.471,;400.943,488.405,0.489,;376.202,510.598,0.505,;353.5,531.5,0.521,;330.176,552.824,0.538,;309.206,573.027,0.554,;286.392,594.722,0.571,;267.863,615.154,0.589,;251.062,630.809,0.605,;241.71,645.308,0.621,;233.071,658.394,0.639,;222.552,667.448,0.655,;218.541,679.99,0.671,;214.048,691.643,0.687,;209.57,700.86,0.705,;206.06,709.839,0.736,;203.899,714.302,0.745,;202.776,717.449,0.755,;201.659,719.681,0.804,;205.425,719,0.822,;209.325,718.169,0.839,;219.534,716.093,0.855,;240.364,711.713,0.872,;264.036,707.231,0.889,;289.01,701.407,0.906,;319.365,700.126,0.923,;350,698,0.939,;386.337,698,0.956,;414.436,698,0.972,;440.225,698.923,0.989,;461.823,699,1.006,;486.6,700.164,1.023,;497.189,701.29,1.039,;509.44,702.404,1.056,;515.5,700.5,1.088,;514.536,701,1.122,;511.989,698.989,1.14,;509.725,697.863,1.268,;0,0,0,;0,0,0,;0,0,0,;0,0,0,;0,0,0,;0,0,0,;0,0,0,;0,0,0,;0,0,0,;0,0,0,;0,0,0,;0,0,0,;0,0,0,;0,0,0,;0,0,0,;0,0,0,;0,0,0,;0,0,0,;0,0,0,;0,0,0,;0,0,0,;0,0,0,;0,0,0,;0,0,0,;0,0,0,;0,0,0,;0,0,0,;0,0,0,;0,0,0,;0,0,0,;0,0,0,;0,0,0,;0,0,0,;0,0,0,;0,0,0,;0,0,0,;0,0,0,;63,,,;1268,,,;JCCCH,,,
184,403,0,;213.81,401.152,0.017,;232.453,400.034,0.034,;242.736,398.918,0.05,;262.567,397.79,0.068,;285.592,396.67,0.085,;312.356,395.55,0.102,;339.302,393.428,0.118,;368.071,391.61,0.134,;416.669,390.187,0.151,;444.734,390.937,0.167,;460.835,389.94,0.184,;479.943,391.173,0.201,;492.594,391,0.219,;501.803,392.423,0.235,;508.177,393.544,0.252,;511.322,394,0.268,;513,394,0.3,;513.269,396.538,0.317,;513,398.149,0.333,;513,400.55,0.351,;511.608,404.177,0.368,;507.5,407.5,0.384,;495.636,415.454,0.4,;485.915,426.367,0.417,;470.801,438.68,0.434,;453.964,454.034,0.451,;429.343,473.053,0.467,;407.278,493.25,0.484,;383.301,512.233,0.502,;359.814,534.216,0.522,;337.539,553.255,0.534,;315.436,569.467,0.55,;298.081,585.77,0.567,;280.42,600.659,0.584,;269.035,614.158,0.601,;255.394,627.606,0.618,;247.303,638.371,0.636,;241.249,651.043,0.652,;232.379,661.776,0.668,;224.1,672.3,0.686,;219.537,682.39,0.717,;216.171,689.658,0.726,;212.789,696.421,0.735,;210.629,700.743,0.752,;209.691,703.928,0.769,;208.573,705.854,0.851,;215.165,707,0.869,;221.943,707,0.885,;236.398,708.283,0.902,;252.605,708,0.921,;274,709.5,0.937,;297.134,710,0.952,;322.636,710.767,0.969,;347.454,710.116,0.986,;373.245,711.011,1.003,;401.165,711,1.019,;422.997,711,1.036,;444.094,709.627,1.054,;463.859,708.508,1.071,;477.201,707.387,1.087,;488.152,707,1.103,;494.286,706.143,1.12,;500.891,706,1.138,;504.288,704.904,1.153,;507.666,705,1.17,;502.976,703.659,1.267,;0,0,0,;0,0,0,;0,0,0,;0,0,0,;0,0,0,;0,0,0,;0,0,0,;0,0,0,;0,0,0,;0,0,0,;0,0,0,;0,0,0,;0,0,0,;0,0,0,;0,0,0,;0,0,0,;0,0,0,;0,0,0,;0,0,0,;0,0,0,;0,0,0,;0,0,0,;0,0,0,;0,0,0,;0,0,0,;0,0,0,;0,0,0,;0,0,0,;0,0,0,;0,0,0,;0,0,0,;0,0,0,;0,0,0,;67,,,;1267,,,;JCCCH,,,
185,402,0,;212.887,397.71,0.017,;239.228,395.177,0.034,;264.15,395.531,0.056,;288.996,396,0.071,;314.834,396.775,0.084,;344.193,397,0.1,;374.506,397,0.117,;429.604,397,0.137,;451.935,398.258,0.153,;468.472,398.619,0.168,;483.54,398.504,0.185,;491.749,398.375,0.2,;497.742,398.748,0.217,;501.609,399,0.234,;503.5,399,0.285,;502,401.177,0.302,;500.05,404.424,0.319,;496.61,408.987,0.334,;491.409,415.309,0.35,;483.273,425.408,0.367,;471.488,436.556,0.384,;457.957,450.043,0.401,;438.607,468.193,0.419,;420.824,484.852,0.436,;397.948,503.71,0.452,;377.192,521.671,0.469,;356.639,539.301,0.493,;336.424,556.956,0.504,;313.453,573.031,0.517,;296.164,590.892,0.533,;277.045,606.434,0.55,;264.437,623.453,0.568,;250.989,634.593,0.585,;244.204,645.88,0.601,;236.378,654.622,0.617,;226.952,662.482,0.634,;220.479,668.521,0.65,;216.925,672.075,0.667,;213.556,676.592,0.684,;208.938,681.062,0.702,;204.467,685.533,0.719,;202.983,687.017,0.734,;201,689,0.767,;199,693.632,0.784,;199,697.977,0.801,;199,701.344,0.817,;200.238,703.476,0.852,;204.956,705.478,0.869,;210.411,706,0.884,;215.622,706.724,0.901,;224.639,706.151,0.918,;242.418,706,0.935,;254.971,704.912,0.951,;279.439,705,0.968,;294.965,706.331,0.986,;320.436,706,1.003,;348.396,707.576,1.019,;376.356,707.306,1.035,;401.178,706.182,1.052,;427.583,706,1.069,;451.293,706,1.085,;465.339,707.18,1.102,;489.167,709.617,1.12,;495.797,711.844,1.137,;505.5,712.5,1.154,;512.335,713.667,1.169,;515.579,714,1.186,;517,714,1.203,;517.016,711.969,1.219,;517,709.697,1.317,;0,0,0,;0,0,0,;0,0,0,;0,0,0,;0,0,0,;0,0,0,;0,0,0,;0,0,0,;0,0,0,;0,0,0,;0,0,0,;0,0,0,;0,0,0,;0,0,0,;0,0,0,;0,0,0,;0,0,0,;0,0,0,;0,0,0,;0,0,0,;0,0,0,;0,0,0,;0,0,0,;0,0,0,;0,0,0,;0,0,0,;0,0,0,;0,0,0,;0,0,0,;71,,,;1317,,,;JCCCH,,,
175,401,0,;199.901,399.962,0.018,;229.941,400,0.035,;255.71,400,0.052,;283.301,399.412,0.067,;311.75,397.58,0.084,;342.267,396.169,0.1,;373.69,394.094,0.117,;431.806,391.856,0.134,;455.533,392,0.153,;471.939,392,0.169,;486.504,391,0.185,;494.91,391.559,0.202,;500.72,392.68,0.217,;504,393.5,0.251,;500.986,395.029,0.268,;498.673,397.327,0.286,;492.564,402.149,0.303,;486.953,408.047,0.32,;478.23,415.77,0.336,;466.806,427.194,0.351,;454.471,439.529,0.368,;437.659,455.445,0.385,;420.749,473.268,0.402,;393.71,493.468,0.42,;370.528,512.43,0.437,;351.16,532.84,0.461,;328.454,547.034,0.474,;309.658,560.851,0.484,;288.308,574.714,0.5,;270.799,591.073,0.517,;252.167,604.882,0.534,;240.894,621.658,0.551,;228.482,632.289,0.569,;217.451,643.549,0.586,;210.676,656.223,0.602,;203.809,662.79,0.618,;198.125,670.312,0.635,;192.796,676.204,0.651,;191.04,681.798,0.668,;188.831,686.337,0.685,;187.798,690.81,0.702,;188,692.647,0.718,;188,694.892,0.751,;193.073,697.691,0.768,;199.662,700.427,0.785,;211.239,702.862,0.802,;221.444,705.099,0.818,;245.615,707.344,0.835,;265.366,707,0.853,;288.334,708.417,0.87,;316,708,0.893,;345.829,709.66,0.905,;376.56,710.778,0.919,;405.55,710.098,0.936,;435.617,710,0.953,;459.057,708.854,0.969,;476.218,710.264,0.987,;492.846,710,1.005,;498.051,712.509,1.021,;504.157,713,1.036,;506,709.982,1.139,;0,0,0,;0,0,0,;0,0,0,;0,0,0,;0,0,0,;0,0,0,;0,0,0,;0,0,0,;0,0,0,;0,0,0,;0,0,0,;0,0,0,;0,0,0,;0,0,0,;0,0,0,;0,0,0,;0,0,0,;0,0,0,;0,0,0,;0,0,0,;0,0,0,;0,0,0,;0,0,0,;0,0,0,;0,0,0,;0,0,0,;0,0,0,;0,0,0,;0,0,0,;0,0,0,;0,0,0,;0,0,0,;0,0,0,;0,0,0,;0,0,0,;0,0,0,;0,0,0,;0,0,0,;62,,,;1139,,,;JCCCH,,,
170,411,0,;198.75,405.618,0.017,;221.785,402.838,0.033,;247.858,400.595,0.05,;276.384,398.355,0.065,;307.518,396.106,0.082,;341.035,393.864,0.099,;375.681,391.633,0.117,;445.85,389.384,0.134,;462.167,390,0.15,;482.377,390,0.167,;500.781,391.348,0.182,;513.173,392,0.199,;517.756,392,0.216,;519.5,392,0.233,;518,394.158,0.251,;515.448,399.103,0.268,;508.99,405.01,0.284,;495.226,409.15,0.299,;482.217,417.189,0.315,;465.742,428.428,0.331,;449.57,441.655,0.348,;428.799,456.138,0.365,;408.684,475.187,0.382,;386.003,495.497,0.4,;362.159,515.72,0.417,;338.664,537.352,0.433,;315.707,554.449,0.449,;296.215,571.312,0.466,;277.392,587.889,0.482,;259.322,603.718,0.507,;244.722,621.573,0.516,;231.316,637.132,0.533,;221.88,651.507,0.551,;216.206,660.191,0.567,;211.641,670.307,0.583,;206.444,678.978,0.6,;202.518,685.964,0.631,;199.146,692.707,0.641,;196.847,696.229,0.65,;194.612,698.388,0.748,;201.706,700.927,0.766,;210.362,701,0.783,;218.159,702.166,0.8,;235.05,703.289,0.818,;253.444,701.597,0.835,;277,700.5,0.851,;301.352,698.692,0.868,;329.346,697.226,0.884,;358.345,697,0.901,;386.469,698.019,0.917,;409.922,699.139,0.934,;435.982,701.52,0.951,;459.037,702.383,0.969,;476.454,704.995,0.986,;494.489,704.624,1.001,;507.192,705,1.018,;513.461,705,1.034,;515.98,704.01,1.052,;509.349,704,1.148,;0,0,0,;0,0,0,;0,0,0,;0,0,0,;0,0,0,;0,0,0,;0,0,0,;0,0,0,;0,0,0,;0,0,0,;0,0,0,;0,0,0,;0,0,0,;0,0,0,;0,0,0,;0,0,0,;0,0,0,;0,0,0,;0,0,0,;0,0,0,;0,0,0,;0,0,0,;0,0,0,;0,0,0,;0,0,0,;0,0,0,;0,0,0,;0,0,0,;0,0,0,;0,0,0,;0,0,0,;0,0,0,;0,0,0,;0,0,0,;0,0,0,;0,0,0,;0,0,0,;0,0,0,;0,0,0,;0,0,0,;60,,,;1148,,,;JCCCH,,,
190,408,0,;234.237,407,0.017,;258.951,407,0.035,;280.966,405.702,0.051,;304.873,406,0.068,;333.176,404.455,0.081,;362.954,403.335,0.099,;412.959,401.425,0.115,;444.07,401,0.132,;464.557,403.062,0.149,;488.178,403,0.165,;502.813,403,0.185,;514.353,403,0.2,;521,403,0.215,;521,401.5,0.265,;520,405.002,0.282,;517.758,408.362,0.299,;510.523,411.739,0.317,;498.392,421.887,0.334,;485.598,433.911,0.35,;470.263,448.911,0.366,;454.505,466.417,0.383,;433.128,482.915,0.4,;415.423,501.521,0.416,;392.013,518.419,0.433,;369.706,536.435,0.449,;352.716,554.284,0.467,;328.794,572.365,0.49,;307.735,591.265,0.501,;286.232,608.549,0.517,;269.282,623.718,0.533,;252.793,636.419,0.55,;242.429,650.825,0.567,;229.949,660.678,0.583,;218.875,672.125,0.602,;214.845,680.447,0.618,;209.794,687.206,0.635,;205.981,691.693,0.65,;202.622,696.17,0.667,;200.171,699.743,0.684,;200,703.105,0.701,;198.844,705.312,0.734,;200.201,707.402,0.767,;204.578,708.645,0.784,;211.371,709.767,0.801,;220.103,710,0.818,;235.149,708.989,0.834,;251.934,709,0.851,;275.089,709,0.867,;291.993,709,0.886,;318.874,707.506,0.902,;345.155,710.615,0.918,;371.7,711.737,0.935,;398.58,711.142,0.952,;423.602,711,0.968,;446.052,711,1.001,;481.43,711,1.019,;493.636,711,1.036,;500.698,710.413,1.052,;508.956,710.708,1.069,;515.153,710.169,1.085,;517.911,709.045,1.102,;520.148,707.926,1.118,;524.796,706.801,1.219,;0,0,0,;0,0,0,;0,0,0,;0,0,0,;0,0,0,;0,0,0,;0,0,0,;0,0,0,;0,0,0,;0,0,0,;0,0,0,;0,0,0,;0,0,0,;0,0,0,;0,0,0,;0,0,0,;0,0,0,;0,0,0,;0,0,0,;0,0,0,;0,0,0,;0,0,0,;0,0,0,;0,0,0,;0,0,0,;0,0,0,;0,0,0,;0,0,0,;0,0,0,;0,0,0,;0,0,0,;0,0,0,;0,0,0,;0,0,0,;0,0,0,;0,0,0,;64,,,;1219,,,;JCCCH,,,
189,410,0,;257.845,401.65,0.017,;291.116,399.199,0.044,;322.639,396.954,0.061,;354.912,395.86,0.085,;386.133,394.736,0.106,;455.556,391.977,0.123,;488.465,390.369,0.135,;506.071,390.754,0.151,;516.117,391,0.168,;520.985,391.996,0.185,;523,392.5,0.202,;522.119,394.237,0.22,;517.925,398.075,0.237,;508.721,404.4,0.253,;494.561,411.22,0.269,;479.604,421.951,0.285,;461.665,437.648,0.312,;441.584,455.481,0.324,;423.587,476.678,0.336,;397.205,500.378,0.354,;375.367,519.969,0.374,;353.953,540.69,0.393,;333.8,559.775,0.412,;314.453,577.456,0.429,;297.561,594.256,0.446,;279.039,612.022,0.474,;248.528,641.118,0.485,;240.597,657.205,0.503,;228.755,667.245,0.52,;218.709,677.484,0.536,;211.977,684.682,0.552,;206.031,687.588,0.568,;201.35,689.825,0.585,;198.942,691.029,0.618,;197.863,693.275,0.652,;200.518,696.777,0.669,;205.199,698.64,0.685,;211.567,700.522,0.702,;219.172,702.763,0.719,;235.066,703,0.735,;252.965,701.877,0.752,;278.52,699.498,0.768,;298.986,698.632,0.787,;326.179,696.028,0.804,;354.452,695.391,0.819,;383.977,695,0.836,;406.356,695,0.852,;430.466,695,0.869,;451.829,695,0.885,;464.575,695,0.902,;480.691,695,0.921,;487.651,695,0.938,;489.166,694.417,0.953,;491.408,694,0.97,;493,694,1.002,;494.536,692.732,1.02,;498.377,690.812,1.036,;504.57,688.372,1.134,;0,0,0,;0,0,0,;0,0,0,;0,0,0,;0,0,0,;0,0,0,;0,0,0,;0,0,0,;0,0,0,;0,0,0,;0,0,0,;0,0,0,;0,0,0,;0,0,0,;0,0,0,;0,0,0,;0,0,0,;0,0,0,;0,0,0,;0,0,0,;0,0,0,;0,0,0,;0,0,0,;0,0,0,;0,0,0,;0,0,0,;0,0,0,;0,0,0,;0,0,0,;0,0,0,;0,0,0,;0,0,0,;0,0,0,;0,0,0,;0,0,0,;0,0,0,;0,0,0,;0,0,0,;0,0,0,;0,0,0,;0,0,0,;59,,,;1134,,,;JCCCH,,,
212,408,0,;284.958,403.958,0.017,;298.835,404,0.034,;320.883,404,0.052,;350.588,402.616,0.068,;380.585,399.993,0.085,;409.246,397.75,0.1,;436.129,395.511,0.117,;479.224,393.269,0.134,;495.869,393,0.151,;508.219,394.111,0.167,;513.157,394,0.202,;512.524,398.427,0.219,;509.607,402.393,0.234,;503.691,407.591,0.251,;494.401,414.066,0.294,;475.925,435.845,0.317,;447.155,467.126,0.336,;422.112,483.666,0.352,;400.054,505.102,0.37,;376.52,524.411,0.385,;355.38,542.183,0.402,;336.108,559.957,0.419,;311.873,573.615,0.435,;295.423,591.749,0.451,;272.302,605.704,0.471,;256.561,623.439,0.495,;244.148,637.47,0.518,;222.004,661.996,0.534,;215.46,673.08,0.551,;207.797,682.232,0.568,;201.118,687.735,0.584,;194.406,693.328,0.602,;191.825,696.175,0.618,;190,699.5,0.65,;188.464,701.804,0.697,;187.998,705.005,0.72,;190.241,706.121,0.743,;194.517,707.36,0.759,;204.279,708.48,0.772,;216.654,709,0.787,;236.254,709,0.802,;261.488,707.305,0.82,;286.331,706.03,0.835,;315.402,704.908,0.852,;344.539,705,0.869,;377.736,705,0.887,;405.866,707.913,0.903,;422.931,710.726,0.919,;443.621,713.402,0.936,;458.849,715.642,0.952,;473.26,716,0.969,;486.739,718.123,0.986,;493.107,718,1.003,;499.831,716.695,1.019,;502.283,717,1.052,;502.268,714.465,1.085,;505.832,711.168,1.103,;511.186,709.963,1.12,;515.62,707.69,1.216,;0,0,0,;0,0,0,;0,0,0,;0,0,0,;0,0,0,;0,0,0,;0,0,0,;0,0,0,;0,0,0,;0,0,0,;0,0,0,;0,0,0,;0,0,0,;0,0,0,;0,0,0,;0,0,0,;0,0,0,;0,0,0,;0,0,0,;0,0,0,;0,0,0,;0,0,0,;0,0,0,;0,0,0,;0,0,0,;0,0,0,;0,0,0,;0,0,0,;0,0,0,;0,0,0,;0,0,0,;0,0,0,;0,0,0,;0,0,0,;0,0,0,;0,0,0,;0,0,0,;0,0,0,;0,0,0,;0,0,0,;60,,,;1216,,,;JCCCH,,,
189,401,0,;211.043,401,0.017,;240.851,400.528,0.034,;267.193,399.409,0.05,;296.28,397.572,0.066,;326.491,395.334,0.083,;360.678,393.085,0.1,;392.124,391.924,0.116,;452.209,390.804,0.134,;465.76,389.68,0.151,;484.316,390.557,0.168,;497.2,390.564,0.184,;506.798,391.685,0.2,;511.418,392.806,0.217,;513.5,393.5,0.233,;514.047,395.047,0.268,;512.855,399.582,0.285,;510.173,403.24,0.302,;503.796,408.136,0.318,;495.735,413.949,0.334,;486.777,423.001,0.351,;475.998,435.802,0.367,;460.709,447.208,0.384,;443.917,461.805,0.401,;423.225,475.183,0.419,;405.81,490.03,0.443,;383.364,508.597,0.456,;363.604,527.275,0.466,;344.484,548.267,0.483,;326.019,566.981,0.499,;309.087,585.902,0.525,;296.048,602.953,0.535,;276.996,622.004,0.551,;266.06,635.657,0.568,;247.817,651.704,0.585,;238.992,663.008,0.6,;226.309,672.794,0.617,;218.784,681.746,0.634,;214.146,686.854,0.651,;211.832,689.168,0.667,;209.586,691.414,0.684,;207.345,694.983,0.701,;203.649,698.351,0.734,;202.464,699.536,0.783,;209.179,699,0.801,;213.71,700.178,0.817,;220.809,700,0.836,;236.015,701.418,0.852,;253.5,701,0.869,;272.328,701.334,0.884,;292.179,701.788,0.912,;313.262,701.091,0.932,;335.667,702.029,0.941,;361.489,703.152,0.952,;385.821,704.265,0.97,;409.287,705.395,0.987,;434.763,705,1.004,;455.78,705,1.019,;478.699,705.759,1.036,;496.32,706,1.052,;513.005,706,1.069,;520.831,707.119,1.094,;526.196,709.478,1.114,;530.724,709,1.134,;532.978,709,1.25,;0,0,0,;0,0,0,;0,0,0,;0,0,0,;0,0,0,;0,0,0,;0,0,0,;0,0,0,;0,0,0,;0,0,0,;0,0,0,;0,0,0,;0,0,0,;0,0,0,;0,0,0,;0,0,0,;0,0,0,;0,0,0,;0,0,0,;0,0,0,;0,0,0,;0,0,0,;0,0,0,;0,0,0,;0,0,0,;0,0,0,;0,0,0,;0,0,0,;0,0,0,;0,0,0,;0,0,0,;0,0,0,;0,0,0,;0,0,0,;0,0,0,;65,,,;1250,,,;JCCCH,,,
164,405,0,;187.209,402.982,0.017,;206.775,403,0.033,;227.123,403,0.051,;247.295,403,0.068,;271.108,402.471,0.085,;295.24,401.353,0.1,;319.221,400.228,0.117,;363.336,399.106,0.134,;390.186,396.983,0.15,;409.275,397,0.167,;430.913,395.741,0.185,;449.341,394.627,0.202,;464,393.5,0.219,;476.449,391.758,0.234,;486.21,390.256,0.251,;492.309,390,0.268,;498.916,390,0.285,;502.313,390,0.301,;505.69,391.23,0.318,;507.689,392.345,0.336,;508.472,394.943,0.353,;510.593,397.187,0.368,;511.712,399.423,0.385,;513.672,402.507,0.401,;515,404.5,0.426,;515.039,406.117,0.452,;513.839,409.482,0.47,;508.223,413.332,0.491,;495.935,419.814,0.503,;486.51,429.548,0.519,;472.681,440.277,0.536,;456.941,453.193,0.553,;433.921,471.873,0.569,;415.12,488.541,0.586,;386.894,508.033,0.604,;362.859,527.064,0.621,;342.214,549.786,0.637,;317.861,570.189,0.653,;295.969,590.811,0.67,;276.729,608.475,0.686,;260.679,624.321,0.705,;247.306,637.694,0.72,;238.866,651.201,0.738,;227.188,661.812,0.755,;220.452,670.076,0.771,;216.117,678.393,0.787,;211.999,684.752,0.804,;208.391,688.609,0.82,;206.012,691.983,0.837,;203.775,694.225,0.904,;209.806,694.602,0.92,;215.34,695.723,0.937,;224.586,696,0.954,;242.448,696,0.971,;260.307,696,0.987,;281.987,694.79,1.004,;303.263,695,1.022,;326.045,695,1.039,;352.896,695,1.055,;379.986,695,1.071,;402.486,695.815,1.088,;427.55,696,1.105,;451.209,696,1.121,;467.704,696,1.138,;487.116,696,1.156,;494.795,696,1.173,;506,697.5,1.189,;512.342,697.668,1.205,;515.576,698,1.222,;517,698,1.254,;507.584,698,1.448,;0,0,0,;0,0,0,;0,0,0,;0,0,0,;0,0,0,;0,0,0,;0,0,0,;0,0,0,;0,0,0,;0,0,0,;0,0,0,;0,0,0,;0,0,0,;0,0,0,;0,0,0,;0,0,0,;0,0,0,;0,0,0,;0,0,0,;0,0,0,;0,0,0,;0,0,0,;0,0,0,;0,0,0,;0,0,0,;0,0,0,;0,0,0,;0,0,0,;72,,,;1448,,,;JCCCH,,,
171,411,0,;198.06,407.059,0.017,;216.067,405.408,0.033,;235.105,404.288,0.049,;255.827,403.167,0.066,;278.067,402.047,0.083,;302.624,400.926,0.1,;327.282,399.805,0.118,;386.101,397.371,0.135,;408.094,397,0.151,;433.942,397,0.167,;456.984,397.683,0.189,;479.859,398,0.201,;499.717,398.924,0.218,;516.711,400.047,0.234,;525.364,401.17,0.251,;533.013,401,0.283,;531,403.532,0.318,;517.755,411.123,0.334,;503.395,419.203,0.352,;486.657,432.274,0.368,;465.318,446.835,0.409,;442.233,466.718,0.424,;385.96,509.531,0.436,;360.915,530.839,0.455,;338.802,552.198,0.473,;312.263,569.173,0.508,;271.147,603.526,0.517,;250.797,621.736,0.535,;238.726,636.987,0.552,;223.801,654.153,0.568,;214.187,665.617,0.584,;204.5,677.222,0.6,;196.961,685.039,0.617,;193.11,687.927,0.634,;190.832,690.168,0.667,;189.834,692.332,0.684,;191.449,694.899,0.733,;195.449,696.816,0.751,;202.532,697.933,0.768,;213.534,696.947,0.784,;223.589,697,0.801,;246.731,695.698,0.819,;263.699,694.581,0.836,;288.5,693.5,0.852,;315.959,692.335,0.868,;340.508,691.214,0.885,;369.469,691,0.901,;398.809,692.031,0.918,;424.381,695.441,0.935,;447.73,698.819,0.952,;465.681,699.393,0.971,;490.5,702,0.986,;498.957,703.632,1.002,;508.292,703.244,1.019,;511.763,703,1.035,;513,703,1.084,;509.817,700.817,1.204,;0,0,0,;0,0,0,;0,0,0,;0,0,0,;0,0,0,;0,0,0,;0,0,0,;0,0,0,;0,0,0,;0,0,0,;0,0,0,;0,0,0,;0,0,0,;0,0,0,;0,0,0,;0,0,0,;0,0,0,;0,0,0,;0,0,0,;0,0,0,;0,0,0,;0,0,0,;0,0,0,;0,0,0,;0,0,0,;0,0,0,;0,0,0,;0,0,0,;0,0,0,;0,0,0,;0,0,0,;0,0,0,;0,0,0,;0,0,0,;0,0,0,;0,0,0,;0,0,0,;0,0,0,;0,0,0,;0,0,0,;0,0,0,;0,0,0,;58,,,;1204,,,;JCCCH,,,
195,407,0,;230.996,405.941,0.017,;268.376,404.465,0.034,;295.764,403.343,0.049,;321.845,401.448,0.066,;348.598,400.1,0.083,;375.45,398.981,0.1,;402.396,397.859,0.118,;455.679,398,0.134,;468.942,399.386,0.151,;488.078,400.507,0.168,;500.277,401,0.183,;508.481,401,0.2,;511.739,401.87,0.217,;513,402.5,0.25,;508.769,405.231,0.268,;502.229,409.062,0.285,;490.177,417.345,0.302,;478.795,427.004,0.328,;464.618,438.217,0.34,;450.943,451.057,0.351,;434.55,467.45,0.368,;422.1,480.981,0.384,;402.594,499.206,0.403,;387.395,513.276,0.419,;369.147,532.303,0.471,;331.986,569.014,0.481,;311.497,588.687,0.487,;293.974,607.896,0.5,;274.983,625.957,0.516,;259.509,641.491,0.533,;246.381,657.222,0.552,;237.213,667.208,0.568,;224.109,679.434,0.585,;216.665,688.002,0.601,;212.637,692.363,0.617,;211.092,694.817,0.634,;210.5,696,0.766,;218.018,698.004,0.784,;226.981,699.123,0.8,;242.201,699,0.817,;255.421,699,0.836,;280.661,697.517,0.852,;300.043,696.389,0.867,;325.799,696,0.884,;350.731,696.851,0.901,;378.394,697,0.918,;404.214,697,0.934,;431.211,697,0.951,;454.137,698.34,0.97,;468.908,698,0.986,;484.832,698,1.002,;491.81,698,1.019,;494.649,698,1.035,;496,698,1.084,;492.845,696.923,1.202,;0,0,0,;0,0,0,;0,0,0,;0,0,0,;0,0,0,;0,0,0,;0,0,0,;0,0,0,;0,0,0,;0,0,0,;0,0,0,;0,0,0,;0,0,0,;0,0,0,;0,0,0,;0,0,0,;0,0,0,;0,0,0,;0,0,0,;0,0,0,;0,0,0,;0,0,0,;0,0,0,;0,0,0,;0,0,0,;0,0,0,;0,0,0,;0,0,0,;0,0,0,;0,0,0,;0,0,0,;0,0,0,;0,0,0,;0,0,0,;0,0,0,;0,0,0,;0,0,0,;0,0,0,;0,0,0,;0,0,0,;0,0,0,;0,0,0,;0,0,0,;0,0,0,;56,,,;1202,,,;JCCCH,,,
204,409,0,;257.798,409,0.017,;284.929,408.128,0.034,;310.774,407.01,0.05,;338.826,404.774,0.067,;365.593,401.301,0.086,;391.081,397.946,0.102,;422.16,396.044,0.119,;450.382,395,0.134,;466.112,395.722,0.151,;480.053,396.838,0.168,;488.744,397,0.184,;494.421,398.084,0.201,;497.613,399.204,0.285,;492.551,403.633,0.302,;490.126,406.811,0.318,;485.77,412.288,0.34,;480.122,419.053,0.361,;466.705,431.595,0.375,;452.254,445.481,0.387,;434.324,461.676,0.403,;415.079,478.934,0.419,;394.874,497.341,0.436,;372.833,513.717,0.468,;355.514,532.378,0.476,;335.123,548.574,0.484,;313.875,567.586,0.502,;300.881,582.513,0.519,;283.849,599.664,0.536,;271.651,616.158,0.552,;258.891,631.109,0.568,;249.828,645.463,0.585,;241.983,658.027,0.601,;233.052,669.185,0.618,;225.291,677.954,0.636,;221.543,684.186,0.653,;215.565,689.435,0.67,;213.782,692.827,0.685,;211.535,696.197,0.702,;209.297,698.703,0.719,;208.028,700.944,0.736,;207.5,702,0.802,;210.215,701,0.819,;218.235,702.706,0.836,;229.878,703.823,0.852,;246.207,704,0.869,;265.116,704,0.886,;285.349,701.628,0.902,;313.436,702,0.921,;341.723,700.571,0.937,;365.686,701,0.953,;391.561,701.677,0.969,;415.688,702,0.986,;434.665,702.917,1.003,;453.668,704.039,1.02,;464.595,704,1.036,;477.086,704,1.054,;485.226,704,1.069,;488,704,1.102,;488.535,702.732,1.169,;486.949,700.898,1.287,;0,0,0,;0,0,0,;0,0,0,;0,0,0,;0,0,0,;0,0,0,;0,0,0,;0,0,0,;0,0,0,;0,0,0,;0,0,0,;0,0,0,;0,0,0,;0,0,0,;0,0,0,;0,0,0,;0,0,0,;0,0,0,;0,0,0,;0,0,0,;0,0,0,;0,0,0,;0,0,0,;0,0,0,;0,0,0,;0,0,0,;0,0,0,;0,0,0,;0,0,0,;0,0,0,;0,0,0,;0,0,0,;0,0,0,;0,0,0,;0,0,0,;0,0,0,;0,0,0,;0,0,0,;0,0,0,;61,,,;1287,,,;JCCCH,,,
194,402,0,;236.1,403.814,0.018,;258.74,404,0.034,;282.165,404,0.051,;306.877,402.824,0.069,;330.221,401.704,0.094,;357.071,400.161,0.111,;393.776,397.373,0.138,;424.884,394.68,0.155,;458.023,391.098,0.169,;472.295,391,0.186,;485.807,389.849,0.204,;494.158,391.27,0.22,;503.105,393.776,0.237,;506.538,395.025,0.253,;509.263,397.263,0.272,;511,399,0.319,;505.753,402.247,0.336,;501.047,404.476,0.354,;493.821,408.089,0.371,;485.591,414.922,0.387,;474.116,424.671,0.403,;460.241,438.488,0.429,;444.337,453.819,0.442,;427.367,472.584,0.451,;407.344,492.656,0.468,;385.913,511.656,0.485,;363.23,533.432,0.503,;343.819,551.726,0.52,;321.634,571.879,0.536,;300.07,591.632,0.552,;279.366,611.811,0.569,;261.854,629.146,0.585,;247.145,645.987,0.602,;237.3,661.645,0.619,;224.606,676.011,0.637,;216.562,687.728,0.654,;209.685,695.315,0.67,;203.634,700.693,0.686,;199.617,703.588,0.702,;197.5,705,0.719,;195.947,706.035,0.752,;197.14,708.281,0.786,;202.048,709.262,0.804,;213.152,710.644,0.819,;224.417,711.765,0.836,;242.06,712.886,0.854,;261.18,713,0.869,;283.625,713,0.886,;307.333,713,0.903,;332.179,711.628,0.921,;353.967,710.502,0.938,;385.001,709.385,0.953,;411.237,709,0.97,;435.904,709.859,0.987,;459.663,710,1.004,;482.049,711.102,1.02,;495.962,711,1.036,;506.452,711,1.055,;513.246,712.464,1.07,;514.5,712,1.136,;511.866,709.732,1.235,;0,0,0,;0,0,0,;0,0,0,;0,0,0,;0,0,0,;0,0,0,;0,0,0,;0,0,0,;0,0,0,;0,0,0,;0,0,0,;0,0,0,;0,0,0,;0,0,0,;0,0,0,;0,0,0,;0,0,0,;0,0,0,;0,0,0,;0,0,0,;0,0,0,;0,0,0,;0,0,0,;0,0,0,;0,0,0,;0,0,0,;0,0,0,;0,0,0,;0,0,0,;0,0,0,;0,0,0,;0,0,0,;0,0,0,;0,0,0,;0,0,0,;0,0,0,;0,0,0,;0,0,0,;62,,,;1235,,,;JCCCH,,,
188,404,0,;207.357,404,0.016,;229.365,405.243,0.03,;249.757,406.375,0.044,;271.5,407.5,0.063,;296.465,407,0.083,;322.485,406.271,0.096,;350.952,405.156,0.111,;401.429,404.012,0.127,;424.266,402.887,0.149,;443.475,401.737,0.163,;460.201,402,0.178,;471.163,399.061,0.195,;482.5,398.5,0.214,;484.441,397.279,0.235,;486,396.5,0.261,;483.973,399.055,0.286,;484,401.343,0.302,;482.38,405.241,0.321,;479.228,409.772,0.337,;473.032,415.968,0.352,;465.188,425.187,0.37,;454.882,437.742,0.395,;439.064,451.149,0.41,;423.112,469.555,0.422,;396.725,487.119,0.437,;373.442,509.851,0.453,;350.795,531.113,0.471,;323.814,552.458,0.484,;299.981,572.684,0.51,;277.484,590.584,0.523,;254.948,606.636,0.533,;238.593,624.466,0.55,;220.643,640.063,0.562,;211.567,658.325,0.582,;199.975,670.83,0.598,;193.5,681,0.619,;190.186,687.023,0.636,;188.273,691.909,0.65,;186.25,694.75,0.663,;186,697.017,0.7,;186,699.209,0.735,;188.458,701.458,0.756,;196.663,704.166,0.769,;208.651,705.721,0.786,;219.613,706,0.808,;240.951,705.05,0.821,;261.697,705,0.831,;285.473,703.787,0.847,;317.14,705.339,0.868,;347.434,705,0.885,;374.875,706.56,0.898,;398.106,707.69,0.914,;422.969,708.825,0.935,;445.985,710.898,0.957,;461.475,712.034,0.97,;478.885,712,0.985,;489.065,713.307,1,;491.711,713,1.015,;493,710,1.051,;490.221,707.442,1.075,;489.5,706,1.182,;0,0,0,;0,0,0,;0,0,0,;0,0,0,;0,0,0,;0,0,0,;0,0,0,;0,0,0,;0,0,0,;0,0,0,;0,0,0,;0,0,0,;0,0,0,;0,0,0,;0,0,0,;0,0,0,;0,0,0,;0,0,0,;0,0,0,;0,0,0,;0,0,0,;0,0,0,;0,0,0,;0,0,0,;0,0,0,;0,0,0,;0,0,0,;0,0,0,;0,0,0,;0,0,0,;0,0,0,;0,0,0,;0,0,0,;0,0,0,;0,0,0,;0,0,0,;0,0,0,;0,0,0,;62,,,;1182,,,;JCCCH,,,
197,412,0,;236.769,408.498,0.019,;259.7,407.157,0.031,;285.528,405.041,0.049,;313.679,402.786,0.068,;343.206,400.614,0.089,;375.018,397.034,0.1,;403.114,395.031,0.115,;460,393,0.135,;467.292,392.706,0.151,;484.999,392.188,0.165,;500.405,392.954,0.182,;513.937,393,0.201,;519.006,393,0.22,;520.573,393,0.272,;520,395.361,0.302,;512.479,403.521,0.32,;502.413,409.326,0.338,;490.466,416.976,0.35,;478.887,430.425,0.368,;460.772,445.397,0.388,;440.533,461.861,0.406,;418.04,480.072,0.418,;395.54,499.914,0.433,;371.111,521.177,0.454,;348.502,541.448,0.49,;305.166,581.313,0.5,;286.688,602.101,0.519,;267.5,617.5,0.54,;253.989,632.011,0.553,;243.06,647.395,0.568,;231.413,659.715,0.584,;221.997,671.004,0.601,;216.419,683.278,0.618,;212.05,689.425,0.637,;208.928,693.43,0.652,;208.524,694.952,0.684,;207.731,696.538,0.75,;211.133,697.044,0.767,;215.017,698.339,0.785,;221.298,698,0.802,;237,701,0.818,;256.252,699.703,0.835,;276.665,699.176,0.851,;298.983,699,0.868,;322.422,700.068,0.885,;344.762,700,0.901,;373.797,702.624,0.918,;400.343,704.862,0.936,;418.5,710,0.952,;443.855,712.353,0.968,;461.148,713.796,0.985,;479.584,714,1.002,;491.393,714,1.032,;502.595,712.84,1.051,;507.122,713.281,1.059,;511.613,714.403,1.118,;508.866,711.732,1.136,;507.994,708.981,1.233,;0,0,0,;0,0,0,;0,0,0,;0,0,0,;0,0,0,;0,0,0,;0,0,0,;0,0,0,;0,0,0,;0,0,0,;0,0,0,;0,0,0,;0,0,0,;0,0,0,;0,0,0,;0,0,0,;0,0,0,;0,0,0,;0,0,0,;0,0,0,;0,0,0,;0,0,0,;0,0,0,;0,0,0,;0,0,0,;0,0,0,;0,0,0,;0,0,0,;0,0,0,;0,0,0,;0,0,0,;0,0,0,;0,0,0,;0,0,0,;0,0,0,;0,0,0,;0,0,0,;0,0,0,;0,0,0,;0,0,0,;0,0,0,;59,,,;1233,,,;JCCCH,,,
198,410,0,;226.166,410,0.015,;243.898,410,0.029,;263.849,410,0.045,;288.086,410,0.069,;314.738,408.664,0.082,;337.958,407.593,0.096,;366.5,406.5,0.112,;429,402.5,0.131,;450.277,401.394,0.148,;471.185,400.101,0.162,;488.701,401.047,0.188,;499.633,401,0.203,;505.538,402.256,0.213,;509.517,403.379,0.228,;511,404.5,0.284,;507.124,406.753,0.3,;505.02,408.98,0.313,;498.155,413.563,0.33,;491.467,420.533,0.349,;484.745,434.135,0.364,;478.089,444.851,0.385,;462.352,460.065,0.402,;446.557,475.298,0.413,;428.222,494.5,0.432,;402.333,511.792,0.447,;379.776,533.113,0.464,;359.842,551.927,0.48,;335.664,572.288,0.505,;316.161,588.917,0.52,;295.962,605.133,0.531,;276.66,621.631,0.548,;256.956,636.865,0.567,;243.719,653.954,0.592,;230.332,667.668,0.612,;221.101,679.258,0.624,;215.751,686.249,0.635,;211.186,690.814,0.664,;211.732,691.536,0.716,;214.014,691,0.74,;216.303,692.152,0.759,;222.755,693.276,0.772,;235.722,694,0.784,;251,694,0.799,;269.544,695,0.815,;291.687,695.784,0.832,;315.938,696,0.849,;341.666,696,0.866,;371.907,696,0.882,;399.656,698.532,0.901,;419.404,700.779,0.917,;442.17,704.017,0.933,;462,706,0.949,;472.829,708,0.969,;483.023,708.878,0.991,;485.945,708.027,1.003,;487,707.5,1.051,;484.88,705.759,1.087,;483.302,702.605,1.229,;0,0,0,;0,0,0,;0,0,0,;0,0,0,;0,0,0,;0,0,0,;0,0,0,;0,0,0,;0,0,0,;0,0,0,;0,0,0,;0,0,0,;0,0,0,;0,0,0,;0,0,0,;0,0,0,;0,0,0,;0,0,0,;0,0,0,;0,0,0,;0,0,0,;0,0,0,;0,0,0,;0,0,0,;0,0,0,;0,0,0,;0,0,0,;0,0,0,;0,0,0,;0,0,0,;0,0,0,;0,0,0,;0,0,0,;0,0,0,;0,0,0,;0,0,0,;0,0,0,;0,0,0,;0,0,0,;0,0,0,;0,0,0,;59,,,;1229,,,;
188,409,0,;220.803,405.92,0.017,;242.038,403.68,0.034,;250.543,401.435,0.054,;269.006,400.6,0.074,;292.027,399.499,0.085,;315.22,399,0.101,;341.431,399,0.117,;370.985,399,0.137,;425.292,400.973,0.151,;454.715,401,0.168,;478.312,399.747,0.187,;499.107,400,0.202,;514.428,400,0.223,;517.206,400,0.238,;519,400,0.292,;516.979,402.041,0.308,;513.386,405.614,0.318,;502.095,411.614,0.34,;487.247,418.876,0.353,;481,431,0.371,;468.5,444,0.389,;454.009,463.585,0.402,;433.834,480.385,0.419,;420.194,501.276,0.44,;394.592,520.406,0.462,;375.992,543.186,0.476,;354.577,565.282,0.485,;331,583.5,0.501,;310.806,606.499,0.531,;288.691,625.202,0.555,;250.357,662.603,0.57,;238.144,679.531,0.591,;220.756,693.678,0.604,;212.275,708.381,0.62,;199.5,719.5,0.637,;193.362,722.638,0.654,;190.43,724.785,0.67,;189,725.5,0.756,;193.225,723.925,0.778,;204.649,722.791,0.806,;215.524,720.55,0.825,;252.383,716.073,0.838,;278.618,713.772,0.863,;304.536,711.574,0.879,;333.448,709.324,0.892,;363.8,708,0.906,;394.503,708,0.925,;424.626,709.402,0.938,;452.992,711.666,0.954,;478.975,714.866,0.972,;498.478,716.087,0.989,;514.7,717.18,1.005,;521.326,717,1.025,;521.881,717,1.087,;516.2,715.067,1.105,;505.401,709.701,1.222,;0,0,0,;0,0,0,;0,0,0,;0,0,0,;0,0,0,;0,0,0,;0,0,0,;0,0,0,;0,0,0,;0,0,0,;0,0,0,;0,0,0,;0,0,0,;0,0,0,;0,0,0,;0,0,0,;0,0,0,;0,0,0,;0,0,0,;0,0,0,;0,0,0,;0,0,0,;0,0,0,;0,0,0,;0,0,0,;0,0,0,;0,0,0,;0,0,0,;0,0,0,;0,0,0,;0,0,0,;0,0,0,;0,0,0,;0,0,0,;0,0,0,;0,0,0,;0,0,0,;0,0,0,;0,0,0,;0,0,0,;0,0,0,;0,0,0,;0,0,0,;57,,,;1222,,,;JCCCH,,,
183,411,0,;211.248,407.453,0.023,;227.373,406.125,0.044,;237.822,406,0.057,;253.345,406,0.069,;272.005,406,0.086,;294.068,406,0.108,;320.141,404.516,0.123,;347.282,403.412,0.152,;392.155,401.547,0.172,;445.896,400.058,0.185,;463.183,401.079,0.206,;482.795,401,0.226,;491.187,402,0.236,;499.064,402,0.261,;502.148,402,0.276,;504,402,0.327,;499.946,406.108,0.344,;495.11,409.712,0.364,;489.15,415.159,0.385,;480.373,424.207,0.396,;467.094,435.312,0.41,;452.355,447.98,0.43,;433.697,464.714,0.445,;412.515,481.804,0.462,;388.095,502.782,0.478,;364.6,522.914,0.496,;341.296,543.704,0.511,;318.854,564.924,0.536,;297.518,583.955,0.551,;279.332,601.668,0.56,;260.877,619.351,0.571,;247.125,634.67,0.586,;236.85,651.251,0.604,;225.559,663.585,0.62,;218.173,674.61,0.638,;214.491,687.148,0.658,;207,692,0.678,;201.021,699.979,0.693,;195.327,705.673,0.706,;194,710.468,0.72,;194,713,0.738,;194,713.109,0.776,;196.357,713,0.797,;207.553,713,0.824,;219.84,712.43,0.843,;262.914,710.371,0.856,;285.096,709.048,0.873,;311.824,707.924,0.888,;340.04,705.597,0.906,;369.339,704.679,0.922,;397.051,705,0.939,;420.215,705.137,0.958,;445.408,706.686,0.984,;461.542,707.795,1.003,;473.087,708,1.017,;481.107,706.947,1.034,;483.339,705.831,1.056,;481.793,703.587,1.154,;0,0,0,;0,0,0,;0,0,0,;0,0,0,;0,0,0,;0,0,0,;0,0,0,;0,0,0,;0,0,0,;0,0,0,;0,0,0,;0,0,0,;0,0,0,;0,0,0,;0,0,0,;0,0,0,;0,0,0,;0,0,0,;0,0,0,;0,0,0,;0,0,0,;0,0,0,;0,0,0,;0,0,0,;0,0,0,;0,0,0,;0,0,0,;0,0,0,;0,0,0,;0,0,0,;0,0,0,;0,0,0,;0,0,0,;0,0,0,;0,0,0,;0,0,0,;0,0,0,;0,0,0,;0,0,0,;0,0,0,;0,0,0,;59,,,;1154,,,;JCCCH,,,
