187,407,0, ;212.804,404.036,0.02,;224.026,401.795,0.035,;235.278,399.544,0.052,;243.851,397.287,0.069,;254.238,396.529,0.105,;281.134,395,0.118,;294.374,395.837,0.135,;304.653,396.961,0.152,;314.72,397,0.235,;359.66,395.434,0.241,;368.803,395,0.264,;378.244,394.195,0.285,;389.268,393.073,0.297,;398.394,392.951,0.427,;460.104,392,0.565,;495.91,394,0.577,;497,394,0.638,;498.268,396.267,0.758,;500.214,397.107,0.784,;503.532,398.766,0.808,;504.527,399.263,0.981,;505.049,401.098,1.006,;503.956,404.131,1.061,;493.058,411.457,1.115,;461.335,440.766,1.201,;413.664,480.336,1.351,;337.091,560.56,1.437,;303.73,597.524,1.536,;269.154,636.846,1.613,;249.224,660.776,1.645,;246.532,665.67,1.7,;225.942,685.635,1.788,;215.39,698.414,1.818,;208.876,706.062,1.86,;206.348,708.305,1.908,;205.732,709.537,1.964,;208.044,707.978,2.011,;210.339,708,2.049,;222.522,705.493,2.067,;231.052,705,2.096,;242.024,703.998,2.147,;280.859,701,2.166,;288.738,700,2.245,;332.606,694.643,2.274,;339.119,695,2.346,;371.887,695,2.378,;385.27,696.054,2.398,;396.528,697,2.413,;397.846,697,2.43,;403.722,698,2.447,;409.332,698,2.47,;415.729,698,2.485,;421.532,698,2.512,;429.438,697,2.541,;435.087,697,2.574,;445.5,697,2.598,;449.532,696,2.623,;455.758,696,2.659,;461.351,696.117,2.679,;464.724,697.241,2.709,;471.449,698,2.748,;478.161,699,2.775,;483.939,699,2.803,;489.415,700,2.835,;491.993,700,2.879,;496.357,700.786,2.926,;501.895,701,2.959,;509.585,702.292,3.008,;511.535,700.732,3.068,;512.024,703.048,3.13,;510.866,700.732,3.364,;0,0,0,;0,0,0,;0,0,0,;0,0,0,;0,0,0,;0,0,0,;0,0,0,;0,0,0,;0,0,0,;0,0,0,;0,0,0,;0,0,0,;0,0,0,;0,0,0,;0,0,0,;0,0,0,;0,0,0,;0,0,0,;0,0,0,;0,0,0,;0,0,0,;0,0,0,;0,0,0,;0,0,0,;0,0,0,;0,0,0,;0,0,0,;0,0,0,;72,,,;3364,,,;IVCCH,,,
184,409,0, ;200.641,409,0.024,;214.7,408,0.032,;223.795,408,0.046,;232.825,408,0.061,;239.805,408,0.085,;246.531,408,0.096,;253.143,408,0.117,;270.984,409.356,0.139,;272.885,409,0.151,;277.23,409,0.162,;281.049,409,0.184,;285.984,409,0.198,;292.499,408.083,0.214,;298.272,409.054,0.23,;302.735,409,0.246,;307.237,409,0.265,;310.313,409,0.287,;316.661,409,0.302,;324.041,409,0.314,;330.927,409,0.334,;336.449,409,0.352,;341.009,407.998,0.364,;349.075,408,0.387,;356.982,406.717,0.4,;363.163,407,0.413,;365.5,405.5,0.437,;369.787,405,0.451,;374.511,404.298,0.464,;381.331,404,0.484,;387.821,403.03,0.503,;392.335,403,0.52,;396.836,403,0.538,;401.31,404.328,0.55,;407.727,404,0.565,;414,404,0.585,;420.472,404,0.602,;425.219,404,0.616,;428.78,404,0.631,;434.335,404,0.652,;439.982,404,0.667,;444.343,404,0.682,;450.262,404,0.703,;453.7,404,0.715,;456.966,404,0.731,;460.342,404,0.751,;464.593,404,0.765,;469.096,404,0.785,;473.516,404,0.803,;479.27,404,0.816,;482.172,405.391,0.837,;484,405,0.851,;486,405,0.865,;488,405,0.951,;488.056,407.113,1.001,;488,409.357,1.034,;486.729,411.541,1.052,;485.962,414.114,1.065,;484.771,417.686,1.087,;483.65,421.05,1.101,;481.153,427.116,1.117,;477.5,432.5,1.137,;474.03,436.627,1.149,;470.667,440.333,1.166,;466.28,442.86,1.19,;463.907,445.093,1.199,;461.699,448.451,1.22,;459.377,451.934,1.239,;455.764,458.06,1.252,;449.416,463.068,1.267,;443.164,468.197,1.289,;435.879,472.195,1.301,;430.544,476.456,1.318,;426.962,481.051,1.334,;422.411,486.737,1.353,;417.919,491.081,1.373,;412.055,495.556,1.39,;408.105,499.421,1.402,;403.608,502.196,1.417,;399.853,505.147,1.435,;397.284,507.716,1.455,;394.047,510.953,1.471,;389.695,515.305,1.484,;385.103,518.673,1.506,;380.542,523.458,1.522,;377.726,526.274,1.536,;372.232,531.768,1.552,;368.91,535.09,1.572,;364.854,539.146,1.589,;358.497,545.503,1.602,;351.635,552.365,1.618,;344.917,557.903,1.642,;339.325,563.675,1.658,;336.779,566.221,1.67,;332.789,569.658,1.685,;328.335,573.665,1.704,;323.877,577.343,1.723,;319.464,582.421,1.736,;314.89,587.11,1.753,;311.528,590.472,1.77,;198,,,;3956,,,;IVCCH,,,
186,411,0, ;203.377,409.978,0.015,;218.051,408.695,0.031,;229.875,407.512,0.043,;238.085,406.416,0.059,;245.268,406,0.078,;252.093,406,0.092,;259.653,406,0.11,;275.133,406,0.125,;280.014,407.203,0.142,;287.848,405.736,0.162,;299.073,406,0.177,;306.397,406.566,0.194,;313.763,407,0.21,;323.297,407,0.229,;331.403,407.915,0.244,;338.086,408,0.262,;346.251,408,0.279,;358.008,408,0.294,;367.581,408,0.311,;373,408,0.328,;383.859,408,0.344,;392.284,408,0.359,;398.504,407.099,0.377,;405.112,407,0.411,;412.7,405.9,0.424,;421.299,405,0.433,;428.532,404.638,0.444,;436.5,403.5,0.461,;445.893,403.388,0.478,;454.08,403,0.494,;461.157,402.14,0.511,;468.832,401.024,0.529,;477.806,401,0.554,;485.598,401,0.564,;489.389,401,0.595,;496.17,401,0.61,;498,401,0.728,;497,403.134,0.76,;496.206,406.588,0.781,;495.096,408.807,0.798,;491.92,411.054,0.812,;489.688,414.468,0.833,;486.341,420.098,0.868,;468.003,436.497,0.879,;460,443.5,0.907,;454.424,448.576,0.924,;445.092,457.029,0.932,;436.03,464.974,0.946,;428.49,471.437,0.962,;420.84,476.828,0.979,;408.106,484.336,0.998,;400.42,492.132,1.018,;392.831,499.573,1.03,;383.536,505.591,1.046,;374.026,513.102,1.064,;367.625,520.27,1.082,;360.685,529.42,1.108,;351.729,535.09,1.122,;344.167,542.444,1.133,;337.409,551.455,1.15,;329.977,560.023,1.166,;321.108,566.928,1.179,;312.492,574.508,1.2,;306.332,583.469,1.214,;300.744,591.358,1.229,;292.795,596.861,1.246,;285.028,602.408,1.266,;280.345,610.897,1.28,;276,618.5,1.297,;273.5,622.5,1.313,;268.706,627.058,1.33,;264.409,631.591,1.35,;259.676,636.324,1.365,;255.482,641.647,1.381,;250.93,647.337,1.406,;248.301,652.048,1.416,;246.518,654.965,1.431,;244.757,657.865,1.447,;242.522,661.217,1.463,;238.533,665.467,1.48,;234.072,670.91,1.505,;228.725,676.275,1.514,;224.054,682.182,1.53,;219.619,686.381,1.548,;218.067,687.933,1.566,;217.5,690,1.582,;216.294,692.411,1.602,;214.354,694.646,1.616,;213,696,1.631,;211.93,699.14,1.648,;209.648,702.528,1.665,;208.686,705.942,1.715,;207.822,707.356,1.775,;212.074,709.037,1.836,;224.976,710,1.869,;234.745,708.362,1.892,;243.324,707.239,1.901,;260.004,704,1.917,;271.254,702.875,1.939,;138,,,;3035,,,;IVCCH,,,
201,406,0, ;231.947,405,0.018,;241.264,405,0.035,;249.06,405,0.052,;256.921,403.726,0.069,;263.353,404,0.086,;270,404,0.103,;277.085,404.636,0.13,;283.788,404.242,0.146,;290.255,404,0.154,;296.99,404.998,0.17,;303.728,405,0.186,;307.965,405,0.203,;313.798,406.36,0.22,;322.402,406,0.237,;330.223,406,0.253,;335.915,406.729,0.27,;341.247,406.151,0.286,;350.728,405.03,0.303,;358.632,405,0.32,;366.491,405,0.337,;370.324,403.669,0.354,;379.16,404,0.371,;387.011,403.573,0.387,;393.475,404,0.404,;399.075,404,0.42,;404.684,403.063,0.437,;411.332,401.945,0.454,;419.234,402,0.47,;424.495,402,0.488,;427.259,402,0.505,;432.164,401.459,0.521,;437.308,401,0.538,;442.136,401,0.554,;447.512,401.902,0.571,;452.108,402,0.588,;455.443,403.148,0.605,;458.803,403,0.621,;463.556,403,0.639,;471,401.5,0.655,;475.773,402.629,0.671,;481.77,403.754,0.688,;485.622,404,0.705,;488.989,403.004,0.722,;492.344,404.115,0.739,;494.475,404,0.755,;496.705,402.647,0.788,;499.805,403,0.837,;501.357,403,0.871,;503.136,403,1.021,;500.941,405.059,1.056,;497.196,407.536,1.073,;492.381,410.964,1.099,;488.672,414.328,1.119,;485.312,419.48,1.125,;478.912,426.088,1.141,;472.188,432.812,1.157,;465.452,439.548,1.174,;458.728,443.515,1.192,;455,448,1.208,;450.288,454.712,1.224,;444.281,461.462,1.241,;437.829,467.309,1.258,;432.07,471.944,1.274,;427.573,475.32,1.291,;423.082,479.918,1.307,;415.932,485.723,1.325,;409.188,492.812,1.342,;402.457,498.362,1.358,;397.144,502.856,1.374,;393.496,506.504,1.391,;388.233,510.814,1.408,;381.556,516.37,1.425,;376.029,521.971,1.441,;369.108,528.892,1.459,;365.248,534.19,1.476,;359.213,538.787,1.492,;352.25,545.072,1.508,;344.397,552.603,1.525,;338.388,559.535,1.542,;333.827,565.216,1.559,;327.045,570.796,1.575,;320.32,576.4,1.593,;313.593,583.407,1.61,;307.896,590.156,1.627,;302.757,595.594,1.642,;297.162,600.071,1.659,;290.683,605.43,1.676,;283.961,612.039,1.692,;277.223,618.777,1.709,;274.252,624.247,1.727,;269.507,629.866,1.744,;263.539,633.969,1.761,;257.933,640.067,1.776,;252.33,645.67,1.793,;247.579,651.276,1.81,;245.048,654.928,1.826,;241.704,659.395,1.843,;237.125,662.656,1.86,;232.641,667.359,1.878,;169,,,;3500,,,;IVCCH,,,
201,400,0, ;215.337,401.024,0.019,;229.272,402.427,0.036,;236.315,403,0.052,;242.366,403.673,0.069,;247.184,404.796,0.085,;252.574,405,0.102,;259.211,406.035,0.118,;271.713,407.156,0.135,;276.366,405.727,0.153,;280.592,406,0.17,;285,406,0.187,;294.469,406,0.203,;300.79,406.758,0.221,;305.518,407,0.237,;310.002,407,0.258,;317.815,407,0.269,;324.468,407,0.286,;331.12,407,0.304,;336.44,407,0.32,;340.415,406.396,0.336,;347.095,406,0.353,;354.931,406,0.369,;361.806,406,0.387,;366.362,406,0.403,;370.842,404.789,0.42,;377.941,403.677,0.437,;386.179,404,0.454,;391.279,402.43,0.471,;395.766,401.308,0.487,;399.437,401,0.504,;403.74,400.065,0.52,;409.267,400,0.537,;414.869,400,0.554,;419.18,400,0.571,;423.67,398.583,0.588,;428,399,0.605,;431.624,398,0.621,;436.118,398,0.637,;440.601,398,0.655,;445.075,398,0.671,;449.558,398,0.688,;454.048,398,0.705,;457.14,398,0.722,;459,396.5,0.739,;462.868,397,0.755,;466.985,397,0.772,;471.456,397,0.788,;476.93,397.986,0.805,;481.418,398,0.822,;484.675,398,0.838,;488.046,396.651,0.856,;489.935,397,0.872,;492.176,397,0.89,;494.423,397,0.906,;496,397,1.121,;498.081,398.027,1.155,;501.802,399.267,1.188,;504.804,399,1.239,;506.124,400.062,1.441,;506,402.082,1.477,;499.201,408.732,1.491,;494.786,412.161,1.508,;490.295,416.705,1.524,;485.812,422.484,1.543,;482.75,430.917,1.561,;475,438.5,1.576,;468.047,443.294,1.592,;463,447.5,1.709,;421,488,1.726,;410.772,497.481,1.742,;402.926,503.338,1.761,;397.06,507.952,1.788,;393.558,512.442,1.809,;383.291,524.051,1.828,;377.637,529.363,1.845,;372.037,533.37,1.859,;367.136,537.148,1.876,;362.667,541.333,1.893,;357.233,545.814,1.91,;350.569,552.431,1.929,;343.832,559.168,1.943,;337.109,564.576,1.965,;333.248,568.314,1.977,;329,571.5,1.993,;321.928,578.393,2.013,;315.22,583.983,2.027,;309.398,590.523,2.044,;305.883,595.156,2.061,;301.352,599.648,2.077,;295.6,602.84,2.095,;289.984,609.016,2.112,;284.5,614.5,2.128,;279.427,620.216,2.149,;276.471,624.294,2.161,;274.232,628.537,2.178,;269.974,632.02,2.194,;266.612,635.388,2.211,;262.021,639.979,2.228,;258.886,644.485,2.245,;180,,,;4051,,,;IVCCH,,,
177,402,0, ;205.711,403,0.018,;215.87,403,0.036,;223.517,403,0.051,;232.702,403,0.07,;240.202,403,0.086,;246.492,403.582,0.103,;258.086,404,0.124,;268.574,404.822,0.152,;281.307,405,0.178,;289.492,405.186,0.19,;298.145,406.306,0.204,;305.988,407.427,0.222,;310.758,407.552,0.246,;315.5,408.5,0.268,;332.44,409.907,0.307,;337.175,410,0.319,;350.908,410,0.345,;357.788,410,0.379,;368.541,410,0.412,;381.28,410,0.459,;388.014,410,0.488,;401.794,411,0.509,;414.024,411,0.555,;425.373,411,0.595,;443.203,410,0.611,;450.027,410,0.629,;454.394,410,0.674,;463.45,409,0.705,;474.67,409,0.732,;482.358,409,0.802,;492.311,409,0.832,;494,409,0.97,;493,411.001,1.005,;490.759,414.361,1.025,;489.649,419.405,1.04,;485.533,425.445,1.058,;479.39,432.61,1.074,;472.032,438.549,1.09,;465.012,443.325,1.108,;460.123,448.846,1.124,;454.57,456.601,1.142,;449.005,463.195,1.16,;440.899,469.801,1.177,;429.827,473.855,1.2,;421.875,479.417,1.208,;411.086,486.84,1.224,;401.492,494.694,1.242,;395.202,501.757,1.258,;387.788,507.152,1.274,;379.027,515.973,1.295,;369.675,527.906,1.326,;348.741,543.173,1.349,;336.398,552.942,1.368,;325.372,560.577,1.384,;314.895,565.602,1.408,;308.926,572.104,1.434,;296.367,589.178,1.463,;285.481,596.346,1.495,;266.56,621.92,1.517,;258.899,628.358,1.542,;248.573,643.854,1.558,;244.056,651.652,1.574,;240.94,656.767,1.592,;237.551,659.449,1.608,;231.589,661.808,1.625,;227.101,665.174,1.647,;222.634,669.366,1.703,;215.766,678.234,1.73,;209.097,685.903,1.777,;196.599,694.401,1.824,;192.952,699.095,1.875,;193,701.266,1.941,;195.01,701,1.976,;197.268,699.866,1.992,;199.771,701.385,2.01,;205,701,2.028,;211.743,702.624,2.048,;218.502,703,2.071,;227.796,703,2.081,;237.948,703,2.102,;246.901,704.113,2.126,;253.01,704,2.149,;273.301,704,2.176,;280.767,704,2.196,;302.399,703,2.21,;313.596,703,2.236,;326.764,701.924,2.251,;338.012,701,2.26,;349.127,701,2.279,;364.77,699.556,2.296,;372.083,701,2.316,;382.175,701,2.393,;402.151,704,2.417,;424.36,705,2.466,;438.519,706,2.523,;469.003,706,2.583,;485.982,708.491,2.634,;491.798,709.933,2.671,;494.102,711.051,2.716,;104,,,;3293,,,;IVCCH,,,
182,392,0, ;338.545,392.078,0.017,;347.606,392,0.034,;359.107,393.311,0.052,;367.511,394.439,0.074,;374.904,394,0.085,;381.5,394,0.103,;392.62,394,0.121,;399.539,393.077,0.134,;406.247,393,0.151,;412.941,391.843,0.168,;420.931,392,0.194,;427.464,392,0.237,;432.634,391,0.27,;449.997,390,0.332,;456.737,391.246,0.339,;463.945,393.486,0.354,;469.044,394,0.369,;474.662,394.732,0.385,;480.268,395.854,0.401,;483.933,396,0.42,;486.188,397.094,0.436,;488.415,397,0.454,;490.68,397,0.47,;492.917,397,0.487,;495.152,397,0.502,;497,397,0.552,;498.357,398.178,0.588,;500.201,398,0.685,;502.179,398,0.736,;504.194,398,0.802,;506.268,398,0.853,;506,400.116,0.903,;499,408.5,0.922,;492.144,413.856,0.937,;487.68,420.81,0.955,;482.234,429.625,0.971,;474.468,437.532,0.988,;464.23,444.18,1.005,;456.746,453.576,1.023,;446.074,465.362,1.039,;435,473,1.056,;428.286,478.75,1.071,;419.8,488.2,1.091,;408.794,497.365,1.109,;398.649,504.234,1.128,;389.683,513.317,1.156,;377.542,524.731,1.164,;368.576,534.424,1.181,;360.286,542.714,1.192,;350.223,552.135,1.205,;340.911,561.089,1.225,;333.59,568.41,1.239,;323.942,577.052,1.256,;313.879,587.121,1.273,;305.013,594.738,1.291,;297.426,599.838,1.306,;286.598,606.935,1.328,;280.337,613.663,1.368,;269.781,625.375,1.382,;261.226,629.887,1.389,;254.447,636.553,1.406,;247.722,645.704,1.43,;241.994,652.672,1.442,;235.285,658.263,1.465,;227.555,661.722,1.526,;215.236,674.686,1.584,;195.376,691.218,1.648,;192,696.766,1.68,;192,697.534,1.698,;194.13,699.13,1.774,;205.724,703.49,1.802,;216.921,704.984,1.823,;221.443,705,1.906,;262.685,700.289,1.94,;277.697,697.101,1.95,;285.517,695.926,1.959,;296.946,693.611,1.98,;307.539,693,1.995,;316.504,693,2.025,;329.5,694.5,2.092,;380.595,692,2.109,;393.08,692,2.127,;398.424,690.596,2.144,;405,691,2.159,;411,691,2.227,;431.5,691,2.242,;435.981,691,2.277,;442.818,691,2.347,;470.631,695.938,2.391,;482.017,697.203,2.403,;485.993,697.331,2.415,;488.901,698,2.427,;491,698,2.527,;500.293,699,2.577,;503.311,699,2.594,;505.542,699,2.611,;508.681,699,2.631,;511.038,699,2.647,;513.283,699,2.678,;103,,,;2984,,,;IVCCH,,,
191,397,0, ;224.169,398.726,0.019,;235.561,399.84,0.035,;242.793,400.965,0.052,;249.518,402.086,0.069,;256.224,402,0.085,;262.953,403.326,0.103,;268.241,403,0.12,;276.707,405.569,0.137,;280.766,406,0.152,;286.854,406.809,0.169,;293.585,407,0.186,;299.258,407,0.203,;304.883,407,0.219,;307.875,407,0.238,;311.249,407,0.254,;314.5,407,0.27,;321.267,407,0.286,;326.102,407,0.303,;330.584,407,0.321,;334.056,408.019,0.337,;337.425,408,0.353,;339.513,408,0.37,;343.144,408,0.388,;349.486,406.503,0.404,;353.472,407,0.42,;358.719,406.256,0.437,;363.461,406,0.454,;366.958,406,0.471,;370.307,404.898,0.488,;374.901,403.775,0.504,;380.744,404,0.522,;386.324,404,0.539,;391.349,404,0.554,;395.126,404,0.571,;398.486,404,0.589,;401.854,404,0.605,;407.36,402.928,0.621,;414.124,404.187,0.638,;418.226,404,0.657,;424.164,404,0.672,;428,404,0.689,;431.026,403.325,0.705,;435.185,402.204,0.721,;440.574,402,0.738,;444.105,402,0.755,;448.631,402,0.772,;451.828,403.276,0.789,;453.8,401.6,0.805,;457.5,403.5,0.837,;462.288,402,0.855,;465.641,402,0.872,;470.01,402,0.889,;473.362,402,0.906,;476.739,402,0.923,;481.454,400.636,0.941,;482.968,401,0.957,;485.208,401,0.984,;487.454,400.273,1.001,;489.691,400,1.008,;491.931,400,1.025,;493,400,1.04,;494.207,400,1.105,;496.268,400,1.139,;498.536,400,1.156,;500.053,400,1.174,;502.352,400,1.19,;504.594,400,1.222,;506.536,400,1.256,;508.536,400,1.289,;510.536,400,1.323,;512.173,401.087,1.423,;510.911,403.179,1.457,;507.771,406.229,1.474,;501.277,411.378,1.493,;495.657,414.406,1.51,;490.049,419.951,1.525,;485.164,427.673,1.542,;480.686,434.972,1.558,;473.341,440.756,1.575,;465.496,446.36,1.592,;460.039,451.961,1.608,;454.447,458.863,1.627,;450.253,465.621,1.644,;443.694,470.204,1.662,;436.278,474.698,1.675,;430.01,479.99,1.692,;425.318,485.603,1.709,;418.778,493.259,1.726,;410.881,499.959,1.742,;401.756,505.403,1.76,;395.563,509.624,1.777,;392,515.5,1.794,;384.79,523.852,1.809,;377.661,529.813,1.826,;371.571,534.543,1.844,;365.957,538.026,1.86,;362.627,542.497,1.876,;356.771,546.983,1.893,;351.144,552.856,1.911,;218,,,;4415,,,;IVCCH,,,
214,393,0, ;238.861,391.114,0.018,;248.052,391,0.035,;256.999,391,0.051,;264.735,391,0.068,;271.227,391,0.086,;277.959,391,0.103,;289.921,391.609,0.118,;300.868,392,0.137,;307.267,393.707,0.152,;313.867,394.978,0.169,;322.788,396.099,0.185,;330.514,396,0.202,;338.384,397.341,0.22,;344.757,397,0.237,;355.64,396.42,0.253,;364.626,396,0.269,;371.947,396,0.286,;381.49,396,0.303,;389.446,396,0.319,;397.305,396,0.336,;403.843,396,0.354,;412.009,397.43,0.371,;419.5,395.5,0.387,;426.345,397,0.403,;431.951,397,0.42,;438.475,397,0.436,;445.198,397,0.453,;451.922,398.154,0.47,;456.106,398,0.488,;460.588,398,0.505,;465,399.5,0.521,;468.548,399,0.537,;472.277,399,0.554,;475.639,399,0.57,;478.005,399,0.594,;480.242,400.121,0.687,;482.179,401.089,0.72,;484.536,401,0.738,;487.323,399.892,0.772,;490.68,400,0.788,;493,400,0.821,;494.533,400,0.904,;495.071,402.142,0.938,;492.663,405.337,0.955,;489.63,409.161,0.972,;486.274,413.634,0.989,;480.855,419.145,1.006,;471.787,428.213,1.022,;461.525,437.2,1.04,;454.255,444.745,1.057,;445,452.5,1.074,;433.315,463.054,1.089,;426.228,469.772,1.106,;419.746,474.502,1.123,;413.01,478.993,1.139,;405.183,485.7,1.156,;398.547,492.453,1.173,;394.562,500.517,1.191,;388.585,503.932,1.208,;379.171,512.225,1.223,;370.916,520.811,1.24,;365.612,528.929,1.257,;359.182,534.848,1.273,;349.207,541.529,1.29,;340.312,550.688,1.306,;334.01,560.985,1.325,;324.389,568.16,1.342,;313.417,576.583,1.358,;306.522,586.261,1.374,;300.112,593.888,1.391,;292.428,599.694,1.407,;285.655,606.345,1.424,;280.11,614.245,1.44,;275.783,622.13,1.459,;272.732,628.537,1.476,;269.5,633.5,1.492,;261.665,641.669,1.507,;255.284,649.502,1.524,;249.458,656.45,1.541,;245.913,660.087,1.558,;242.545,664.607,1.574,;237.921,669.079,1.599,;233.464,673.919,1.611,;228.953,679.558,1.626,;224.476,683.893,1.642,;220.727,686.515,1.659,;217.366,688.756,1.676,;214.999,691.001,1.692,;212.763,693.237,1.723,;209.29,696.71,1.734,;205.921,699.079,1.744,;202.539,702.461,1.76,;200.794,702.603,1.776,;199,703.5,1.808,;197.464,705.536,1.841,;196.93,707.141,1.875,;199.452,705.774,1.925,;204.454,706.818,1.943,;208.749,707,1.966,;150,,,;3400,,,;IVCCH,,,
196,395,0, ;223.039,393,0.018,;232.954,393,0.035,;241.702,393,0.053,;249.223,393,0.069,;259.193,393,0.085,;267.898,392.3,0.102,;279.825,392,0.118,;288.574,392.939,0.135,;297.478,391.94,0.152,;305.276,390.818,0.169,;310.502,389.7,0.188,;316.133,387.147,0.204,;326,389.5,0.22,;332.318,388,0.236,;337.141,388,0.253,;342.542,387.092,0.269,;351.199,388.025,0.286,;360.2,388,0.303,;365.338,388,0.32,;370.955,388,0.337,;376.5,388,0.354,;385.383,390,0.369,;392.502,390,0.387,;397.487,390,0.403,;402.961,389.008,0.42,;410.82,390.117,0.436,;417.38,388.77,0.453,;425.518,387.64,0.478,;429.384,388,0.489,;436.165,388.595,0.504,;442.581,389,0.52,;449.031,388.162,0.537,;453.838,388,0.554,;457.234,388,0.571,;461.803,388,0.587,;466.275,388,0.606,;472.196,389.439,0.622,;477.804,388.439,0.638,;482.054,388,0.654,;484.606,388,0.671,;486.849,388,0.688,;489.086,388,0.706,;492.505,388,0.722,;494.562,388,0.74,;498.216,386.595,0.757,;502.571,388,0.773,;505.294,388.647,0.788,;508.308,389,0.805,;510.78,389,0.822,;512,389,0.838,;513.133,390.067,0.887,;515.331,391.166,0.954,;508.089,397.912,0.972,;501.41,403.492,0.989,;493.448,410.33,1.005,;485.631,415.692,1.024,;477.777,422.763,1.041,;464.189,432.649,1.056,;454.386,440.211,1.073,;442.931,447.771,1.089,;431.568,455.603,1.106,;423.554,466.637,1.123,;412.159,474.288,1.139,;398.371,482.117,1.158,;390.547,491.453,1.175,;377.5,501.5,1.191,;367.647,508.684,1.207,;356.331,518.093,1.223,;343.965,528.21,1.24,;333.721,535.186,1.257,;321.361,544.192,1.273,;308.969,550.653,1.292,;302.22,560.177,1.308,;291.5,566,1.325,;280.564,571.803,1.34,;273.464,579.292,1.357,;264.977,588.023,1.374,;255.034,595.974,1.391,;248.286,603.833,1.407,;244.041,611.677,1.424,;238.188,620.899,1.442,;229.641,626.88,1.459,;223.59,634.217,1.48,;218.381,642.066,1.491,;213.626,650.748,1.508,;209.138,655.862,1.525,;204.647,660.353,1.541,;200.194,664.806,1.558,;198.343,666.656,1.576,;196.11,668.89,1.593,;193.43,671.709,1.609,;192.31,676.448,1.625,;192,679.621,1.642,;192,681,1.658,;189.949,682.051,1.725,;192.267,684.267,1.743,;195.312,685,1.759,;197.554,685.777,1.776,;201.579,686,1.792,;149,,,;3168,,,;IVCCH,,,
200,406,0, ;228.004,407,0.018,;238.107,407,0.034,;246.93,407,0.051,;257.204,408.356,0.07,;267.365,409.485,0.086,;274.211,410.602,0.102,;287.834,411.722,0.118,;298.746,412.843,0.135,;305.793,413.966,0.152,;310.362,414,0.169,;318.425,414,0.185,;327.62,415.328,0.204,;335.159,415,0.22,;338.855,416,0.236,;346.521,416.69,0.252,;355.485,417,0.269,;363.516,417,0.286,;368.214,417,0.303,;376.203,418.172,0.32,;384.064,416.705,0.338,;393.324,415.584,0.354,;399,414.5,0.371,;404.603,415,0.386,;413.207,415,0.403,;421.287,415,0.42,;427.094,415,0.437,;433.793,415,0.453,;441.832,415,0.47,;449.66,413.62,0.488,;457.5,412.5,0.505,;459.493,412.377,0.521,;465.468,412,0.537,;471.328,412,0.554,;476.92,412,0.571,;482.545,410.891,0.588,;485.681,411,0.604,;487.7,411,0.622,;489.941,411,0.637,;492,411,0.67,;494.673,410.164,0.688,;496.903,410,0.704,;499.148,410,0.737,;502.48,410,0.756,;506.294,410,0.773,;508.669,410,0.788,;511.5,410,0.82,;512.537,408.732,0.904,;510.913,411.174,0.954,;506.331,412.89,0.972,;501.966,416.026,0.989,;496.344,420.525,1.006,;490.766,424.987,1.022,;485.147,429.482,1.04,;481.048,435.44,1.057,;473.726,439.442,1.073,;466.618,443.191,1.089,;460.735,447.412,1.106,;457.085,451.887,1.123,;451.528,458.567,1.139,;445.937,464.063,1.156,;438.969,469.692,1.174,;430.812,473.822,1.191,;426.68,478.32,1.207,;421.508,483.492,1.223,;415.088,489.912,1.24,;408.366,497.573,1.257,;400.568,502.247,1.273,;396.271,506.729,1.29,;391.78,512.525,1.308,;383.041,519.537,1.325,;374,527.5,1.341,;366.672,534.328,1.357,;359.497,540.716,1.374,;350.735,548.357,1.391,;341.768,557.232,1.407,;335.116,563.884,1.424,;328.362,569.365,1.441,;320.249,577.751,1.459,;312.5,585.5,1.476,;306.468,593.798,1.491,;301.233,599.767,1.508,;294.758,605.368,1.525,;288.035,610.971,1.541,;281.299,617.701,1.558,;277.05,624.425,1.575,;273.927,628.43,1.593,;270.563,632.916,1.61,;264.002,640.597,1.625,;258.406,647.312,1.642,;252.804,652.357,1.658,;249.11,656.854,1.675,;245.755,660.245,1.691,;243.594,663.608,1.713,;240.031,666.969,1.742,;236.232,673.652,1.75,;232.306,679.824,1.768,;228.264,684.736,1.787,;223.776,688.418,1.815,;220.242,690.838,1.825,;165,,,;3649,,,;IVCCH,,,
203,400,0, ;224.378,403.862,0.018,;232.345,405.049,0.035,;237.861,406.172,0.052,;242.171,406,0.069,;245.229,407.41,0.086,;248.5,408.5,0.102,;255.173,408.647,0.119,;261.075,409,0.136,;266.46,409,0.152,;271.059,410.015,0.169,;274.413,410,0.186,;277.78,410,0.202,;281.125,410,0.22,;285.997,410,0.237,;291.087,410,0.253,;296.7,410,0.269,;301.445,410,0.286,;304.952,410,0.303,;307.209,408.895,0.32,;310.675,409,0.336,;316.716,409,0.354,;320.867,407.533,0.371,;326.341,407.415,0.387,;330.832,407,0.403,;334.486,407,0.42,;336.903,407,0.437,;340.216,405.928,0.454,;343.577,404.808,0.47,;348.242,405,0.488,;354.155,403.569,0.505,;358,404,0.523,;362.024,403.325,0.544,;365.378,402.207,0.555,;368.749,401.084,0.571,;372.112,401,0.588,;376.63,399.843,0.604,;381.104,398.724,0.622,;386.981,400.396,0.639,;389.5,398.5,0.655,;393.917,399,0.671,;396.526,398.237,0.688,;399.652,398,0.705,;402.001,399,0.722,;405.37,397.877,0.738,;408.73,398,0.755,;413.447,398,0.773,;417.94,399.485,0.789,;421.423,399,0.806,;425.19,399,0.822,;428.548,399,0.839,;432.871,398.032,0.856,;438.442,398,0.872,;442.834,396.792,0.889,;448.635,398.327,0.915,;452.354,397,0.931,;455.142,397,0.941,;457.384,397,0.958,;459.628,397,0.973,;462.805,396.065,0.99,;467.214,396,1.006,;471.705,396,1.023,;474.883,397.294,1.04,;478.244,397,1.057,;481.5,398.5,1.074,;483.322,398,1.09,;485.56,398,1.106,;487,398,1.123,;489.034,399.011,1.156,;492.396,399,1.19,;497.015,399,1.207,;499.251,399,1.224,;501.497,399,1.24,;503.74,399.87,1.257,;505,400.5,1.274,;506.111,400,1.473,;508.082,401.041,1.641,;510.097,402.049,1.724,;508.938,404.123,1.775,;503.058,408.942,1.792,;498.585,411.707,1.817,;493.121,415.903,1.834,;487.53,419.282,1.843,;484.362,425.063,1.864,;478.345,431.986,1.878,;472.699,437.301,1.894,;465.543,441.305,1.911,;460.201,445.099,1.927,;456.539,448.461,1.944,;452.235,453.706,1.96,;446.702,461.417,1.978,;439.906,468.094,1.994,;433.198,473.502,2.011,;426.458,477.694,2.028,;423.823,482.721,2.044,;418.002,488.998,2.061,;411.293,495.707,2.077,;404.551,500.632,2.094,;398.866,504.081,2.111,;395.551,507.449,2.128,;205,,,;4281,,,;IVCCH,,,
198,395,0, ;213.267,393.982,0.019,;229.819,392.598,0.036,;241.5,393,0.052,;250.789,393,0.068,;261.663,393,0.085,;272.01,393,0.102,;282.059,391.993,0.118,;304.676,392,0.135,;313.263,390.749,0.151,;326.028,391,0.17,;338.38,391,0.187,;347.11,391.611,0.203,;359.807,392,0.219,;368.976,392.854,0.235,;379.738,393,0.252,;390.965,394.096,0.269,;399.717,394,0.285,;406.01,395.335,0.304,;417.081,396.453,0.321,;426.039,397,0.337,;434.57,397,0.353,;444.365,397.818,0.369,;453.528,397.059,0.386,;459.297,395.941,0.403,;468.423,394.822,0.42,;477.408,395,0.438,;484.952,395,0.454,;488,393.5,0.471,;492.646,394,0.486,;497.134,394,0.503,;501.61,394,0.52,;504.046,395.023,0.537,;507.437,396.146,0.569,;509.389,397.194,0.603,;511.535,397,0.686,;511,399.077,0.736,;511,401.357,0.771,;504.669,407.498,0.787,;499.243,410.854,0.805,;493.619,414.229,0.821,;488.053,421.136,0.838,;482.421,430.527,0.857,;471.103,439.464,0.873,;462.655,444.23,0.889,;456.6,452.121,0.906,;448.594,462.207,0.922,;438.731,470.431,0.938,;429.67,476.206,0.955,;421.883,486.436,0.972,;407.64,497.8,0.99,;394.151,504.828,1.008,;385.5,511,1.024,;372.229,522.129,1.039,;363.658,530.342,1.056,;354.046,535.535,1.073,;343.96,543.031,1.089,;337.251,550.874,1.106,;331.797,558.685,1.123,;322.085,565.186,1.142,;313.12,568.94,1.158,;308.566,576.868,1.173,;303.366,584.361,1.19,;296.906,591.094,1.206,;290.194,596.838,1.223,;283.458,602.452,1.24,;277.945,610.477,1.257,;272.359,619.626,1.275,;265.281,627.172,1.291,;257.562,631.865,1.308,;252.225,637.468,1.334,;249.367,642.265,1.35,;247.137,647.657,1.366,;245.889,652.222,1.386,;243.477,656.523,1.397,;240.113,660.183,1.409,;236.765,664.647,1.425,;231.855,672.753,1.442,;226.709,679.949,1.457,;221.1,685.9,1.475,;218.196,689.706,1.492,;215.954,694.091,1.508,;213.727,698.546,1.525,;211.485,703.03,1.543,;209.243,706.136,1.56,;208.501,707.999,1.591,;206.464,708.268,1.708,;210.201,709.067,1.726,;214.834,710,1.742,;220.145,710,1.759,;227.645,710,1.775,;238.698,710,1.792,;247.486,710,1.808,;257.855,710,1.827,;273.554,711.427,1.844,;282.963,711.551,1.86,;295.054,712.671,1.875,;306.145,713.794,1.893,;316.213,714,1.91,;328.386,714,1.926,;121,,,;2510,,,;IVCCH,,,
208,403,0, ;228.259,399.961,0.018,;243.318,397.447,0.035,;252.54,396.607,0.053,;259.5,395.5,0.069,;266.5,394.5,0.085,;273.564,394,0.101,;280.292,394.882,0.12,;292.004,397.001,0.135,;299.847,398.121,0.152,;307.706,398,0.168,;314.17,398,0.187,;322.395,398,0.204,;331.24,398,0.219,;337.635,398,0.236,;345.762,398,0.262,;353.787,398,0.272,;361.601,399.086,0.286,;368.254,400.209,0.31,;373.528,398.694,0.322,;380.765,399,0.338,;386.865,399,0.353,;392.485,399,0.37,;397.267,399.817,0.387,;401.781,400,0.403,;407.224,400,0.42,;412.913,400,0.437,;417.204,400,0.455,;423.075,400,0.472,;427.174,400,0.488,;431.668,399.333,0.504,;436.144,399,0.52,;440.626,399,0.537,;445.108,400.027,0.554,;448.449,400,0.571,;453.071,401.268,0.589,;456.173,401,0.604,;458,401,0.622,;462.521,401,0.638,;467.018,401,0.654,;471.495,401,0.671,;475.993,401,0.688,;481.572,401,0.704,;484.713,401,0.722,;488.083,401,0.739,;491.44,401,0.757,;495.809,400,0.771,;498.45,400,0.788,;500.686,400,0.805,;502,400,0.854,;503.164,400,1.054,;501.959,402.082,1.088,;496.93,405.802,1.222,;467.041,433.959,1.24,;458.101,441.787,1.257,;450.369,448.398,1.273,;443.875,453.771,1.291,;437.139,459.384,1.308,;431.015,464.985,1.324,;421.792,474.208,1.34,;413.965,481.196,1.358,;406.269,488.731,1.374,;399.507,495.493,1.391,;395.19,502.214,1.407,;390.695,506.305,1.425,;383.329,512.226,1.442,;378.179,518.385,1.458,;372.559,525.129,1.474,;367.768,530.232,1.491,;365.134,533.798,1.508,;360.794,537.154,1.524,;355.153,541.678,1.541,;349.52,546.184,1.559,;345.342,552.073,1.576,;339.5,557.5,1.592,;336.023,562.635,1.608,;331.888,566.334,1.625,;326.518,570.586,1.642,;319.887,575.075,1.658,;315.443,580.696,1.675,;309.687,587.576,1.692,;305.472,592.91,1.71,;304,597,1.726,;298.506,600.494,1.742,;293.269,604.985,1.759,;288.529,609.471,1.775,;283.059,614.941,1.792,;278.557,620.554,1.808,;275.306,624.926,1.825,;271.944,629.408,1.844,;267.101,633.899,1.86,;262.623,638.377,1.876,;258.135,642.865,1.892,;252.825,648.175,1.909,;249.122,652.837,1.926,;245.76,656.24,1.942,;242.392,659.608,1.959,;239.03,662.97,1.978,;234.251,667.749,1.994,;229.754,672.246,2.01,;171,,,;3591,,,;IVCCH,,,
190,406,0, ;202.643,403.893,0.017,;214.459,402.257,0.034,;222.046,402,0.051,;229.888,402,0.068,;237.731,402,0.084,;244.337,402,0.101,;249.716,403.343,0.119,;267.039,404.465,0.136,;272.096,404,0.152,;278.5,404,0.184,;293.629,404,0.202,;300.394,404,0.218,;305.955,405.191,0.235,;310.234,405,0.253,;317.574,405,0.27,;325.5,406.5,0.286,;332.5,406,0.302,;338.971,406,0.319,;346.389,406,0.336,;356.298,406,0.352,;364.091,407.156,0.369,;369.369,407,0.386,;376.382,407,0.403,;384.5,405.5,0.42,;391.5,406,0.436,;396.028,406,0.453,;400.519,406,0.47,;406.978,406,0.487,;414.833,404.881,0.503,;421.423,405,0.52,;428.162,403.64,0.537,;431.924,404,0.554,;438.998,403,0.57,;445.321,403,0.587,;451.223,403,0.606,;455.854,403,0.628,;459.245,403,0.637,;465.014,403,0.653,;471.904,403,0.672,;478.658,403,0.688,;485,403,0.703,;486.374,403,0.721,;488.61,403,0.737,;490.854,402.073,0.753,;493.095,402,0.77,;495.335,402,0.803,;497.409,400.796,0.903,;498.019,403.039,1.004,;498,405.178,1.037,;499.033,407.066,1.071,;496.663,410.506,1.089,;492.625,412.917,1.106,;490.84,416.32,1.122,;487.901,421.499,1.139,;485.358,427.104,1.156,;482.183,432.696,1.172,;477.761,436.179,1.189,;474.46,439.54,1.206,;468.509,441.597,1.224,;465.726,443.849,1.24,;462.5,446,1.257,;459.007,450.657,1.273,;454.08,455.92,1.289,;446.669,462.427,1.306,;437.801,468.125,1.323,;431.114,471.443,1.34,;428.203,473.531,1.356,;424.825,477.175,1.374,;420,482,1.391,;412.872,488.128,1.406,;405.766,492.991,1.423,;400.521,498.349,1.44,;397.024,501.976,1.457,;392.559,504.221,1.474,;385.641,507.679,1.49,;377.511,513.778,1.508,;371.187,520.813,1.525,;366.623,526.971,1.541,;360.715,531.856,1.557,;353.155,535.505,1.574,;345.312,540.777,1.59,;339.61,547.469,1.608,;335.215,555.374,1.631,;328.477,560.577,1.642,;319.566,566.146,1.658,;312.5,568.5,1.675,;308.269,576.779,1.691,;303.789,584.619,1.708,;298.387,589.69,1.725,;291.74,594.173,1.741,;285.018,597.491,1.759,;280.874,602.126,1.776,;277.799,606.601,1.793,;274.5,614,1.809,;270.442,618.198,1.825,;265.927,623.073,1.842,;259.671,626.664,1.859,;254.958,630.032,1.875,;250.484,634.516,1.892,;170,,,;3404,,,;IVCCH,,,
223,389,0, ;235.014,392.003,0.018,;246.453,394.29,0.034,;255.109,395.264,0.052,;264.072,396.384,0.07,;271.5,397.5,0.086,;278.403,398.629,0.102,;286.253,399.75,0.119,;300.205,401.744,0.136,;306.971,402.994,0.152,;315.917,404.115,0.169,;326.097,405.233,0.186,;334.872,405,0.203,;339.395,406.479,0.22,;350.963,406,0.236,;360.757,406.72,0.253,;368.045,407,0.27,;377.654,407,0.286,;388.821,407,0.303,;397.639,407,0.32,;402.614,405.677,0.338,;415.461,404.554,0.354,;424.5,405,0.371,;430.125,403.312,0.387,;438.452,402.194,0.403,;446.502,401.071,0.42,;452.247,399.951,0.437,;457.849,398.83,0.454,;460.88,397.707,0.47,;467.063,396.587,0.488,;471,395.5,0.505,;475.622,396.655,0.521,;478.551,397,0.538,;480.793,396.104,0.554,;483.033,396,0.571,;485.279,396,0.603,;488.571,396,0.621,;491,396,0.653,;493.49,396,0.671,;495,396,0.703,;496.535,396,0.82,;496,398.134,0.839,;492.889,402.148,0.93,;482.5,419.5,0.981,;446.815,457.185,1.01,;431.067,471.657,1.025,;424.529,475.648,1.04,;419.5,480,1.057,;408.521,489.183,1.073,;399.626,498.909,1.091,;392.622,506.378,1.108,;382.904,515.085,1.125,;372.821,525.179,1.142,;365.29,535.198,1.162,;358.717,539.902,1.176,;349.184,549.816,1.195,;340.752,558.855,1.21,;334.36,565.64,1.225,;327.941,571.215,1.242,;319.13,578.886,1.259,;311.325,586.675,1.274,;305.902,594.538,1.293,;300.264,601.084,1.312,;292.795,608.663,1.328,;284.328,618.256,1.345,;277.585,626.098,1.358,;271.966,633.648,1.375,;266.268,641.624,1.394,;259.683,651.476,1.414,;252.957,659.217,1.437,;248.114,664.181,1.452,;244.757,669.9,1.463,;240.865,676.669,1.482,;237.056,682.239,1.498,;232.878,687.122,1.508,;228.366,690.725,1.525,;223.892,693.054,1.543,;220.572,696.428,1.567,;217.192,698.539,1.592,;215,701,1.626,;214.819,702.362,1.708,;217.121,700.939,1.743,;219.537,702.268,1.772,;224.178,703.726,1.799,;234.77,706.908,1.818,;240.442,708.089,1.827,;246.057,709.211,1.843,;250.348,709,1.861,;256.278,710.456,1.877,;266.025,711.575,1.893,;273.203,712,1.91,;279.104,712.821,1.927,;287.53,713,1.943,;297.536,713,1.96,;306.478,714.185,1.977,;314.08,712.703,1.995,;324.821,713,2.011,;334.5,713,2.029,;340.674,712.332,2.044,;350.881,712,2.06,;129,,,;2792,,,;IVCCH,,,
205,397,0, ;234.007,393.908,0.015,;241.428,392.796,0.031,;248.17,393,0.052,;253.344,393,0.069,;260.419,393,0.084,;266,393,0.097,;276.444,393,0.117,;282.738,393.948,0.133,;291.388,394,0.148,;299.124,395.161,0.165,;307.316,396.331,0.182,;312.215,396,0.202,;320.5,397.5,0.217,;329,397,0.231,;334.961,398,0.251,;341.447,398,0.265,;349.101,398,0.281,;357.147,399.164,0.301,;363.727,399,0.319,;367.516,399,0.333,;373.5,400.5,0.353,;380.776,400.629,0.367,;387.49,401.748,0.382,;393.458,402.892,0.402,;397.977,403,0.415,;403.697,401.861,0.432,;409.291,400.742,0.453,;417.468,401,0.468,;422.359,401,0.484,;427.5,399.5,0.504,;433.334,400,0.517,;440.033,400,0.533,;446.889,400,0.553,;452.37,398.926,0.567,;456.816,397.796,0.586,;461.402,396.65,0.605,;467.205,397,0.622,;472.323,396,0.634,;476.79,396,0.651,;481.322,396,0.671,;483.903,396,0.687,;486.084,396,0.7,;488.392,396,0.725,;490.925,395,0.743,;493.827,395,0.754,;496.635,394.455,0.768,;500.019,394,0.784,;502.595,394,0.804,;504,394,0.821,;506.064,394,0.835,;508.285,394,0.87,;510.412,394,0.903,;512.53,394,1.019,;513.059,396.118,1.086,;510.091,400.863,1.107,;505.705,405.295,1.124,;501.203,409.797,1.136,;495.417,414.267,1.156,;488.179,420.35,1.186,;484.17,425.396,1.246,;455.571,450.6,1.259,;450.002,458.397,1.269,;440.456,467.544,1.302,;431.936,473.189,1.308,;425.186,479.939,1.319,;418.9,488.467,1.336,;411.346,496.654,1.353,;402.585,503.561,1.37,;396.742,509.258,1.386,;391.163,516.004,1.403,;385.57,526.574,1.421,;375.702,533.886,1.438,;369.34,538.66,1.454,;363.733,544.921,1.47,;358.141,552.402,1.487,;350.742,558.47,1.504,;342.897,564.073,1.521,;336.162,568.559,1.54,;332.001,572.999,1.554,;324.735,581.642,1.572,;316.519,589.481,1.588,;308.26,596.117,1.604,;303.775,602.45,1.621,;297.83,609.169,1.638,;291.096,615.904,1.654,;284.373,622.627,1.671,;277.648,628.127,1.688,;274.948,631.052,1.705,;271.597,634.403,1.725,;265.652,639.348,1.744,;260.456,643.835,1.755,;254.845,649.155,1.772,;249.234,653.813,1.798,;245.785,657.215,1.817,;243.418,660.775,1.839,;239.747,664.94,1.856,;229.789,674.764,1.873,;224.597,679.723,1.889,;219.79,684.21,1.905,;175,,,;3927,,,;IVCCH,,,
201,396,0, ;223.229,393.979,0.017,;240.298,391.529,0.035,;251.554,392,0.052,;262.543,392,0.068,;271.096,391,0.084,;280.474,391,0.102,;290.549,391,0.118,;306.334,391,0.135,;316.724,392.08,0.157,;326.741,393.193,0.173,;336.712,391.699,0.185,;342.532,392,0.206,;355,393.5,0.222,;363.5,393,0.237,;373.232,392.779,0.252,;383.305,393.923,0.271,;393.275,394,0.285,;399.868,395.145,0.303,;408.903,395,0.319,;417.022,395,0.34,;424.5,395,0.359,;430.175,395,0.371,;436.606,395,0.401,;443.342,395,0.407,;449.022,395,0.418,;454.743,395,0.442,;457.805,396.268,0.457,;463.751,394.65,0.472,;467.969,396.492,0.487,;473.5,396,0.507,;477.231,395.256,0.524,;481.365,394.159,0.538,;485.985,394,0.556,;489.321,394,0.574,;492.585,392.805,0.589,;497.43,393,0.61,;500.412,393,0.626,;505.273,392,0.642,;509.067,392,0.654,;511.654,391.173,0.674,;513,390.5,0.689,;514.053,391,0.772,;514,393.214,0.823,;509.983,397.017,0.839,;506.579,401.561,0.86,;501.937,407.329,0.876,;496.076,411.539,0.89,;489.919,416.081,0.91,;484.837,421.795,0.927,;478.531,428.469,0.941,;471.786,435.214,0.956,;463.91,440.052,0.975,;457.214,444.524,0.993,;453.095,448.905,1.008,;445.871,454.775,1.024,;436,462,1.042,;429.314,469.686,1.061,;423.366,476.36,1.072,;415.159,483.986,1.092,;405.199,492.823,1.112,;397.45,500.55,1.123,;391.86,507.368,1.144,;384.936,512.72,1.161,;377.338,520.662,1.175,;371.108,527.47,1.189,;366.147,532.853,1.21,;360.832,538.169,1.228,;354.427,543.644,1.24,;346.5,550.429,1.256,;338.649,558.351,1.274,;334.717,563.604,1.295,;328.115,568.648,1.308,;320.228,574.233,1.324,;312.292,581.708,1.34,;306.815,588.778,1.356,;302.296,594.63,1.379,;295.754,599.164,1.404,;289.176,604.824,1.414,;282.681,611.847,1.426,;276.996,619.806,1.442,;273.407,624.593,1.458,;268.733,628.613,1.474,;263.897,633.103,1.491,;258.529,637.577,1.507,;253.941,642.059,1.524,;249.459,647.677,1.541,;246.218,652.042,1.559,;242.858,655.142,1.576,;239.5,658.5,1.592,;235.522,661.859,1.608,;231.031,665.969,1.624,;226.561,669.58,1.641,;222.056,673.944,1.658,;217.609,678.391,1.675,;215.537,682.925,1.691,;211.95,686.05,1.71,;210.06,687.94,1.726,;206.232,689.589,1.742,;203.577,691.423,1.759,;161,,,;3319,,,;IVCCH,,,
201,394,0, ;219.688,396.076,0.014,;239.36,397,0.029,;251.782,396.111,0.048,;264.161,396,0.063,;273.934,396,0.079,;285.63,396,0.1,;298.557,396,0.116,;320.325,394.538,0.13,;327,393.5,0.149,;338.063,393,0.164,;348.423,393,0.18,;360.776,393,0.2,;368.626,393,0.213,;376.338,393,0.23,;388.484,394.348,0.252,;399.715,392.528,0.266,;404,391.5,0.28,;415.977,391.302,0.301,;425.464,391,0.314,;434.369,391,0.33,;444.567,392.063,0.353,;453.248,393.156,0.363,;459.699,393,0.38,;466.595,393,0.401,;474.5,391.5,0.421,;481.5,392,0.432,;487.367,392,0.448,;489.848,392,0.466,;493.136,390.955,0.488,;495.332,391,0.513,;498.61,391,0.616,;500.177,391,0.652,;502.222,391,0.701,;504.358,391,0.817,;506.134,392.067,0.886,;508.267,393.134,0.916,;510.191,394.095,0.951,;512.505,395.252,1.119,;512,397.097,1.152,;505.183,404.817,1.169,;497.381,410.442,1.184,;487.164,417.224,1.201,;476.822,430.885,1.221,;461.176,442.928,1.235,;449,451.5,1.252,;430.971,467.335,1.268,;416.738,478.696,1.289,;401.679,490.466,1.304,;391.566,501.482,1.318,;379.975,509.417,1.339,;368.88,517.184,1.355,;362.482,526.938,1.37,;353.335,534.966,1.385,;342.853,542.781,1.406,;334.355,553.065,1.424,;325.776,562.224,1.436,;313.561,570.28,1.452,;305.85,579.315,1.472,;300.577,590.846,1.494,;290.16,598.304,1.504,;280.929,605.583,1.519,;274.11,614.835,1.535,;266.616,623.384,1.553,;257.909,630.318,1.569,;249.969,637.027,1.591,;244.341,646.054,1.613,;240.089,653.139,1.625,;234.865,658.423,1.637,;228.017,662.989,1.653,;224.536,667.464,1.67,;220.798,671.936,1.688,;217.446,677.257,1.704,;215.053,682.869,1.72,;212.811,686.283,1.737,;210.571,688.429,1.753,;208.312,689.344,1.786,;206.464,691.536,1.886,;209.088,691,1.903,;211.877,692.439,1.938,;215.353,693,1.953,;219.179,693.795,1.97,;224.582,694.916,1.987,;232.26,695,2.004,;238.947,695,2.021,;245.683,695,2.037,;249.605,695,2.055,;257,696.5,2.071,;265.474,695.361,2.087,;272.585,695,2.104,;278.42,694.116,2.121,;285.027,695.004,2.137,;292.859,693.877,2.154,;300.703,694,2.171,;307.186,694,2.188,;312.45,694,2.205,;321.237,694,2.221,;329.063,693.277,2.238,;335.249,693,2.254,;340.859,692.028,2.271,;139,,,;3391,,,;IVCCH,,,
175,410,0, ;195.197,408.99,0.023,;210.908,407.776,0.045,;220.052,406.661,0.057,;229.223,406,0.084,;237.068,406,0.097,;243.5,406,0.113,;250.939,406,0.12,;266.206,406,0.135,;274.49,406,0.152,;281.155,406,0.168,;289.174,404.689,0.192,;299.029,405,0.203,;306.321,405,0.219,;313.726,405,0.235,;322.354,405,0.252,;329.51,405.918,0.269,;335.185,406,0.295,;340.949,406,0.324,;347.687,406,0.372,;377.018,407.752,0.411,;395.004,409.001,0.464,;416.531,409,0.494,;429.05,409.61,0.525,;442.969,409.853,0.547,;450.859,410,0.577,;458.651,410,0.599,;462.696,410,0.657,;484.252,410,0.671,;487.842,410,0.715,;489.602,410,0.744,;491.804,410,0.788,;493.214,410,0.962,;494.001,412.001,1.005,;489.266,419.102,1.061,;487.022,422.467,1.073,;473.746,439.403,1.123,;451.797,458.604,1.277,;381.886,528.114,1.448,;307.122,596.408,1.597,;252,651.5,1.646,;246.096,660.904,1.701,;235.761,675.239,1.728,;227.73,683.27,1.745,;223.262,686.369,1.78,;219.078,690.844,1.802,;218.5,692,1.829,;215.667,695.667,1.862,;213.471,698.794,1.895,;212.732,700.536,1.943,;210.642,702.358,1.994,;207.74,706.52,2.119,;210.09,706,2.136,;212.974,706.487,2.161,;215.812,707,2.178,;225.812,707,2.195,;234.738,706.033,2.213,;243.747,706,2.238,;250.692,706,2.266,;259.642,706,2.288,;276.798,706,2.328,;293.497,706,2.352,;308.283,707,2.377,;316.531,706.83,2.416,;336.499,706,2.434,;357.433,706,2.449,;365.682,706,2.465,;373.32,706.903,2.491,;382.189,708.027,2.507,;389.896,709,2.522,;396.077,709.269,2.547,;401.365,710.394,2.584,;422.471,712,2.623,;435.906,713,2.672,;457.797,715.359,2.703,;462.43,715,2.736,;473.626,716,2.767,;481.903,716,2.802,;488.644,716,2.825,;494.798,716,2.888,;510.777,716,2.914,;516.357,717,2.949,;518.423,717,2.997,;520.357,717,3.525,;0,0,0,;0,0,0,;0,0,0,;0,0,0,;0,0,0,;0,0,0,;0,0,0,;0,0,0,;0,0,0,;0,0,0,;0,0,0,;0,0,0,;0,0,0,;0,0,0,;0,0,0,;0,0,0,;84,,,;3525,,,;IVCCH,,,
194,403,0, ;228.28,402,0.018,;239.323,402.925,0.035,;248.362,404.045,0.052,;258.494,405.166,0.069,;267.226,407.556,0.087,;274.889,408.413,0.103,;282.5,409.5,0.12,;300.826,412,0.135,;308.635,412.772,0.152,;318.94,413,0.169,;330.167,414.017,0.186,;336.81,414,0.202,;343.533,414,0.219,;355.795,414,0.237,;365.485,414,0.254,;370.708,413,0.269,;378.925,412.259,0.286,;387.89,411.139,0.303,;394.904,411,0.32,;400.523,409.895,0.336,;408.574,410,0.353,;416.422,410,0.371,;425.774,408.528,0.388,;429.951,408.41,0.404,;437.668,407.292,0.42,;446.632,406.171,0.437,;454.687,405.045,0.454,;459.295,403.926,0.47,;467.328,401.62,0.487,;476.506,400.687,0.505,;482.604,399.566,0.522,;487.226,399.443,0.538,;491.703,399,0.554,;496.981,398.204,0.571,;501.674,398,0.588,;505.117,398,0.604,;508.48,398,0.621,;510.565,398,0.637,;512.807,398,0.79,;510.951,400.099,0.806,;507.16,402.84,0.821,;502.33,406.936,0.839,;495.858,411.428,0.855,;490.111,415.912,0.872,;485.615,421.482,0.889,;477.466,429.534,0.905,;469.66,438.675,0.924,;458.82,443.322,0.94,;453.496,450.088,0.956,;444.665,457.927,0.972,;434.591,466.585,0.989,;427.33,472.725,1.006,;420.619,479.381,1.023,;410.318,487.308,1.039,;400.242,496.452,1.058,;392.985,505.445,1.074,;385.596,511.853,1.091,;375.948,520.38,1.106,;367.441,529.354,1.123,;361.428,536.487,1.14,;350.649,543.21,1.157,;341.773,551.074,1.173,;335.341,558.935,1.191,;328.601,565.399,1.208,;317.312,571.646,1.225,;309.153,580.129,1.24,;302.421,589.105,1.257,;293.944,596.292,1.274,;284.964,603.027,1.291,;278.263,610.859,1.307,;272.758,618.738,1.326,;268.526,625.211,1.342,;262.559,630.44,1.359,;255.951,635.049,1.374,;250.338,641.395,1.391,;245.594,647.257,1.408,;242.079,652.869,1.425,;237.631,657.369,1.441,;231.925,660.645,1.458,;227.657,664.007,1.476,;223.166,668.834,1.493,;218.687,673.891,1.51,;214.901,679.499,1.525,;211.538,684.283,1.542,;208.183,686.878,1.559,;204.821,690.179,1.575,;201.466,692.356,1.592,;199.398,693.301,1.609,;197.151,694.425,1.658,;200.357,694,1.691,;204.071,695.035,1.709,;206.297,695,1.725,;209.825,696.275,1.742,;213.177,697.392,1.761,;216.5,698.5,1.777,;221.175,699.27,1.793,;227.551,700.759,1.809,;235.145,701,1.826,;241.99,701.998,1.843,;151,,,;3093,,,;IVCCH,,,
192,404,0, ;212.52,400.922,0.019,;231.924,398.154,0.035,;241,397.5,0.051,;249.5,396.5,0.068,;259.51,395.186,0.084,;268.589,394.051,0.101,;277.523,394,0.118,;295.83,394,0.138,;303.429,392.696,0.157,;311.085,393,0.172,;320,393,0.191,;330.314,394,0.202,;337.768,394.795,0.221,;346.332,395,0.235,;356.166,396.018,0.252,;365.283,397.16,0.27,;370.355,398.271,0.296,;380.154,398,0.313,;388.631,398,0.33,;395.189,397.362,0.341,;401.57,396.238,0.351,;409.163,396,0.37,;416.946,396,0.389,;423.503,396,0.403,;429.238,396,0.419,;436.042,396,0.44,;443.014,396.502,0.454,;448.975,397,0.528,;470.416,397,0.535,;477.3,397,0.556,;483.958,397,0.57,;487.837,395.541,0.59,;492.299,395.425,0.604,;497.436,395,0.62,;501.457,394.181,0.639,;505.757,394,0.654,;508.115,394,0.686,;510.304,394,0.72,;512.536,394,0.87,;510.946,396.107,0.903,;506.245,404.388,0.92,;501.999,410.002,0.937,;496.395,414.484,0.954,;490.83,420.17,0.976,;486.551,428.535,0.99,;482.096,436.332,1.005,;478,440.5,1.021,;471.389,444.167,1.039,;464.941,449.216,1.056,;459.192,452.885,1.071,;455.741,459.519,1.088,;449.978,465.022,1.105,;444.362,470.638,1.123,;435.883,476.227,1.141,;429.175,482.39,1.157,;423.642,489.701,1.173,;416.353,497.647,1.189,;407.941,503.412,1.207,;399.587,508.236,1.224,;394.278,514.866,1.24,;388.481,521.823,1.257,;381.554,528.446,1.274,;373.5,535,1.291,;368,538,1.307,;362.033,545.76,1.324,;355.615,552.385,1.341,;346.933,559.051,1.357,;340.349,565.651,1.373,;334.661,570.071,1.392,;329.265,577.082,1.408,;320.682,583.844,1.423,;313.271,590.729,1.442,;308.041,595.959,1.457,;304.402,599.598,1.475,;299.068,604.932,1.491,;293.801,610.199,1.508,;289.154,614.846,1.525,;282.111,620.574,1.542,;278.049,626.438,1.558,;274.273,629.727,1.576,;270.327,633.673,1.592,;265.814,638.983,1.607,;260.406,644.594,1.624,;255.766,650.293,1.641,;249.912,656.088,1.658,;247.036,658.964,1.675,;243.709,660.861,1.693,;240.682,665.318,1.709,;236.272,669.728,1.725,;232.644,673.356,1.741,;229.26,676.74,1.759,;224.817,680.137,1.775,;221.516,682.323,1.792,;219.436,685.846,1.81,;215.773,687.818,1.829,;214,690,1.858,;209.7,692.534,1.882,;207.224,694.776,1.894,;204.995,696.002,1.925,;154,,,;3710,,,;IVCCH,,,
212,396,0, ;233.159,399.023,0.018,;249.241,401.499,0.034,;258.309,403.735,0.053,;265.46,404.494,0.07,;271.059,405,0.085,;277.398,405,0.102,;284.119,405,0.118,;297.659,405,0.135,;304.579,405,0.152,;310.061,405,0.169,;319.664,402.334,0.187,;328.682,403,0.203,;334.9,402,0.219,;342.587,401.302,0.235,;351.563,400.18,0.252,;360.513,400.939,0.269,;367.37,399.938,0.285,;374.08,400,0.302,;383.424,400,0.319,;390.966,400,0.337,;397,400,0.354,;402.994,399,0.37,;410.514,398.212,0.386,;418.359,398,0.403,;425.174,396.971,0.419,;429.599,397,0.436,;437.888,395.73,0.453,;444.363,394.606,0.473,;450.573,394.485,0.488,;455.522,394,0.503,;459.271,394,0.52,;464.39,394,0.537,;468.985,394,0.553,;474.585,394,0.57,;478.958,394,0.587,;483.43,394,0.605,;487.936,394,0.622,;491.401,394,0.637,;495.889,394,0.654,;499.523,393.159,0.67,;502.897,393,0.687,;504.5,393,0.704,;505.202,394.101,0.803,;506.089,396.179,0.837,;502.826,400.232,0.854,;500.412,405.177,0.871,;496.762,409.651,0.889,;493.5,412.5,0.906,;489.028,415.972,0.922,;485.657,421.687,0.939,;480.498,427.502,0.956,;475.917,434.125,0.973,;468.026,439.696,0.989,;460.165,444.049,1.009,;455.104,449.896,1.024,;448,457,1.041,;439.038,466.342,1.056,;430.038,473.471,1.073,;423.672,480.194,1.09,;415.095,488.905,1.107,;405.021,497.87,1.123,;396.128,505.638,1.14,;391.243,510.757,1.158,;381.25,519.282,1.175,;372.273,528.136,1.19,;365.419,533.864,1.206,;357.306,539.184,1.223,;348.34,545.745,1.24,;339.376,553.546,1.257,;332.825,561.371,1.274,;326.096,566.587,1.292,;316.504,572.185,1.308,;308.641,580.359,1.325,;303.28,587.76,1.34,;296.397,594.802,1.357,;288.542,600.613,1.374,;280.697,607.26,1.391,;275.17,616.328,1.407,;270.843,625.315,1.427,;264.968,630.032,1.442,;258,634,1.458,;251.777,641.868,1.474,;246.922,647.847,1.492,;243.335,653.442,1.508,;239.975,658.034,1.525,;234.354,662.517,1.541,;229.992,667.008,1.558,;224.123,674.252,1.576,;220.023,679.471,1.593,;216.773,684.454,1.616,;213.783,688.217,1.638,;211.281,690.719,1.654,;208.06,692.96,1.673,;205.711,695.193,1.68,;202.342,697.438,1.709,;199.306,700.694,1.791,;202.023,701.011,1.825,;205.463,701,1.844,;207.858,701,1.861,;151,,,;2897,,,;IVCCH,,,
204,410,0, ;234.115,409,0.017,;243.708,409,0.034,;251.588,409,0.051,;259.434,409,0.068,;267.278,409,0.086,;273.689,409,0.103,;282.245,408.432,0.119,;291.827,408,0.135,;300.481,408,0.152,;306.664,408.933,0.168,;313.321,409,0.185,;323.543,409,0.202,;333.635,409,0.22,;338.092,409,0.236,;346.5,409,0.253,;358.93,408,0.269,;366.677,408,0.285,;374.328,408,0.302,;384.187,409.021,0.319,;393.129,409,0.336,;398.324,410.265,0.352,;405.304,410,0.37,;413.5,410,0.387,;420.749,410,0.403,;426.739,410,0.419,;432.358,410,0.436,;439.917,410,0.453,;446.665,410,0.47,;452.157,410,0.486,;456.417,410,0.504,;459.397,408.534,0.521,;463.39,409,0.537,;468.583,408.283,0.553,;474.186,408,0.57,;478.83,408,0.587,;483.33,408,0.603,;485.4,406.8,0.62,;487.648,407,0.637,;489.886,405.557,0.669,;491.536,406,0.753,;493.098,406,0.786,;495.534,404.733,0.847,;497.536,405,0.974,;494.893,406.054,1.004,;487.773,413.34,1.022,;484.315,416.685,1.039,;479.614,422.733,1.056,;472.17,428.359,1.074,;464.444,434.556,1.09,;458.437,439.85,1.106,;452.845,444.324,1.138,;446.292,449.757,1.148,;438.482,456.444,1.157,;430.722,463.095,1.175,;425.397,469.923,1.191,;421.248,475.19,1.208,;411.531,481.91,1.225,;403.221,489.779,1.24,;396.176,498.433,1.257,;389.44,505.56,1.273,;381.683,512.272,1.29,;373.84,520.16,1.307,;366.011,529.273,1.325,;362.371,535.444,1.342,;355.838,539.635,1.358,;349.104,545.896,1.374,;342.384,552.616,1.39,;336.54,558.46,1.407,;331.941,563.059,1.424,;326.325,567.54,1.441,;319.479,573.267,1.459,;312.757,578.869,1.475,;308.015,586.977,1.492,;303.52,592.48,1.511,;298.304,596.957,1.524,;292.693,602.307,1.541,;287.14,607.86,1.558,;282.577,613.529,1.575,;276.874,620.352,1.591,;273.956,625.74,1.609,;270.603,628.397,1.626,;265.054,633.357,1.642,;260.16,637.84,1.658,;254.854,642.317,1.675,;250.195,648.707,1.701,;246.784,654.359,1.711,;243.431,657.569,1.73,;240.068,660.932,1.742,;235.342,665.658,1.761,;230.808,670.192,1.775,;227.007,674.657,1.793,;222.878,679.122,1.81,;219.265,683.646,1.826,;216.93,686.07,1.843,;214.68,689.48,1.879,;211.41,692.59,1.897,;209.954,695.046,1.914,;208,697,1.943,;205.196,698.536,1.986,;152,,,;3738,,,;IVCCH,,,
178,402,0, ;190.298,404.05,0.016,;200.97,405.371,0.034,;206.928,406.488,0.051,;211.429,406,0.071,;215.081,406,0.085,;218.461,406,0.1,;220.939,406,0.12,;227.59,407.098,0.141,;231.785,405.804,0.157,;237.662,406,0.171,;241.818,406,0.186,;245.15,405,0.205,;247,405,0.223,;251.266,405,0.238,;256.524,405,0.251,;262.337,405,0.274,;267.863,405,0.289,;273.455,405,0.304,;277.572,405,0.325,;282,405,0.337,;286,403.5,0.352,;294.581,404,0.369,;300.486,404,0.389,;305.116,404,0.405,;309.479,404,0.419,;315.387,402.723,0.441,;322.368,401.605,0.454,;329.076,401,0.47,;334.403,401,0.491,;338.809,401,0.506,;344.158,401,0.522,;349.86,400.028,0.538,;355.427,400,0.554,;362.346,400,0.569,;366.466,398.634,0.588,;370.9,399,0.609,;374.893,398.421,0.624,;380.393,398,0.636,;385.238,397.191,0.656,;391.756,397.959,0.672,;396.242,396.94,0.687,;400.795,397,0.708,;406.628,397,0.721,;412.123,397,0.738,;417.5,397,0.759,;422.556,397,0.771,;426.454,397,0.788,;430.662,397,0.808,;435.122,397,0.821,;439.526,397,0.837,;444.151,397,0.855,;447.222,397,0.877,;450.573,397,0.891,;453.831,397,0.907,;457.201,397,0.923,;460.587,397,0.941,;464.928,397,0.957,;468.294,397,0.977,;471.693,397,0.992,;474.971,397,1.006,;479.857,397,1.028,;484.389,397,1.04,;487.374,397,1.054,;489.652,397,1.075,;491.846,397,1.088,;495.25,397,1.124,;498.489,397,1.142,;502.336,398.445,1.174,;503.536,398,1.224,;505.011,399.006,1.308,;505,401.214,1.342,;505,403.544,1.373,;502.86,408.28,1.395,;501.724,410.552,1.408,;499.305,411.348,1.425,;495.5,415.5,1.445,;493.802,418.395,1.46,;491.591,422.114,1.476,;489.228,426.544,1.492,;486.096,429.904,1.507,;483.767,432.233,1.523,;480.33,435.67,1.547,;476.98,439.02,1.561,;473.725,440.85,1.575,;467.059,443.176,1.597,;462.316,446.684,1.612,;458.604,451.195,1.625,;453.266,456.734,1.641,;446.645,461.237,1.662,;441.042,465.767,1.693,;433.887,469.834,1.702,;429.768,473.232,1.709,;426.354,477.195,1.726,;422.329,482.339,1.745,;417.359,486.912,1.759,;410.751,492.374,1.775,;403.759,499.241,1.792,;399.371,502.471,1.814,;396.118,505.882,1.83,;198,,,;3852,,,;IVCCH,,,
206,399,0, ;236.229,402.021,0.018,;243.988,402,0.035,;250.557,403.26,0.052,;255.9,403,0.07,;260,403,0.087,;265.117,404.623,0.102,;272.213,405.745,0.119,;275.735,406,0.136,;278.964,406,0.16,;282.332,407.111,0.17,;288.132,405.774,0.186,;293.736,406,0.204,;299.343,407.469,0.221,;303.374,407,0.236,;307.142,407,0.253,;311.347,407,0.27,;316.768,406.046,0.286,;322.38,404.924,0.303,;327.983,405,0.32,;333.597,406.319,0.338,;336.32,406,0.355,;341.251,405,0.371,;347.092,404.318,0.387,;352.21,403.198,0.403,;357.613,403.923,0.42,;363.216,404,0.437,;366.499,402.834,0.454,;369.858,403,0.472,;374.629,400.185,0.489,;380.634,400,0.505,;385.592,399.352,0.521,;390.071,399,0.539,;394.56,399,0.555,;398.026,399,0.571,;401.346,399,0.588,;405.991,399,0.606,;410.496,399,0.623,;414.48,399,0.639,;418.459,398.385,0.655,;422.944,398.736,0.671,;425.719,398.141,0.688,;428.94,398.98,0.705,;433.401,399,0.722,;437.865,399,0.741,;442.381,397.655,0.757,;446.846,398,0.773,;451.327,398.582,0.789,;455.122,398.293,0.805,;458.487,398,0.822,;461.848,398,0.839,;466.262,398,0.855,;469.567,398,0.872,;472.926,398,0.89,;476.298,398,0.907,;478.658,398,0.923,;481.346,398,0.939,;483.588,398.794,0.956,;485.829,398.086,0.973,;488.07,398,0.989,;490.312,399.156,1.006,;492.552,399,1.024,;494.794,399,1.04,;497,399,1.072,;499.803,399,1.105,;501.536,399,1.162,;503.183,399,1.306,;500.909,401.091,1.324,;499.5,404,1.49,;474.107,430.682,1.508,;465.653,439.347,1.525,;459.866,445.134,1.541,;455.419,450.726,1.558,;450.927,457.609,1.575,;445.098,462.902,1.593,;439.5,468.5,1.61,;430.471,477.529,1.625,;426.74,482.014,1.642,;422.513,487.359,1.659,;418.023,492.971,1.675,;412.427,497.458,1.692,;406.848,503.152,1.709,;399.825,506.088,1.727,;396.088,509.434,1.744,;392.607,514.992,1.759,;387.409,520.591,1.776,;382.637,525.363,1.792,;378.162,529.838,1.809,;372.578,533.253,1.826,;369.393,536.607,1.843,;366.023,541.302,1.861,;362.661,544.339,1.878,;357.737,550.828,1.894,;352.573,556.427,1.91,;347.774,561.226,1.926,;342.347,565.722,1.943,;337.786,570.214,1.96,;334.485,574.687,1.976,;329.831,579.169,1.995,;325.346,586.481,2.012,;193,,,;4150,,,;IVCCH,,,
191,400,0, ;210.693,404.487,0.014,;219.07,405.867,0.03,;227.076,407.011,0.049,;234.79,407,0.065,;241.338,407,0.079,;246.716,407,0.099,;255.5,408.5,0.119,;270.169,410,0.134,;276.55,410,0.15,;283.014,410,0.163,;291.803,410,0.184,;300.788,410,0.2,;307.197,410,0.214,;312.742,411.348,0.237,;322.693,409.538,0.254,;330.832,410.453,0.265,;336.767,410.692,0.281,;343.745,410.179,0.301,;352.576,410,0.317,;361.288,408.964,0.332,;368.194,409,0.375,;373.385,407.702,0.388,;390.284,405.453,0.399,;396,404.5,0.416,;401.018,403.196,0.432,;408.435,403,0.452,;416.115,401.984,0.466,;421.675,402,0.485,;427.435,400.713,0.506,;431.892,400,0.517,;438.027,400,0.533,;444.191,400,0.553,;449.001,400,0.567,;453.432,399.142,0.585,;457.02,400.007,0.603,;461.426,398.893,0.618,;468.361,397.773,0.636,;476.648,399.378,0.651,;482.947,397.509,0.67,;488.385,396.404,0.686,;493.55,395.29,0.701,;500.088,394.152,0.717,;506.831,394.972,0.741,;510.271,393.91,0.755,;513.545,394,0.802,;515.358,394,0.885,;513.977,396.046,0.936,;511.639,397.18,0.969,;509.465,400.802,1.072,;491.862,416.004,1.087,;475,430,1.107,;467.5,435.5,1.126,;461.685,440.452,1.135,;455.977,446.023,1.151,;449.249,452.751,1.174,;441.071,460.929,1.197,;426.287,475.713,1.213,;419.767,482.695,1.223,;411.85,491.743,1.237,;403.201,500.074,1.252,;396.793,505.366,1.269,;391.153,509.878,1.298,;384.459,516.541,1.311,;376.451,524.356,1.321,;367.24,532.415,1.337,;364.213,537.233,1.358,;357.029,540.836,1.376,;349.274,547.726,1.388,;341.315,555.685,1.406,;336.349,562.477,1.423,;330.834,568.166,1.437,;323.906,572.729,1.452,;315.851,581.149,1.475,;308.931,590.311,1.495,;303.912,597.088,1.505,;298.052,602.948,1.521,;290.526,611.256,1.538,;282.931,619.936,1.553,;276.826,626.174,1.57,;273.539,630.615,1.587,;270.186,633.814,1.604,;265.428,637.179,1.62,;261,642,1.641,;255.812,648.188,1.66,;250.202,653.038,1.674,;246.36,657.52,1.688,;243.999,661.001,1.704,;239.534,664.349,1.721,;235.011,668.989,1.739,;230.557,673.443,1.756,;226.06,679.425,1.772,;222.581,683.815,1.787,;218.068,687.199,1.805,;215.293,690.56,1.821,;213.056,692.944,1.838,;210.82,696.27,1.854,;207.376,699.624,1.871,;203.995,703.005,1.889,;202.087,704.913,1.905,;162,,,;3416,,,;IVCCH,,,
188,401,0, ;213.041,399.998,0.015,;231.371,400,0.033,;242.888,400,0.054,;252.489,400,0.066,;261,400,0.087,;269.399,400,0.123,;290.127,401.866,0.133,;299,402.5,0.15,;306.662,402,0.166,;312.193,402,0.183,;321.844,402,0.201,;329.352,402,0.22,;335.004,402,0.234,;340.603,402.721,0.249,;347.864,403,0.276,;356.691,403,0.283,;363.506,403,0.3,;369.035,403,0.317,;375.933,404.322,0.335,;385.57,404,0.368,;397.432,405,0.384,;403.071,405,0.4,;409.599,405,0.417,;417.359,405,0.434,;422.883,405,0.451,;427.177,403.706,0.468,;431.682,404,0.484,;436,404,0.501,;441.937,402.344,0.518,;447.897,402,0.534,;452.608,402,0.551,;457.1,402,0.568,;461.573,400.857,0.585,;467.318,401,0.602,;474.309,399.615,0.618,;478,400,0.635,;481.882,400.627,0.651,;484.502,401,0.668,;486.743,401,0.857,;501.357,401,0.921,;502.076,403.153,0.97,;499,408,0.988,;496.643,411.357,1.004,;494.427,413.573,1.022,;493.595,417.214,1.039,;489.5,422,1.054,;484.742,429.258,1.07,;478.375,434.854,1.087,;470.69,440.507,1.103,;461.801,445.1,1.131,;457.418,449.582,1.17,;448,461,1.215,;435.5,473,1.23,;430.379,478.368,1.246,;425.049,485.931,1.276,;417.208,493.792,1.311,;389.197,512.803,1.33,;378.835,519.57,1.338,;372.5,525,1.404,;343.773,549.052,1.421,;338.331,557.336,1.442,;334.21,563.238,1.457,;330,568.5,1.472,;322.887,576.798,1.49,;316.969,585.449,1.52,;310.404,593.528,1.54,;302.309,606.037,1.557,;297.825,612.762,1.575,;291.922,618.078,1.601,;286.783,623.681,1.612,;281.373,627.97,1.634,;276.882,632.898,1.656,;271.489,639.413,1.681,;259.293,650.707,1.698,;254.468,654.799,1.708,;252.226,658.16,1.724,;250,661.5,1.778,;242.441,674.413,1.793,;238.12,678.88,1.807,;234.702,683.397,1.824,;231.291,685.473,1.844,;227.954,687.697,1.861,;226.102,689.898,1.875,;223.29,691.14,1.891,;220.574,693.426,1.917,;217.495,696.505,1.932,;214.122,699.878,1.941,;211.846,702.154,1.957,;210.808,704.384,2.024,;208.731,705.134,2.057,;207.732,707.535,2.193,;212.684,708.895,2.233,;218.402,709,2.253,;223.576,709,2.265,;230.688,709,2.279,;238.995,709,2.295,;246.691,709,2.311,;255.675,708.258,2.329,;265.788,707.135,2.35,;133,,,;3311,,,;IVCCH,,,
190,402,0, ;218.217,398.071,0.018,;227.395,396.951,0.034,;234.006,397,0.051,;239.441,397,0.069,;243.649,397,0.086,;248,397,0.103,;254.569,397.653,0.119,;260.877,398,0.135,;266.471,397.106,0.152,;272.084,397,0.169,;276.549,397,0.185,;281.03,397,0.202,;285.515,397,0.22,;291.5,397,0.237,;297.094,396,0.252,;301.969,395.258,0.269,;306.446,395,0.286,;311.92,394.016,0.302,;318.614,395.102,0.319,;325.352,393.775,0.336,;330.73,394,0.354,;336.359,394,0.371,;340.94,393.412,0.386,;347.239,393,0.403,;353.982,393,0.42,;359.757,392.049,0.436,;365.36,392,0.453,;368.578,390.807,0.473,;374.55,392.31,0.489,;381.609,392,0.505,;386.5,390.5,0.521,;391.701,391,0.537,;395.394,391,0.554,;399.667,391,0.57,;404.157,391,0.587,;408.63,391,0.604,;414.402,391,0.621,;419.992,391,0.639,;422.5,391,0.655,;426.926,390.642,0.671,;429.529,391,0.688,;433.536,391.884,0.704,;438.026,392,0.721,;441.368,392,0.738,;444.737,392,0.754,;448.108,393.369,0.773,;451.464,391.512,0.789,;454.219,393,0.805,;457.196,393.732,0.821,;460.554,394,0.838,;463.915,394,0.855,;469.462,395.092,0.872,;473.87,395,0.888,;478.34,395,0.906,;481.366,393.545,0.923,;485.156,394.578,0.939,;488.095,395,0.956,;491.46,394.18,0.972,;493.878,394,0.989,;497.179,394,1.006,;500.547,395.182,1.022,;502.601,395,1.055,;505.805,395,1.105,;507.357,395,1.188,;509.171,395,1.477,;507.972,397.056,1.523,;501.202,404.798,1.541,;497.846,409.205,1.558,;493.311,412.516,1.575,;490.115,415.885,1.593,;486.753,420.662,1.609,;485,425,1.626,;481.692,429.617,1.642,;478.674,433.326,1.658,;475.312,436.688,1.675,;470.925,440.056,1.692,;466.452,442.274,1.708,;461.95,445.788,1.725,;457.457,449.157,1.743,;454.5,454,1.76,;449.522,459.097,1.775,;444.289,463.969,1.792,;438.683,468.453,1.809,;433.05,471.97,1.826,;429.681,475.319,1.842,;426.312,477.459,1.859,;424.305,481.042,1.877,;419.129,484.403,1.894,;415.652,488.348,1.91,;411.162,492.128,1.926,;405.847,496.323,1.943,;401.171,500.829,1.96,;396.697,504.228,1.976,;393.411,507.589,1.993,;390.056,510.944,2.012,;385.26,515.74,2.028,;379.777,520.223,2.044,;374.621,525.379,2.06,;369.802,530.198,2.077,;228,,,;4654,,,;IVCCH,,,
195,398,0, ;219.699,395.942,0.047,;249.808,394.274,0.062,;258.855,394,0.136,;273.444,393,0.167,;304.867,396,0.183,;316.951,395.175,0.197,;323.696,395,0.214,;330.432,395,0.231,;335.973,395,0.251,;340.25,395,0.265,;344.709,395,0.283,;352.377,396,0.299,;358,396,0.314,;365.78,396,0.333,;370.691,395.077,0.349,;377.223,395,0.365,;383.917,395,0.385,;390.808,396.301,0.399,;396.016,396,0.418,;400,396,0.451,;406.203,396,0.469,;415.521,397,0.482,;421.043,395.991,0.499,;426.555,396,0.525,;431.004,394.749,0.531,;435.451,395,0.552,;441.466,395,0.567,;445,395,0.583,;450.936,394,0.599,;454.56,393.147,0.618,;459.889,393,0.633,;464.394,391.901,0.686,;474.897,393,0.705,;477.733,393,0.716,;481.111,393,0.733,;483.649,393,0.75,;485.89,392.055,0.773,;487,391.5,0.784,;489.283,392,0.821,;492.629,392,0.834,;495,392,0.854,;498.011,392,0.867,;500.5,392,1,;504.52,395,1.017,;506,395,1.052,;507.534,396.267,1.067,;509.249,396,1.101,;512.737,396,1.144,;514.535,396,1.351,;500.769,402.615,1.388,;489.83,409.627,1.403,;486,412.5,1.425,;474.917,419.509,1.436,;463.879,428.297,1.453,;456.814,436.217,1.485,;452.393,440.607,1.504,;438.22,450.985,1.521,;430.5,459.5,1.537,;421.28,469.449,1.553,;411.182,476.545,1.569,;403.745,483.255,1.592,;398.999,489.002,1.604,;395.63,494.617,1.621,;391.087,498.913,1.637,;383.803,503.464,1.655,;371.15,507.94,1.691,;365.5,516.5,1.704,;347.5,530,1.737,;333.637,539.363,1.761,;325.509,546.278,1.774,;319.03,552.97,1.798,;312.734,559.719,1.81,;307.695,565.305,1.822,;303.905,569.793,1.838,;298.916,575.083,1.857,;293.305,581.634,1.872,;287.734,588.319,1.898,;281.279,594.902,1.912,;276.799,600.201,1.931,;272.31,605.535,1.946,;268,612,2.106,;232.5,657.5,2.143,;226.01,663.981,2.164,;222.642,666.239,2.187,;222,668.719,2.21,;219.527,673.946,2.226,;218.398,676.805,2.251,;217.274,679.451,2.277,;215.042,684.874,2.292,;213.911,687.177,2.332,;212.837,689.327,2.391,;210.732,690.134,2.424,;211,692.536,2.455,;208.817,694.183,2.557,;211.007,694,2.576,;213.305,694,2.596,;216.801,692.733,2.608,;221.556,690.222,2.625,;232,686.5,2.645,;141,,,;3823,,,;IVCCH,,,
