196,398,0, 237.475,394.826,0.016,257.472,393.807,0.03,276.754,391.323,0.053,297.912,390.505,0.067,319.633,388.418,0.081,341.742,388,0.101,381.315,387.207,0.116,409.48,386.072,0.131,430.187,387.066,0.147,449.015,384.645,0.17,464.129,386.295,0.184,480.141,386,0.202,489,389,0.219,492.538,390.635,0.234,496,391.5,0.264,491.929,394.035,0.287,488.611,397.389,0.304,482.592,404.69,0.321,473.015,409.865,0.337,457.562,420.448,0.349,438.666,435.25,0.369,417.577,452.931,0.385,396.532,470.001,0.402,374.36,486.73,0.416,358.103,502.897,0.439,338.683,516.047,0.452,321.597,533.065,0.468,300,546,0.488,281.307,565.129,0.502,264.144,580.56,0.517,249.044,595.956,0.533,234.346,610.654,0.558,222.147,626.086,0.579,211.128,638.059,0.6,200.509,650.736,0.62,188.291,670.988,0.641,185.64,678.758,0.654,183.382,685.045,0.668,183,690.747,0.683,183,694.204,0.701,184.191,697.572,0.72,186.632,698.316,0.736,187.429,700.859,0.752,195.976,703.106,0.768,204.5,705,0.792,214.652,710.061,0.816,227.523,713.631,0.829,241.299,715,0.841,259.354,714.585,0.851,278.562,711.195,0.869,296.222,712,0.886,317,707.5,0.902,336.5,704.5,0.918,361.706,701.794,0.939,385.616,696.769,0.96,408.196,693.121,0.971,427.864,690.781,0.986,449.669,688.509,1.002,464.034,684.921,1.022,481.351,684.51,1.045,494.375,684.58,1.063,503.141,684.31,1.074,508,683.5,1.101,502.946,678.866,1.217,0,0,0,0,0,0,0,0,0,0,0,0,0,0,0,0,0,0,0,0,0,0,0,0,0,0,0,0,0,0,0,0,0,0,0,0,0,0,0,0,0,0,0,0,0,0,0,0,0,0,0,0,0,0,0,0,0,0,0,0,0,0,0,0,0,0,0,0,0,0,0,0,0,0,0,0,0,0,0,0,0,0,0,0,0,0,0,0,0,0,0,0,0,0,0,0,0,0,0,0,0,0,0,0,0,65,1217,JAGR,
205,438,0, 220.544,427.637,0.017,241.513,420.381,0.03,255.46,416.635,0.05,270.896,413.237,0.065,285.214,409.951,0.08,303.541,407.682,0.098,320.416,405.411,0.119,362.982,403.153,0.132,374.5,399.5,0.15,395.837,398.363,0.167,412.816,397.279,0.184,431.778,398.739,0.198,447.776,400.968,0.215,462.881,404.434,0.234,475.902,408.967,0.251,486.705,409.37,0.265,493.5,409,0.287,498.376,411,0.298,502,411,0.383,497.896,413.104,0.419,494.188,414.271,0.433,492,414,0.467,487.249,417.834,0.485,482.765,420.117,0.501,473.659,424.671,0.515,463.344,438.246,0.537,453.097,447.903,0.554,437.521,461.63,0.566,424.201,476.449,0.587,406.933,494.067,0.603,387.844,509.59,0.617,369.563,529.491,0.633,350.282,544.079,0.656,332.634,564.912,0.674,310.051,578.692,0.685,292,599,0.704,269.741,613.863,0.72,252.128,629.697,0.734,236.539,643.579,0.75,222.699,657.301,0.77,211.793,667.087,0.792,200.071,675.715,0.806,191.618,683.727,0.818,187.061,689.424,0.836,184.5,691.5,0.855,183,691.5,0.936,186.1,691,0.972,191.133,695.133,0.992,194.003,696.668,1.006,196.576,700.153,1.019,198,703,1.039,199.031,702.016,1.075,201.322,702,1.09,206.823,701,1.103,213.751,701,1.12,220.31,701,1.136,231.26,701,1.152,244.671,699.221,1.172,261.72,695.856,1.189,279.783,696,1.203,299.649,693.453,1.219,326.992,695.391,1.242,346.577,694.497,1.259,372.341,692.805,1.272,398.184,690.529,1.287,418.83,688.255,1.302,442.602,688,1.321,458.45,689.104,1.345,474.464,691.411,1.358,487.663,693.333,1.37,500.355,694.487,1.387,505.5,697,1.406,505,696,1.537,0,0,0,0,0,0,0,0,0,0,0,0,0,0,0,0,0,0,0,0,0,0,0,0,0,0,0,0,0,0,0,0,0,0,0,0,0,0,0,0,0,0,0,0,0,0,0,0,0,0,0,0,0,0,0,0,0,0,0,0,0,0,0,0,0,0,0,0,0,0,0,0,0,0,0,0,0,0,74,1537,JAGR,
187,410,0, 228.405,409,0.017,249.931,409,0.032,269.318,409,0.05,288.603,409,0.067,311.226,409,0.086,334.008,409,0.102,356,409,0.116,409,409,0.135,420.434,406.571,0.15,441.702,406,0.165,456.737,404.04,0.185,474.884,406.236,0.201,486.558,406,0.22,496.156,407.351,0.232,500.388,409.955,0.284,492.799,414.401,0.301,487.515,418.588,0.316,479.562,426.438,0.333,464.443,437.967,0.355,447.046,449.302,0.369,422.218,468.691,0.384,407,486,0.4,386.5,506.5,0.419,366.116,529.105,0.436,345.696,549.394,0.451,328.026,570.169,0.467,306.542,590.276,0.484,291.683,609.243,0.507,275.212,629.233,0.523,262.314,645.27,0.536,250.515,659.485,0.55,240.782,670.773,0.568,229.83,683.087,0.585,220.787,690.16,0.603,214.365,696.635,0.618,209.879,701.121,0.637,208.207,704.189,0.652,206,706,0.687,203.214,705,0.737,211.239,705,0.755,220.619,706.202,0.77,238.189,706,0.786,253.677,707.477,0.808,275.7,707.594,0.825,295.988,708,0.837,320.158,707.175,0.856,342.432,705.06,0.876,367.924,701.885,0.886,395.657,699.612,0.902,415.964,694.744,0.925,434.641,696.101,0.943,450.943,695.534,0.954,465.716,695.33,0.968,477.24,695.804,0.988,487.291,697.842,1.109,0,0,0,0,0,0,0,0,0,0,0,0,0,0,0,0,0,0,0,0,0,0,0,0,0,0,0,0,0,0,0,0,0,0,0,0,0,0,0,0,0,0,0,0,0,0,0,0,0,0,0,0,0,0,0,0,0,0,0,0,0,0,0,0,0,0,0,0,0,0,0,0,0,0,0,0,0,0,0,0,0,0,0,0,0,0,0,0,0,0,0,0,0,0,0,0,0,0,0,0,0,0,0,0,0,0,0,0,0,0,0,0,0,0,0,0,0,0,0,0,0,0,0,0,0,0,0,0,0,0,0,0,56,1109,JAGR,
183,413,0, 219.921,406.367,0.017,237.223,402.955,0.033,254.201,399.56,0.048,271.819,396.284,0.065,291.956,392.772,0.086,313.313,389.965,0.102,345.073,387.225,0.116,376.116,384.56,0.131,398.198,384,0.151,417.433,383.033,0.165,439.81,385.181,0.181,452.743,386.229,0.202,469.159,390.105,0.217,481.606,390.467,0.234,491.153,394.187,0.252,499.431,396.358,0.267,503.612,397.806,0.284,505,398.5,0.299,502.974,400.051,0.315,500.572,403.641,0.333,495.684,405.658,0.353,491.217,410.783,0.367,485.5,418,0.386,474.276,431.742,0.402,461.708,444.518,0.416,445.513,458.689,0.433,428.378,478.746,0.453,411.592,501.211,0.47,395.107,518.153,0.485,379.062,538.211,0.5,362.5,555,0.521,343.555,575.097,0.538,323.013,593.739,0.552,303.665,613.231,0.566,283.699,629.234,0.584,266.803,646.197,0.604,248.201,659.905,0.619,235.286,673.714,0.634,219.11,688.398,0.655,209.962,694.226,0.674,201.091,701.207,0.686,193.084,705.535,0.702,189.048,707.968,0.722,187.5,709,0.75,190.11,705.78,0.771,192.947,706,0.793,207.704,703.324,0.809,223.858,701.321,0.821,242.06,699.367,0.834,262.116,698.049,0.854,282.163,700.129,0.875,304.1,700,0.896,327.043,699.72,0.914,349.292,698.596,0.926,373.68,696.932,0.945,394.316,696.666,0.971,432.69,695.878,0.989,448.138,696,1.002,462.92,698.295,1.022,477.06,698,1.036,489.237,700.77,1.052,494,701.5,1.07,495.5,701,1.216,0,0,0,0,0,0,0,0,0,0,0,0,0,0,0,0,0,0,0,0,0,0,0,0,0,0,0,0,0,0,0,0,0,0,0,0,0,0,0,0,0,0,0,0,0,0,0,0,0,0,0,0,0,0,0,0,0,0,0,0,0,0,0,0,0,0,0,0,0,0,0,0,0,0,0,0,0,0,0,0,0,0,0,0,0,0,0,0,0,0,0,0,0,0,0,0,0,0,0,0,0,0,0,0,0,0,0,0,64,1216,JAGR,
183,403,0, 206.69,400.94,0.019,232.948,399.503,0.032,250.787,399,0.048,269.927,398.298,0.068,289.536,397.192,0.082,311.213,397,0.101,333.602,397,0.118,377.156,397,0.136,400.144,397,0.15,420.49,395.553,0.166,436,396,0.187,452.353,396.643,0.201,469.267,398.533,0.216,483.598,401.65,0.232,492.251,403.036,0.252,499.025,406.512,0.287,495.633,406,0.302,491.5,407.5,0.316,489.126,411.498,0.335,484.355,416.645,0.349,475.253,424.886,0.366,461.129,437.881,0.383,439.851,452.47,0.404,419.027,475.249,0.421,393.403,493.643,0.437,374.728,511.272,0.453,352.702,530.955,0.467,326.632,550.302,0.486,303.672,569.695,0.505,279.095,591.055,0.517,257.251,607.289,0.533,240.8,626.627,0.551,225.067,639.228,0.571,211.531,654.889,0.593,200.991,662.896,0.602,191.492,671.508,0.616,186.571,679.668,0.634,183.171,684.772,0.653,180.931,687.069,0.752,189.958,690.234,0.773,199.084,692.771,0.785,207.922,693.99,0.801,218.314,697.438,0.817,233.738,695.712,0.839,248.375,696,0.855,267.256,695,0.871,286.414,693.732,0.886,308.897,693,0.902,330.714,693.88,0.919,356.814,693.008,0.935,386.167,693,0.952,414.082,694.243,0.972,442.365,695.375,0.991,462.577,696,1.003,484.044,697.182,1.019,501.664,700.133,1.037,515.807,703.452,1.052,523.751,706.875,1.07,528.337,708.084,1.178,0,0,0,0,0,0,0,0,0,0,0,0,0,0,0,0,0,0,0,0,0,0,0,0,0,0,0,0,0,0,0,0,0,0,0,0,0,0,0,0,0,0,0,0,0,0,0,0,0,0,0,0,0,0,0,0,0,0,0,0,0,0,0,0,0,0,0,0,0,0,0,0,0,0,0,0,0,0,0,0,0,0,0,0,0,0,0,0,0,0,0,0,0,0,0,0,0,0,0,0,0,0,0,0,0,0,0,0,0,0,0,0,0,0,0,0,0,0,0,0,60,1178,JAGR,
187,427,0, 239.413,412.414,0.018,260.877,406.769,0.031,280.605,402.152,0.055,300.945,400.339,0.069,321.941,398.059,0.082,341.5,396,0.103,373.287,390.766,0.118,398.978,388.237,0.132,416.487,386.202,0.149,435.89,386,0.169,448.876,386,0.186,459.814,388.563,0.199,472.728,388,0.221,478.726,392.129,0.234,483.227,395.841,0.249,485.543,398.543,0.269,486,400.757,0.286,486,402.955,0.301,483.773,406.34,0.316,480.239,409.761,0.339,475.451,414.549,0.351,466.68,421.86,0.367,458.761,431.45,0.387,448.318,441.285,0.402,433.506,453.852,0.419,418.664,469.285,0.433,397.998,486.668,0.456,379.003,508.467,0.474,359.629,533.951,0.492,340.625,557.677,0.502,320.25,579.75,0.516,304.959,601.377,0.533,285.428,621.086,0.554,267.279,638.721,0.567,251.452,654.548,0.583,238.879,667.121,0.6,227.82,678.18,0.623,215.981,688.126,0.642,206.792,694.104,0.653,200.354,697.984,0.67,199.761,701.284,0.684,200.5,703.5,0.735,203.18,699.88,0.756,215.355,697.254,0.777,232.297,694.024,0.793,252.515,692.394,0.805,274.167,691.254,0.821,295.368,690.138,0.835,321.151,688.993,0.851,342.553,686.731,0.871,369.016,684.477,0.889,394.848,683.673,0.903,419.223,681.071,0.919,436,679,0.937,456.875,683,0.957,473.436,685.487,0.978,485.394,686.939,0.989,494.726,689.181,1.003,497.655,691.436,1.103,0,0,0,0,0,0,0,0,0,0,0,0,0,0,0,0,0,0,0,0,0,0,0,0,0,0,0,0,0,0,0,0,0,0,0,0,0,0,0,0,0,0,0,0,0,0,0,0,0,0,0,0,0,0,0,0,0,0,0,0,0,0,0,0,0,0,0,0,0,0,0,0,0,0,0,0,0,0,0,0,0,0,0,0,0,0,0,0,0,0,0,0,0,0,0,0,0,0,0,0,0,0,0,0,0,0,0,0,0,0,0,0,0,0,0,0,0,0,0,0,60,1103,JAGR,
202,402,0, 245.374,404.969,0.016,267.079,405,0.03,285.642,405,0.047,310.458,403.645,0.068,332.359,401.064,0.085,358.841,399.423,0.099,397.479,397.675,0.114,427.9,397,0.131,447.105,397.947,0.151,469.608,401.241,0.167,482.173,406.906,0.181,495.712,408.619,0.204,505.114,410.914,0.217,506.607,413.536,0.232,508,415.315,0.252,508,417,0.281,503.893,420.071,0.3,497.054,425.789,0.317,487.897,432.577,0.332,470.154,446.593,0.35,450.5,460,0.369,429.441,477.074,0.385,409.044,494.487,0.399,389.857,512.259,0.415,372.254,530.73,0.434,352.701,549.164,0.451,334.438,569.981,0.469,312.529,587.449,0.484,293.929,605.596,0.5,269,623.5,0.516,252.315,638.972,0.532,236.361,653.807,0.549,221.504,665.612,0.569,208.914,678.086,0.591,195.152,688.478,0.604,183.922,697.462,0.618,179.717,708.109,0.634,174.825,713.937,0.652,173.321,717.358,0.667,172.5,719,0.731,176.115,716.962,0.75,179.709,717,0.78,210.5,714.5,0.79,230.491,710.028,0.801,254.464,708.206,0.818,275.339,705.42,0.835,298.603,701.91,0.852,327.96,696.238,0.875,354.991,693.126,0.892,383.394,693.365,0.904,407.987,694,0.919,432.869,694.62,0.938,453.802,696.475,0.957,473.217,697,0.971,489.83,699.964,0.991,503.281,698.893,1.003,510.606,697.771,1.019,518.517,699.36,1.036,520.467,697.511,1.168,0,0,0,0,0,0,0,0,0,0,0,0,0,0,0,0,0,0,0,0,0,0,0,0,0,0,0,0,0,0,0,0,0,0,0,0,0,0,0,0,0,0,0,0,0,0,0,0,0,0,0,0,0,0,0,0,0,0,0,0,0,0,0,0,0,0,0,0,0,0,0,0,0,0,0,0,0,0,0,0,0,0,0,0,0,0,0,0,0,0,0,0,0,0,0,0,0,0,0,0,0,0,0,0,0,0,0,0,0,0,0,0,0,0,0,0,0,0,0,0,60,1168,JAGR,
197,418,0, 225.499,415.889,0.017,256.501,414.425,0.031,276.691,413.312,0.047,298.814,413,0.067,319.006,412.055,0.083,343.151,410.898,0.097,367.667,408.576,0.118,418.208,406.307,0.136,429.942,402.676,0.151,450.618,403.912,0.165,468.133,404.31,0.181,483.645,405,0.201,493.274,406.818,0.214,500.278,410.139,0.232,502.347,411.174,0.267,500.804,413.392,0.286,495.452,418.038,0.309,490.5,422,0.333,479.517,432.735,0.342,465.693,441.088,0.352,448.838,452.108,0.368,428.517,467.931,0.386,408.262,482.422,0.404,385.18,503.385,0.417,364.228,522.804,0.432,345.477,540.666,0.449,324.47,559,0.469,307.289,577.406,0.483,288.273,597.711,0.505,271.294,616.934,0.523,257.737,630.674,0.534,245.337,645.329,0.55,237.237,657.174,0.566,230.366,660.423,0.587,224.526,664.779,0.6,220.509,667.66,0.619,218.146,668.927,0.639,217,669.5,0.686,216.889,671.222,0.703,217,674.079,0.717,217,677.671,0.736,217,681.21,0.754,216.109,684.674,0.767,215.5,686.5,0.784,214.923,687.154,0.852,213.866,689.267,0.92,216.041,687.98,0.942,228.613,688,0.96,243.568,687.652,0.972,262.614,686.521,0.989,283.248,686.592,1.002,306.861,687,1.022,330.699,687.885,1.04,358.697,688.952,1.052,389.541,689,1.068,416.516,689,1.09,444.546,687.658,1.109,464.886,682.851,1.12,492.13,678.304,1.218,0,0,0,0,0,0,0,0,0,0,0,0,0,0,0,0,0,0,0,0,0,0,0,0,0,0,0,0,0,0,0,0,0,0,0,0,0,0,0,0,0,0,0,0,0,0,0,0,0,0,0,0,0,0,0,0,0,0,0,0,0,0,0,0,0,0,0,0,0,0,0,0,0,0,0,0,0,0,0,0,0,0,0,0,0,0,0,0,0,0,0,0,0,0,0,0,0,0,0,0,0,0,0,0,0,0,0,0,0,0,0,0,0,0,0,0,0,0,0,0,60,1218,JAGR,
202,423,0, 239.451,415.829,0.016,256.197,413.574,0.032,274.891,412.632,0.054,291.336,411.511,0.066,310.412,411.412,0.084,329.527,411,0.102,362.763,410.229,0.115,387.799,410,0.134,406.943,408.945,0.151,422.23,407.841,0.172,443.577,408,0.187,453.978,408,0.202,465.5,408,0.216,478,409.5,0.235,487.011,410,0.25,496.112,410.889,0.266,501.076,412.019,0.287,503.318,414.318,0.299,504.262,416.524,0.336,501.476,418.524,0.353,497.603,420.198,0.37,493.074,423.926,0.386,487.693,429.307,0.404,477.997,437.002,0.422,466.967,443.62,0.435,454.447,451.624,0.454,437.605,463.854,0.472,422.627,477.463,0.487,408.303,493.118,0.501,392.802,508.198,0.521,376.846,524.154,0.537,361.804,538.258,0.551,343.347,552.239,0.568,326.756,566.811,0.586,307.176,580.111,0.607,294.642,594.542,0.625,280.383,606.617,0.636,266.103,619.528,0.651,253.027,629.526,0.668,241.495,638.604,0.688,231.729,649.301,0.702,221.637,654.757,0.719,216.492,659.206,0.736,212.361,662.229,0.753,209.901,665.099,0.769,208.345,667.31,0.785,207.5,669,0.821,205.47,670.53,0.87,208.185,672.185,0.902,209.271,674.541,0.954,210.177,676.355,0.971,210,678.091,0.987,210,680.491,1.009,207.185,684.222,1.025,206.565,685.871,1.104,203.68,687.213,1.136,202.901,689.199,1.205,207.268,688.756,1.224,216.066,689,1.239,230.19,689,1.254,245.289,689,1.271,263.76,690.297,1.291,283.966,690,1.306,306.796,689.464,1.325,328,688.5,1.34,353.688,688,1.354,381.125,688,1.379,405.783,688,1.395,426.933,688,1.405,451.324,688,1.422,469.424,689.378,1.443,485.386,691.477,1.462,498.873,694.175,1.473,507.345,696.448,1.491,512.531,699.648,1.51,510.144,700.952,1.626,0,0,0,0,0,0,0,0,0,0,0,0,0,0,0,0,0,0,0,0,0,0,0,0,0,0,0,0,0,0,0,0,0,0,0,0,0,0,0,0,0,0,0,0,0,0,0,0,0,0,0,0,0,0,0,0,0,0,0,0,0,0,0,0,0,0,0,0,0,77,1626,JAGR,
190,402,0, 212.383,398.948,0.02,235.203,397.711,0.039,255.295,398,0.053,277.987,398,0.067,300.557,398,0.082,325.294,398,0.102,351.155,398.876,0.115,397.369,400.971,0.133,419.338,401,0.152,446.669,404.709,0.169,461.519,402.632,0.186,479.826,407.467,0.204,490,409,0.219,497.492,412.397,0.235,501.547,415.547,0.249,502.965,417.93,0.269,501.896,420.208,0.284,498.444,424.742,0.299,490.911,432.089,0.316,484.225,435.85,0.339,467.247,446.252,0.354,446.236,458.724,0.367,423.043,476.564,0.383,398.324,496.916,0.403,378.779,518.364,0.427,359.315,536.536,0.449,337.687,558.754,0.471,316.771,578.63,0.485,273.824,616.535,0.5,253.823,635.402,0.52,237.401,653.399,0.544,223.899,666.093,0.57,210.621,679.128,0.59,190.19,693.756,0.609,185.591,697.928,0.635,185.46,697.27,0.687,191.265,697,0.703,203.163,698.216,0.72,216.043,703.47,0.737,234.305,704.974,0.757,254.592,706,0.778,273.784,705.307,0.791,294.007,703.333,0.802,319.02,701.085,0.818,338.349,697.762,0.839,362.815,694.48,0.858,387.663,693.702,0.87,409.85,692.534,0.886,428.914,690.426,0.906,445.901,689.315,0.926,461.732,687.436,0.938,476.047,683.318,0.953,488.588,677.733,0.971,495.057,674.471,0.995,501.565,672.478,1.095,0,0,0,0,0,0,0,0,0,0,0,0,0,0,0,0,0,0,0,0,0,0,0,0,0,0,0,0,0,0,0,0,0,0,0,0,0,0,0,0,0,0,0,0,0,0,0,0,0,0,0,0,0,0,0,0,0,0,0,0,0,0,0,0,0,0,0,0,0,0,0,0,0,0,0,0,0,0,0,0,0,0,0,0,0,0,0,0,0,0,0,0,0,0,0,0,0,0,0,0,0,0,0,0,0,0,0,0,0,0,0,0,0,0,0,0,0,0,0,0,0,0,0,0,0,0,0,0,0,0,0,0,56,1095,JAGR,
180,397,0, 209.306,394.356,0.016,226.818,394,0.031,244.86,394.929,0.049,261.905,396.06,0.07,279.536,397.159,0.081,298.814,398.283,0.097,318.447,396.562,0.119,368,397,0.134,380.507,396,0.147,404.093,395.234,0.174,423.64,395,0.184,443.117,395,0.199,459.043,396.146,0.214,477.26,398.532,0.231,489.799,399.4,0.253,498.5,400.5,0.268,502.784,403.595,0.282,505.5,404.5,0.318,502.732,406.536,0.334,498.785,409.161,0.348,492.929,411.428,0.366,487.125,416.5,0.388,475.515,425.489,0.402,459.362,439.91,0.415,438.755,454.259,0.435,421.375,469.625,0.449,402.053,484.24,0.466,382.368,503.632,0.483,364.559,521.441,0.502,343.92,542.08,0.521,323.838,563.616,0.54,301.782,581.409,0.558,284.425,597.27,0.571,266.988,612.211,0.582,251.078,627.922,0.6,238.294,643.898,0.618,222.424,656.024,0.634,212.008,664.393,0.654,202.205,673.373,0.675,197.473,679.033,0.7,193.12,683.88,0.717,190.5,688,0.785,194.211,685.93,0.806,203.319,688.96,0.823,213.392,691.797,0.836,224.347,694.469,0.852,233.837,697.564,0.884,244.594,702.797,0.936,300.692,711.522,0.951,318.29,711.605,0.969,334.796,710.601,0.985,354.51,707.551,1.002,378.446,706.071,1.023,400.593,703.832,1.045,421.857,702.168,1.057,445.683,703,1.069,464.355,703,1.087,485.72,703,1.108,502.896,703,1.122,517.483,702.21,1.146,529.942,702,1.158,535.151,702,1.319,0,0,0,0,0,0,0,0,0,0,0,0,0,0,0,0,0,0,0,0,0,0,0,0,0,0,0,0,0,0,0,0,0,0,0,0,0,0,0,0,0,0,0,0,0,0,0,0,0,0,0,0,0,0,0,0,0,0,0,0,0,0,0,0,0,0,0,0,0,0,0,0,0,0,0,0,0,0,0,0,0,0,0,0,0,0,0,0,0,0,0,0,0,0,0,0,0,0,0,0,0,0,0,0,0,0,0,0,0,0,0,63,1319,JAGR,
197,428,0, 240.821,417.827,0.015,261.411,415.621,0.035,280.838,413.313,0.054,301.139,412.548,0.068,322.687,411.416,0.082,343.836,410.324,0.099,381.78,408.37,0.119,406.56,407.076,0.139,424.357,402.911,0.15,445.812,399.365,0.165,458.95,396.089,0.186,476.549,395.563,0.203,485.804,395,0.216,492.181,395.636,0.236,498.604,397.535,0.253,503,399,0.289,495.663,403.112,0.299,492.236,406.764,0.321,487.39,410.207,0.336,478.5,416.5,0.35,460.878,435.122,0.366,439.618,453.452,0.386,421.633,471.191,0.399,400.274,490.755,0.419,383.158,507.842,0.435,365.795,527.606,0.456,346.419,545.252,0.475,327.531,563.24,0.488,308.323,580.255,0.501,288.597,595.465,0.517,270.319,610.836,0.537,252.606,624.546,0.557,240.508,636.492,0.575,227.432,648.568,0.586,217.328,658.672,0.601,208.447,666.109,0.618,203.55,672.45,0.638,199.019,679.623,0.651,196.409,683.591,0.668,195,685,0.703,197.049,686.098,0.735,200.615,687.205,0.756,205.582,690.033,0.769,212.465,692.276,0.785,222.704,693.77,0.801,233.056,694.895,0.819,244.024,697.005,0.841,256.633,698.148,0.86,270.247,698.232,0.872,286.4,698.28,0.885,303.5,696,0.905,325.312,697,0.926,344.746,696.277,0.938,366.196,696.852,0.951,388.557,694.066,0.97,412.185,691.792,0.994,433.91,689.609,1.013,454.093,690.641,1.025,474.257,693.361,1.037,492.682,695.605,1.052,505.921,698.768,1.07,515.678,700.835,1.089,519.773,701,1.11,521.5,701,1.123,517.814,701,1.219,0,0,0,0,0,0,0,0,0,0,0,0,0,0,0,0,0,0,0,0,0,0,0,0,0,0,0,0,0,0,0,0,0,0,0,0,0,0,0,0,0,0,0,0,0,0,0,0,0,0,0,0,0,0,0,0,0,0,0,0,0,0,0,0,0,0,0,0,0,0,0,0,0,0,0,0,0,0,0,0,0,0,0,0,0,0,0,0,0,0,0,0,0,0,0,0,0,0,0,0,0,0,66,1219,JAGR,
174,421,0, 205.018,406.378,0.016,220.167,402.731,0.033,234.498,401.808,0.055,250.242,400.697,0.067,265.807,401,0.083,282.5,404,0.101,310.489,406.561,0.116,331.973,407.233,0.131,349.721,407,0.148,364.413,405.966,0.169,380.134,406,0.185,389.535,404.718,0.198,401.045,403.596,0.219,411.7,404.471,0.234,419.775,402.806,0.248,425.954,402,0.266,429.658,402.886,0.285,433.044,404.015,0.301,435.302,404,0.434,437.134,405.067,0.45,439.224,406.112,0.467,443.066,406,0.484,446.406,406,0.504,451.944,405.436,0.52,460.385,405,0.532,470.199,405.8,0.553,479.608,406.951,0.568,489.293,407,0.583,499.777,408.197,0.6,507.207,409.315,0.621,510.887,410.472,0.637,513.5,411.5,0.65,513.5,414,0.686,508.349,419.651,0.702,500.968,424.018,0.717,488.532,435.334,0.734,472.158,448.019,0.755,453.396,463.366,0.772,432.356,479.119,0.787,410.801,494.999,0.801,386.624,510.519,0.817,362.59,531.534,0.838,339.035,550.971,0.859,313.906,569.548,0.869,295.13,591.326,0.884,267.98,605.882,0.904,250.563,627.933,0.924,236.382,642.549,0.939,222.627,656.977,0.952,211.481,669.19,0.969,202.355,681.512,0.986,195.557,686.295,1.004,191.174,690.826,1.018,189.318,694.024,1.04,188.528,695.944,1.069,190.263,697.527,1.104,200.306,697.913,1.126,212.326,701.089,1.138,226.885,703.29,1.153,248.256,704.292,1.17,268.763,705.431,1.187,287.828,707,1.207,311.991,707.64,1.226,334.434,707.254,1.238,361.225,706.111,1.253,387.572,703.95,1.27,412.351,704,1.294,429.9,702.771,1.314,451.69,703.356,1.326,469.856,704.491,1.337,484.843,706.244,1.352,495.675,707,1.371,499.758,707.879,1.387,501,708.5,1.512,0,0,0,0,0,0,0,0,0,0,0,0,0,0,0,0,0,0,0,0,0,0,0,0,0,0,0,0,0,0,0,0,0,0,0,0,0,0,0,0,0,0,0,0,0,0,0,0,0,0,0,0,0,0,0,0,0,0,0,0,0,0,0,0,0,0,0,0,0,0,0,0,0,0,0,75,1512,JAGR,
173,406,0, 193.439,407.022,0.015,216.089,408.358,0.036,233.838,409.49,0.054,252.837,410,0.067,271.247,410,0.083,292.344,410,0.099,313.123,409.049,0.118,357.374,406.831,0.134,382.451,404.629,0.149,405.95,402.338,0.17,425.286,400.079,0.187,450.346,403,0.2,468.142,404.311,0.221,484.84,404.226,0.235,499.554,405.778,0.251,508.371,406,0.273,513.725,406,0.286,516.782,406,0.337,513.64,407.18,0.352,509.145,410.428,0.367,504.534,413.6,0.387,496.926,417.032,0.401,485.937,426.957,0.417,469.473,441.023,0.439,452.032,453.377,0.453,430.291,469.417,0.469,412.268,489.136,0.483,394.156,507.567,0.503,375.63,527.215,0.521,360.574,547.206,0.535,341.365,566.635,0.552,321.014,586.986,0.57,302.142,605.858,0.587,284.549,624.917,0.602,268,639.5,0.621,251.953,656.047,0.646,237.543,669.653,0.666,223.151,681.115,0.679,210.63,689.168,0.692,198.048,694.887,0.705,188.298,701.801,0.721,185.427,705.573,0.738,184,708.5,0.768,182.471,708.264,0.802,184.268,705.465,0.821,188.345,706,0.839,202.82,708.47,0.853,216.91,712.228,0.87,234.5,717,0.892,255.824,715.622,0.91,276.114,715.271,0.923,296.601,715,0.936,324.06,712.995,0.954,347.633,708.498,0.979,375.466,705.369,0.997,403.065,702.327,1.009,428.627,699.605,1.02,452.207,698.6,1.036,472.706,697.557,1.057,490.34,697,1.072,502.92,695.016,1.089,508.378,693.924,1.104,511.64,692.787,1.231,0,0,0,0,0,0,0,0,0,0,0,0,0,0,0,0,0,0,0,0,0,0,0,0,0,0,0,0,0,0,0,0,0,0,0,0,0,0,0,0,0,0,0,0,0,0,0,0,0,0,0,0,0,0,0,0,0,0,0,0,0,0,0,0,0,0,0,0,0,0,0,0,0,0,0,0,0,0,0,0,0,0,0,0,0,0,0,0,0,0,0,0,0,0,0,0,0,0,0,0,0,0,0,0,0,0,0,0,64,1231,JAGR,
180,393,0, 196.46,396.292,0.02,229.776,400.347,0.036,229.5,399,0.057,244.985,401.284,0.072,262.376,402.773,0.083,281.593,404.834,0.107,303.784,406.039,0.116,325.681,407.194,0.133,372.817,410.909,0.153,393.611,410,0.171,414,408.5,0.203,451.524,404.745,0.216,468.422,404.895,0.233,483.376,402.942,0.249,492.104,404.138,0.272,499.763,407.756,0.284,500.746,408.373,0.32,496.225,411.183,0.335,493.5,413,0.354,481.422,426.42,0.367,466.293,440.728,0.384,448.19,454.357,0.4,426.641,472.671,0.418,405.258,487.968,0.439,381.287,512.25,0.455,361.468,532.978,0.468,339.412,555.267,0.487,314.516,576.465,0.506,293.387,595.69,0.518,271.763,614.041,0.535,252.635,630.969,0.557,236.232,650.404,0.575,222.968,663.435,0.587,213.809,674.255,0.601,207.022,681.978,0.619,202.66,685.56,0.636,200.5,687,0.703,204.15,686,0.722,206.999,684.501,0.739,216.865,685,0.752,228.061,686.466,0.769,238.89,687.877,0.789,253.032,689.002,0.812,266.084,689,0.833,284.455,689.216,0.845,303.909,690.345,0.857,325.141,691.479,0.87,342.5,692.5,0.89,372.903,692,0.907,397.238,693.642,0.92,418.782,694,0.946,444.558,695.065,0.967,462.557,694.813,0.979,483.051,694.316,0.99,498.95,694.1,1.004,509.111,692.413,1.02,515.485,691.303,1.124,0,0,0,0,0,0,0,0,0,0,0,0,0,0,0,0,0,0,0,0,0,0,0,0,0,0,0,0,0,0,0,0,0,0,0,0,0,0,0,0,0,0,0,0,0,0,0,0,0,0,0,0,0,0,0,0,0,0,0,0,0,0,0,0,0,0,0,0,0,0,0,0,0,0,0,0,0,0,0,0,0,0,0,0,0,0,0,0,0,0,0,0,0,0,0,0,0,0,0,0,0,0,0,0,0,0,0,0,0,0,0,0,0,0,0,0,0,0,0,0,0,0,0,0,0,0,58,1124,JAGR,
167,419,0, 211.653,416.363,0.029,234.828,415.259,0.042,257.083,415,0.055,277.449,413.975,0.065,299.484,414,0.087,319.431,412.698,0.104,348.04,410.374,0.119,378.558,406.49,0.136,395.522,401.956,0.15,410.511,397.805,0.165,425.403,397,0.186,439.795,397,0.211,448.782,395.902,0.22,461.806,397.255,0.234,468.652,399.758,0.248,475,400.5,0.268,475,404.5,0.317,468.171,406.943,0.332,462.584,410.25,0.35,453.417,418.385,0.371,438.846,429.115,0.384,424.394,446.037,0.4,407.912,460.901,0.42,389.683,474.989,0.433,370.53,492.47,0.45,349.858,508.38,0.47,332.226,524.726,0.484,309.992,540.106,0.5,296.008,558.914,0.518,274.258,574.021,0.539,259.659,592.174,0.556,244.04,607.6,0.568,228.113,622.332,0.583,215.972,631.319,0.601,207.812,640.214,0.626,200.151,650.092,0.638,196.025,656.462,0.652,194.173,660.655,0.668,192,666.5,0.689,192.611,667.221,0.702,193,669.486,0.717,193,672.563,0.733,193,674.96,0.751,197.477,678.358,0.773,199.461,684.152,0.792,202.989,689.977,0.804,208.227,697.688,0.817,215.033,705.639,0.836,221.339,711.616,0.859,227.94,715.47,0.878,231.806,716.935,0.891,236.301,715.925,0.9,245.557,713.611,0.917,253.336,709.999,0.936,269.806,705.213,0.953,282,702.5,0.969,297.671,697.333,0.985,316.392,694.601,1.002,334.383,694,1.019,360.206,694,1.035,387.239,696.353,1.058,411.855,701.27,1.071,432.447,702.414,1.087,453.214,699.973,1.103,472.233,697.128,1.119,489.469,696,1.135,503.805,695.1,1.156,509.018,695,1.264,0,0,0,0,0,0,0,0,0,0,0,0,0,0,0,0,0,0,0,0,0,0,0,0,0,0,0,0,0,0,0,0,0,0,0,0,0,0,0,0,0,0,0,0,0,0,0,0,0,0,0,0,0,0,0,0,0,0,0,0,0,0,0,0,0,0,0,0,0,0,0,0,0,0,0,0,0,0,0,0,0,0,0,0,0,0,0,0,0,0,0,0,0,69,1264,JAGR,
183,404,0, 220.168,400.814,0.017,259.3,397.844,0.032,285.155,396.327,0.045,309.799,394.4,0.065,335.185,391.111,0.08,360.886,388.836,0.096,386.259,389,0.112,434.738,387.682,0.135,452.431,388,0.15,463.871,389,0.166,477.83,391.484,0.178,485.871,395.323,0.197,489.682,398.682,0.214,491,401.001,0.229,491,404.369,0.245,487.147,409.137,0.268,482.244,415.195,0.283,475,419,0.296,458.03,433.97,0.318,439.405,448.302,0.331,422.104,466.445,0.346,400.404,483.697,0.363,382.572,503.607,0.387,363.461,523.823,0.403,345.705,540.295,0.415,327.358,558.642,0.43,305.915,576.902,0.449,285.742,595.406,0.468,266.813,612.363,0.481,251.293,627.707,0.497,239.01,642.17,0.513,225.502,654.29,0.536,216.343,661.067,0.554,209.931,668.483,0.565,204.261,673.643,0.581,201.317,678.417,0.601,200.5,682.5,0.631,201,682.531,0.652,202.098,684.197,0.681,204.42,687.63,0.702,206.08,690.08,0.719,208.247,692.247,0.732,211.339,694.56,0.749,213.783,695.892,0.766,218.085,697.021,0.783,222.591,697,0.809,231.652,695.764,0.821,240.663,695,0.832,252,695,0.848,270.266,690.765,0.87,288.019,688.586,0.885,310.581,688,0.899,331.559,688,0.916,358.713,686.887,0.939,386.531,687,0.967,411.106,685.357,0.983,456.819,686.139,1,476.17,688.396,1.036,493.987,690.623,1.174,0,0,0,0,0,0,0,0,0,0,0,0,0,0,0,0,0,0,0,0,0,0,0,0,0,0,0,0,0,0,0,0,0,0,0,0,0,0,0,0,0,0,0,0,0,0,0,0,0,0,0,0,0,0,0,0,0,0,0,0,0,0,0,0,0,0,0,0,0,0,0,0,0,0,0,0,0,0,0,0,0,0,0,0,0,0,0,0,0,0,0,0,0,0,0,0,0,0,0,0,0,0,0,0,0,0,0,0,0,0,0,0,0,0,0,0,0,0,0,0,60,1174,JAGR,
184,427,0, 196.08,425.902,0.018,222.438,420.224,0.035,221.5,420.5,0.049,236.565,418.341,0.068,252.465,417.236,0.082,270.309,416.106,0.099,288.665,414.958,0.117,308.314,412.743,0.135,351.181,409.127,0.152,371.463,405.846,0.166,396,404,0.187,415.311,398.153,0.2,437.694,396.265,0.216,455.187,395.13,0.232,473.137,396.009,0.252,487.692,398.26,0.268,497.216,401.739,0.282,507.551,405.184,0.304,510,407,0.316,511,409,0.352,505.737,416.079,0.369,497.414,421.741,0.383,487.041,430.853,0.405,473.107,441.17,0.42,457.655,450.793,0.435,438.992,465.256,0.452,419.499,488.876,0.471,400.24,505.73,0.484,381.241,524.354,0.501,362.315,540.917,0.517,341.921,563.198,0.539,321.176,582.611,0.556,303.365,603.214,0.569,284.984,623.893,0.585,270.746,639.812,0.606,257.955,655.606,0.625,246.434,671.593,0.645,234.261,685.624,0.658,223.904,694.074,0.683,211.907,707.093,0.7,210.206,708.794,0.734,208.471,710.529,0.786,220.647,708.956,0.806,236.411,709,0.819,256.309,712.76,0.835,280.64,714.728,0.855,301.5,715.5,0.874,326.165,715.412,0.886,351.08,715,0.902,379.685,714.166,0.922,408.89,713.043,0.943,433.198,708.943,0.954,457.376,707.792,0.969,480.778,706.677,0.989,497.398,707,1.012,510.512,707.551,1.031,518.284,708,1.043,521.597,707.201,1.179,0,0,0,0,0,0,0,0,0,0,0,0,0,0,0,0,0,0,0,0,0,0,0,0,0,0,0,0,0,0,0,0,0,0,0,0,0,0,0,0,0,0,0,0,0,0,0,0,0,0,0,0,0,0,0,0,0,0,0,0,0,0,0,0,0,0,0,0,0,0,0,0,0,0,0,0,0,0,0,0,0,0,0,0,0,0,0,0,0,0,0,0,0,0,0,0,0,0,0,0,0,0,0,0,0,0,0,0,0,0,0,0,0,0,0,0,0,0,0,0,0,0,0,59,1179,JAGR,
175,417,0, 204.874,411.641,0.016,221.555,409.349,0.033,237.632,407.053,0.048,254.599,405.893,0.067,271.376,404.775,0.085,289.307,405,0.1,312.208,403.515,0.12,349.229,403.165,0.134,372.137,404.673,0.148,392.331,405,0.165,410.863,406.858,0.185,427.519,407,0.201,445.846,409.356,0.217,455.93,411.586,0.232,470.361,412.447,0.25,477,413.5,0.27,480.949,415.299,0.285,483.5,417,0.318,482,418.026,0.334,479.727,420.273,0.349,476.15,422.567,0.371,468.504,427.664,0.386,451.798,439.639,0.4,434.203,453.572,0.419,416.111,468.791,0.434,397.265,485.018,0.449,379.129,502.871,0.466,363.188,523.33,0.483,343.64,543.617,0.506,328.321,567.113,0.521,309.363,582.188,0.535,296.787,604.386,0.551,280.346,621.654,0.566,264.328,639.339,0.587,251.133,652.867,0.611,237.484,665.464,0.628,226.234,675.413,0.639,216.169,683.526,0.652,209.292,689.257,0.669,202.082,692.751,0.685,197.934,694.689,0.701,195.394,696.606,0.721,194,698,0.751,197.118,695.941,0.77,199.624,696,0.79,204.096,697.161,0.806,214.065,699.507,0.819,228.38,699.375,0.835,244.519,701.254,0.852,262.539,702,0.868,280.497,702,0.888,299.326,700.863,0.911,322.751,698,0.93,342.505,697.285,0.942,366.178,696,0.953,389.309,696.615,0.969,409.843,695.489,0.986,430.353,695,1.002,447.882,694.008,1.02,464.761,694,1.043,478.579,691.603,1.062,490.881,690.353,1.073,503.12,688.542,1.086,511.6,687.4,1.102,516.112,686.296,1.123,518.5,685.5,1.24,0,0,0,0,0,0,0,0,0,0,0,0,0,0,0,0,0,0,0,0,0,0,0,0,0,0,0,0,0,0,0,0,0,0,0,0,0,0,0,0,0,0,0,0,0,0,0,0,0,0,0,0,0,0,0,0,0,0,0,0,0,0,0,0,0,0,0,0,0,0,0,0,0,0,0,0,0,0,0,0,0,0,0,0,0,0,0,0,0,0,0,0,0,0,0,0,0,0,0,67,1240,JAGR,
176,407,0, 196.383,400.885,0.015,217.39,397.225,0.036,233.887,395.215,0.054,251.878,394.508,0.07,271.153,394,0.085,292.459,394.689,0.102,315.697,395,0.119,356.461,395.962,0.133,384.081,396,0.149,405.686,394.753,0.172,427.934,396.347,0.187,451.812,396,0.2,464.5,397.5,0.22,481.85,397.681,0.234,492.393,398.799,0.25,499.629,399,0.27,502.146,400.073,0.283,500.837,403.488,0.301,498.337,405.663,0.321,491.713,409.372,0.334,485,415.5,0.351,469.709,429.955,0.372,449.864,445.595,0.385,429.019,467.645,0.401,402.885,490.97,0.417,381.716,512.284,0.439,360.641,534.642,0.456,339.04,554.346,0.469,314.394,573.595,0.484,291.029,592.161,0.503,269.318,609.402,0.522,251.202,625.073,0.535,233.46,641.504,0.556,218.04,655.82,0.576,204.779,667.53,0.59,191.445,679.284,0.603,183.618,689.348,0.62,177.569,691.823,0.635,174,694.5,0.67,173.466,693,0.693,176.061,691.97,0.713,181.536,692,0.725,196.194,691.677,0.737,211.032,690.536,0.752,228.445,692.58,0.77,249.319,693.701,0.788,272.089,694.814,0.807,294.472,693.153,0.819,323.406,690.892,0.835,347.009,688.618,0.857,373.157,686.378,0.875,398.754,686.398,0.887,423,687.5,0.907,444.353,686.353,0.932,463.747,686,0.953,478.569,685.119,0.971,497.81,683.116,0.986,499.583,679.126,1.098,0,0,0,0,0,0,0,0,0,0,0,0,0,0,0,0,0,0,0,0,0,0,0,0,0,0,0,0,0,0,0,0,0,0,0,0,0,0,0,0,0,0,0,0,0,0,0,0,0,0,0,0,0,0,0,0,0,0,0,0,0,0,0,0,0,0,0,0,0,0,0,0,0,0,0,0,0,0,0,0,0,0,0,0,0,0,0,0,0,0,0,0,0,0,0,0,0,0,0,0,0,0,0,0,0,0,0,0,0,0,0,0,0,0,0,0,0,0,0,0,0,0,0,59,1098,JAGR,
191,414,0, 231.367,406.272,0.017,250.504,402.911,0.031,268.933,400.633,0.053,285.718,397.056,0.068,306.228,395.197,0.083,324.026,391.407,0.1,352.509,388.077,0.118,377.673,385.481,0.135,394.248,385.875,0.149,411.444,386,0.166,424.546,387.129,0.188,440.847,387,0.203,449.268,388.363,0.219,459.43,392.477,0.237,464,392.5,0.252,472.546,391,0.266,476.543,391,0.286,479.909,392.939,0.301,481.079,395.158,0.335,481,397.356,0.369,477.202,403.331,0.386,473.5,406.5,0.399,468.737,411.263,0.417,462.319,417.681,0.435,455.572,426.571,0.45,445.509,438.822,0.466,432.329,447.669,0.483,420.259,466.465,0.504,404,481,0.52,391.5,498,0.538,375.964,515.808,0.554,364.112,531.443,0.568,348.418,543.416,0.584,333.644,559.537,0.601,314.012,571.228,0.619,300.636,584.951,0.639,283.984,596.275,0.656,268.331,604.334,0.668,252.436,615.3,0.684,237.607,625.011,0.704,223.075,633.954,0.725,212.032,642.774,0.735,200.683,653.086,0.751,190.638,657.868,0.77,186.5,663.5,0.792,184.222,666.186,0.812,181.599,669.101,0.823,180.155,671.69,0.834,180,673.939,0.851,180,675,0.921,182.212,676.212,0.943,186.03,677.677,0.962,190.18,680.385,0.973,197.549,683.807,0.985,202.271,686.135,1.003,205.579,687.193,1.021,208.815,688.272,1.071,210.358,689.179,1.105,215.068,690.267,1.128,218.005,691.001,1.146,223.741,690,1.158,230.753,689.75,1.171,238.808,688.599,1.187,251,690.5,1.204,268.275,689,1.22,286.452,688.268,1.237,307.549,688,1.254,330.007,689,1.27,355.842,690.124,1.29,382.96,692.497,1.312,406.302,693.668,1.324,429.62,693,1.341,450.753,692.416,1.354,468.339,691.291,1.37,479.653,691,1.388,486.708,691,1.407,490,691,1.51,0,0,0,0,0,0,0,0,0,0,0,0,0,0,0,0,0,0,0,0,0,0,0,0,0,0,0,0,0,0,0,0,0,0,0,0,0,0,0,0,0,0,0,0,0,0,0,0,0,0,0,0,0,0,0,0,0,0,0,0,0,0,0,0,0,0,78,1510,JAGR,
195,410,0, 221.871,410,0.021,250.901,410,0.035,270.724,409.46,0.051,291.372,408.381,0.066,313.041,406.44,0.086,334.15,404.285,0.099,358.916,402.008,0.115,406.03,400.88,0.135,422.726,399.722,0.153,449.443,400,0.166,461.962,401.497,0.187,474.753,400.594,0.201,483.482,402.37,0.216,489.419,403.855,0.232,492,404.5,0.267,490,406.133,0.288,487.303,407.349,0.301,483.625,409.917,0.32,477.21,412.796,0.34,466.648,418.678,0.354,452.639,431.361,0.37,431.007,446.345,0.384,410.783,466.217,0.406,389.595,481.509,0.42,369.4,502.6,0.435,353.421,517.141,0.451,331.072,534.384,0.471,310.784,551.216,0.489,288.812,567.021,0.501,269.061,584.005,0.521,251.349,597.488,0.537,238.469,611.659,0.551,220.951,627.779,0.573,206.617,638.141,0.592,195.534,650.459,0.608,187.931,660.296,0.62,183.003,667.496,0.635,181.128,672.488,0.653,180.5,675,0.674,181,675.096,0.705,182.175,677.35,0.724,187.333,681.4,0.736,195.374,685.388,0.751,205.459,688.435,0.769,216.429,689.843,0.792,231.301,690.95,0.803,247.071,691,0.818,268.237,689.765,0.836,289.666,688.649,0.853,307.709,687.547,0.87,334.721,685.414,0.887,358.26,685,0.904,383.316,685.796,0.919,408.727,686.942,0.936,429.696,687,0.953,450.486,688.194,0.975,468.477,688,0.992,482.295,687,1.006,493.397,687,1.019,501,687,1.04,501.5,687,1.19,0,0,0,0,0,0,0,0,0,0,0,0,0,0,0,0,0,0,0,0,0,0,0,0,0,0,0,0,0,0,0,0,0,0,0,0,0,0,0,0,0,0,0,0,0,0,0,0,0,0,0,0,0,0,0,0,0,0,0,0,0,0,0,0,0,0,0,0,0,0,0,0,0,0,0,0,0,0,0,0,0,0,0,0,0,0,0,0,0,0,0,0,0,0,0,0,0,0,0,0,0,0,0,0,0,0,0,0,0,0,0,0,0,0,62,1190,JAGR,
173,422,0, 194.281,417.744,0.016,217.758,413.749,0.032,234.287,411.495,0.047,251.469,409.316,0.064,272.162,407.991,0.084,292.682,404.553,0.103,314.126,401.191,0.118,363.544,395.182,0.133,381.253,394.489,0.148,404.627,393.388,0.168,425.562,393,0.183,445.435,393,0.199,462.793,393.986,0.213,478.77,396.253,0.235,490.793,398.508,0.25,497.518,402.079,0.265,503.934,406.956,0.285,502,408.176,0.299,500.628,409.686,0.315,497.494,412.506,0.331,490.397,416.773,0.352,483.469,423.531,0.368,471.059,434.764,0.387,454.823,443.387,0.399,434.818,455.225,0.419,418,476.5,0.435,394.223,495.432,0.453,374.76,514.462,0.469,356.562,532.438,0.482,336.784,550.073,0.5,315.518,567.932,0.516,299.682,584.318,0.537,274.524,601.054,0.558,260.371,615.629,0.575,246.185,631.055,0.587,232.874,647.407,0.6,220.091,660.909,0.615,210.883,674.176,0.635,201.703,685.622,0.655,196.875,690.125,0.668,193.809,694.588,0.683,192.009,698.981,0.751,201.768,697,0.774,211.715,698.079,0.797,221.759,698.803,0.819,253.135,700.876,0.836,274.164,698.598,0.855,294.024,698.315,0.879,318.494,696.392,0.896,341.5,696.925,0.908,367.596,697,0.918,393.216,694.633,0.934,419.549,693.672,0.953,447.984,694,0.968,462.5,697,0.984,485.26,697.987,1.001,502.686,700.558,1.017,515.199,702.84,1.038,520.24,704.06,1.163,0,0,0,0,0,0,0,0,0,0,0,0,0,0,0,0,0,0,0,0,0,0,0,0,0,0,0,0,0,0,0,0,0,0,0,0,0,0,0,0,0,0,0,0,0,0,0,0,0,0,0,0,0,0,0,0,0,0,0,0,0,0,0,0,0,0,0,0,0,0,0,0,0,0,0,0,0,0,0,0,0,0,0,0,0,0,0,0,0,0,0,0,0,0,0,0,0,0,0,0,0,0,0,0,0,0,0,0,0,0,0,0,0,0,0,0,0,0,0,0,60,1163,JAGR,
172,397,0, 202.831,399.311,0.015,219.818,402.364,0.029,237.767,404.846,0.046,256.182,407.148,0.067,274.845,408.167,0.082,294.103,409.3,0.097,314.936,410.441,0.118,356.16,413,0.133,380.528,412.368,0.146,405.101,411.233,0.163,426.225,408.296,0.183,445.842,406.95,0.198,459.847,402.432,0.213,475.98,400.431,0.235,487.418,398.573,0.248,496.02,398,0.264,501.875,398,0.283,504.5,398,0.315,499.011,406.985,0.332,492.361,412.533,0.346,485.729,419.271,0.364,470.477,430.392,0.385,454.052,447.948,0.399,431,466.5,0.413,408.014,495.385,0.43,386.18,519.485,0.45,365.874,542.029,0.471,346.017,565.147,0.486,324.567,588.794,0.498,300.736,613.562,0.514,277.826,637.633,0.533,261.716,656.124,0.552,247.043,672.61,0.568,233.635,686.585,0.582,221.621,697.441,0.598,213.581,706.479,0.62,206.832,710.779,0.638,202.963,713.778,0.7,206.449,708.275,0.717,215.701,708,0.732,231.384,706.973,0.749,247.892,705.874,0.77,267.719,706,0.792,285.986,707.352,0.81,308.372,708.948,0.822,331.859,710.603,0.833,357.387,711,0.849,382.973,709.275,0.866,406.209,709,0.883,425.795,709,0.9,447.436,707.767,0.918,460.595,706.647,0.933,475.146,705.527,0.954,479.5,706,0.972,485.048,706,0.984,487.5,706,1.134,0,0,0,0,0,0,0,0,0,0,0,0,0,0,0,0,0,0,0,0,0,0,0,0,0,0,0,0,0,0,0,0,0,0,0,0,0,0,0,0,0,0,0,0,0,0,0,0,0,0,0,0,0,0,0,0,0,0,0,0,0,0,0,0,0,0,0,0,0,0,0,0,0,0,0,0,0,0,0,0,0,0,0,0,0,0,0,0,0,0,0,0,0,0,0,0,0,0,0,0,0,0,0,0,0,0,0,0,0,0,0,0,0,0,0,0,0,0,0,0,0,0,0,0,0,0,0,0,0,57,1134,JAGR,
181,434,0, 199.763,429.83,0.018,220.8,425.64,0.034,236.642,426,0.047,253.483,425.345,0.067,271.245,423.469,0.081,290.172,422.108,0.097,310.724,419.919,0.116,352.323,415.545,0.131,375.054,413.423,0.147,400.202,409.745,0.17,420.136,405.313,0.183,438.614,401.127,0.198,454.734,398.502,0.214,470.205,397.128,0.231,481.782,397,0.248,486.516,395.871,0.266,488.49,396,0.318,485.643,399.535,0.335,479.528,405.777,0.349,471.393,411.129,0.365,458.293,421.755,0.384,437.732,441.201,0.398,418.51,456.874,0.42,397.694,475.605,0.433,385.535,488.465,0.45,368.5,502.5,0.468,349.474,515.792,0.485,327.149,530.303,0.499,305.515,545.884,0.519,282.223,560.481,0.54,265.638,571.575,0.556,250.536,584.286,0.568,240.158,598.123,0.587,226,606.5,0.605,215.278,618.994,0.616,205.02,628.429,0.634,195.751,638.155,0.651,189.896,647.166,0.67,190,653.847,0.683,187.455,658.09,0.709,188,661.522,0.727,188,666.41,0.756,188.745,676.725,0.768,189.87,681.479,0.783,193.985,685.985,0.8,198.533,689.4,0.818,202.985,691.493,0.836,207.41,696.41,0.857,212.919,701.378,0.87,215.16,704.16,0.885,217,706,0.92,222.766,706,0.944,232.496,707.055,0.956,244.033,708.203,0.967,251.298,708,0.986,267.943,706.543,1.005,284.258,703.899,1.019,302.259,701.675,1.034,323.647,698.529,1.056,346.82,697.056,1.077,368.362,699,1.09,396.043,699,1.101,416.602,696.41,1.12,441.014,697,1.137,459.54,690.94,1.152,476.999,688.714,1.172,493.456,688,1.194,504.862,687.126,1.206,511.054,688.011,1.218,514.385,686.872,1.328,0,0,0,0,0,0,0,0,0,0,0,0,0,0,0,0,0,0,0,0,0,0,0,0,0,0,0,0,0,0,0,0,0,0,0,0,0,0,0,0,0,0,0,0,0,0,0,0,0,0,0,0,0,0,0,0,0,0,0,0,0,0,0,0,0,0,0,0,0,0,0,0,0,0,0,0,0,0,0,0,0,0,0,0,0,0,0,71,1328,JAGR,
198,413,0, 230.419,409.863,0.018,265,405.5,0.034,284.833,403.817,0.048,307.604,401.54,0.067,331.565,399.232,0.085,356.685,397.027,0.099,382.054,395.861,0.115,426.574,393.496,0.136,445.684,395.366,0.152,454.174,393.53,0.166,470.155,395.192,0.185,481.181,397.374,0.2,487.46,400.595,0.216,489.89,402.89,0.236,490,405.146,0.248,487.646,408.531,0.265,483.984,412.016,0.289,474.878,418.23,0.303,457,434,0.318,435.747,453.319,0.333,414.815,472.397,0.35,394.26,493.67,0.374,373.423,513.547,0.393,353.354,536.94,0.413,332.2,559.009,0.434,308.688,581.081,0.442,287.376,602.104,0.453,268.461,619.539,0.466,253.079,634.157,0.488,242.013,646.762,0.507,229.187,658.828,0.518,217.627,668.098,0.534,210.126,675.874,0.553,199.551,679.533,0.571,198.502,685.497,0.636,202.265,684.132,0.656,207.187,687.112,0.668,218.173,691.966,0.685,233.515,695.042,0.705,249.601,701.358,0.727,265.417,707.806,0.751,282.198,713.399,0.769,322.329,717.841,0.784,343.469,719.082,0.802,366.015,719,0.821,390.684,719,0.836,412.613,716.139,0.857,429.211,710.776,0.87,445.276,704.693,0.885,456.943,699.823,0.904,468.225,695.31,0.919,476.321,693.954,0.935,481.808,691.677,0.957,486.121,690.72,0.976,489.095,689.635,1.005,489.27,687.459,1.054,486.644,686.822,1.105,489.183,687,1.155,491.354,685.823,1.294,0,0,0,0,0,0,0,0,0,0,0,0,0,0,0,0,0,0,0,0,0,0,0,0,0,0,0,0,0,0,0,0,0,0,0,0,0,0,0,0,0,0,0,0,0,0,0,0,0,0,0,0,0,0,0,0,0,0,0,0,0,0,0,0,0,0,0,0,0,0,0,0,0,0,0,0,0,0,0,0,0,0,0,0,0,0,0,0,0,0,0,0,0,0,0,0,0,0,0,0,0,0,0,0,0,0,0,0,0,0,0,0,0,0,0,0,0,0,0,0,60,1294,JAGR,
176,409,0, 206.894,406.418,0.017,225.06,405.309,0.031,242.3,405,0.047,260.317,404.043,0.067,279.022,404,0.083,298.641,402.786,0.1,320.21,403,0.115,367.855,405.911,0.132,382.792,402.419,0.151,404.286,399.952,0.166,421.836,398.211,0.181,440.682,397.078,0.198,454.623,397,0.22,465.748,397,0.233,478.266,399.594,0.249,486.494,401.873,0.268,487.5,405.5,0.3,484.54,410.19,0.318,479.675,415.325,0.332,470.895,421.066,0.35,457.149,436.005,0.37,438.85,449.112,0.387,421.247,470.473,0.4,401.825,486.213,0.416,384.227,506.162,0.437,365.972,525.443,0.454,344.98,546.176,0.472,323.801,566.241,0.484,303.601,590.964,0.5,284.926,607.834,0.523,266.725,629.059,0.544,252.149,642.201,0.568,236.983,657.872,0.585,209.878,684.122,0.6,198.496,692.653,0.62,189.496,700.441,0.645,185.664,706.84,0.661,183.415,711.585,0.673,181.575,713.851,0.688,180.5,716,0.739,195.711,716.766,0.755,208.187,717,0.769,224.251,717,0.784,244.004,718.294,0.8,267.415,716.579,0.822,288.208,716,0.838,311.966,714.753,0.851,335.375,711.73,0.867,360.997,708.375,0.888,385.352,704.95,0.908,405.879,702.802,0.919,427.888,701.743,0.935,450.681,700.616,0.957,463.401,701.493,0.977,478.599,702,0.989,489.047,701.279,1.002,497.822,701.853,1.019,500.976,702,1.038,502,702,1.155,0,0,0,0,0,0,0,0,0,0,0,0,0,0,0,0,0,0,0,0,0,0,0,0,0,0,0,0,0,0,0,0,0,0,0,0,0,0,0,0,0,0,0,0,0,0,0,0,0,0,0,0,0,0,0,0,0,0,0,0,0,0,0,0,0,0,0,0,0,0,0,0,0,0,0,0,0,0,0,0,0,0,0,0,0,0,0,0,0,0,0,0,0,0,0,0,0,0,0,0,0,0,0,0,0,0,0,0,0,0,0,0,0,0,0,0,0,0,0,0,60,1155,JAGR,
183,421,0, 206.31,412.523,0.017,233.605,405.643,0.031,253.383,401.815,0.047,272.709,399.27,0.067,293.586,397.044,0.081,315.986,394.801,0.103,338.841,393.758,0.118,389.998,394,0.132,405.588,395.457,0.153,423.071,397.592,0.17,440.349,398.647,0.184,456.337,400.59,0.201,473.882,401,0.217,485.787,404.215,0.231,494.478,406.37,0.248,500.907,408.636,0.268,501.928,409.464,0.334,494.401,410.9,0.351,489.849,414.113,0.365,482.929,417.536,0.385,471.003,423.499,0.401,457.325,435.896,0.416,439.5,448.5,0.437,419.854,466.756,0.45,400.824,484.712,0.466,381.878,504.005,0.482,364.903,524.116,0.502,344.267,542.429,0.52,326.385,564.253,0.541,304.486,582.203,0.561,285.565,601.029,0.572,267.783,617.803,0.584,251.974,631.161,0.599,236.997,643.31,0.619,222.42,655.645,0.634,208.164,664.515,0.65,195.408,675.121,0.667,184.485,681.109,0.685,182.17,687.745,0.705,179.871,688.565,0.724,177.647,690.353,0.744,175.418,691.791,0.755,174,692.5,0.783,177.127,692,0.806,179.674,693.337,0.822,183.037,696.63,0.836,189.931,700.685,0.851,200.931,703.322,0.868,213.498,706.318,0.885,227.901,707.915,0.902,243.32,710.046,0.917,261.526,713.474,0.94,281.127,710.397,0.959,300.41,709.259,0.972,323.53,707.499,0.989,346.892,705.158,1.006,372.612,703.266,1.019,397.268,700.39,1.038,420.42,697.083,1.057,446.129,694.815,1.07,466.892,693.728,1.087,486.802,691.244,1.104,503.973,692,1.122,512.832,693.208,1.144,520.229,694,1.157,525,694,1.281,0,0,0,0,0,0,0,0,0,0,0,0,0,0,0,0,0,0,0,0,0,0,0,0,0,0,0,0,0,0,0,0,0,0,0,0,0,0,0,0,0,0,0,0,0,0,0,0,0,0,0,0,0,0,0,0,0,0,0,0,0,0,0,0,0,0,0,0,0,0,0,0,0,0,0,0,0,0,0,0,0,0,0,0,0,0,0,0,0,0,0,0,0,0,0,0,0,0,0,67,1281,JAGR,
188,417,0, 226.313,412.967,0.018,260.557,409.297,0.037,283.267,408.67,0.049,307.649,409,0.072,328.556,408,0.085,350.192,407.34,0.099,373.065,405.393,0.119,409.691,404.116,0.133,433.959,401.899,0.149,450.841,400.811,0.17,467.451,403.594,0.183,483.86,405.781,0.204,493.414,405.624,0.218,500.475,408.238,0.233,504,410,0.268,500.044,412.978,0.284,496.639,415.24,0.3,491.919,420.081,0.322,484.693,425.923,0.336,472,439,0.351,456,450.5,0.37,434.66,468.532,0.383,414.803,487.197,0.401,395.344,504.696,0.417,377.372,523.73,0.437,359.189,541.811,0.453,339.402,558.976,0.468,324.2,576.285,0.484,302.5,591.5,0.504,285.426,608.478,0.522,267.879,623.505,0.534,251.754,638.299,0.556,242.47,651.794,0.574,227.904,661.451,0.587,216.831,673.169,0.604,211.365,682.953,0.619,203.127,687.724,0.636,199.021,690.319,0.652,196.5,692,0.738,201.197,692.066,0.758,213.426,697.96,0.773,227.759,702.877,0.787,243.626,707.795,0.808,260.766,713.302,0.825,278.614,716.928,0.837,295.822,719.243,0.852,317.836,721.509,0.872,335.149,721,0.888,357.448,721,0.903,376.5,716.5,0.923,401.92,710.128,0.94,421.167,703.885,0.954,441.745,698.071,0.976,457.347,696.904,1.001,475.599,696.186,1.015,491.271,696.39,1.027,504.936,695,1.04,513.45,695,1.054,518.732,694.317,1.07,522,693.5,1.207,0,0,0,0,0,0,0,0,0,0,0,0,0,0,0,0,0,0,0,0,0,0,0,0,0,0,0,0,0,0,0,0,0,0,0,0,0,0,0,0,0,0,0,0,0,0,0,0,0,0,0,0,0,0,0,0,0,0,0,0,0,0,0,0,0,0,0,0,0,0,0,0,0,0,0,0,0,0,0,0,0,0,0,0,0,0,0,0,0,0,0,0,0,0,0,0,0,0,0,0,0,0,0,0,0,0,0,0,0,0,0,0,0,0,0,0,0,61,1207,JAGR,
182,399,0, 204.698,401.063,0.02,227.956,403.818,0.034,244.46,404.497,0.049,261.307,405.62,0.07,277.852,406,0.082,297.781,404.247,0.099,316.039,401.995,0.118,355.423,395.242,0.135,372.248,392.25,0.15,393.724,388.938,0.166,417,393,0.188,432.259,388.815,0.203,448.271,388.689,0.216,463.672,388.166,0.236,476.004,389,0.251,484.634,392.238,0.266,488.909,393.227,0.286,490.71,395.71,0.317,490,397.531,0.337,488.667,402.665,0.352,485.636,408.727,0.367,480.4,416.44,0.387,470.228,424.601,0.401,459.334,438,0.417,445.23,449.142,0.437,422.956,466.257,0.451,410,481,0.468,388.5,498,0.487,368.047,516.429,0.502,348.096,533.253,0.517,327.436,551.501,0.533,303.659,568.387,0.554,283.804,585.33,0.571,260.547,601.324,0.585,242.546,615.465,0.603,228.323,627.578,0.621,214.143,639.119,0.644,199.894,651.397,0.668,188.341,659.761,0.686,177.378,674.243,0.705,171.144,677.114,0.726,171.46,679.38,0.743,172.5,682.5,0.771,174.541,683.541,0.802,182.503,683,0.821,188.137,683,0.841,195.855,686.618,0.854,202.851,688.95,0.87,209,691,0.891,214.452,695.071,0.914,220.719,696.786,0.937,229.232,697,0.959,250.54,700.28,0.97,264.584,697.403,0.993,280.415,697.625,1.009,295.312,696,1.021,314.389,695.348,1.037,334.358,696.572,1.056,358.04,697,1.087,382.738,697.988,1.109,430.208,702,1.123,451.755,702,1.137,468.5,702,1.154,483.898,702.392,1.171,498.439,702,1.193,508.753,702,1.303,0,0,0,0,0,0,0,0,0,0,0,0,0,0,0,0,0,0,0,0,0,0,0,0,0,0,0,0,0,0,0,0,0,0,0,0,0,0,0,0,0,0,0,0,0,0,0,0,0,0,0,0,0,0,0,0,0,0,0,0,0,0,0,0,0,0,0,0,0,0,0,0,0,0,0,0,0,0,0,0,0,0,0,0,0,0,0,0,0,0,0,0,0,0,0,0,0,0,0,67,1303,JAGR,
