175,399,0,200.224,399,0.015,212.276,399,0.029,223.876,398.112,0.05,235.268,398,0.066,245.001,396.889,0.086,256.529,397,0.097,267.756,395.624,0.118,291,397.5,0.134,299.956,397,0.147,311.171,397.717,0.166,323.816,398,0.181,334.68,398,0.197,344.837,399.093,0.216,357.476,399,0.237,367.07,400.341,0.25,374.102,401.443,0.265,384.5,402.5,0.286,393.089,402.681,0.299,399.04,403.808,0.314,405.742,404,0.335,412.298,404,0.354,417.893,402.821,0.369,423.484,403,0.382,426.296,403,0.403,431.278,404,0.423,436.768,404,0.444,442.925,404.785,0.449,449.581,405.93,0.465,453.167,406,0.483,455.353,406,0.5,457.597,406,0.519,459.865,404.567,0.553,463.815,404,0.567,466.482,404,0.583,469.668,404.889,0.603,472.021,405,0.62,475.339,405,0.633,477.548,405,0.652,481.167,405,0.67,482.995,405,0.686,486.5,405,0.719,488.79,405,0.82,488,407.153,0.835,486.5,411.5,0.866,482.133,415.867,0.886,478.722,421.464,0.901,474.324,425.676,0.918,468.307,433.031,0.94,462.835,438.165,0.952,457.165,442.701,0.972,451.766,446.587,0.987,444.62,451.843,1.001,436.589,459.411,1.021,429.888,466.112,1.036,424.304,471.696,1.052,418.535,474.879,1.069,408.656,481.09,1.09,400.787,488.213,1.104,395.526,494.711,1.118,390.266,500.734,1.147,382.983,504.579,1.173,376.084,508.944,1.181,369.501,516.624,1.19,364.953,522.309,1.206,360.399,528.002,1.221,356.181,533.273,1.235,349,535.5,1.256,343.351,539.919,1.278,337.786,546.057,1.287,334.068,553.842,1.302,329.633,560.551,1.321,322.591,564.94,1.339,317.438,569.249,1.354,310.079,575.434,1.37,306.603,584.194,1.391,302.186,591.22,1.409,296.97,596.224,1.42,290.135,601.887,1.438,283.591,608.409,1.453,277.996,614.004,1.469,273.714,620.929,1.492,270.656,624.792,1.509,265.747,628.627,1.521,260.321,632.679,1.541,255.141,637.859,1.553,250.358,643.552,1.57,246.87,648.173,1.593,243.472,653.88,1.614,239.978,656.511,1.627,235.474,659.144,1.639,230.925,662.037,1.655,227.112,664.888,1.719,215.741,678.388,1.737,213.455,680.545,1.754,211.224,684.164,1.772,209.011,685.989,1.788,207,686.5,1.822,204.202,688.532,1.857,201.199,689.267,1.888,163,3406,MICHC,
161,403,0,176.727,403,0.017,195.559,403,0.032,205.446,403,0.047,213.411,403,0.069,222.291,403,0.086,233.066,403,0.099,241.454,403,0.119,260.5,403,0.133,267.82,402,0.148,275.651,401.225,0.168,282.248,401,0.181,292.003,400,0.198,301.117,400,0.219,307.664,400,0.236,315.729,400,0.254,325.445,399.508,0.27,332.593,399,0.285,339.166,399,0.302,348.15,399,0.318,355.945,398.008,0.332,363.977,398,0.353,369.305,398,0.368,376.11,398,0.383,385.886,398,0.408,393.131,398,0.419,399.498,398.7,0.433,407.851,399,0.449,415.763,399,0.474,422.606,400.101,0.492,428.141,399.19,0.509,435.478,400,0.523,443.598,400,0.539,450.868,400.552,0.551,457.39,401,0.569,463.78,401,0.585,471.378,401,0.6,478.39,401,0.617,483.827,401,0.641,486.945,399.685,0.657,491.561,400.39,0.668,496,401.5,0.687,501.144,401,0.703,504.507,401.754,0.717,506.8,402,0.734,508,402,0.87,507,404.118,0.886,504.878,404,0.922,501.522,405.159,0.938,497.5,408,0.952,494.5,410,0.972,489.941,411.372,0.987,486.555,413.63,1.003,483.116,416.884,1.02,476.681,422.266,1.034,470.956,428.044,1.056,463.945,433.713,1.07,457.509,439.076,1.086,454,441.5,1.102,448.5,444.5,1.122,437.486,452.071,1.139,430.521,458.479,1.152,424.654,465.416,1.169,419.07,470.93,1.189,410.936,473.885,1.208,404.031,480.363,1.221,398.91,487.657,1.236,394.415,494.877,1.253,389.053,500.947,1.27,382.544,505.637,1.287,374.885,511.082,1.309,370.375,519.094,1.332,365.026,527.461,1.347,360.098,533.522,1.369,354.518,537.985,1.389,339.555,554.927,1.402,334.523,562.215,1.42,328.998,567.001,1.437,321.226,574.774,1.455,314.626,583.831,1.473,306.287,591.713,1.496,303.131,596.337,1.518,298.141,603.003,1.529,291.751,610.957,1.54,284.169,619.664,1.553,278.142,624.886,1.57,272.561,629.351,1.591,268.126,635.092,1.61,261.838,641.452,1.622,257.319,647.101,1.642,252.231,652.769,1.668,249.044,655.956,1.684,245.663,659.337,1.697,242.237,663.683,1.706,237.819,668.181,1.721,234.457,673.905,1.738,231.115,678.18,1.756,227.75,682.667,1.776,223.373,686.627,1.797,220.736,689.264,1.809,159,3180,MICHC,
171,397,0,203.684,394.237,0.017,215.823,393.118,0.034,226.021,393,0.051,235.001,391.875,0.068,241.474,390.754,0.084,248.211,389.632,0.102,256.403,390,0.119,271.263,389.391,0.135,277.652,389,0.152,284.119,389,0.169,292.775,389.972,0.185,301.755,388.906,0.202,307.075,389,0.218,314.011,389,0.236,322.195,390.456,0.252,330.469,391,0.269,336.499,391,0.285,342.935,391.822,0.302,350.588,392.941,0.319,357.383,393,0.336,364.106,393,0.352,368.218,393,0.369,374.129,393,0.386,381,394.5,0.402,389.01,395.668,0.421,394.941,396.788,0.436,399.612,397.903,0.453,407.19,399.027,0.469,412.76,400.152,0.486,418.362,400,0.502,423.961,401.392,0.52,426.5,401,0.537,430.548,402,0.552,435.785,402,0.569,440.512,402,0.586,445.992,402,0.603,450.484,402,0.619,453.725,403.242,0.637,457.093,403,0.654,460.455,403,0.671,465.418,402.396,0.687,470.629,402,0.703,474.547,402,0.72,478.871,401.032,0.737,482.264,401,0.769,484.336,401,0.803,486.536,401,0.836,488.535,399.733,1.004,488,403.007,1.054,485.737,405.263,1.087,484.732,408.803,1.288,470.912,422.088,1.306,461.309,431.691,1.323,456.359,436.641,1.339,452.187,439.36,1.357,449.5,442.5,1.373,444.923,446.077,1.39,441.556,449.444,1.406,434.455,455.61,1.423,431.885,459.173,1.44,428.465,463.713,1.457,426.409,466.887,1.473,424.153,470.27,1.491,422,472,1.508,419.017,474.322,1.524,415.655,478.126,1.54,412.287,481.713,1.557,409.95,485.075,1.574,406.564,488.436,1.59,404.473,493.055,1.607,400.831,497.559,1.625,399,499,1.643,396.741,501.259,1.657,395.248,503.505,1.674,393.252,505.748,1.691,391.012,507.988,1.708,388.766,510.234,1.724,384.07,514.93,1.741,382.293,516.707,1.759,380.05,520.424,1.775,376.205,524.393,1.791,372.841,528.159,1.808,370.314,531.529,1.825,368.073,533.927,1.842,364.748,537.252,1.858,362.59,540.615,1.875,359.034,545.289,1.892,354.224,549.776,1.909,351.5,555.5,1.926,344.871,559.753,1.942,340.568,563.432,1.959,337.213,566.787,1.976,332.786,570.161,1.992,328.313,574.687,2.009,322.552,580.448,2.026,316.914,586.086,2.043,310,593,2.06,306.367,595.974,2.076,301.888,600.89,2.093,190,4703,MICHC,
162,389,0,183.171,402.911,0.023,194.806,408.123,0.031,205.221,410.827,0.05,214.482,413.121,0.071,225.562,414.156,0.086,238.114,414,0.1,249.147,414,0.117,274.02,413.442,0.133,285.939,412.338,0.148,299.456,410.424,0.169,310.211,408.175,0.183,323.005,404.999,0.198,336.761,400.413,0.219,346.53,397.157,0.238,363.474,392.436,0.252,372.823,388.071,0.266,389.955,385.164,0.286,400.779,383.278,0.301,413.967,381.313,0.316,426.912,380.008,0.333,439.373,378.875,0.356,454.362,379,0.37,461.337,378.334,0.384,472.617,379.462,0.4,483.605,379,0.419,488.854,379.713,0.437,494.219,380,0.449,499.684,380,0.467,504.323,381.081,0.486,507.551,382.184,0.534,508.178,384.356,0.584,505.645,385.178,0.607,506,388.072,0.616,504.847,390.305,0.634,503.697,392.605,0.655,502.58,394.84,0.689,500.466,397.801,0.703,499.5,401.5,0.735,497.461,403.809,0.751,495.864,405.136,0.77,493.436,407.564,0.79,491.191,408.404,0.801,489.051,410.949,0.818,486.771,412.229,0.837,483.82,414.453,0.851,478.65,418.48,0.871,473.079,422.937,0.889,467.582,429.501,0.901,460.685,435.096,0.925,455.004,440.996,0.94,449.358,445.201,0.954,441.874,452.126,0.972,434.129,459.871,0.987,427.937,467.688,1.001,422.248,472.801,1.025,413.421,479.434,1.04,404.661,486.004,1.053,396.605,495.737,1.069,391.806,504.511,1.092,384.974,511.177,1.109,378.063,520.25,1.121,371.221,529.373,1.136,366.317,536.524,1.153,361.712,542.36,1.17,353.802,551.369,1.186,345.932,559.068,1.207,337.999,565.572,1.224,333.986,570.517,1.236,328.196,578.071,1.256,321.604,586.861,1.273,314.793,594.206,1.286,308.873,599.101,1.303,305.533,604.779,1.32,299.682,611.582,1.342,294.094,616.906,1.362,289.158,622.369,1.374,282.986,626.809,1.391,278.806,630.926,1.403,274.522,635.478,1.42,271.036,640.941,1.44,266.532,646.585,1.454,263.315,650.914,1.472,259.948,654.052,1.489,253.693,657.384,1.505,251.5,659,1.521,248.602,662.097,1.54,246.411,664.589,1.562,244.165,667.753,1.573,241.87,672.261,1.597,238.641,676.539,1.612,236.422,679.866,1.624,233.724,682.851,1.637,230.5,685,1.656,227.675,687.325,1.671,225.393,688.803,1.687,223.19,690.81,1.705,220.926,693.074,1.727,218.656,694.172,1.748,216.745,696.51,1.759,156,3049,MICHC,
163,398,0,183.506,402.89,0.018,192.508,403,0.035,201.456,403,0.052,209.154,403,0.07,215.566,403,0.087,223.5,401.5,0.103,237.358,401,0.119,245.941,400.212,0.137,252.451,400,0.153,260.218,398.969,0.169,266.923,397.846,0.186,272.359,398,0.204,276.58,396.605,0.221,279.5,397,0.237,286.165,396.367,0.253,292.527,396,0.27,299.277,396.879,0.286,304.991,397,0.303,309.484,398.121,0.32,316.42,399.237,0.336,324.542,399,0.355,330.88,400.48,0.371,335.419,401,0.387,340.624,401.725,0.403,346.226,402,0.42,352.794,402.966,0.437,359.53,403,0.454,363.826,404.206,0.47,368.329,404,0.489,371.348,405.449,0.505,375.863,404.427,0.521,380.766,404,0.537,385.25,404,0.555,389.739,404,0.571,394.23,404,0.588,397.542,404,0.604,400.885,404,0.622,407.102,404,0.64,412.5,404,0.656,419.294,403.659,0.671,424.905,404,0.689,429.617,404,0.705,436.124,402.979,0.722,442.861,403,0.738,449.585,403,0.755,454.948,404.39,0.773,459,404,0.79,465.385,405,0.806,473.235,405,0.822,480.229,406.743,0.839,485.961,407,0.856,489.338,408.113,0.872,493.934,408,0.889,499.767,408,0.907,503.887,409.472,0.924,508.39,409,0.939,511.433,409,0.956,513,409,0.988,514.536,409,1.156,511.951,410.024,1.206,509.643,412.357,1.239,504.212,415.894,1.257,501.975,418.025,1.274,499.729,420.271,1.291,496.24,423.76,1.307,491.482,427.138,1.325,488.511,431.985,1.342,485.144,435.475,1.357,481.039,438.48,1.374,475.692,441.585,1.391,470.09,444.946,1.408,463.386,448.307,1.425,459.107,452.893,1.441,455.954,458.744,1.459,451.137,462.863,1.476,446.064,467.349,1.492,439.761,471.119,1.508,434.686,473.657,1.525,430.203,477.797,1.542,426.784,482.288,1.558,422.23,486.77,1.575,417.782,492.523,1.593,411.817,496.746,1.61,406.217,501.226,1.626,401.291,505.032,1.642,397.605,509.193,1.659,393.326,514.593,1.676,388.843,520.196,1.693,383.213,525.787,1.709,377.597,531.403,1.727,371.98,534.212,1.744,369.5,537.5,1.761,364.427,544.216,1.776,360.7,549.834,1.793,355.579,555.421,1.81,349.957,560.034,1.826,343.238,564.508,1.845,338.999,567.751,1.863,335.932,572.424,1.878,204,4404,MICHC,
169,390,0,201.174,392.86,0.018,211.802,393,0.035,221.847,393,0.051,230.757,393,0.069,239.74,391.657,0.087,247.252,392,0.103,261.885,392,0.119,273.951,392.707,0.136,281.8,393.829,0.153,292.493,394.949,0.169,303.699,396.07,0.186,311.314,397.188,0.203,323.064,398.306,0.221,332.921,399.436,0.238,339.868,400.553,0.254,349.046,401,0.27,359.144,401.794,0.287,365.583,402.917,0.303,372.21,401.965,0.32,381.244,402,0.336,387.659,402,0.355,394.4,402,0.371,398,402,0.388,404.835,401,0.403,411.557,401.76,0.42,419.158,402.88,0.437,425.012,404.002,0.454,430.615,405.123,0.471,438.702,406.243,0.487,446.551,407.364,0.505,452.904,408.484,0.522,455.215,408,0.537,458.187,408,0.554,461.547,408,0.571,465.879,407.03,0.588,470.361,407,0.604,473.632,407,0.621,478.327,405.668,0.639,481.363,406,0.656,483.152,406,0.672,485.395,406,0.688,487.633,406,0.705,489,406,0.721,490.058,406,0.837,488.923,408.153,0.855,489,410.027,0.888,489,413.405,0.921,486.489,415.511,0.955,485.246,418.509,0.973,483.252,420.748,0.99,481.011,423.983,1.007,478.775,426.225,1.023,476.529,429.707,1.039,474.293,431.707,1.057,470.56,435.44,1.074,465.61,438.792,1.09,461.839,440.72,1.107,459.322,442.678,1.123,456.116,445.884,1.14,452.754,449.246,1.158,448.2,452.6,1.173,443.704,457.296,1.191,439.227,461.773,1.208,434.302,466.264,1.224,430.936,470.064,1.24,427.576,472.616,1.257,424.213,476.716,1.274,420.858,481.189,1.291,415.15,485.68,1.308,410.848,490.152,1.326,404.943,496.057,1.343,400.398,501.136,1.36,396.373,504.97,1.375,391.89,509.887,1.391,385.61,516.39,1.408,378.9,522.083,1.425,371.024,529.976,1.442,365.725,534.02,1.46,361.471,539.911,1.476,354.498,548.003,1.493,346.669,556.331,1.509,340.297,562.703,1.525,335.548,567.452,1.542,331.064,572.92,1.559,324.386,581.819,1.576,318.886,588.337,1.593,311.903,595.097,1.611,308.129,597.403,1.627,302.053,601.357,1.643,295.737,606.553,1.659,289.026,611.316,1.676,282.304,616.747,1.693,277.72,622.349,1.709,274.422,626.77,1.726,269.747,629.94,1.744,263.82,634.744,1.761,257.227,640.773,1.777,252.291,646.386,1.793,247.808,651.192,1.81,178,3605,MICHC,
185,407,0,216.98,407,0.018,231.818,407,0.035,243.065,407,0.052,255.446,405.778,0.086,267.866,406,0.105,295.811,404,0.119,310.421,403.287,0.143,323,402.167,0.152,334.554,402.955,0.168,345.738,404.074,0.186,362.919,405.195,0.202,373.173,406.317,0.22,388.732,407.441,0.237,397.925,408,0.253,406.44,407.32,0.269,415.416,407,0.286,422.536,407,0.303,427.181,405.955,0.32,432.818,406,0.336,441.007,404.713,0.354,446.037,403.593,0.371,451.5,405.5,0.388,454.944,405,0.403,457.542,405,0.42,459.78,405.89,0.437,462.029,406,0.453,464.275,406,0.47,467.757,406,0.487,469.749,404.625,0.519,471.536,405,0.553,473.536,403.732,0.602,477.101,403.45,0.665,481,403,0.688,482.536,401.732,0.721,482,404.267,0.737,482,407.29,0.754,480.69,410.93,0.777,479.617,414.149,0.789,478.5,419,0.81,472.997,427.006,0.824,468.121,433.655,0.839,461.536,440.464,0.854,455.824,446.176,0.871,449.022,455.304,0.888,437.18,464.256,0.904,425.997,471.802,0.922,421,476.5,0.939,406.903,487.161,0.955,396.062,496.167,0.972,386.005,503.33,0.989,373.861,512.101,1.005,364.952,523.31,1.022,357.237,532.015,1.039,343.88,538.247,1.056,336.062,546.446,1.073,327.093,556.907,1.089,317.367,564.422,1.106,308.983,572.876,1.122,302.121,582.819,1.139,294.297,592.903,1.156,282.788,600.549,1.173,275.631,611.046,1.189,270.683,622.635,1.207,262.5,628.5,1.223,254.768,637.642,1.24,248.028,647.457,1.256,243.211,654.684,1.273,237.662,661.406,1.29,228.492,669.319,1.307,222.149,674.543,1.323,216.836,681.596,1.341,213,685,1.358,209.302,689.024,1.373,204.815,693.981,1.39,200.341,698.659,1.407,196.889,702.111,1.424,193.527,706.631,1.44,192.727,708.545,1.457,190.198,712.202,1.474,189.5,714,1.507,190,715.535,1.707,194.063,715,1.725,200.695,715,1.743,210.66,715,1.759,216,715,1.776,224.316,714.298,1.792,234.405,714,1.809,243.56,714,1.825,251.475,714,1.842,262.837,711.633,1.859,274.071,712,1.876,281.015,710.569,1.893,290,709.5,1.91,300.364,708,1.926,308.545,707.208,1.943,319.105,706.089,1.959,330.352,706,1.976,338.074,704.847,1.993,349.764,705,2.009,118,2423,MICHC,
180,403,0,206.588,397.893,0.02,216.703,396.811,0.035,228.179,395.682,0.049,239.409,396,0.066,252.875,396,0.086,264,396,0.097,287.858,397.786,0.114,304.93,398.918,0.134,318.416,400.035,0.149,333.176,398.833,0.165,342.746,400.305,0.187,357.158,400,0.2,368.439,400,0.216,379.004,400,0.236,391.026,400,0.248,400.19,400.884,0.268,409.967,401,0.285,419.982,399.891,0.3,427.781,400,0.319,435.788,398.602,0.337,445,399,0.351,452.612,398,0.368,457.952,398,0.386,463.036,398,0.403,469.721,398,0.42,475.377,396.925,0.433,481.218,395.756,0.452,484.058,396,0.472,485.952,395,0.486,488,395,0.519,489.537,393.732,0.603,489,397.199,0.62,489,401.5,0.634,485.708,405.584,0.651,483.408,409.387,0.671,479.366,412.726,0.689,474.932,416.051,0.707,469.102,423.078,0.722,463.707,429.552,0.736,459.312,437.955,0.753,455,444,0.77,448.544,447.183,0.785,440.521,454.479,0.805,433.712,462.169,0.821,428.081,468.903,0.835,421.132,473.579,0.86,413.018,478.133,0.875,403.522,485.831,0.887,395.5,495,0.902,389.113,500.665,0.923,380.444,505.778,0.94,371.367,513.633,0.952,364.196,522.739,0.973,354.202,531.71,0.992,344.307,536.941,1.002,336.664,546.669,1.02,330.154,558.744,1.038,319.685,566.543,1.056,311.21,575.844,1.074,304.994,587.012,1.087,297.258,596.705,1.104,289.715,605.325,1.12,280.53,616.837,1.14,275.413,626.857,1.156,269.548,631.861,1.171,262.102,639.898,1.186,254.383,647.617,1.204,248.037,653.963,1.223,243.423,658.577,1.246,239.96,662.04,1.259,233.081,668.919,1.269,226.382,675.618,1.29,221.002,679.598,1.311,216.983,685.017,1.324,213.124,688.251,1.34,209.735,690.51,1.358,205.568,693.574,1.37,202.005,695.997,1.386,200.872,698.256,1.405,198.49,699.255,1.456,197.823,701.355,1.556,195.913,704.13,1.592,196,706.543,1.611,194.5,709,1.641,195,710.54,1.667,193.984,712.033,1.775,198.661,713.113,1.791,207.137,713,1.813,215.109,714.159,1.836,224.692,714,1.848,237.457,714,1.863,249.586,713.49,1.891,262.578,713,1.907,287.535,713,1.925,303.062,713,1.945,314.948,714.086,1.957,331.615,714,1.975,338.927,715.366,1.994,347.929,715,2.018,121,2523,MICHC,
177,411,0,196.607,406.643,0.019,215.306,404.308,0.034,229.272,404,0.048,240.858,404,0.068,253.211,404,0.087,265.213,404,0.099,276.511,402.649,0.117,303.994,401.524,0.139,312.195,402.4,0.153,325.799,403.354,0.166,337.33,404,0.183,350.415,404,0.206,363.933,405.078,0.223,371.197,405,0.24,384.821,403.653,0.249,393.747,405.416,0.267,399.42,404,0.288,407.14,403.357,0.301,417.106,403.79,0.319,424.52,404,0.337,430.232,405.046,0.356,436.953,403.841,0.372,443.567,404,0.384,448.975,404,0.404,453,404,0.421,455.821,404,0.436,458.476,404,0.451,461.613,404,0.47,464.832,403.056,0.485,468.321,403,0.501,471.79,401.737,0.524,473.772,402,0.537,475.926,400.537,0.586,477.354,399.823,0.619,479.037,400,0.654,481.281,398.859,0.685,484.816,399,0.719,487.811,397.73,0.754,492.089,398,0.771,494.391,399.195,0.837,493.373,402.255,0.853,491.484,405.274,0.868,489.139,408.791,0.894,485.926,412.074,0.91,481.193,417.942,0.92,474.3,425.984,0.94,466.26,435.131,0.953,457.875,442.125,0.969,448.627,450.098,0.986,437.271,459.183,1.007,427.925,468.075,1.023,419.177,474.867,1.037,405.285,484.143,1.052,393.297,494.212,1.076,383.659,501.599,1.093,371.242,508.288,1.104,362.22,517.975,1.124,353.506,527.494,1.14,343.548,535.796,1.154,335.085,544.903,1.17,326.28,555.9,1.193,317.236,564.764,1.211,310.42,570.528,1.222,304.795,579.527,1.237,298.442,589.151,1.256,291.109,596.192,1.275,283.378,603.622,1.304,273.778,623.444,1.32,268.037,628.963,1.336,261.14,638.481,1.356,255.791,646.093,1.377,250.398,653.67,1.393,247.059,658.588,1.406,243.647,663.921,1.421,240.262,669.564,1.442,236.865,675.226,1.463,233.61,678.39,1.475,230.164,681.836,1.489,226.774,683.817,1.51,223.473,686.053,1.527,221.767,688.233,1.54,219.502,690.498,1.564,217.28,693.58,1.576,215.003,696.995,1.589,212.767,700.35,1.606,210.482,703.777,1.634,209.318,706.682,1.66,206.418,711.163,1.673,205.5,713,1.724,206,714.356,1.841,208.134,714,1.864,211.053,714,1.875,213.316,712.842,1.896,216.899,713,1.912,224.24,713,1.926,233,713,1.949,243.866,714.644,1.972,252.06,715,1.984,263.962,715,1.994,125,2711,MICHC,
174,400,0,190.746,401.843,0.018,197.654,402.942,0.032,204.699,404.117,0.048,210.167,404,0.066,214.533,404,0.083,218.949,404,0.103,228.028,403.397,0.123,236.669,403,0.14,242.872,403,0.152,247.849,403,0.168,254.294,403,0.184,263.226,403,0.202,272.624,404.328,0.219,278.646,405.441,0.234,286.208,406.579,0.249,296.276,407.697,0.268,303.788,408.798,0.283,309.543,409,0.3,318.403,409,0.325,327.333,409,0.336,333.81,410.302,0.351,339.073,410,0.368,344.5,410,0.383,354.813,409.646,0.402,362.585,410,0.417,369.403,410,0.434,376.175,410,0.451,387.575,410,0.468,393.56,410,0.484,398.938,410,0.5,404.5,410,0.524,414.052,410.632,0.539,421.493,411,0.552,427.348,411.87,0.568,432.961,412,0.586,439.654,413.109,0.604,449.796,413,0.62,454.741,413,0.634,458.907,413,0.652,463.957,413,0.668,470.99,413.713,0.686,477.859,414,0.702,483.711,414,0.717,487.238,414,0.739,491.821,415.205,0.75,494.979,413.674,0.768,496.879,414,0.786,499.687,413.438,0.802,502.5,412.5,0.836,503.533,411.733,1.003,500.976,412,1.018,498.492,413.254,1.037,494.853,414.382,1.053,493,417,1.071,489.775,419.838,1.089,486.775,423.225,1.101,483.405,427.46,1.122,479.08,431.92,1.134,473.519,436.384,1.153,467.854,439.688,1.168,462.236,443.058,1.187,458.121,444.939,1.203,455.5,448.5,1.219,448.754,453.538,1.236,442.02,457.49,1.252,436.243,461.806,1.271,430.606,467.394,1.286,427.412,470.588,1.302,422.795,473.904,1.321,419.69,478.746,1.337,413.5,483,1.353,408.5,487,1.369,403.019,493.981,1.387,399.233,498.69,1.406,395.864,502.136,1.42,392.524,505.476,1.437,387.94,510.06,1.454,380.533,517.467,1.472,375.5,521,1.49,370.414,527.233,1.503,366.698,531.302,1.521,362.448,534.664,1.538,357.966,539.034,1.553,351.212,544.656,1.571,345.753,548.997,1.59,341.532,554.835,1.605,335.554,560.446,1.621,332.546,562.84,1.637,327.367,565.453,1.654,321.012,569.325,1.671,316.116,573.884,1.691,311.64,578.36,1.706,307.358,583.802,1.722,303.865,589.892,1.742,299.317,593.683,1.759,294.294,596.624,1.777,288.731,601.269,1.79,283.116,606.107,1.805,277.463,612.444,1.823,181,3703,MICHC,
168,383,0,186.408,391.181,0.018,205.5,398.5,0.036,212.449,398.636,0.049,220.281,399.754,0.069,229.862,400,0.086,238.172,400,0.1,245.916,398.869,0.123,266.51,399,0.136,273.991,399,0.153,281.5,400.5,0.172,290.968,400,0.188,300.514,400,0.204,309.115,400.874,0.217,319.815,401.981,0.237,330.995,402,0.253,338.306,403.187,0.269,346.312,403,0.286,355.802,404.475,0.302,363.86,404.572,0.319,369.419,405,0.337,375.587,405.764,0.351,383.607,406,0.368,391.534,407.076,0.387,395.758,407,0.403,400.104,407,0.42,405.949,405.61,0.439,412.32,406.553,0.455,418,407.5,0.468,424.841,406.768,0.488,429.667,407,0.505,435.978,407,0.523,442.729,407,0.54,449.478,408.246,0.554,453.534,408,0.574,456.5,408,0.589,459.5,406.5,0.622,462.701,406.15,0.636,465.982,406,0.659,468.22,404.89,0.674,470.422,405,0.691,473.975,405,0.705,475.982,405,0.721,478,405,0.741,481.5,403.5,0.769,482.532,404,0.79,484.078,402.961,0.99,484,405.078,1.02,482.731,408.806,1.056,483,411.819,1.073,479.799,414.201,1.089,478.749,417.753,1.106,476.185,421.223,1.127,471.955,426.045,1.139,467.56,430.44,1.155,463.064,434.936,1.176,458.783,438.413,1.192,455.115,441.885,1.206,449.477,445.314,1.227,443.848,449.921,1.244,437.11,456.89,1.258,431.668,463.799,1.278,427.218,469.97,1.294,423.252,474.061,1.306,417.715,478.428,1.323,411.288,484.712,1.342,405.766,491.281,1.359,401.309,496.864,1.373,396.632,502.71,1.391,393.637,505.363,1.407,389,510,1.423,383.335,516.332,1.44,378.052,522.738,1.456,372.362,527.71,1.476,368.89,533.183,1.5,364.428,536.572,1.52,359.687,541.313,1.545,348.512,554.488,1.571,342.883,560.117,1.582,337.175,565.06,1.593,333.33,568.67,1.612,325.897,574.074,1.624,317.909,580.935,1.641,312.685,586.315,1.659,307.069,590.544,1.675,301.5,595,1.693,296.295,598.47,1.708,289.643,602.905,1.725,282.92,609.08,1.749,277.171,615.794,1.76,273.687,622.626,1.779,270.332,626.891,1.792,264.428,632.572,1.808,258.644,638.356,1.825,252.982,646.018,1.845,248.5,650.5,1.865,244.596,656.404,1.878,240.216,659.838,1.892,234.589,665.411,1.911,227.829,669.78,1.936,148,3109,MICHC,
175,384,0,196.099,392.038,0.017,213.687,398.317,0.034,226.217,401.054,0.052,238.223,402.95,0.07,245,403.5,0.085,256.815,403,0.099,266.573,403,0.118,283.806,403.988,0.133,294.652,404,0.148,305.005,404,0.169,311.06,404,0.185,319.018,404,0.203,328,402.5,0.215,334.5,404.5,0.236,339.749,404,0.251,346.553,404.925,0.265,354.219,403.969,0.285,361.16,405.193,0.299,366.35,405,0.316,369.316,405,0.338,374.717,405,0.353,379.512,405,0.366,384.778,405,0.387,389.53,405.883,0.403,392.995,406,0.423,395.269,404.865,0.44,397.481,405,0.455,399.801,403.599,0.471,402.077,403.461,0.484,404,402.5,0.505,407.444,403,0.518,409.686,402.157,0.535,413.001,402,0.556,416.323,402,0.573,420.837,402,0.587,424.079,402,0.602,427.385,402,0.623,430.777,402,0.636,434.057,402,0.651,438.34,402,0.671,441.718,402,0.685,445.159,400.947,0.702,449.786,402.197,0.724,452.957,402,0.738,456.275,403,0.752,459.708,403.569,0.77,462.346,404,0.789,466.167,404,0.805,469.71,404.903,0.819,472.118,405,0.854,475.384,403.872,0.887,477.505,404,0.937,479.36,404,0.968,481.537,405.269,0.989,483.285,405,1.105,484.01,407.019,1.138,484,409.319,1.174,482.729,412.813,1.189,480.633,415.367,1.203,477.556,419.259,1.223,474.284,422.716,1.238,471.903,428.242,1.253,467.22,433.974,1.274,464.055,438.26,1.291,459.775,441.224,1.305,456.5,444.5,1.321,453.31,448.69,1.341,448.848,453.152,1.359,443.511,458.489,1.371,437.757,464.243,1.388,432.19,468.648,1.411,427.769,471.923,1.427,424.459,474.771,1.439,420,477,1.458,412.206,484.162,1.476,405.507,489.744,1.492,399.654,495.346,1.505,394.898,502.153,1.521,391.586,505.414,1.542,384.364,511.364,1.559,379.207,518.151,1.572,373.5,525,1.593,369.212,530.98,1.612,365.866,535.134,1.622,361.521,540.348,1.644,355.988,547.014,1.662,351.72,553.42,1.673,344.561,559.199,1.691,339.205,564.795,1.707,335.076,568.924,1.723,329.408,575.191,1.743,322.851,582.841,1.757,316.154,589.846,1.773,309.358,595.702,1.79,304.66,601.425,1.808,299.049,609.331,1.825,292.051,618.599,1.841,283.877,626.123,1.858,279.72,630.28,1.875,189,3655,MICHC,
165,407,0,181.71,405.956,0.016,199.575,404.269,0.03,208.895,403.138,0.047,218.351,401.956,0.07,228.38,399.693,0.081,236.991,398.751,0.099,244.911,397.584,0.118,267.5,395,0.134,274,394.5,0.15,282.806,395,0.164,295.346,395,0.185,307.148,396.015,0.2,320.166,397.097,0.219,332.625,397,0.236,342.335,399.741,0.249,358.185,399,0.27,369.361,400.596,0.284,381.304,401,0.298,393.446,401.845,0.319,403.207,402,0.336,415.727,402,0.353,427.073,403.207,0.37,436.738,404.304,0.384,449.692,402.573,0.404,458.923,405,0.421,469.382,405.671,0.435,481.719,406.793,0.45,489.712,407.952,0.473,498.614,408,0.488,503.771,408,0.499,510.835,408,0.52,511.876,406.562,0.601,509.999,409.001,0.616,505.439,412.421,0.634,500.873,414.563,0.655,492.288,418.162,0.668,484.583,427.417,0.687,477.5,433,0.704,460.257,442.371,0.717,444.913,451.77,0.738,428.501,464.392,0.752,413.786,473.78,0.768,392.522,486.737,0.79,376.284,503.335,0.81,358.223,513.405,0.825,340.975,527.879,0.837,323.69,540.775,0.851,307.958,555.891,0.871,296.181,567.819,0.891,283.3,581.759,0.901,273.11,595.52,0.924,263.082,604.918,0.944,251.58,617.275,0.956,243.075,626.365,0.968,233.882,635.118,0.989,224.694,645.094,1.005,218.469,654.25,1.019,212.727,659.219,1.034,207.173,665.992,1.057,199.99,673.01,1.075,196.839,677.547,1.086,193.5,682,1.102,190.5,684.5,1.12,190.5,687.5,1.155,188.469,688.531,1.271,189,690.134,1.303,187.729,692.543,1.323,186.881,694.238,1.342,187,696.647,1.369,187,699.803,1.421,187,701.354,1.506,189.179,701,1.528,194.646,701.662,1.548,199.126,702.782,1.559,204.595,703.919,1.572,210.206,705.041,1.587,215.883,706.177,1.606,221.511,707.302,1.629,231.823,708,1.648,242.06,708.508,1.66,251.712,709.635,1.672,262.733,710,1.687,273.193,710,1.704,280.113,708.981,1.724,288.009,709,1.748,298.616,707.769,1.759,306.53,706.639,1.771,314.488,705.502,1.788,325.571,704.381,1.805,333.375,702.542,1.824,340.043,701.16,1.849,349.618,700.042,1.874,360.611,699,1.889,382.411,700.31,1.906,395.319,700,1.923,402.82,701,1.94,412.406,701.712,1.958,421.554,702,1.984,428.61,702,2.004,112,2361,MICHC,
172,403,0,199.879,403,0.03,212.681,403,0.038,224.913,401.826,0.049,236.253,400.675,0.066,245.96,399.56,0.082,258.5,398.5,0.103,278.51,397.357,0.119,296.795,397,0.133,310.826,397,0.149,326.52,397,0.17,339.218,397,0.183,352.364,397,0.2,368.763,395.588,0.221,381.119,397,0.237,394.243,397.624,0.251,406.955,398.746,0.267,420.495,399.875,0.286,430.894,400.988,0.3,441.128,401,0.317,450.175,399.728,0.338,456.166,400,0.353,458.85,397.537,0.368,462.786,396.405,0.384,466.905,396,0.404,471.402,395.15,0.42,475.841,395,0.434,480.49,396.122,0.456,483.734,396,0.472,487.109,397.37,0.487,488.992,398.496,0.501,491.179,399.589,0.522,494.127,400.709,0.539,496.621,401,0.551,498,401,0.587,499.11,402.055,0.636,496.659,404.341,0.655,493.076,408.282,0.668,488.846,411.365,0.688,484.258,414.806,0.706,476.842,423.181,0.717,467.926,432.074,0.735,457.286,441.413,0.757,451.541,447.459,0.773,436.959,461.041,0.788,426.143,471.857,0.802,413.154,483.331,0.821,399.268,495.838,0.836,389.83,505.17,0.852,375.131,517.581,0.872,364.435,529.822,0.893,352.077,537.651,0.92,339.738,547.21,0.935,314.345,565.606,0.954,305.062,574.634,0.977,296.29,585.638,0.994,285.224,595.698,1.003,276.255,602.309,1.019,268.544,615.859,1.038,259.22,626.725,1.058,249.976,633.174,1.072,242.081,643.324,1.087,233.409,652.591,1.103,224.44,658.725,1.121,217.448,665.552,1.137,211.996,674.606,1.157,205.039,680.961,1.181,197.567,685.217,1.199,191.379,688.048,1.212,187.007,690.329,1.222,184.409,692.591,1.236,182.141,693.93,1.254,181,694.5,1.271,178.719,697.281,1.339,180.133,699.267,1.407,187.392,701.196,1.425,195.573,703.449,1.443,203.635,705.753,1.462,210.839,708.946,1.474,217.627,711.209,1.489,226.551,712,1.509,237.205,712.821,1.53,246.558,713,1.542,257.926,710.815,1.554,272.835,709.782,1.577,283.433,708.657,1.596,299.179,707.568,1.608,313.926,706.434,1.622,328.827,705.321,1.639,342.624,705,1.656,359.947,704.066,1.672,374.068,705.089,1.695,390.761,703.816,1.715,401.814,704.281,1.728,413.994,704.584,1.739,427,703.5,1.757,436.021,704.669,1.78,445.979,704.225,1.801,453.342,703.11,1.814,460.203,703,1.823,107,2075,MICHC,
166,394,0,187.644,394,0.018,206.5,394,0.035,214.353,395,0.051,223.321,395,0.068,231.361,394.091,0.091,238.199,394,0.101,244.934,394,0.118,256.712,392.729,0.134,262.37,391.605,0.152,269,390.5,0.169,274.559,390,0.185,279.044,389.239,0.201,284.41,389,0.218,291.015,390.002,0.235,298.845,390,0.252,304.231,391.246,0.268,309.804,391,0.285,315.441,392.488,0.303,322.626,393.604,0.319,327.917,394,0.335,332.397,394.849,0.352,335.915,395.972,0.369,340.37,397.092,0.386,344.85,398.213,0.402,350.669,399.334,0.419,354.814,399,0.436,359,400.5,0.453,362.089,400.696,0.469,364.637,400.182,0.496,367.817,400.939,0.513,372.222,401,0.52,376.704,401,0.537,382.484,402.297,0.553,388.098,403.42,0.571,395,404.5,0.588,398.668,405.667,0.604,404.719,406.787,0.62,413.252,407.906,0.637,420.174,409.029,0.654,424.607,409,0.67,429.089,410.272,0.687,432.168,410,0.705,437,410,0.722,442.532,409,0.737,447.78,409,0.754,452.519,409,0.771,454.997,409,0.788,457.238,407.881,0.821,460.543,406.819,0.839,462.964,407,0.856,466.805,406,0.871,470.903,405.274,0.888,475.389,405,0.905,478.885,405,0.922,482.26,406.087,0.938,484.418,404.791,0.971,487.678,405,0.99,490.142,406,1.005,492,406,1.038,493.536,406,1.188,490.893,407.054,1.206,489.927,409.146,1.239,486.413,410.196,1.407,472.318,424.682,1.424,459.688,436.312,1.44,452.978,442.185,1.457,446.267,447.778,1.474,439.517,453.402,1.491,433.998,460.202,1.507,429.715,465.607,1.526,418.003,476.997,1.542,416,480.5,1.559,407.583,487.1,1.574,401.972,493.028,1.591,397.285,498.644,1.608,392.811,502.142,1.625,388.329,505.503,1.641,381.268,510.155,1.658,375.943,516.057,1.676,370.5,521.5,1.693,367.036,528.274,1.708,363.674,533.102,1.725,359.415,537.585,1.742,353.916,544.1,1.759,348.315,549.685,1.775,342.697,556.564,1.792,337.086,561.914,1.81,334.5,566,1.827,330.517,570.104,1.842,324.556,575.703,1.859,319.547,582.18,1.876,314.06,588.928,1.893,309.566,593.434,1.909,305.093,596.681,1.926,301.956,602.74,1.944,297.117,606.883,1.961,290.059,614.529,1.976,283.732,620.557,1.993,278.662,624.503,2.01,179,3733,MICHC,
171,399,0,203.177,395.255,0.017,220.696,395,0.03,236.586,395,0.049,253.572,396.171,0.07,268.949,397.282,0.082,285.914,398.394,0.102,301,399.5,0.116,329.266,402.211,0.131,342.435,403,0.15,356.036,403.849,0.164,366.909,404,0.181,377.038,404,0.203,388.55,402.745,0.218,397.076,401.616,0.233,402.874,400.521,0.254,413.5,401,0.265,425.655,402.414,0.282,436.399,403,0.303,446.584,403,0.316,455.722,404.09,0.333,461.171,404,0.354,469.14,402.694,0.367,477.159,401.549,0.386,483,403.5,0.403,487.673,403,0.416,492.17,403.792,0.435,496.825,404,0.454,500.126,404,0.47,502.43,404,0.499,504.427,404,0.584,501.787,405.106,0.606,499.851,407.149,0.622,496.232,408.256,0.638,491.403,410.798,0.654,488.5,413,0.67,483.535,415.849,0.683,477.544,419.97,0.703,469.783,425.441,0.72,462.139,430.9,0.737,456.418,436.582,0.75,450.902,440.878,0.772,440.633,444.263,0.788,435.064,448.957,0.802,427.5,456,0.821,422.542,463.15,0.844,414.943,469.326,0.854,406.233,473.884,0.868,399.459,480.541,0.883,395.185,489.629,0.903,390.588,497.471,0.921,384.196,503.804,0.936,378,510,0.956,371.01,517.655,0.971,365.832,525.544,0.986,360.32,531.68,1.006,352.679,536.184,1.019,344.713,541.919,1.035,338.136,547.553,1.055,331.529,555.883,1.07,323.112,561.777,1.086,316.5,566.5,1.102,308.084,575.482,1.123,302.401,584.358,1.138,296.022,591.974,1.153,287.777,597.874,1.176,280.297,603.217,1.195,276.151,610.958,1.206,271.007,619.488,1.22,265.246,625.502,1.239,258.618,631.382,1.265,251.876,636.416,1.283,248.078,643.817,1.301,244.552,649.448,1.315,240.315,653.685,1.325,236.581,656.71,1.336,232.04,658.98,1.353,228.169,662.831,1.373,224.215,665.392,1.387,220.471,667.686,1.403,218.081,671.837,1.421,214.703,675.297,1.448,212.638,679.543,1.47,210.392,682.911,1.487,204.5,688,1.503,201.979,690.347,1.519,199.383,692.617,1.537,198.066,694.867,1.558,197.5,696,1.707,200.107,695,1.756,202.257,695,1.807,203.179,697.358,1.838,203,700.104,1.871,201.828,702.343,1.89,202,704.922,1.925,199.462,707.807,1.943,197.392,709.804,1.956,196.05,711.901,1.972,195.5,713,1.993,193.78,714.22,2.091,144,2978,MICHC,
174,394,0,190.523,392.967,0.018,206.195,391.351,0.034,213.606,391,0.05,221.229,391,0.067,229.06,391,0.084,235.788,391,0.101,241.259,391,0.118,253.746,393.749,0.136,258.953,393,0.152,265.067,393,0.167,270.677,393.735,0.184,274.573,394,0.201,277.94,394.98,0.218,282.402,395,0.234,288.094,396.219,0.251,292.368,396,0.269,298.313,397.463,0.286,303.341,397,0.302,307.818,397.704,0.318,313.133,398,0.335,318.736,398,0.352,325.419,399.07,0.368,330.94,399,0.385,336.543,400.309,0.403,339.307,401.436,0.42,345.5,401,0.436,352.366,401,0.452,357.979,401,0.469,362.666,401.917,0.486,367.148,400.963,0.502,371.631,402.158,0.519,377.38,402,0.537,385.814,403.402,0.554,393.5,404.5,0.57,397.568,404.642,0.586,402.813,404.237,0.603,408.42,404,0.619,415.027,402.996,0.636,421.777,403,0.653,425.989,403,0.67,430.482,401.63,0.687,436.456,402,0.704,442.663,400.389,0.72,448.667,400,0.737,453.422,399.145,0.753,456.927,398.024,0.77,461.394,396.901,0.787,465.867,397,0.804,470.359,395.66,0.821,473.373,396,0.838,478.325,396,0.854,482.807,397.404,0.871,486.468,398.823,0.887,489.835,399.945,0.904,492.136,401.068,0.936,494.309,401,1.187,491.985,403.015,1.205,490.754,405.492,1.238,488.511,408.734,1.271,485.269,413.194,1.289,483.297,416.555,1.306,480.085,420.887,1.323,475.631,426.461,1.339,471.158,432.053,1.356,465.331,437.669,1.374,459.713,441.829,1.39,455.688,445.312,1.406,450.512,451.186,1.423,444.906,458.731,1.44,441.183,465.634,1.456,435.681,472.383,1.473,432.454,476.728,1.49,429.085,482.525,1.508,424.297,488.129,1.524,421.5,493.5,1.541,415.665,497.668,1.557,410.059,501.364,1.573,403.539,505.641,1.59,398.876,511.155,1.608,392.104,519.045,1.624,386.648,526.892,1.64,376.856,533.358,1.658,368,540,1.675,361.555,549.715,1.692,352.205,558.285,1.707,342.993,566.131,1.724,336.022,574.97,1.741,328.151,587.333,1.758,317.848,595.913,1.774,309.101,604.899,1.792,303.12,615.319,1.809,296.789,622.008,1.825,288.934,626.895,1.841,282.765,632.235,1.858,278.129,637.838,1.875,272.559,644.529,1.892,268.174,648.826,1.908,262.352,653.318,1.926,258.211,656.342,1.943,169,3628,MICHC,
177,399,0,197.287,397.371,0.013,206.31,396.241,0.032,213.482,395.086,0.047,220.384,393.936,0.063,226.929,392.845,0.078,235.001,393,0.094,241.545,391.576,0.116,254,392,0.131,258.664,392,0.144,264.723,392,0.164,269.378,391.155,0.181,274.069,391,0.196,276.194,391,0.213,279.756,389.748,0.228,283.104,391.368,0.248,288,392.5,0.265,293.944,393.589,0.278,298.5,394.5,0.297,302.474,395,0.313,305.882,396.922,0.33,308.235,397,0.345,311.657,397,0.364,315.054,398.351,0.386,319.399,399,0.397,323.354,399.589,0.416,327.793,400.698,0.431,331.423,401.808,0.448,334.785,402,0.462,337.128,403.064,0.48,340.611,403,0.502,343.945,403,0.516,347.229,403,0.531,352.252,403,0.547,356.649,403,0.566,361.144,403.786,0.582,364.708,404,0.596,368.112,404,0.619,371.487,402.838,0.635,376.019,403,0.648,382.014,403,0.664,387.5,403,0.68,392.592,404,0.697,397.071,404,0.714,401.566,404.892,0.73,407.074,403.985,0.746,412.676,404,0.764,417.032,404,0.783,421.467,404,0.801,426,405.5,0.815,428.5,405,0.831,432.168,405,0.851,436.255,404.186,0.869,441.75,404,0.889,446.367,404,0.898,452.092,405.218,0.915,455.005,405,0.935,458.446,406.482,0.954,462.747,406,0.97,467.389,406,0.985,471.402,406,0.999,475.763,406.941,1.018,480.241,407,1.036,482.37,407,1.068,484.465,407,1.302,481.987,410.019,1.326,479.78,411.439,1.343,478.315,413.685,1.352,476.065,415.935,1.368,470.198,422.403,1.384,466.137,427.579,1.403,460.933,433.067,1.417,456.141,438.824,1.435,452.748,442.252,1.456,448.23,446.77,1.471,441.732,452.902,1.485,437.099,459.852,1.502,431.5,464.5,1.522,427.937,469.75,1.537,424.624,472.584,1.551,421.188,475.812,1.572,416.741,481.324,1.586,411.24,485.608,1.601,408.081,490.226,1.623,401.744,496.256,1.639,398.979,500.043,1.652,396.057,503.943,1.668,392.632,508.158,1.686,387.375,514.55,1.704,382.903,521.145,1.727,377.363,526.637,1.742,372.268,531.977,1.753,368.865,536.514,1.769,364,541,1.787,360.452,546.822,1.806,355.325,552.675,1.819,350.419,557.581,1.838,345.089,561.929,1.86,341.726,565.274,1.869,338.293,568.707,1.887,178,3551,MICHC,
161,412,0,174.536,412,0.015,186.136,412,0.029,193.034,412,0.049,199.622,412.937,0.066,205.457,413,0.088,209.888,413,0.1,214.24,411.69,0.114,221.695,412,0.131,224.975,411.405,0.15,229.5,410.5,0.163,236.807,411,0.18,241.779,411,0.2,245.122,411,0.213,248.544,411,0.235,254.537,411,0.252,261.234,411,0.265,268,411,0.281,274,411,0.3,278.774,411,0.317,284.534,410.093,0.331,292.325,410,0.351,301.429,410,0.366,306.327,410,0.381,313.5,410,0.403,323,410,0.418,331.631,410,0.431,336.962,410,0.451,344.131,410,0.467,351.83,410,0.481,359.661,410,0.504,365.265,410,0.516,369.335,410,0.534,373.997,410,0.548,382.5,410,0.571,389.184,410,0.585,393.465,410.822,0.6,396.903,411,0.616,400.308,411,0.638,403.635,411,0.655,408.242,409.689,0.668,411.373,411.458,0.685,417.866,411,0.702,421.995,411,0.716,425.386,411,0.736,428.724,411,0.756,432.179,411,0.771,437.794,411,0.784,442.235,411,0.806,448.156,410.569,0.82,452.562,410,0.834,456.57,410,0.855,461.055,410,0.87,467.27,410,0.884,473.084,410,0.907,479.94,408.843,0.918,484.126,409,0.937,487.217,407.594,0.969,491.057,405.471,1.002,492.537,404.732,1.154,492,407.107,1.204,489.828,408.086,1.236,488.738,410.525,1.438,466.079,434.921,1.455,459.249,441.751,1.474,455.074,445.926,1.486,450.538,450.463,1.508,446.963,454.037,1.524,443.221,458.372,1.537,436.204,465.071,1.554,431.448,470.403,1.573,428.079,472.948,1.592,425.833,476.25,1.604,422.252,479.748,1.626,417.521,485.849,1.641,412.782,490.775,1.655,407.629,495.964,1.674,403.322,500.009,1.689,399.587,503.413,1.704,396.184,505.878,1.721,393.821,508.179,1.743,390.358,512.857,1.76,388.109,516.891,1.772,384.627,520.373,1.788,380.252,525.331,1.81,376.946,529.054,1.831,372.846,532.365,1.847,370.206,534.794,1.858,367.954,537.046,1.872,364.476,541.699,1.888,362.399,544.902,1.911,360.155,549.689,1.93,356.978,554.022,1.941,353.111,558.519,1.955,348.953,562.285,1.972,345.3,564.8,1.992,341.901,568.099,2.017,338.688,571.312,2.033,335.252,576.247,2.043,332.257,581.857,2.057,197,4084,MICHC,
163,411,0,198.593,412,0.013,212.636,412,0.033,228.574,412,0.053,240.358,412,0.066,252.609,412,0.082,266,410.5,0.102,273.5,411,0.114,295.647,410,0.131,304.365,409.091,0.151,310.887,408.019,0.164,322.463,406.854,0.186,332.34,407,0.203,338.244,405.626,0.215,346.389,404.516,0.232,357.574,404.381,0.253,365.284,404,0.268,371.203,403.159,0.283,377.916,402.014,0.299,385.933,400.867,0.318,391.287,399.743,0.335,395.305,398.674,0.352,398.418,399,0.365,402.402,399.6,0.383,406.868,400,0.4,411.32,400.83,0.418,415.662,401.915,0.432,420.377,403.094,0.452,422.374,403,0.471,424.656,404.328,0.482,426.872,404,0.518,429.803,404,0.535,432.507,403,0.549,435.709,403.903,0.566,440.159,404,0.589,444.661,404,0.605,450.38,404,0.618,456.061,404,0.636,459.748,405,0.654,465.231,405,0.669,470.795,405,0.683,476.369,405,0.7,480.089,405,0.722,482.273,403.864,0.75,484.385,404,0.819,482.867,406.266,0.869,483,408.106,0.936,481.866,410.268,0.97,478.144,412.856,0.986,475.835,414.082,1.002,473.585,417.622,1.024,469.968,421.032,1.039,468.185,424.223,1.054,464.322,429.796,1.072,461.054,434.595,1.087,457.673,439.102,1.104,454.22,442.78,1.119,450.932,447.091,1.136,445.102,454.077,1.158,440.695,459.631,1.17,433.742,466.258,1.189,428.5,473,1.207,425.538,474.847,1.221,420.316,479.684,1.236,414.557,485.443,1.257,408.046,490.962,1.277,402.435,497.678,1.292,397.328,502.672,1.305,393.938,506.062,1.32,390.5,509.5,1.339,383.94,516.06,1.357,379.141,520.859,1.377,373.811,527.027,1.394,369.185,531.815,1.404,365.691,535.309,1.42,362.308,539.922,1.44,357.591,545.761,1.458,351.626,552.848,1.475,345.593,558.839,1.489,340.266,564.417,1.504,335.69,569.31,1.524,332.219,573.708,1.539,324.429,581.571,1.554,319.021,588.175,1.576,310.741,593.614,1.598,307.361,597.639,1.618,302.893,602.107,1.63,297.04,607.3,1.639,290.264,612.947,1.654,284.476,618.524,1.679,278.767,623.187,1.696,274.593,626.272,1.71,271.168,628.555,1.722,266.371,632.222,1.745,260.983,637.017,1.763,257.163,640.837,1.774,253.001,644.25,1.789,250.214,647.679,1.806,246.949,651.051,1.822,244.725,654.412,1.838,180,3519,MICHC,
171,401,0,188.055,402.003,0.022,204.209,403.158,0.037,218.319,405.511,0.051,234.658,406.404,0.072,247,407.5,0.09,263.635,408.587,0.105,279.594,409.706,0.118,308.609,412.546,0.137,332.436,413.972,0.154,351.645,415.097,0.168,371.069,416.239,0.189,390.194,417.364,0.206,402.971,417,0.223,417.369,416,0.235,429.931,415.307,0.255,443.446,414.196,0.289,462.507,413,0.302,475.061,411.813,0.322,484.985,412,0.34,489.298,412,0.354,494.823,411.435,0.374,500.178,411,0.39,505.076,411,0.405,508.707,411,0.422,511.029,409.985,0.522,507.547,412.727,0.54,504.323,414.785,0.554,499.11,416.956,0.57,493.378,420.373,0.59,488.945,425.055,0.606,484.558,430.803,0.62,478.616,436.384,0.642,469.238,441.381,0.656,461.062,446.527,0.671,453.855,454.003,0.691,445.222,462.778,0.709,436.37,470.551,0.721,427.093,476.192,0.744,418.085,484.551,0.76,405.094,495.122,0.773,394.279,501.95,0.788,383.325,508.186,0.809,371.779,516.577,0.83,363.53,526.319,0.85,354.547,534.272,0.868,343.99,541.852,0.878,337.223,553.666,0.893,330.273,564.09,0.913,320.768,570.232,0.923,312.37,579.953,0.939,306.083,589.267,0.956,300.391,596.531,0.976,291.741,603.194,0.994,282.952,612.048,1.006,276.267,621.31,1.025,269.507,627.493,1.046,262.413,633.587,1.064,254.688,641.312,1.078,247.46,649.297,1.089,241.571,656.315,1.107,233.955,662.032,1.131,226.375,668.536,1.146,218.624,675.147,1.158,211.716,680.903,1.174,206.503,686.497,1.19,200,688.5,1.211,196.189,691.108,1.23,193.337,693.663,1.241,192,695,1.256,190.9,697.149,1.325,192.132,699.265,1.418,196.105,699,1.433,201.709,700,1.457,208.514,700.419,1.473,216.359,702.09,1.483,227.293,703.663,1.494,240.437,704.786,1.507,253.955,705.913,1.525,270.406,707.027,1.543,283.771,707,1.57,299.208,705.506,1.59,314.187,703.63,1.601,329.042,701.993,1.613,343.212,699.737,1.625,358.657,697.478,1.646,371.672,696.121,1.661,388.676,694.04,1.675,400.335,694,1.691,411.628,692.737,1.713,427.072,691.61,1.735,435.097,691,1.747,447.527,691,1.759,456.366,691.728,1.775,464.865,693.716,1.793,475.779,695.956,1.81,484.726,696,1.826,488.834,698.417,1.845,491.987,699.329,1.86,493.923,697.538,1.915,101,2016,MICHC,
156,390,0,179.176,394.214,0.02,201.79,396.799,0.031,211.534,397.942,0.047,220.492,398,0.064,230.509,398,0.086,239.408,399.301,0.104,249.466,399,0.114,274.5,402,0.134,278.5,401,0.151,287.938,400.206,0.167,297.985,400,0.186,306.299,400,0.196,315.315,400,0.214,325.551,398.717,0.232,334.203,399,0.249,340,397.5,0.267,347.995,397.376,0.283,355.571,397,0.302,362.905,397,0.313,369.056,398.011,0.344,375.76,398,0.357,382.187,399,0.391,389.155,399.718,0.408,400.027,401.605,0.416,405.652,402.73,0.432,413.007,403,0.448,418.811,403.962,0.471,423.401,404,0.483,427.826,405.206,0.499,431.038,405,0.516,437.308,405,0.533,443.907,405,0.549,449.519,405.704,0.569,453.411,406,0.584,457.638,406.909,0.599,462.255,407,0.633,467.934,407,0.653,473.41,408.282,0.678,484.5,409,0.686,485.341,410,0.701,487.591,410,0.717,489.822,410,0.736,491,410,0.753,492.123,410,0.906,489.964,413.054,0.917,487.327,414.336,0.938,486.5,417,0.955,485.5,419,0.968,480.845,424.873,0.987,476.612,428.541,1.004,472.222,431.834,1.017,466.559,435.265,1.034,460.968,438.619,1.054,456.668,441.999,1.073,453.775,443.817,1.089,449,446,1.109,442.668,452.665,1.12,437.846,457.942,1.135,432.333,463.667,1.154,428.921,468.105,1.168,425.53,471.47,1.189,422.107,474.893,1.206,417.429,479.571,1.225,411.422,485.578,1.239,405.202,491.165,1.253,399.917,496.853,1.269,395.386,501.614,1.287,391.932,505.068,1.306,387.518,509.482,1.322,381.797,516.444,1.337,377.417,521.979,1.354,371.5,529,1.376,367.56,532.44,1.392,364.541,536.188,1.404,361.415,540.447,1.423,356.178,546.786,1.438,352.748,552.42,1.453,348.038,556.962,1.471,340.875,562.771,1.491,338.606,565.394,1.509,334.706,569.294,1.52,329.428,574.572,1.536,323.779,581.066,1.557,318.182,586.818,1.577,311.663,592.281,1.587,306,596.8,1.603,301.709,601.291,1.622,294.264,608.736,1.644,286.099,615.343,1.663,279.648,621.352,1.675,273.967,626.226,1.686,269.292,630.708,1.703,262.664,636.28,1.721,257.133,640.694,1.743,251.539,646.461,1.761,247.807,651.193,1.773,244.948,654.578,1.788,242.016,657.323,1.808,239.421,659.579,1.827,162,3440,MICHC,
167,401,0,186.578,398.939,0.016,205.5,397.5,0.032,214.601,396.378,0.049,225.336,395.266,0.062,237.102,395,0.082,248.084,395,0.098,260.368,395,0.112,284.515,396.276,0.135,294.404,396,0.149,306.809,396.962,0.164,319.939,398,0.185,332.141,398.714,0.198,344.266,400.685,0.213,357.856,401,0.237,367.969,401,0.25,377.903,399.789,0.269,389.235,398.677,0.285,398.166,399,0.302,407.164,399,0.314,418.693,398.301,0.334,427.783,398.826,0.347,437.532,399.948,0.366,447.79,398.912,0.387,455.242,399,0.4,460.505,399,0.416,469.261,399,0.435,476.5,397.5,0.448,482.352,398,0.465,486.415,398,0.485,489.711,398,0.505,492.051,398,0.516,494.296,398,0.532,496.588,398,0.57,498.534,398,0.633,498,400.267,0.651,498,402.132,0.684,498,405.524,0.704,495,409.5,0.721,492.811,412.189,0.735,490.571,415.857,0.749,487.415,420.447,0.769,485.035,426.894,0.783,481.756,432.407,0.8,475.813,439.424,0.823,468.78,443.48,0.839,462.316,448.237,0.851,456,453.5,0.87,451.602,461.077,0.884,443.554,467.835,0.9,435.458,472.739,0.923,428.572,475.143,0.942,424.294,479.706,0.959,418.253,486.456,0.975,411.504,492.496,0.994,404.936,498.553,1.005,398.798,502.921,1.018,393.693,506.481,1.034,386.574,510.672,1.054,379.804,516.163,1.077,372.436,521.705,1.09,367.664,527.069,1.103,361.719,531.825,1.123,356.5,536,1.138,347.644,541.112,1.151,340.507,547.493,1.171,334.628,554.246,1.185,329.112,560.866,1.202,319.768,565.616,1.218,310.866,571.334,1.251,306.141,579.602,1.263,300.603,587.835,1.288,285.153,600.386,1.301,278.641,608.974,1.32,273.039,617.938,1.342,266.569,624.431,1.352,257.423,629.986,1.368,249.611,635.707,1.386,244.581,642.903,1.407,240.63,649.555,1.429,236.272,654.728,1.44,230.095,658.452,1.451,224.226,662.819,1.472,219.708,667.292,1.501,217.675,671.488,1.527,213.588,678.236,1.539,212.451,681.099,1.553,210.656,682.672,1.574,209,683.5,1.607,206.934,687.066,1.631,204.594,688.135,1.644,201.213,689.525,1.658,197.817,691.394,1.671,194.373,693.085,1.694,191.753,695.247,1.715,190,697,1.74,188.458,699.812,1.805,191.184,699,1.841,196.758,695.31,1.859,201.302,695,1.872,142,2671,MICHC,
165,401,0,183.049,399.997,0.014,198.673,398.794,0.036,209.33,399,0.052,220.49,397.551,0.065,229.5,398,0.082,238.5,396.5,0.101,248.966,397,0.114,268.947,396.055,0.135,277.369,396,0.15,286.276,396,0.165,296.606,396,0.188,305.611,394.549,0.201,312.5,395,0.215,324.776,395.642,0.235,333.197,395.258,0.249,340.295,395.882,0.265,349.183,394.977,0.282,356.906,395,0.299,363.202,393.8,0.318,369.036,392.593,0.333,376,393,0.354,385,394.5,0.367,392.333,394,0.382,397.471,394,0.404,403.217,394,0.419,408.439,394,0.432,414.268,394,0.454,421.294,394,0.468,424.846,394,0.485,429,394,0.505,433.805,395,0.516,439.177,395,0.536,443.896,395.974,0.55,449.393,396,0.567,453.823,396,0.588,458.291,397.323,0.605,464.1,398.42,0.618,471,399.5,0.634,476.435,399,0.65,481.283,399,0.671,484.848,399.949,0.687,487.069,398.965,0.701,491.69,400.173,0.718,494.872,400,0.736,499.654,400,0.75,504,401.5,0.768,505.316,401,0.784,507,401,0.817,508.536,402.268,0.87,505.784,402,0.902,503.466,405.801,0.918,499.76,408.493,0.935,496.459,410.694,0.956,492.153,413.885,0.975,488.754,417.246,0.987,485.4,421.8,1.003,479.212,427.788,1.022,475.105,433.368,1.037,468.43,438.38,1.055,462.399,442.161,1.072,456.937,446.25,1.086,451.229,451.771,1.103,444.498,459.586,1.12,436.652,466.156,1.137,430.072,471.607,1.155,426.267,474.3,1.172,420.644,481.356,1.188,413.225,488.775,1.203,405.372,495.824,1.221,399.413,501.587,1.237,394.791,506.209,1.258,390.322,511.847,1.278,383.646,519.895,1.29,377.891,527.952,1.304,371.386,533.614,1.321,367.049,539.252,1.337,362.136,547.182,1.354,356.541,555.242,1.373,351.949,562.077,1.388,345.127,566.582,1.411,339.584,573.699,1.43,335.539,580.556,1.46,325.929,593.456,1.472,321.5,597,1.487,312.657,602.343,1.508,307.17,608.796,1.53,302.665,615.503,1.543,298.181,621.024,1.556,290.931,625.379,1.572,281.047,628.482,1.589,277.582,634.022,1.609,272.646,640.025,1.628,266.182,646.015,1.64,260.268,651.732,1.661,252.572,655.184,1.679,248.296,658.704,1.691,243.71,663.29,1.706,239.219,667.781,1.723,234.144,673.285,1.741,168,3418,MICHC,
172,388,0,186.446,386.968,0.02,201.859,387,0.035,209,387,0.049,215.836,388.639,0.065,223.41,389.773,0.082,232.316,390.914,0.102,240.258,392.037,0.117,256.995,394.266,0.134,266.628,395.292,0.15,275.183,395,0.167,282.5,396.5,0.184,291.941,397,0.199,300.991,397.749,0.222,308.287,399.762,0.237,316.282,400,0.252,326.07,401.119,0.267,332.576,403.525,0.288,339.264,404.377,0.301,344.272,404,0.317,352.5,405.5,0.336,359.696,406.671,0.352,364.436,407,0.367,367.812,407,0.386,372.475,407,0.4,377.92,405.816,0.416,382.34,407.335,0.437,391.358,407,0.453,393.673,407,0.467,396.382,407,0.484,399.426,407.809,0.504,402.758,407.081,0.52,408.195,407,0.534,412.718,407,0.55,419.871,407,0.573,423.315,407,0.589,426.578,407,0.602,430.602,407,0.617,434.334,407,0.636,439.502,407,0.655,445.032,405.994,0.669,450.636,406,0.685,453.838,406,0.707,455.767,406,0.723,458.467,405.511,0.735,461.229,404.386,0.754,464.154,404,0.769,466.723,403.139,0.792,470.001,403,0.81,473.282,401.906,0.827,476.432,402,0.837,478.736,402,0.853,481,402,0.868,483,402,0.905,484.531,403.266,0.987,485.071,405.143,1.072,483.893,407.214,1.091,481.824,409.176,1.108,479.45,411.55,1.121,474.42,412.395,1.141,469.33,416.068,1.155,464.384,418.962,1.186,459.881,423.119,1.203,451.917,433.083,1.218,447.373,437.627,1.235,440.394,440.803,1.258,435.116,442.754,1.269,431,446.5,1.289,427.484,450.516,1.305,423.747,455.004,1.322,420.396,459.472,1.339,415.029,463.977,1.365,409.47,468.424,1.376,403.797,472.962,1.392,399.436,474.782,1.406,396.74,479.68,1.421,393.224,485.96,1.439,389.277,492.085,1.457,383.899,498.101,1.48,379.31,503.613,1.499,373.774,508.271,1.515,368.401,515.397,1.526,365.091,522.817,1.541,361.709,529.582,1.557,355.706,533.196,1.572,348.934,537.71,1.588,342.949,543.861,1.606,338.228,550.657,1.623,333.812,557.282,1.639,330.468,562.887,1.658,324.748,565.751,1.673,320.488,570.511,1.69,316,576.5,1.707,311.103,581.529,1.724,307.693,586.845,1.741,305.211,591.578,1.756,301.957,595.043,1.772,298.56,598.44,1.789,294.003,602.997,1.805,289.459,607.541,1.823,190,3825,MICHC,
165,397,0,190.222,394.982,0.017,208.84,395,0.034,221.52,395,0.053,231.993,395,0.07,239.331,395.619,0.084,247.174,396,0.101,255.888,396,0.118,269.766,396.982,0.134,276.615,398.103,0.152,282.126,398,0.168,290.383,398,0.186,296.806,399.468,0.203,304.936,400.587,0.219,311.251,401,0.235,319.615,401.827,0.252,326.707,402,0.269,333.432,403.072,0.285,337.778,403,0.302,344.892,403,0.32,351.611,403,0.337,358.327,402,0.353,363.701,401.325,0.369,368.981,400.204,0.386,374.593,400,0.403,382.274,398.961,0.42,388.957,397.84,0.436,395.683,398,0.454,399.616,398,0.471,404,396.5,0.487,411.206,397.641,0.503,417.588,398,0.52,423.439,399.776,0.537,430.051,402.017,0.554,436.762,403.127,0.57,444.731,404.247,0.587,451.211,406.737,0.605,454.977,407.494,0.621,457.829,407.61,0.637,461.202,408,0.654,463.71,408,0.67,465.952,407.024,0.687,467,406.5,0.704,469.325,405.892,0.736,472.691,406,0.77,475.804,406,0.803,477.536,406,0.837,480.189,406,0.887,482.357,406,0.937,484.357,406,1.088,485.054,408.107,1.105,485,410.121,1.138,483.817,412.367,1.157,482.511,414.978,1.174,480.79,417.816,1.189,477.821,421.179,1.206,475.306,424.541,1.223,472.097,427.903,1.24,469.823,431.265,1.256,465.156,434.633,1.273,462.013,437.987,1.291,458.634,439.911,1.308,456.85,441.575,1.324,454.607,443.393,1.34,453.185,445.629,1.357,451.122,447.878,1.373,448.885,451.173,1.39,445.466,454.534,1.407,443.402,456.598,1.425,441.168,458.832,1.441,437.5,462.5,1.458,435.67,464.995,1.474,432.638,467.574,1.491,430.183,469.817,1.507,427.942,472.058,1.524,425.697,474.303,1.541,423.466,477.802,1.558,419.81,481.19,1.576,415,486,1.592,409.849,491.521,1.608,404.228,496.772,1.624,400.373,500.627,1.641,396.015,503.989,1.658,392.649,508.468,1.675,388.052,512.948,1.691,383.567,518.791,1.709,379.089,524.389,1.726,373.603,529.397,1.742,369.827,533.173,1.758,366.47,535.686,1.775,363.103,539.862,1.792,359.748,544.336,1.809,355.182,548.818,1.825,350.698,553.302,1.846,346.207,557.793,1.865,341.299,561.701,1.876,337.931,564.379,1.892,334.574,568.234,1.909,331.207,571.792,1.926,326.794,577.258,1.942,207,4275,MICHC,
174,394,0,196.466,395.021,0.019,216.565,395,0.035,225,395,0.051,234.048,394,0.068,241.07,394,0.085,248.745,394,0.102,256.588,394,0.118,271.695,392.793,0.135,276.961,394.327,0.152,283.672,394,0.169,293,395.5,0.186,301.832,395.69,0.202,310.501,396.813,0.219,319.448,397.931,0.235,328.412,399.052,0.252,335.045,399,0.269,340.461,399,0.286,348.868,399,0.303,356.5,399,0.32,362.941,398,0.336,368.112,398.778,0.352,374.39,399,0.37,382.131,399,0.386,389.99,400.141,0.403,396.585,402.528,0.42,401.91,402,0.437,409,403.5,0.454,417.342,404.62,0.47,422.973,405,0.486,427.477,405,0.503,430.964,405,0.527,432.5,405,0.537,442.134,402.773,0.554,447.737,403,0.571,453.358,403,0.588,456.369,403,0.604,460.854,403,0.621,467.01,403,0.637,474.674,403,0.655,482.548,405.156,0.671,486.785,405,0.688,489.95,406.317,0.704,493.323,406,0.722,498,404.5,0.738,499.361,405,0.755,501.605,405,0.772,503,405,0.904,500.94,407.119,0.922,498.989,409.011,0.954,495.623,412.377,0.973,493.273,416.09,0.991,491.014,417.986,1.007,487.177,423.431,1.022,484.532,427.936,1.039,480.578,432.422,1.056,475.121,436.903,1.073,468.409,440.296,1.091,461.685,443.658,1.107,457.632,447.026,1.125,451.692,451.846,1.141,444.518,457.321,1.157,437.798,462.502,1.173,431.055,466.472,1.19,426.219,469.835,1.207,420.661,473.203,1.223,415.07,476.558,1.24,408.161,481.226,1.258,402.847,485.723,1.275,397.5,491.5,1.291,394.991,496.349,1.307,390.833,500.375,1.324,386.35,502.825,1.341,380.835,508.165,1.357,376.385,512.615,1.374,371.894,517.106,1.391,367.4,524.399,1.409,363,529.5,1.426,359.443,533.557,1.441,354.202,538.038,1.458,348.61,543.39,1.475,342.998,550.002,1.491,337.384,557.863,1.51,333.017,561.983,1.524,329.909,566.454,1.543,323.59,570.928,1.56,315.984,577.619,1.575,311.099,583.626,1.592,306.604,589.245,1.609,302.129,593.871,1.626,296.548,597.271,1.65,289.763,603.03,1.666,284.69,607.31,1.682,279.743,612.257,1.696,275.278,617.297,1.71,270.529,621.777,1.726,265.735,624.633,1.743,259.39,626.87,1.76,254.761,630.179,1.776,250.288,633.534,1.793,187,3866,MICHC,
168,400,0,197.229,402.787,0.017,209.315,403,0.033,219.666,403,0.047,229.507,403,0.064,240.016,403,0.087,247.112,403,0.1,263.143,403,0.115,275.621,403.66,0.135,284.066,403.242,0.15,295.186,403,0.167,304.46,404.057,0.182,312.262,404,0.204,321.414,404,0.217,331.408,404,0.232,337,404,0.252,343.937,404,0.269,352.865,404,0.281,362.005,404.876,0.301,368.084,405,0.317,374.661,406.11,0.337,385.441,406,0.353,392.47,407.353,0.37,395.891,407,0.383,399.801,407,0.403,403.855,407,0.418,409.17,406.166,0.433,413.927,406,0.455,419.598,407.12,0.467,422.593,407,0.484,426.082,407,0.501,427.954,407,0.521,431.5,407,0.536,434.036,408,0.55,438.273,408,0.57,441.862,408,0.585,445.097,408,0.6,449.78,408,0.618,451.647,408,0.64,453.889,408,0.653,456,408,0.687,459.499,407.251,0.701,461.829,407,0.717,464.072,407,0.737,467.455,405.848,0.753,469.558,406,0.77,471.816,406,0.783,475.5,404.5,0.819,478.436,405,0.837,480,405,0.853,481.019,406.009,0.903,483.224,407.112,1.054,480.913,409.087,1.087,475.279,413.041,1.105,470.839,416.37,1.122,466.343,419.742,1.138,461.735,424.265,1.152,456.059,429.941,1.174,451.692,436.961,1.187,446.042,440.566,1.204,434.5,445,1.224,428.802,453.477,1.238,422.457,462.814,1.254,414.541,469.613,1.27,404.63,476.247,1.286,396.897,484.102,1.308,391.597,494.525,1.326,383.036,500.853,1.338,374.395,507.605,1.354,367.883,515.363,1.372,362.238,524.772,1.392,355.848,531.293,1.413,347.177,537.867,1.423,340.382,544.618,1.437,335.976,554.048,1.455,330.099,561.661,1.476,324.164,566.836,1.493,317.518,573.482,1.504,312.137,581.727,1.524,307.766,588.851,1.541,304.169,594.719,1.555,299.59,600.512,1.572,293.965,608.448,1.593,290.958,616.431,1.612,285.858,622.142,1.624,281.311,626.689,1.638,277.936,631.44,1.658,275.381,636.237,1.677,271.343,641.571,1.689,267.786,646.285,1.705,264.486,650.686,1.727,261.079,653.921,1.748,256.797,657.203,1.759,253.415,660.585,1.772,250.034,663.966,1.788,246.637,668.151,1.808,243.338,672.549,1.823,241.011,676.977,1.841,238.675,681.65,1.863,235.498,684.502,1.873,160,3277,MICHC,
174,394,0,195.691,395.569,0.015,205,396.5,0.033,212.169,396,0.049,218.817,396,0.062,225.751,396,0.086,232.475,396,0.099,239.014,396,0.113,249,397.5,0.135,252.572,397,0.151,259.123,397,0.166,265.687,397.781,0.18,272.694,398.949,0.197,277.274,400.069,0.22,281.892,400,0.231,287.491,401.298,0.253,293.804,401,0.269,298.741,401.548,0.281,303.039,402,0.3,307.193,402.798,0.316,311.614,403,0.331,316.244,403,0.348,321.84,404.168,0.376,328.873,404,0.393,332.562,404,0.403,337.093,404.523,0.415,342.28,405,0.431,348.646,405.774,0.448,357.154,406,0.468,363.112,407.022,0.482,367.457,407,0.499,372.104,407,0.519,379.429,407,0.533,385.818,407,0.552,391.466,407.617,0.568,395.883,408,0.583,399.522,408,0.599,404.857,408,0.616,410.503,408,0.638,414.987,406.753,0.653,420.589,407,0.667,423.415,407,0.688,427.788,406.404,0.702,431.74,406,0.716,437.22,406,0.733,442.796,406,0.756,449.542,406,0.77,452.523,404.826,0.784,456.074,403.642,0.802,457.907,404,0.82,460,404,0.838,463.931,403.356,0.851,466.603,403,0.867,469.759,403.92,0.891,473.05,402.983,0.908,475.293,403,0.92,480.052,403,0.935,483.303,401.566,0.956,486.625,401.458,0.971,489.255,401,0.983,491.526,400.237,1.005,493,399.5,1.034,494.53,398.735,1.17,494,401.015,1.22,492.85,404.45,1.25,489.615,408.385,1.27,487.417,410.583,1.285,486.039,412.921,1.301,482.755,416.245,1.324,479.398,419.602,1.34,474.88,424.12,1.355,470.184,428.816,1.37,466.754,432.246,1.392,463.075,436.567,1.408,459.69,439.54,1.419,457.162,442.757,1.435,454.947,445.053,1.458,450.194,448.605,1.473,447.237,454.272,1.487,442.458,459.928,1.502,439.5,467,1.522,435,470,1.54,431.019,474.236,1.554,427.405,478.46,1.57,425.012,482.977,1.587,421.609,489.782,1.609,416.908,495.365,1.628,412.603,500.397,1.644,408.118,503.941,1.655,403.589,507.411,1.67,399.824,512.627,1.686,395.557,518.304,1.707,392.101,523.832,1.725,386.618,530.458,1.748,381.85,534.575,1.768,375.099,538.267,1.786,369.694,543.612,1.804,361.194,556.508,1.822,355.212,561.99,1.837,348.252,564.916,1.857,170,3470,MICHC,
175,394,0,205.696,396.891,0.013,215.187,398.023,0.033,223.052,398,0.049,230.714,398,0.065,237.439,396.594,0.082,244,397,0.105,252.061,397,0.12,260.382,397,0.133,267.114,397.852,0.148,272.981,398,0.169,276.438,399.146,0.188,280.846,399,0.203,285.349,400.337,0.216,289.87,400,0.236,295.363,400,0.252,299.003,400.668,0.265,303.313,401,0.286,305.892,401,0.3,309.197,401,0.316,312.634,401,0.34,317.329,402.332,0.355,323.164,402,0.367,328.914,402.583,0.383,333.751,403,0.402,338.11,403,0.418,342.672,403,0.434,349.298,403,0.456,355.936,403,0.472,362.621,404.27,0.49,366.629,405,0.507,371.585,404.483,0.517,377.276,404,0.533,383.654,404,0.55,389.47,404,0.57,393.055,404,0.583,396.457,404,0.604,401.071,404,0.62,405.545,404,0.634,410.08,404,0.651,414.501,404,0.67,418.969,404,0.687,421.713,404,0.701,424.017,404,0.722,427.432,402.856,0.737,429.428,403,0.752,433.156,401.615,0.769,436.446,402,0.786,438,400.5,0.805,442.062,400.313,0.819,446.25,400,0.837,449.888,400,0.855,454.224,400,0.868,456.455,400,0.884,460.011,400,0.907,463.328,400.443,0.923,466.641,401,0.935,470.003,401,0.955,472.59,401,0.97,474.883,401,0.996,477.117,401,1.011,479.351,401,1.035,481.439,399.78,1.071,483.536,400,1.121,485.358,400,1.154,487.158,400,1.204,489.356,400,1.237,491.544,401.272,1.271,493.537,401,1.322,495.243,403.243,1.489,492.903,404.049,1.52,492.07,407.859,1.54,491.5,409,1.555,489.853,410.147,1.59,487.554,412.446,1.604,486.5,415,1.64,481.52,419.48,1.656,479.269,421.731,1.673,476.017,423.988,1.687,472.549,427.451,1.709,470.438,429.562,1.723,468.288,433.067,1.739,466,435,1.759,464.187,437.813,1.778,460.828,439.724,1.793,458.313,441.687,1.805,455.03,442.99,1.827,450.569,445.216,1.846,444.988,448.607,1.856,440.712,451.966,1.876,436.002,456.997,1.89,431.215,461.975,1.906,427.898,466.803,1.925,425.402,470.398,1.942,423.129,472.871,1.956,420.82,475.18,1.972,416.174,479.826,1.992,412.972,483.028,2.01,409.811,487.586,2.026,404.835,491.165,2.04,207,4338,MICHC,
