163,402,0,175.206,402,0.019,186.106,402,0.033,193.077,402,0.049,199,402,0.065,207.616,402,0.082,215.142,402,0.101,223.002,403,0.122,239.631,404.109,0.132,249.235,404,0.156,258.226,405.403,0.172,268.748,405,0.184,279.388,405,0.204,289.974,405.697,0.218,302.056,405.177,0.232,314.772,405,0.255,327.128,405,0.272,336.825,406.203,0.29,348.296,406,0.308,361.941,406,0.325,373.651,406.565,0.347,386.118,407,0.366,398.207,407,0.383,418.522,408.052,0.398,428.527,408,0.415,439.15,408,0.435,449.117,409.457,0.455,458.563,409,0.469,465.966,409,0.483,473.489,409.784,0.499,480.484,410,0.519,486.309,410,0.54,490.554,410,0.55,493.882,410,0.566,495.833,410,0.602,497.532,410,0.652,492.946,412.027,0.683,490.745,413.128,0.705,488.18,414.41,0.719,486.063,415.468,0.735,482.148,418.235,0.752,478.802,421.93,0.771,470.274,426.434,0.789,465.174,432.739,0.802,457.128,440.872,0.818,445.727,449.819,0.843,431.235,459.765,0.861,421.468,468.626,0.871,410.167,477.083,0.889,398.592,486.735,0.905,384.467,499.723,0.919,369.614,512.48,0.935,353.824,528.176,0.959,338.131,539.049,0.977,324.806,550.295,0.99,311.132,561.439,1.003,301.5,570,1.023,288.196,580.772,1.043,278.496,591.076,1.055,269.615,599.462,1.069,261.698,606.259,1.085,254.87,615.507,1.11,253.467,620.333,1.126,250.82,623.573,1.139,247.936,627.596,1.153,245.716,630.927,1.169,244.223,634.33,1.187,242.196,638.609,1.204,240.967,642.099,1.225,238.678,644.322,1.24,236.475,647.788,1.264,232.871,651.129,1.278,229.468,654.021,1.29,226.111,656.889,1.303,222.045,660.955,1.336,219.261,664.608,1.353,213.598,673.67,1.369,211.497,676.754,1.389,206.56,682.8,1.404,202.085,686.915,1.426,199.5,691,1.447,198.602,692.398,1.46,197,694,1.487,202.184,691.908,1.525,206.584,692,1.54,208.881,692,1.558,212.311,691.422,1.571,217.408,690.318,1.589,225.468,690,1.607,233.501,689.071,1.622,243.588,687.935,1.643,253.711,688,1.66,265.318,687.724,1.674,279.427,686.548,1.688,290.5,685.5,1.711,307.017,685.374,1.728,325.048,685,1.739,342.45,684.103,1.755,361.782,684,1.775,380.406,685.142,1.796,111,2074,LEPP,
185,402,0,218.395,402,0.013,236.126,401.258,0.03,254.221,401,0.048,270.294,399.979,0.063,287.331,398.845,0.084,303.953,397.736,0.103,320.703,396.62,0.115,347.356,397,0.131,362.691,398.242,0.15,375.102,399,0.165,390.121,399,0.181,400.687,399,0.197,413.206,397.89,0.214,425.691,399.245,0.235,435.224,397.642,0.251,444.971,399.441,0.265,453.497,399,0.28,460.272,399,0.297,465.347,399,0.316,471.682,398.053,0.332,478.316,399.053,0.348,481.501,399,0.384,483.434,400.217,0.433,481.823,403.53,0.464,480.729,405.542,0.484,478.852,407.148,0.502,475.124,410.876,0.516,471.833,414.167,0.536,465.16,422.937,0.553,458.5,431.5,0.565,443.191,445.037,0.582,428.598,461.156,0.599,409.246,478.666,0.615,391.469,497.689,0.631,373.954,515.046,0.652,355.495,534.912,0.67,334.7,554.811,0.685,315.807,573.792,0.699,297.447,591.109,0.719,280.55,607.45,0.741,264.461,621.605,0.757,253.17,632.922,0.768,242.874,644.363,0.784,232.721,654.279,0.805,225.505,662.995,0.824,219.7,670.45,0.837,215.878,675.829,0.849,213.303,679.545,0.866,212,681.5,0.887,210.939,683.092,0.937,213.283,683,0.956,216,683,0.986,219.416,683.805,1,223.724,684,1.018,230.233,685.039,1.033,237.177,685,1.05,246.429,686.304,1.072,258.528,687.453,1.089,271.758,688.52,1.102,286.94,689.639,1.122,303.705,690.732,1.139,321.976,691.874,1.152,339.351,695.07,1.174,359.646,697.294,1.19,378.431,699.738,1.201,399.608,703.268,1.222,413,705,1.236,431.567,707.224,1.251,448.907,709.488,1.27,464.491,711.768,1.293,477.672,713.945,1.308,488.924,716.185,1.319,497.945,718.486,1.335,504.223,720.741,1.354,508,721.5,1.373,511.81,722.603,1.397,516.55,722.29,1.41,521.368,722,1.424,524.891,721.036,1.437,529.336,721,1.452,533.888,721,1.573,0,0,0,0,0,0,0,0,0,0,0,0,0,0,0,0,0,0,0,0,0,0,0,0,0,0,0,0,0,0,0,0,0,0,0,0,0,0,0,0,0,0,0,0,0,0,0,0,0,0,0,0,0,0,82,1573,LEPP,
172,401,0,196.947,403.912,0.018,208.598,405.06,0.034,219.975,405,0.054,233.482,405,0.066,245.835,405,0.084,261.501,405,0.103,283.871,406.298,0.116,305.35,406.228,0.132,321.783,406.913,0.152,337.308,405.978,0.166,354.532,407.169,0.182,372.885,407,0.204,389.26,408.417,0.22,404.945,408.534,0.234,420.25,409,0.249,437.343,409.756,0.268,451.314,410,0.282,465.18,410,0.299,478.705,411.142,0.321,489.64,411,0.335,498.001,409.625,0.353,504,411.5,0.369,507,411,0.421,503.061,413,0.435,499.716,415.189,0.452,497.526,416.237,0.467,493.889,418.741,0.488,489.031,422.477,0.501,474.765,435.47,0.517,458.337,449.952,0.533,438.055,465.749,0.553,419.739,483.261,0.569,396.38,502.311,0.584,377.283,521.717,0.601,356.908,540.753,0.622,335.523,561.031,0.64,319.145,578.76,0.652,302.267,595.405,0.67,286.531,609.94,0.685,272.761,622.308,0.701,261.467,632.48,0.722,250.186,643.814,0.745,245.904,650.37,0.761,241.41,655.59,0.773,236.877,660.654,0.785,232.37,665.63,0.803,227.097,671.684,0.823,223.337,676.551,0.844,221.979,681.021,0.855,219.71,683.29,0.868,218.731,686.808,0.887,217.59,688.82,0.909,216.495,694.021,0.925,215.392,697.823,0.938,215.749,700.499,0.956,216.5,702,0.989,219.126,702.042,1.012,222.078,702.431,1.032,230.07,704.339,1.044,242.26,705,1.056,253.6,705,1.07,270.259,705,1.09,284.936,704.172,1.105,305.031,703.051,1.12,324.852,700.782,1.145,343.008,702.177,1.161,367.434,701.361,1.174,388.588,700.457,1.194,409.594,700.436,1.207,428.718,700.689,1.22,447.487,701.843,1.237,461.51,703.918,1.257,477.633,705.042,1.274,488.522,707.304,1.287,498.802,708.311,1.303,508.897,708,1.436,0,0,0,0,0,0,0,0,0,0,0,0,0,0,0,0,0,0,0,0,0,0,0,0,0,0,0,0,0,0,0,0,0,0,0,0,0,0,0,0,0,0,0,0,0,0,0,0,0,0,0,0,0,0,0,0,0,0,0,0,0,0,0,0,0,0,0,0,0,77,1436,LEPP,
194,396,0,234.229,403.705,0.015,252.34,406.042,0.031,267.312,408.356,0.048,281.791,409.292,0.07,298.054,410.432,0.087,313.871,411,0.1,338.084,411.624,0.115,361.233,412.765,0.135,376.954,413,0.148,393.849,413.99,0.165,408.804,412.861,0.187,424.569,414.255,0.202,442.764,414,0.226,455.881,413.51,0.237,468.202,413,0.251,479.499,413,0.265,487.26,413,0.286,492.932,412.014,0.302,497.345,410.914,0.317,500.639,412.213,0.367,497.643,412,0.398,495.47,413.265,0.436,492.181,415.546,0.455,489.731,417.179,0.469,486.105,420.895,0.485,482.637,427.272,0.504,471.125,437.156,0.517,458.663,451.005,0.535,442.397,467.027,0.551,426.161,485.59,0.566,410.292,501.708,0.589,393.443,517.387,0.61,376.893,534.381,0.625,359.601,552.399,0.636,342,570,0.65,323.558,587.79,0.667,308.802,602.198,0.684,297.144,614.742,0.703,283.898,625.077,0.727,273.963,635.037,0.743,266.873,645.127,0.756,258.145,653.855,0.773,253.027,659.96,0.787,248.544,665.456,0.802,244.789,669.948,0.819,242.303,672.697,0.836,240.024,674.976,0.852,239,676,0.875,237.721,677.279,0.902,234.317,680.683,0.922,232.812,683.188,0.939,231.304,685.392,0.951,230.5,687,0.988,229.729,688.541,1.019,232.228,688,1.051,234.531,688,1.087,238.666,688,1.106,241.732,688,1.121,249.217,689.031,1.136,260.904,691.381,1.153,274.782,692.315,1.171,291.103,692,1.191,312.51,688.949,1.209,332.764,686.734,1.22,354.47,684.453,1.24,376.046,683.053,1.257,394.97,681.003,1.27,409.913,682.147,1.287,424.681,682,1.306,438.982,684.767,1.325,449.881,686.488,1.338,461.048,687.605,1.353,471.696,689.488,1.371,480.164,691.761,1.394,485.873,694.924,1.488,0,0,0,0,0,0,0,0,0,0,0,0,0,0,0,0,0,0,0,0,0,0,0,0,0,0,0,0,0,0,0,0,0,0,0,0,0,0,0,0,0,0,0,0,0,0,0,0,0,0,0,0,0,0,0,0,0,0,0,0,0,0,0,0,0,0,0,0,0,0,0,0,76,1488,LEPP,
180,383,0,217.401,387.958,0.019,236.673,389.792,0.031,254.425,390.902,0.048,272.019,392.068,0.067,291.084,394.363,0.082,310.436,395.32,0.1,330.538,395,0.119,374.997,395.45,0.135,396.009,394.368,0.148,417.579,394,0.169,436.64,392.17,0.184,452.975,392.998,0.199,465.83,394.166,0.216,480.674,396.565,0.236,488.242,398.81,0.253,492.727,401.091,0.266,496.878,403.252,0.282,499.491,404.745,0.301,501.647,406.647,0.316,503,408,0.352,500.927,409.146,0.368,498.224,409,0.399,495.197,411.536,0.419,492.944,415.056,0.434,488.702,420.947,0.451,481.255,429.709,0.467,469.037,441.963,0.486,455.488,459.14,0.501,437.194,475.506,0.519,419.84,496.115,0.538,397.569,516.59,0.553,376.358,539.324,0.567,354.692,561.308,0.583,333.281,585.517,0.603,307.233,610.691,0.623,287.224,629.94,0.634,268.25,650.029,0.651,251.311,662.351,0.67,240,675,0.692,232.186,680.522,0.716,225.945,684.528,0.734,220.978,688.011,0.805,223.248,688,0.824,226,688,0.853,231.501,689,0.872,237.893,689.982,0.885,247.325,691.166,0.908,261.556,691,0.929,273.56,693.702,0.949,288.147,695,0.962,305.143,696.193,0.983,323.589,697,0.994,342.517,698.708,1.011,363.654,700.964,1.02,386.052,702.103,1.035,407.514,703.238,1.052,430.11,705.711,1.069,451.156,705,1.086,467.03,706.602,1.102,483.56,709.112,1.119,497.725,713.242,1.136,511.483,714.957,1.252,0,0,0,0,0,0,0,0,0,0,0,0,0,0,0,0,0,0,0,0,0,0,0,0,0,0,0,0,0,0,0,0,0,0,0,0,0,0,0,0,0,0,0,0,0,0,0,0,0,0,0,0,0,0,0,0,0,0,0,0,0,0,0,0,0,0,0,0,0,0,0,0,0,0,0,0,0,0,0,0,0,0,0,0,0,0,0,0,0,0,0,0,0,0,0,0,0,0,0,0,0,0,0,0,0,0,0,0,0,0,0,63,1252,LEPP,
194,409,0,214.133,409,0.024,230.193,409,0.038,240.638,409,0.051,250.34,407.518,0.072,258.737,407.408,0.085,267.695,407,0.098,276.743,407,0.114,292.911,407.994,0.134,302.991,406.89,0.155,314.186,407,0.167,324.065,408.341,0.187,334.494,406.501,0.202,346.315,407.574,0.216,358.731,407.297,0.233,370.791,407,0.25,382.621,407,0.276,394.734,407,0.29,404.608,405.821,0.299,415.072,406,0.32,428.011,403.089,0.335,437.353,404.544,0.358,446.358,404.33,0.382,454.526,403.211,0.4,467.335,405.084,0.415,471.76,405,0.436,473.627,407.627,0.452,475.83,407,0.485,477.536,408.268,0.536,474.982,410.018,0.568,473.879,412.242,0.585,471.198,413.401,0.62,468.192,418.411,0.636,464.19,423.512,0.651,458.736,431.822,0.668,445.077,446.917,0.687,429.843,464.322,0.706,412.779,482.436,0.72,393.735,501.265,0.735,376.093,518.907,0.761,359.84,537.16,0.782,343.37,555.693,0.796,325.037,574.963,0.81,309.51,591.451,0.832,297.77,607.984,0.846,282.554,621.169,0.866,273.515,635.038,0.88,263.974,648.92,0.897,255.01,660.7,0.922,242.826,679.554,0.94,236.502,686.498,0.952,232.787,692.355,0.969,230.609,697.977,0.986,229.685,704.888,1.003,228.558,705.884,1.037,226.464,707.536,1.069,232.065,705.734,1.089,237.013,704.998,1.114,242.626,705,1.129,252.011,704.498,1.144,266.548,702.208,1.158,282.828,698.391,1.171,300.25,695.359,1.186,318.996,692.707,1.203,337.109,690.236,1.22,358.515,688.973,1.237,381.759,687.869,1.254,404.244,688,1.277,423.618,688,1.294,446.16,688,1.323,463.69,688.606,1.349,491.238,690.648,1.364,500.735,691,1.381,506.579,692.193,1.39,513.303,694.434,1.404,532.139,696.685,1.564,0,0,0,0,0,0,0,0,0,0,0,0,0,0,0,0,0,0,0,0,0,0,0,0,0,0,0,0,0,0,0,0,0,0,0,0,0,0,0,0,0,0,0,0,0,0,0,0,0,0,0,0,0,0,0,0,0,0,0,0,0,0,0,0,0,0,0,0,0,0,0,0,76,1564,LEPP,
190,403,0,226.748,400.897,0.015,243.739,399.751,0.032,263.685,398.607,0.053,279.989,399,0.066,296,399,0.081,314.348,400,0.1,341.742,400.812,0.114,362.469,400.033,0.133,376.192,400,0.151,393.225,400,0.166,404.768,401.343,0.183,414.372,402.486,0.203,426.586,402.146,0.215,434.853,404.387,0.232,442.781,406.652,0.253,449.573,407.929,0.265,456.392,409.065,0.289,462.008,410.202,0.304,468.701,411.284,0.317,476.986,411,0.333,481.5,412.5,0.35,484.327,412,0.369,486,412,0.4,486.005,414.01,0.484,483.785,416.215,0.518,479.268,419.732,0.534,476.987,421.007,0.549,472.47,425.53,0.566,465.434,430.044,0.589,462.793,437.415,0.603,450.803,448.197,0.618,432.647,468.546,0.633,413.078,487.457,0.652,395.871,506.728,0.669,378.342,526.615,0.691,363.867,543.307,0.701,346.97,561.232,0.719,333.586,578.517,0.736,314.256,598.228,0.752,304,609.5,0.771,289.864,626.028,0.796,278.643,639.626,0.816,268.584,651.352,0.826,258.576,659.485,0.836,250.6,668.599,0.851,243.916,677.779,0.873,237.714,682.829,0.89,232.792,686.656,0.902,228.964,690.036,0.918,225.604,693.396,0.939,223.136,695.864,0.959,220.956,698.044,0.97,218.66,701.509,1.005,216.575,704.637,1.054,220.536,701.642,1.086,232.053,698.987,1.105,242.516,700.168,1.123,255.866,700,1.137,273.893,700,1.158,291.455,699.503,1.173,311.838,697.754,1.186,332.255,697,1.203,356.235,697,1.223,379.838,696.008,1.242,400.632,698.172,1.254,417.89,698,1.27,437.252,703.471,1.291,449,705,1.31,459.621,706.578,1.322,470.147,707.715,1.336,481.415,709.683,1.356,487.817,710.964,1.373,494.323,712.054,1.388,501.382,709.539,1.491,0,0,0,0,0,0,0,0,0,0,0,0,0,0,0,0,0,0,0,0,0,0,0,0,0,0,0,0,0,0,0,0,0,0,0,0,0,0,0,0,0,0,0,0,0,0,0,0,0,0,0,0,0,0,0,0,0,0,0,0,0,0,0,0,0,0,0,0,0,0,0,0,0,0,0,75,1491,LEPP,
189,394,0,220.09,394,0.019,233.559,394,0.031,245.494,395.318,0.052,261.5,396.5,0.068,274.016,397.585,0.081,288.711,398.694,0.098,316.181,402.312,0.118,335.209,401.105,0.134,351.854,402.057,0.148,371.449,400.797,0.169,392.142,402.341,0.184,407.528,402,0.2,423.514,401.865,0.219,438.502,402.308,0.234,452.357,402.22,0.25,464.888,402,0.265,477.673,402,0.287,486.318,402,0.302,492.644,403.274,0.319,496.206,403.402,0.334,499.07,404.535,0.349,501,405.5,0.401,500,407,0.434,497.733,408.133,0.469,494.29,410.474,0.488,491.813,413.781,0.5,488.825,417.9,0.52,484.524,425.083,0.534,478.194,433.741,0.549,466.796,446.324,0.57,455.404,463.894,0.583,438.124,479.876,0.601,422,500.5,0.622,403.513,516.08,0.637,385.992,533.32,0.651,367.799,552.852,0.67,348.549,572.451,0.689,332.177,589.878,0.71,310.502,608.676,0.721,294.618,625.695,0.736,276.992,638.606,0.752,267.5,649.5,0.768,256.54,657.777,0.784,249.961,664.847,0.804,244.345,671.586,0.825,239.895,677.132,0.837,232.914,684.086,0.851,230.087,686.913,0.868,226.663,688.891,0.891,224.392,691.072,0.904,221.5,693,1.039,226.165,691,1.059,228.452,691,1.071,232.5,690.125,1.086,236.026,688.991,1.102,242.803,689,1.122,251.692,687.788,1.138,262.01,688,1.154,274,688,1.17,289.306,688,1.19,305.476,688,1.206,322.449,688,1.22,340.706,688.982,1.237,359.783,689,1.259,381.177,690.22,1.277,399.805,691.32,1.289,417.11,692.474,1.303,434,695,1.324,448.89,697.63,1.344,460.901,701.37,1.357,472.399,703.88,1.371,483.617,706.123,1.387,491.397,708.399,1.404,497.913,708,1.426,507.666,709.458,1.439,514.5,710.5,1.453,519.006,709.665,1.589,0,0,0,0,0,0,0,0,0,0,0,0,0,0,0,0,0,0,0,0,0,0,0,0,0,0,0,0,0,0,0,0,0,0,0,0,0,0,0,0,0,0,0,0,0,0,0,0,0,0,0,0,0,0,0,0,0,0,0,0,0,0,0,0,0,0,78,1589,LEPP,
185,404,0,214.056,404,0.017,228.744,404,0.032,241.925,404,0.051,254.376,402.784,0.069,267.436,403,0.083,278.395,403,0.104,297.56,403.571,0.119,313.549,404,0.133,325.631,404,0.152,336.692,404,0.167,348.152,404,0.184,363.252,404,0.205,376.794,402.684,0.218,389.76,401.603,0.238,400.784,399.937,0.255,413.087,399,0.271,425.416,399,0.284,434.297,399,0.304,447.473,401.079,0.32,454.785,401,0.334,462.932,403.552,0.352,469.328,404.388,0.372,476,407,0.389,478.79,406.597,0.401,481.464,407,0.417,483.747,407.874,0.435,485,408.5,0.457,486.114,408,0.472,488.406,408,0.537,488,410.267,0.57,485.46,411.27,0.587,483.957,413.043,0.622,481.705,415.295,0.64,477.752,419.248,0.655,472.224,424.237,0.669,466.37,432.26,0.685,461.034,440.553,0.704,454.419,449.441,0.73,447.879,459.182,0.745,438.164,469.115,0.757,431.342,478.21,0.77,422.976,491.751,0.788,406.322,509.775,0.81,391.051,527.867,0.831,373.994,546.756,0.841,356.595,566.192,0.854,340.795,584.235,0.87,323.86,598.854,0.886,306.763,616.237,0.904,294.186,628.814,0.926,281.924,639.076,0.947,275.581,646.024,0.962,271.055,650.945,0.974,268.269,653.731,0.988,266.028,655.972,1.003,263.753,658.247,1.02,261.498,660.502,1.038,259.265,661.368,1.056,256.034,664.483,1.071,253.196,666.804,1.091,249.173,671.534,1.117,239.802,680.378,1.13,227.499,692.501,1.142,216.219,704.859,1.154,204.964,713.629,1.17,197.678,718.658,1.189,195.643,719.904,1.205,194,722,1.242,199.279,719.24,1.268,203.582,718.104,1.281,208.193,715.917,1.294,216.718,712.313,1.304,227.902,707.839,1.328,248.446,704.604,1.343,259.895,701.421,1.357,275.921,698.726,1.371,290.206,695.698,1.39,308.463,694.09,1.406,325.568,694,1.421,343.487,694,1.445,365.117,695.269,1.465,385.317,696.732,1.478,406.969,697.502,1.488,428.589,697.629,1.506,448.878,698,1.529,467.543,697.145,1.547,486.385,698.928,1.561,500.366,699,1.572,515.409,702.787,1.589,521.622,703.375,1.716,0,0,0,0,0,0,0,0,0,0,0,0,0,0,0,0,0,0,0,0,0,0,0,0,0,0,0,91,1716,LEPP,
186,397,0,225.926,396,0.018,248.301,396,0.034,268.642,394.853,0.049,290.331,395,0.07,310.881,395,0.086,330.208,396,0.099,360.019,396,0.119,386.058,396.74,0.135,401.868,395.328,0.151,419.87,395,0.168,432.485,395,0.182,444.782,395,0.204,457.496,396.409,0.219,464.545,397.506,0.233,474.801,399.237,0.253,482.587,400,0.268,486.527,400.842,0.283,489.94,401.98,0.303,491.5,402.5,0.319,491.112,404.224,0.368,491,406.357,0.401,487.203,408.531,0.435,482.879,414.182,0.449,478.195,421.207,0.467,470.965,429.375,0.488,461.502,439.935,0.501,448.5,454,0.52,428.5,467.5,0.535,409.901,489.715,0.55,391.807,507.193,0.566,373.948,525.052,0.583,359.518,541.864,0.604,340.448,558.017,0.618,328.063,576.582,0.635,306,592.5,0.651,298.5,606,0.666,281.684,623.316,0.687,269.775,635.225,0.706,257.996,645.003,0.718,252.224,654.241,0.734,245.329,660.671,0.757,240.027,667.368,0.775,237.031,674.461,0.787,231.231,680.769,0.801,226.735,685.265,0.817,225.115,688.655,0.84,224.025,690.949,0.855,223.5,692,0.869,225.132,693.264,0.905,227.492,695.492,0.922,231.741,695.581,0.936,237.221,697.407,0.956,245.158,698,0.973,255.435,698,0.986,270.236,698,1.003,284.797,695.57,1.02,299.491,693.309,1.037,318.481,692.532,1.053,336.5,691.5,1.071,358.089,688.591,1.091,378.514,688,1.112,399.356,687.087,1.13,415.797,688.089,1.147,435.419,690.372,1.159,449.99,692.921,1.172,464.675,696.31,1.189,475.956,698.203,1.203,485.424,702.034,1.224,491.951,704.581,1.334,0,0,0,0,0,0,0,0,0,0,0,0,0,0,0,0,0,0,0,0,0,0,0,0,0,0,0,0,0,0,0,0,0,0,0,0,0,0,0,0,0,0,0,0,0,0,0,0,0,0,0,0,0,0,0,0,0,0,0,0,0,0,0,0,0,0,0,0,0,0,0,0,0,0,0,0,0,0,0,0,0,0,0,0,0,0,0,0,0,0,70,1334,LEPP,
187,394,0,207.032,394,0.019,226.366,395.139,0.036,241.633,395,0.056,258.013,395,0.068,272.5,395,0.097,290.095,393,0.104,308.852,393,0.12,339.987,393.871,0.135,365.827,394,0.153,387.392,394,0.169,405.979,394,0.187,425.626,392.687,0.204,443.922,394.495,0.22,457.6,393.6,0.237,469.223,395.445,0.255,478.773,396.847,0.268,483.855,398.927,0.286,486,400,0.303,486.2,401.2,0.335,488.452,403.452,0.367,486.732,405.536,0.418,484.642,407.358,0.436,481.733,409.178,0.452,479.396,411.604,0.471,475.732,416.691,0.49,468,422.5,0.504,458.061,438.409,0.52,444.39,455.125,0.539,428.053,476.263,0.554,405.95,500.052,0.57,386.343,525.439,0.593,366.006,548.827,0.61,346.34,569.03,0.625,327.806,587.743,0.639,310.034,606.417,0.653,292.869,623.614,0.673,277.693,640.046,0.694,265.283,653.691,0.705,253.804,665.196,0.72,246.319,675.161,0.742,241.099,681.281,0.763,234.694,686.384,0.777,230.22,689.78,0.794,226.148,693.139,0.805,223,695.5,0.856,227.096,691.904,0.879,230.93,691,0.893,235.631,690.123,0.906,242.565,689,0.922,251.204,688.311,0.943,262.894,688,0.96,276.856,687.088,0.972,291.767,687,0.992,307.496,685.822,1.01,326.587,686,1.023,343.502,684.567,1.04,364.619,686.559,1.061,383.875,688.279,1.078,402.215,690.527,1.089,419.571,694.619,1.106,435.466,699.133,1.125,451.148,703.614,1.146,461.007,706.753,1.158,470.009,710.128,1.172,480.5,715,1.191,484.551,713.638,1.211,488,714.5,1.303,0,0,0,0,0,0,0,0,0,0,0,0,0,0,0,0,0,0,0,0,0,0,0,0,0,0,0,0,0,0,0,0,0,0,0,0,0,0,0,0,0,0,0,0,0,0,0,0,0,0,0,0,0,0,0,0,0,0,0,0,0,0,0,0,0,0,0,0,0,0,0,0,0,0,0,0,0,0,0,0,0,0,0,0,0,0,0,0,0,0,0,0,0,0,0,0,68,1303,LEPP,
184,403,0,204.452,404.023,0.013,228.866,405.463,0.031,245,406.5,0.048,264.585,406,0.062,284.776,406,0.077,305.887,406,0.097,326.365,406,0.113,371.919,406,0.13,390.307,406,0.144,411.281,403.234,0.165,431,402.5,0.18,449.892,404.407,0.194,466.362,404.74,0.214,480.252,406.709,0.228,490.966,407.996,0.248,496.585,408,0.263,502.165,410.466,0.278,505.148,410,0.363,500.151,412,0.382,499,412,0.398,496.669,414.221,0.412,495.649,416.702,0.43,493.077,417.462,0.45,491,423,0.465,483,430,0.479,466.304,445.888,0.499,453.595,460.297,0.514,436.543,473.343,0.529,421.455,492.132,0.546,402.946,504.791,0.567,388.178,522.237,0.583,371.5,537,0.597,354.678,553.322,0.613,337.484,568.98,0.631,316.133,585.4,0.649,300.943,603.07,0.667,280.707,621.038,0.684,265.644,636.356,0.698,250.577,651.423,0.714,241,662.5,0.735,229.332,673.456,0.753,220.631,682.826,0.765,212.887,690.24,0.78,207.974,695.026,0.801,205.774,698.34,0.822,203.572,700.428,0.833,201.339,702.661,0.865,202,704.548,0.884,206.5,702.5,0.915,208.935,701,0.933,211.233,699.884,0.948,215.928,700,0.964,223.084,698.653,0.984,235.717,696.057,1.005,250.957,697.432,1.024,267.869,697,1.036,286.1,695.362,1.048,306.345,695,1.066,327.323,692.861,1.088,350.535,691.832,1.102,377.775,692,1.116,404.066,690.562,1.133,425.5,691,1.153,449.598,691.644,1.17,469.818,692.768,1.183,488.837,695.782,1.199,501.569,698.103,1.217,512.739,703.869,1.237,518.725,706.862,1.343,0,0,0,0,0,0,0,0,0,0,0,0,0,0,0,0,0,0,0,0,0,0,0,0,0,0,0,0,0,0,0,0,0,0,0,0,0,0,0,0,0,0,0,0,0,0,0,0,0,0,0,0,0,0,0,0,0,0,0,0,0,0,0,0,0,0,0,0,0,0,0,0,0,0,0,0,0,0,0,0,0,0,0,0,0,0,0,0,0,0,70,1343,LEPP,
186,404,0,201.044,401.994,0.015,213.391,400.761,0.033,221.915,401,0.053,230.674,401,0.066,239,399.5,0.085,246.857,399,0.103,256.727,399,0.117,274.055,399,0.132,282.639,399,0.155,294.048,399,0.166,306.233,399,0.183,314.694,399,0.203,324.868,399.572,0.22,334.475,400,0.235,342.411,400,0.249,355.847,400.911,0.269,365.409,401,0.285,374.315,401,0.304,382.011,402.287,0.322,394.151,400.585,0.334,400.5,401,0.352,409,402.5,0.368,418.589,401.536,0.383,427.139,401,0.402,434.836,401.977,0.417,444.119,403.14,0.433,454.508,400.443,0.452,460.353,402.392,0.471,468.622,403.517,0.485,476.119,404,0.5,484.062,404,0.517,491.133,404.855,0.537,496.075,405,0.553,500.438,406.109,0.567,503.762,407.254,0.584,505.742,407,0.636,502.655,409,0.65,500.376,409.812,0.668,498.078,410.961,0.685,495.869,412.066,0.707,492.321,413.227,0.721,490.406,415.594,0.736,488.058,419.413,0.752,481.5,428.5,0.773,467.627,441.033,0.789,456.923,453.436,0.802,441.813,468.245,0.823,429.211,479.718,0.839,418.24,494.288,0.855,402.244,504.683,0.871,390.087,519.36,0.89,377,533.5,0.903,364.831,545.472,0.919,350.969,559.259,0.94,337.249,571.855,0.955,321.995,584.004,0.969,308.209,597.791,0.989,295.831,610.169,1.009,282.704,620.296,1.02,272.515,630.485,1.036,265,638,1.053,254.173,647.31,1.073,247.722,654.989,1.098,241.169,661.831,1.118,234.264,669.644,1.13,226.355,677.291,1.143,222.559,683.801,1.155,218.076,689.405,1.171,213.571,694.036,1.187,209.863,698.849,1.207,208.157,703.37,1.23,207.05,705.9,1.242,206.5,707,1.289,209.232,706,1.321,212.801,706,1.355,216.685,705,1.372,221.169,703.958,1.388,229.37,704,1.405,243.759,704,1.421,252.923,704,1.443,268.5,704,1.462,285.084,701.053,1.473,302.473,700,1.488,321.439,697.275,1.505,340.775,697,1.525,361.392,697,1.539,380.204,695.753,1.557,399.984,697.411,1.574,414.934,697.529,1.59,430.829,698.631,1.605,445.571,699.736,1.622,458.603,702.619,1.643,471.369,704.034,1.663,484.168,706.195,1.674,491.709,707.244,1.689,499.627,708.375,1.711,506.733,709.067,1.732,511.175,710,1.746,513.445,710.723,1.758,101,1881,LEPP,
185,397,0,203.829,399.092,0.02,225.282,401,0.036,239.986,401.691,0.05,256.783,402,0.065,272.543,402,0.085,288.414,402,0.1,303.816,403.201,0.121,338.325,404.333,0.133,347.785,405.445,0.153,366,405,0.169,382.246,406,0.181,397.477,405.194,0.201,409.863,406.793,0.216,422.443,405.96,0.232,433.619,406,0.254,441.131,406,0.27,448.98,407.426,0.285,453.5,405.5,0.3,457.594,407,0.316,462.087,407,0.336,465.687,407.896,0.351,469.013,408,0.366,472.512,409.17,0.383,474.562,409,0.403,478.244,409,0.421,481.553,409,0.435,484.5,409,0.45,488.941,409,0.466,493.542,409,0.486,496.983,409,0.502,500.303,410.101,0.517,503.792,410,0.552,506.685,411.228,0.602,503.313,413.843,0.62,501.057,415.943,0.638,497.636,417.121,0.653,494.409,420.591,0.671,489.784,426.52,0.687,480.586,436.901,0.708,459.47,455.721,0.723,438.111,475.859,0.735,414.409,498.591,0.751,390.294,521.765,0.77,365.472,545.458,0.791,342.514,568.486,0.808,317.515,591.352,0.82,296.222,616.006,0.836,274.941,636.192,0.852,258.595,652.733,0.873,245.391,667.174,0.887,233.85,678.235,0.904,226.79,687.28,0.927,220.231,693.769,0.945,217.23,698.77,0.956,213.833,702.167,0.988,213.729,703.541,1.019,215.268,700.463,1.035,218.028,698.981,1.052,220.301,697.85,1.069,226.354,696.729,1.09,237.632,694.193,1.107,251.602,693.057,1.121,268.08,691.395,1.136,285.752,689.531,1.157,305.393,687.29,1.174,325.11,687,1.188,347.447,685.871,1.204,371.064,687.241,1.222,396.015,689.729,1.241,417.52,691.952,1.263,436.271,695.141,1.285,454.301,699.434,1.296,469.702,703.47,1.307,482.463,706.854,1.321,490.601,709.172,1.337,494.823,711.411,1.354,497.97,714.97,1.471,0,0,0,0,0,0,0,0,0,0,0,0,0,0,0,0,0,0,0,0,0,0,0,0,0,0,0,0,0,0,0,0,0,0,0,0,0,0,0,0,0,0,0,0,0,0,0,0,0,0,0,0,0,0,0,0,0,0,0,0,0,0,0,0,0,0,78,1471,LEPP,
178,391,0,194.598,391,0.019,211.488,391,0.033,221,392.5,0.049,235.548,393.686,0.067,248.285,394.774,0.084,262.756,395,0.101,275.473,395,0.115,307.115,397.379,0.136,317.84,397,0.149,336.137,397,0.166,349.5,397,0.185,368.522,397,0.199,386.612,397.756,0.219,401.923,398.91,0.235,418.125,400.008,0.251,431.418,401.118,0.265,446.436,403.529,0.287,458.522,401.589,0.302,469.177,404.518,0.316,478.862,404.392,0.336,486.295,404,0.35,491.518,404.88,0.367,494.945,405,0.386,497.192,406.096,0.4,499.443,406,0.465,499.18,408.82,0.483,498.642,409.358,0.519,494.794,412.206,0.536,491.388,415.612,0.555,486.684,424.302,0.571,477.834,433.619,0.587,462.458,450.282,0.602,445.541,467.111,0.62,427.554,486.78,0.634,404.761,509.323,0.651,382.607,528.173,0.668,364.925,549.651,0.688,348.067,567.262,0.705,331.023,585.566,0.72,313.249,604.965,0.74,297.254,623.396,0.755,282.004,641.303,0.769,269.847,654.153,0.785,260.686,664.353,0.803,252.905,673.252,0.819,248.915,678.356,0.837,247.181,681.228,0.852,245,684.5,0.872,243,684.5,0.952,246.08,684,1.002,248.358,684,1.055,251.94,684,1.078,255.184,684,1.096,260.969,685,1.111,267.238,685.32,1.125,276.992,686.454,1.138,288.5,687.5,1.153,300.745,689.704,1.172,316.303,690.82,1.193,330.965,692.841,1.205,347.981,693,1.225,364.73,694.182,1.238,382.728,692.705,1.255,399.416,695.856,1.273,414.327,695.127,1.296,428.542,696,1.316,440.713,695.229,1.326,451.196,696.821,1.338,460.248,699.062,1.353,466.965,699,1.371,472.448,702.869,1.388,473.815,703.407,1.529,0,0,0,0,0,0,0,0,0,0,0,0,0,0,0,0,0,0,0,0,0,0,0,0,0,0,0,0,0,0,0,0,0,0,0,0,0,0,0,0,0,0,0,0,0,0,0,0,0,0,0,0,0,0,0,0,0,0,0,0,0,0,0,0,0,0,0,0,0,0,0,0,0,0,0,0,0,0,0,0,0,73,1529,LEPP,
182,396,0,220.076,402.013,0.017,238.164,404.27,0.032,255.016,405.268,0.055,273.393,406.4,0.07,289.236,407.482,0.086,307.909,408,0.099,340.249,409.443,0.118,367.11,410,0.132,389.319,410,0.15,408.634,410,0.173,425.11,410,0.185,444.568,411.328,0.201,458.478,412.498,0.221,473.3,412.593,0.236,486.519,413,0.253,496.96,413,0.266,505.563,413,0.287,512.545,413,0.302,515.535,414.178,0.352,515,416.354,0.385,512.464,417.268,0.419,507.991,420.004,0.436,505.658,422.342,0.455,497.137,427.065,0.472,491.842,433.158,0.485,482,444.5,0.501,463.935,462.065,0.518,445.254,478.455,0.534,428.627,496.14,0.554,409.641,513.317,0.571,392.142,529.742,0.585,374.246,546.519,0.602,356.938,564.062,0.624,337.5,582,0.642,321.222,595.383,0.657,305.332,611.113,0.67,288.835,624.655,0.686,274.971,639.032,0.707,260.976,649.518,0.725,250.886,659.114,0.736,239.656,670.344,0.758,232.596,678.915,0.781,225.119,684.152,0.797,220.914,687.086,0.808,218.5,689.5,0.854,222.092,688,0.885,225.66,688,0.908,233.827,686.453,0.923,243.041,685.329,0.937,255.041,684.178,0.953,269.14,682.132,0.97,284.75,680.946,0.988,301.868,678.618,1.008,318.025,677.732,1.02,337.75,676.603,1.038,352,675.5,1.054,376.328,677,1.07,394.689,677.793,1.087,411.574,681.62,1.104,428.554,682,1.121,444.243,686.641,1.137,456.137,688.57,1.154,468.208,692.148,1.172,477.5,694,1.192,483.093,696.237,1.204,488.006,698.503,1.224,491.664,699.888,1.238,501.115,700,1.337,0,0,0,0,0,0,0,0,0,0,0,0,0,0,0,0,0,0,0,0,0,0,0,0,0,0,0,0,0,0,0,0,0,0,0,0,0,0,0,0,0,0,0,0,0,0,0,0,0,0,0,0,0,0,0,0,0,0,0,0,0,0,0,0,0,0,0,0,0,0,0,0,0,0,0,0,0,0,0,0,0,0,0,0,0,0,0,0,0,0,0,0,0,69,1337,LEPP,
190,391,0,206.295,396.092,0.016,222.71,400.178,0.035,236,402,0.05,249.559,403.63,0.064,264.08,404.775,0.084,278.221,405.863,0.098,294.181,407.013,0.114,326.779,409.261,0.135,340.704,409,0.148,360.52,409,0.167,379.5,409,0.186,394.822,409,0.199,410.369,409,0.215,427.088,409,0.234,440.648,409,0.251,452.108,409,0.267,460.892,407.764,0.282,470.079,408,0.302,476,408,0.32,481.309,407,0.332,484.409,407,0.352,486,407,0.468,485,409.133,0.518,482.981,410.009,0.668,459.703,435.323,0.685,438.355,459.192,0.704,416.517,480.483,0.717,398.5,500,0.737,381.5,518,0.752,359.546,539.186,0.767,338.534,559.599,0.784,304.446,598.484,0.804,282.115,619.733,0.822,269.224,636.416,0.835,251.339,650.906,0.852,245.022,662.47,0.872,239.564,667.653,0.894,235.857,673.572,0.918,230.053,679.842,0.935,228.896,682.209,0.968,230.168,684.336,1.004,230,687.799,1.07,231.133,689.267,1.088,234.245,689,1.103,236.653,689,1.124,241.1,689.42,1.141,247.787,690,1.153,256.961,690,1.169,267.855,690.786,1.189,280.139,691,1.209,293.075,689.994,1.22,309.775,690,1.237,326.432,690,1.259,343.785,689.601,1.277,363.025,689.501,1.289,383.42,690.634,1.303,403.045,691,1.322,422.194,691.894,1.345,441.791,692,1.364,459.583,693,1.376,476.067,693.472,1.387,491.081,695.782,1.404,502.5,698,1.422,511.873,701.437,1.438,520.073,704.449,1.538,0,0,0,0,0,0,0,0,0,0,0,0,0,0,0,0,0,0,0,0,0,0,0,0,0,0,0,0,0,0,0,0,0,0,0,0,0,0,0,0,0,0,0,0,0,0,0,0,0,0,0,0,0,0,0,0,0,0,0,0,0,0,0,0,0,0,0,0,0,0,0,0,0,0,0,0,0,0,0,0,0,0,0,0,0,0,0,0,0,0,0,0,0,0,0,0,0,0,0,0,0,0,66,1538,LEPP,
197,403,0,215.274,405.03,0.015,234.474,406.391,0.03,247,406,0.05,260.693,407,0.066,273.629,407,0.079,287.501,407,0.099,302.303,407,0.114,331.071,408.118,0.13,344.704,408,0.147,357.755,409.396,0.169,373.74,410,0.183,388.467,410,0.197,402.043,410,0.217,413.171,410,0.232,425.864,410,0.247,437.28,408.872,0.267,447.263,409,0.285,455.771,409,0.301,463.316,409,0.315,469.548,408.591,0.331,474.868,409,0.35,480.976,409,0.367,485.774,409,0.381,489.178,410.059,0.398,492.65,410,0.414,496.009,410,0.45,497.531,411.265,0.514,492.937,414.032,0.534,490.639,416.361,0.548,488.38,418.62,0.566,486.128,422.309,0.584,482.5,428.5,0.602,471.912,441.733,0.615,459.296,457.869,0.635,443.958,474.974,0.652,428.94,493.073,0.671,412.093,511.034,0.682,395.244,529.006,0.703,376.474,544.71,0.721,360.617,560.398,0.732,344.274,575.726,0.753,327.335,589.749,0.771,311.906,602.387,0.783,298.605,616.431,0.803,282.738,627.616,0.821,270.481,640.519,0.833,257.583,650.614,0.849,247.18,660.338,0.871,236.67,668.146,0.889,228.159,675.149,0.901,221.786,682.057,0.915,216.15,686.88,0.935,211.594,690.305,0.96,208.809,693.383,0.977,207.69,695.621,0.988,206.555,697.889,1.035,209.36,697,1.069,211.53,697,1.091,214.236,695.921,1.108,218.424,696,1.12,224.084,696,1.134,232.522,693.435,1.151,242.738,693,1.174,254.574,691.441,1.193,267.69,689.218,1.204,282.497,686.924,1.216,294.867,685.83,1.233,312.49,682.102,1.253,327.862,681.581,1.27,341.917,677.936,1.285,358.922,676.358,1.301,374.053,674.491,1.318,391.877,674,1.338,406.25,672.979,1.357,422.511,673,1.369,436.112,673,1.388,453.882,673,1.403,464.448,674.495,1.419,478.306,674.609,1.438,489.582,675.731,1.454,500.411,676.841,1.469,510.928,678.984,1.49,516.349,680.07,1.503,522.225,680,1.635,0,0,0,0,0,0,0,0,0,0,0,0,0,0,0,0,0,0,0,0,0,0,0,0,0,0,0,0,0,0,0,0,0,0,0,0,0,0,0,0,0,0,0,0,0,85,1635,LEPP,
191,399,0,221.893,401.992,0.016,235.302,403.108,0.031,247.686,403,0.052,261.946,404.412,0.068,276.374,404,0.082,291,404,0.101,322.558,404,0.116,347.429,404.812,0.132,369.4,404.032,0.151,390.929,404,0.165,408.628,405.227,0.182,425.421,405,0.204,443.939,406.496,0.218,456.41,407.57,0.232,469.677,409.396,0.252,480.178,410,0.265,489.468,410.934,0.282,495.321,412.064,0.299,498.647,412,0.319,500.693,413.347,0.384,496.473,415.764,0.403,495,416.5,0.418,492.965,418.023,0.442,490.714,420.286,0.458,486.546,425.163,0.471,480.943,429.646,0.485,469.5,441.5,0.501,457.405,454.574,0.517,441.227,470.177,0.533,423.656,490.93,0.554,400.96,511.936,0.57,381.846,531.154,0.584,362.461,553.073,0.606,341.669,570.517,0.622,322.572,588.443,0.635,304.887,606.61,0.653,288.003,621.998,0.671,273.525,637.22,0.689,259.598,650.448,0.701,246.787,660.993,0.718,236.783,673.709,0.736,226.652,679.232,0.756,219.871,688.129,0.77,212.797,695.203,0.787,207.152,702.272,0.802,200.082,707.382,0.819,195.145,712.819,0.835,191.727,715.182,0.87,189.725,717.275,0.906,193.149,715.426,0.927,196.026,714.325,0.943,202.548,711.622,0.955,209.601,708.199,0.968,219.728,703.676,0.986,234.578,698.008,1.003,250.322,696.383,1.021,267.452,691.279,1.037,285.356,688.329,1.056,302.576,685.678,1.077,320.346,684.228,1.097,338.156,683.115,1.11,357.505,681.97,1.12,376.504,682,1.136,395.963,682,1.155,410.65,683.404,1.17,423,686,1.19,439.929,686.26,1.21,453.617,687.74,1.221,466.586,688,1.236,480.078,690.013,1.254,490.225,690,1.277,497.478,690,1.299,504.716,691.343,1.322,513.173,693.586,1.338,515.424,694.712,1.354,517.714,696.714,1.476,0,0,0,0,0,0,0,0,0,0,0,0,0,0,0,0,0,0,0,0,0,0,0,0,0,0,0,0,0,0,0,0,0,0,0,0,0,0,0,0,0,0,0,0,0,0,0,0,0,0,0,0,0,0,0,0,0,0,0,0,0,0,0,0,0,0,0,0,0,77,1476,LEPP,
190,396,0,209.468,393.951,0.019,231.087,392.62,0.033,245.383,392.508,0.049,261.618,392,0.067,277.771,392,0.08,294.832,392.855,0.097,312.775,393.986,0.117,345.863,397.286,0.13,367.83,398.241,0.15,383.724,399.382,0.168,407.846,401.985,0.185,420.75,403.417,0.198,434.5,402.5,0.214,448.625,407,0.234,459.721,408.944,0.248,467.586,409,0.266,475.657,410.237,0.287,480.516,410,0.299,484.862,410,0.315,486,411.5,0.348,487.521,412.261,0.383,489.015,413.008,0.417,491.314,411.843,0.45,493.509,412,0.517,491.998,414.003,0.55,489.733,416.267,0.57,487.21,418.79,0.583,485,424,0.603,477.491,430.673,0.618,466.674,443.256,0.633,452.569,459.31,0.652,432.109,478.897,0.669,409.888,502.218,0.69,384.781,527.219,0.707,361.134,549.179,0.72,339.618,569.382,0.735,317.505,588.52,0.75,296.659,606.615,0.769,277.531,622.915,0.792,260.657,639.343,0.803,247.917,652.083,0.816,234.34,663.216,0.833,226.139,675.934,0.856,215.001,683.555,0.875,206.1,691.9,0.886,197.419,701.279,0.9,191.702,708.122,0.918,189.089,711.867,0.938,189,714.097,0.987,191.274,712.863,1.018,198.71,711.645,1.034,205.666,710.191,1.051,213.53,708.134,1.068,223.439,705.903,1.087,239.609,703.627,1.109,249.965,702.703,1.126,264.325,700.605,1.138,280.333,698.945,1.151,296.303,697.356,1.173,315.597,694.734,1.192,334.764,693.132,1.203,356.246,690.974,1.219,378.911,691,1.24,400.058,692.266,1.26,416.687,692.711,1.272,434.317,694.488,1.286,449.44,696.86,1.302,462.137,699.479,1.324,476.039,702.547,1.338,485.789,704.947,1.353,492.607,706.101,1.369,498.203,708.481,1.388,505.224,708,1.405,505.956,709.478,1.524,0,0,0,0,0,0,0,0,0,0,0,0,0,0,0,0,0,0,0,0,0,0,0,0,0,0,0,0,0,0,0,0,0,0,0,0,0,0,0,0,0,0,0,0,0,0,0,0,0,0,0,0,0,0,0,0,0,0,0,0,0,0,0,0,0,0,0,0,0,0,0,0,0,0,0,75,1524,LEPP,
199,403,0,221.701,406.096,0.017,246.611,408.507,0.033,263.5,409.5,0.048,284.687,408.254,0.063,303.96,408,0.083,323.143,406.992,0.097,343.206,407,0.113,385.618,407,0.132,401.272,407,0.15,416.341,407,0.164,432.462,407,0.184,445,407,0.196,461.508,407,0.217,472.782,407.978,0.233,480.627,408,0.248,486.213,409.243,0.268,487.737,410.368,0.297,489.531,411.266,0.365,486.977,413.023,0.433,484.732,415.268,0.466,480.464,419.304,0.483,473.639,427.27,0.501,461.659,440.372,0.516,444.76,459.538,0.532,418.147,483.23,0.555,393.358,509.938,0.571,372.644,534.435,0.586,353.244,556.388,0.599,334.632,577.687,0.619,313.434,597.717,0.637,299.099,614.879,0.65,281.379,629.097,0.67,271.101,642.479,0.687,263.045,649.585,0.7,254,657.5,0.717,250.493,661.507,0.746,246.039,666.701,0.759,242.563,672.062,0.771,239.032,677.947,0.789,233.412,683.588,0.804,231.575,686.637,0.817,229.274,688.726,0.853,227.469,691.797,0.883,224.196,696.072,0.917,223.733,698.802,0.966,224,700.237,1.019,228.543,699,1.039,233.591,698.082,1.061,243.48,699.96,1.074,257.209,698.816,1.092,273.205,697.7,1.108,288.987,696.601,1.121,307.661,694.927,1.135,327.213,692.681,1.155,347.902,691.216,1.178,369.834,690.108,1.189,392.633,690,1.202,411.781,690,1.222,429.47,690,1.245,448.219,690,1.264,464.384,690,1.277,480.106,690.624,1.29,494.097,691.758,1.302,503.147,692.878,1.328,510.89,694.969,1.346,515.412,697.309,1.441,0,0,0,0,0,0,0,0,0,0,0,0,0,0,0,0,0,0,0,0,0,0,0,0,0,0,0,0,0,0,0,0,0,0,0,0,0,0,0,0,0,0,0,0,0,0,0,0,0,0,0,0,0,0,0,0,0,0,0,0,0,0,0,0,0,0,0,0,0,0,0,0,0,0,0,0,0,0,0,0,0,0,0,0,0,0,0,0,0,0,0,0,0,0,0,0,0,0,0,67,1441,LEPP,
181,397,0,204.937,401.163,0.019,230.166,403.655,0.033,244.311,404,0.048,258.933,404,0.064,273.51,404,0.082,289.367,404,0.104,307.255,404,0.12,342.848,403.761,0.136,363.507,404.5,0.148,383.64,404.626,0.167,401.957,405,0.183,418.963,405.864,0.198,437.41,406,0.221,452.949,407.139,0.238,466.58,407.469,0.248,478.88,409.705,0.271,488.411,410.975,0.287,495.554,413.185,0.299,500.297,415.531,0.315,502.74,416.87,0.333,503,418.972,0.352,503,422.23,0.4,499.521,424.319,0.42,496.834,426.583,0.432,493.901,429.099,0.45,490.486,431.676,0.467,484.409,436.659,0.484,474.167,442.463,0.499,465.469,451.531,0.521,454.836,464.867,0.539,435.74,481.095,0.55,418.567,497.746,0.571,402.881,512.119,0.589,386.278,527.159,0.606,371.311,539.891,0.618,355.317,556.732,0.636,339.652,570.013,0.655,324.903,584.277,0.668,307.873,597.902,0.683,297.5,609.5,0.702,282.136,621.516,0.722,271.431,632.569,0.733,261.851,642.149,0.75,253.812,651.215,0.767,248.249,657.901,0.784,241.341,665.935,0.802,234.659,673.731,0.821,229.454,678.093,0.835,226.757,681.621,0.851,225,682.5,0.883,224.735,684.53,0.935,227.164,686.164,0.987,232.679,687,1.009,238.067,686.187,1.035,245.546,686,1.05,272.296,686,1.067,289.901,684.673,1.085,308.351,683.541,1.101,331,684,1.122,346.5,681,1.144,369.526,681.783,1.163,387.483,682,1.176,402.215,684.033,1.186,415.012,686.366,1.201,429.964,687.305,1.225,444.226,688,1.245,457.225,688,1.259,471.464,688.651,1.272,485.426,689.785,1.286,496.194,690.91,1.302,502.206,693.082,1.319,507.779,696.467,1.424,0,0,0,0,0,0,0,0,0,0,0,0,0,0,0,0,0,0,0,0,0,0,0,0,0,0,0,0,0,0,0,0,0,0,0,0,0,0,0,0,0,0,0,0,0,0,0,0,0,0,0,0,0,0,0,0,0,0,0,0,0,0,0,0,0,0,0,0,0,0,0,0,0,0,0,0,0,0,0,0,0,73,1424,LEPP,
184,408,0,207.343,406.985,0.016,229.283,407,0.033,244.218,407,0.054,259,408.5,0.069,274.846,408,0.084,291.932,408,0.099,310.744,408,0.118,343.033,406.966,0.132,358.931,407,0.149,376.179,407,0.171,391.916,408.423,0.187,405.718,408.52,0.202,418.195,409,0.216,431.82,409,0.24,442.574,409.842,0.252,452.815,409.021,0.266,460.863,409,0.283,467.435,407.761,0.306,471.573,408,0.322,474.477,409.492,0.338,476.763,409,0.352,479.408,409.704,0.367,481,410.5,0.404,483.802,410,0.435,485.21,411.105,0.469,487.542,412.271,0.519,489.355,412,0.552,485.832,413.056,0.588,482.383,415.411,0.606,479.401,418.599,0.618,474.092,421.954,0.634,466.435,429.36,0.654,460.503,438.195,0.667,449.683,451.381,0.685,432.333,469.845,0.703,418.759,491.987,0.719,395.417,509.386,0.735,373,534.5,0.756,354.298,556.702,0.774,333.702,578.775,0.79,310.889,601.248,0.802,288.431,623.569,0.822,271.673,640.327,0.838,256.837,650.259,0.853,245.992,663.409,0.869,238,672.5,0.89,231.219,678.586,0.908,225.86,683.14,0.921,223.275,685.725,0.939,221.007,686.996,0.955,220,687.5,1.023,223.213,687,1.042,226,687,1.07,227.539,687,1.105,229.122,689.122,1.172,232.965,690.655,1.189,236.356,691,1.204,243.595,692.884,1.224,252.194,694.024,1.244,264.653,694,1.254,279.894,695.3,1.27,295.776,693.587,1.292,314.326,694.451,1.31,331.695,694.646,1.322,351.347,694.203,1.342,371.278,694.904,1.359,392.966,695.998,1.372,412.496,694.853,1.388,430.549,698.853,1.412,447.215,701.006,1.428,459.456,704.99,1.44,470.89,707.253,1.454,482.422,709.484,1.475,491.317,710,1.494,498.795,710.971,1.506,504.576,712.115,1.522,505.255,708.234,1.541,507.719,707.64,1.654,0,0,0,0,0,0,0,0,0,0,0,0,0,0,0,0,0,0,0,0,0,0,0,0,0,0,0,0,0,0,0,0,0,0,0,0,0,0,0,0,0,0,0,0,0,0,0,0,0,0,0,0,0,0,0,0,0,0,0,0,0,0,0,79,1654,LEPP,
171,412,0,208.258,409.102,0.018,228.661,409,0.031,248.804,407.844,0.049,270.972,406.686,0.071,295.383,405.553,0.083,316,406,0.101,337.5,404.5,0.119,386.357,403.257,0.133,407.026,403.884,0.149,429.926,404,0.172,447.332,405.146,0.187,464.348,405,0.204,479.559,406.397,0.221,492.576,406.508,0.233,501.899,408.225,0.252,507.973,409,0.269,511.638,409.879,0.283,513.5,410.5,0.352,508.722,412.185,0.371,504.228,414.591,0.387,499.695,416.983,0.402,493.824,421.341,0.416,482.135,432.865,0.436,463.246,449.548,0.452,444.43,468.57,0.466,417.213,494.448,0.484,386.868,522.199,0.505,359.222,549.914,0.521,325.562,578.319,0.534,295.2,607.45,0.554,266.533,629.88,0.574,245.234,650.766,0.585,226.479,664.641,0.606,215.225,675.432,0.626,210.99,679.608,0.638,207.462,683.076,0.652,206.5,685,0.687,210.787,682.107,0.71,213.013,682,0.728,215.252,682,0.74,217.516,682,0.769,224.927,684.385,0.786,237.372,683.751,0.802,247.58,683,0.819,259.737,683,0.835,274.193,680.97,0.855,287.138,681,0.876,306.006,679.555,0.888,326.34,677.296,0.903,344,678,0.922,369.061,678,0.943,392.529,678.719,0.957,413.492,681.557,0.969,436.45,682.974,0.985,453.447,685.193,1.003,470.547,688.709,1.023,481.962,689.36,1.121,0,0,0,0,0,0,0,0,0,0,0,0,0,0,0,0,0,0,0,0,0,0,0,0,0,0,0,0,0,0,0,0,0,0,0,0,0,0,0,0,0,0,0,0,0,0,0,0,0,0,0,0,0,0,0,0,0,0,0,0,0,0,0,0,0,0,0,0,0,0,0,0,0,0,0,0,0,0,0,0,0,0,0,0,0,0,0,0,0,0,0,0,0,0,0,0,0,0,0,0,0,0,0,0,0,0,0,0,0,0,0,0,0,0,0,0,0,0,0,0,0,0,0,0,0,0,58,1121,LEPP,
186,401,0,206.893,401,0.017,234.448,401,0.031,253.877,401,0.049,272.8,401.988,0.067,293.182,400.879,0.084,315.783,401,0.104,335.067,399.663,0.118,391.415,397.028,0.133,407,396.5,0.148,428.001,394.286,0.167,449.432,393.188,0.183,465.274,393,0.198,485.224,394.068,0.217,496.175,395.217,0.234,505.872,397.638,0.252,514.749,399.937,0.265,517,402,0.3,516.265,403.53,0.332,513.467,405.533,0.352,511.813,407.187,0.371,508.099,408.3,0.386,503.302,410.849,0.4,499,414.5,0.417,489.397,425.919,0.435,478.441,437.559,0.451,462.987,453.013,0.468,446.842,469.158,0.482,429.458,486.542,0.499,415.348,501.932,0.52,396.548,516.242,0.537,383.548,530.452,0.551,365.441,547.782,0.567,347.35,565.906,0.587,329.685,582.427,0.601,311.512,595.639,0.618,298.414,610.874,0.634,281.052,622.895,0.652,268.382,633.848,0.673,257.578,645.422,0.693,248.337,654.08,0.716,240.073,661.927,0.734,226.206,674.759,0.751,222.653,678.347,0.767,221.769,680.463,0.786,223.349,682.699,0.82,221.735,684.53,0.886,224.267,686.267,0.905,226.162,687.081,0.936,229.623,689.415,0.961,234.262,691.131,0.976,240.655,693.33,0.99,250.865,695.573,1.008,263.158,696,1.019,280.014,697.068,1.035,294.162,694.667,1.054,315.276,695,1.072,333.854,692.194,1.094,354.774,692.486,1.117,375.815,691.378,1.131,396.658,691,1.14,415.206,691,1.152,437.667,692.033,1.17,452.896,694.271,1.187,469.995,697.799,1.213,486.265,701.066,1.226,501.301,704.46,1.239,515.175,706.617,1.253,524.909,707.739,1.27,534.718,708,1.374,0,0,0,0,0,0,0,0,0,0,0,0,0,0,0,0,0,0,0,0,0,0,0,0,0,0,0,0,0,0,0,0,0,0,0,0,0,0,0,0,0,0,0,0,0,0,0,0,0,0,0,0,0,0,0,0,0,0,0,0,0,0,0,0,0,0,0,0,0,0,0,0,0,0,0,0,0,0,0,0,0,0,0,0,0,0,0,0,0,0,70,1374,LEPP,
186,407,0,213.127,407,0.016,235.491,407,0.031,253.395,407,0.049,270.271,407,0.073,284.13,408,0.081,300.346,408,0.099,317.261,408,0.118,346.071,407.101,0.131,367.623,407,0.148,386.24,407,0.167,403.774,405.702,0.181,417.43,406,0.2,434.5,404.5,0.219,449.407,404.353,0.236,463.262,404,0.251,479.068,403.067,0.268,491.184,403,0.285,504.562,404.13,0.301,517.105,402.718,0.315,523.996,404.428,0.337,528.5,405.5,0.353,529.2,406.6,0.368,531,407.5,0.399,527.454,408.273,0.418,524.777,410.149,0.437,522.543,412.457,0.455,518.87,414.753,0.471,515.567,416.956,0.484,500.109,429.113,0.5,483.226,442.619,0.519,463.847,458.628,0.533,437.816,478.388,0.552,414.728,499.045,0.569,390.557,517.434,0.583,367.221,536.487,0.604,343.017,556.082,0.621,319.869,573.706,0.634,296.967,591.975,0.651,276.371,610.004,0.669,257.728,624.454,0.686,245.539,635.419,0.701,237.387,643.613,0.718,229.802,647.256,0.736,226.195,651.805,0.759,225,653,0.787,224.736,655.792,0.817,223.965,659.071,0.837,222.832,662.505,0.857,221.74,664.521,0.869,222,666.802,0.888,220.5,669,0.921,221,670.528,0.954,221,672.539,0.973,223.11,673.055,1.005,225.392,673,1.036,230.069,674.267,1.055,241.269,675.712,1.071,250.601,677.689,1.086,265.948,678.996,1.102,280.64,679,1.124,296.54,682.759,1.143,314.362,681.67,1.155,332.564,683,1.171,349,683,1.191,372.45,685.708,1.218,394.305,687.63,1.237,435.201,691.12,1.254,454.632,694.641,1.278,472.113,695.902,1.291,490.084,698.435,1.304,505,699.5,1.319,526.638,701.315,1.431,0,0,0,0,0,0,0,0,0,0,0,0,0,0,0,0,0,0,0,0,0,0,0,0,0,0,0,0,0,0,0,0,0,0,0,0,0,0,0,0,0,0,0,0,0,0,0,0,0,0,0,0,0,0,0,0,0,0,0,0,0,0,0,0,0,0,0,0,0,0,0,0,0,0,0,0,0,0,0,0,0,73,1431,LEPP,
187,397,0,206.001,401,0.016,223.914,403.239,0.034,239.678,405.525,0.048,256.607,406.374,0.07,274.746,407,0.088,292.024,407,0.099,311.237,407,0.117,344.202,407,0.134,366.897,407,0.148,384.776,408.111,0.168,403.773,408,0.184,416.325,409.36,0.199,434.35,409,0.22,446.448,410,0.235,456.557,410,0.249,464.723,410,0.266,471.669,410,0.285,476.366,410,0.301,480.793,410,0.317,484.024,410,0.338,486.911,409.545,0.357,489,408.5,0.383,490.532,409,0.45,492.111,409,0.534,492,411.214,0.552,489.973,412.014,0.566,488.893,414.214,0.582,486.434,415.283,0.605,484.174,420.652,0.62,479,429.5,0.636,463.858,445.927,0.65,446.62,464.38,0.67,427.485,486.076,0.684,402.573,510.452,0.701,378.192,534.808,0.723,355.973,562.032,0.742,332.278,585.715,0.759,307.809,609.11,0.773,284.619,632.791,0.784,263.147,653.096,0.8,247.253,670.425,0.817,231.704,686.296,0.834,218.847,699.153,0.854,209.997,708.003,0.877,203.089,713.911,0.899,200.143,716.429,0.909,198,717.5,0.969,201.267,715.867,0.989,204.226,714.925,1.002,206.674,713.663,1.024,210.302,712.132,1.044,215.118,709.961,1.056,223.848,707.7,1.068,238.981,705.403,1.085,252.907,702.273,1.102,271.671,700.961,1.119,288.372,698.684,1.139,307.729,697.722,1.161,330.41,694.63,1.173,354.508,693.5,1.186,380.632,693,1.202,404.426,692.229,1.219,425.384,693.725,1.235,445.112,695.007,1.254,462.011,698.402,1.279,476.855,698.878,1.291,489.476,702.708,1.304,497.5,705,1.32,503.437,706.609,1.336,506.429,707,1.354,510.354,705.323,1.456,0,0,0,0,0,0,0,0,0,0,0,0,0,0,0,0,0,0,0,0,0,0,0,0,0,0,0,0,0,0,0,0,0,0,0,0,0,0,0,0,0,0,0,0,0,0,0,0,0,0,0,0,0,0,0,0,0,0,0,0,0,0,0,0,0,0,0,0,0,0,0,0,0,0,0,0,0,0,0,0,0,0,0,0,72,1456,LEPP,
182,402,0,202.184,405.028,0.014,221.061,407.541,0.035,236.851,409.836,0.051,250.85,410.527,0.064,265.09,411.622,0.081,280.194,412,0.1,295.259,412.876,0.117,324.235,414.009,0.132,338.561,415.12,0.148,356.048,415,0.169,372.981,415,0.185,389.25,415,0.198,404.789,415.401,0.219,419.109,416.401,0.233,436.43,416.105,0.248,448.797,416.982,0.268,462.097,415.909,0.284,475.671,413.555,0.301,488.972,412.669,0.316,501.128,410.068,0.337,510.329,408.816,0.35,518.093,407.318,0.365,524.072,407,0.382,527.5,407,0.401,527.079,408.039,0.436,524.696,409.152,0.454,522.129,410.436,0.468,520,411.5,0.483,517.02,414.32,0.499,509.686,418.946,0.518,493.431,431.837,0.536,475.247,445.564,0.55,454.68,465.136,0.569,425.303,486.85,0.587,401.421,508.019,0.601,377,528,0.617,351.759,546.652,0.637,327.821,565.327,0.655,306.287,583.953,0.668,282.205,602.606,0.686,261.013,619.358,0.701,246.18,633.547,0.722,234.587,645.413,0.744,225.657,649.866,0.765,219.02,654.788,0.778,214.113,658.887,0.788,210.422,662.578,0.802,210,666.044,0.835,210,668.237,0.872,213.662,668,0.893,216.73,669.577,0.909,221.467,671.387,0.921,232.159,672.833,0.934,246.765,673.982,0.954,262.388,674,0.978,280.674,672.822,0.994,298.414,672,1.006,318.828,671.565,1.019,338.323,671,1.035,360.074,671,1.055,385.186,671.791,1.069,408.626,672,1.086,431.99,673.047,1.102,454.752,675.375,1.119,470.668,677.622,1.137,493.039,679.846,1.154,508.028,683.535,1.252,0,0,0,0,0,0,0,0,0,0,0,0,0,0,0,0,0,0,0,0,0,0,0,0,0,0,0,0,0,0,0,0,0,0,0,0,0,0,0,0,0,0,0,0,0,0,0,0,0,0,0,0,0,0,0,0,0,0,0,0,0,0,0,0,0,0,0,0,0,0,0,0,0,0,0,0,0,0,0,0,0,0,0,0,0,0,0,0,0,0,0,0,0,0,0,0,68,1252,LEPP,
181,397,0,201.79,400.119,0.017,222,403,0.034,236.98,403,0.05,251.33,403.872,0.067,266.031,404,0.084,279.391,404,0.104,294.056,402.765,0.124,324.159,404.326,0.137,333.477,404,0.153,347.5,404,0.169,366.523,405.28,0.184,382.021,406.696,0.201,397.549,406.032,0.218,408.773,406,0.236,421.532,406,0.257,433.522,406,0.27,442.969,406,0.288,454,406,0.308,464.956,406,0.323,475.109,406.79,0.337,484.303,406.087,0.352,492.261,406,0.375,497.852,406,0.387,504.779,407.297,0.404,508.767,407,0.421,512.109,407,0.436,514,407,0.488,514.176,409.352,0.505,511.876,410.062,0.536,509.604,411.198,0.572,506.197,414.803,0.588,501.137,418.147,0.603,493.192,426.659,0.62,481.996,438.004,0.639,468.562,451.438,0.661,452.581,467.419,0.673,431.846,482.786,0.69,413.571,499.948,0.71,395.845,515.155,0.724,378.059,529.429,0.738,361.157,545.689,0.754,343.448,561.608,0.774,324.183,578.603,0.792,306.961,594.849,0.806,289.755,609.546,0.822,274.483,624.052,0.843,264.867,632.563,0.862,254.88,642.8,0.874,246.331,652.479,0.888,237.422,660.63,0.907,230.581,666.349,0.932,222.917,672.928,0.948,220.721,675.559,0.96,219.588,677.823,1.041,222.004,675.998,1.078,225.414,676,1.093,230.378,676,1.107,239.284,676,1.122,246.451,676.636,1.143,255.597,676.267,1.165,270.076,676.863,1.188,282.803,677,1.207,314.956,674.789,1.226,336.936,675,1.245,354.985,674,1.258,379.052,674.593,1.274,399.565,675.723,1.289,420.081,678.539,1.309,440.105,682.801,1.325,454.88,686.203,1.341,472.535,689.707,1.356,486.696,695.806,1.375,501.173,698.425,1.491,0,0,0,0,0,0,0,0,0,0,0,0,0,0,0,0,0,0,0,0,0,0,0,0,0,0,0,0,0,0,0,0,0,0,0,0,0,0,0,0,0,0,0,0,0,0,0,0,0,0,0,0,0,0,0,0,0,0,0,0,0,0,0,0,0,0,0,0,0,0,0,0,0,0,0,0,0,0,74,1491,LEPP,
185,398,0,209.533,402.915,0.021,220.823,404.082,0.032,233.429,405.221,0.053,246,405,0.069,259.257,405,0.084,273.146,405,0.1,295.079,405.683,0.119,314.734,406,0.135,330.858,406.918,0.151,344.816,407,0.166,360.898,408.207,0.188,374.045,409.337,0.202,386.853,410.404,0.218,400.709,411.571,0.237,411.456,412.646,0.253,423.883,413,0.267,436.977,412.093,0.285,447.264,412,0.307,456.285,410.839,0.324,463.579,410.737,0.34,470.687,410,0.352,478.727,410,0.367,485.203,410,0.383,490.117,410,0.403,492.741,410.871,0.419,494.98,411,0.434,496.146,413.292,0.472,494.798,415.405,0.486,492.065,416.467,0.521,487.873,418.709,0.536,484.481,421.519,0.55,479.019,424.989,0.575,468.086,430.457,0.588,462.963,438.452,0.601,453.087,447.913,0.618,436.801,458.292,0.64,425.483,472.924,0.658,410.799,485.84,0.668,396.952,499.048,0.689,382.233,512.785,0.704,368.283,528.827,0.719,350.807,543.767,0.735,336.6,559.739,0.756,320.523,572.552,0.773,307.616,586.922,0.786,296.253,597.398,0.802,283.978,609.022,0.821,273.902,619.998,0.836,264.545,628.398,0.853,257.959,637.388,0.878,251.204,645.326,0.89,247.415,650.981,0.902,243,656.5,0.92,240.705,659.943,0.942,238.491,664.018,0.957,235.407,665.864,0.971,232.97,669.045,0.985,230.72,674.7,1.002,224.638,677.817,1.024,224.599,682.603,1.048,220.557,686.443,1.069,217.803,689.197,1.087,215.124,693.752,1.102,214.012,695.976,1.119,213.5,697,1.139,214,698.246,1.162,215.32,700.641,1.187,215,702.538,1.222,217.538,703.269,1.257,221.178,701.911,1.271,225.914,700.772,1.286,235.68,698.33,1.305,246.172,700.464,1.324,263.279,698,1.341,280.156,696.646,1.354,298.656,695.197,1.37,317.627,693.162,1.392,335.456,693,1.411,353.964,691,1.422,375.604,691,1.438,395.731,689.57,1.458,415.826,689,1.48,434.601,690.289,1.501,450.861,691.759,1.513,464.8,693.8,1.524,479.27,696.042,1.537,488.265,699.474,1.561,493.202,701.481,1.579,495.373,702.747,1.591,498.022,705.011,1.689,0,0,0,0,0,0,0,0,0,0,0,0,0,0,0,0,0,0,0,0,0,0,0,0,0,0,0,91,1689,LEPP,
